LSOA code,LSOA name,Local authority name,Median House Price Quartile,Total Crime Quartile,Violence Against The Person Quartile,Total IMD Quartile,Transport Quartile
E01000006,Barking and Dagenham 016A,Barking and Dagenham,Q1 (147500.00 to 420000.00),Q3 (114.00 to 173.00),Q2 (24.00 to 38.00),Q2 (12.31 to 20.12),Q4 (16.97 to 121.89)
E01000007,Barking and Dagenham 015A,Barking and Dagenham,Q1 (147500.00 to 420000.00),Q4 (173.00 to 9206.00),Q4 (56.00 to 1283.00),Q4 (29.24 to 59.01),Q4 (16.97 to 121.89)
E01000008,Barking and Dagenham 015B,Barking and Dagenham,Q1 (147500.00 to 420000.00),Q4 (173.00 to 9206.00),Q4 (56.00 to 1283.00),Q4 (29.24 to 59.01),Q2 (5.47 to 9.48)
E01000009,Barking and Dagenham 016B,Barking and Dagenham,Q1 (147500.00 to 420000.00),Q4 (173.00 to 9206.00),Q4 (56.00 to 1283.00),Q4 (29.24 to 59.01),Q4 (16.97 to 121.89)
E01000010,Barking and Dagenham 015C,Barking and Dagenham,Q1 (147500.00 to 420000.00),Q4 (173.00 to 9206.00),Q4 (56.00 to 1283.00),Q4 (29.24 to 59.01),Q4 (16.97 to 121.89)
E01000011,Barking and Dagenham 016C,Barking and Dagenham,Q2 (420000.00 to 520000.00),Q2 (79.00 to 114.00),Q3 (38.00 to 56.00),Q4 (29.24 to 59.01),Q4 (16.97 to 121.89)
E01000012,Barking and Dagenham 015D,Barking and Dagenham,Q1 (147500.00 to 420000.00),Q3 (114.00 to 173.00),Q4 (56.00 to 1283.00),Q4 (29.24 to 59.01),Q3 (9.48 to 16.97)
E01000013,Barking and Dagenham 013A,Barking and Dagenham,Q1 (147500.00 to 420000.00),Q4 (173.00 to 9206.00),Q4 (56.00 to 1283.00),Q4 (29.24 to 59.01),Q3 (9.48 to 16.97)
E01000014,Barking and Dagenham 013B,Barking and Dagenham,Q1 (147500.00 to 420000.00),Q3 (114.00 to 173.00),Q3 (38.00 to 56.00),Q4 (29.24 to 59.01),Q2 (5.47 to 9.48)
E01000015,Barking and Dagenham 009A,Barking and Dagenham,Q1 (147500.00 to 420000.00),Q3 (114.00 to 173.00),Q3 (38.00 to 56.00),Q4 (29.24 to 59.01),Q2 (5.47 to 9.48)
E01000016,Barking and Dagenham 009B,Barking and Dagenham,Q1 (147500.00 to 420000.00),Q2 (79.00 to 114.00),Q2 (24.00 to 38.00),Q4 (29.24 to 59.01),Q1 (0.19 to 5.47)
E01000017,Barking and Dagenham 009C,Barking and Dagenham,Q1 (147500.00 to 420000.00),Q2 (79.00 to 114.00),Q2 (24.00 to 38.00),Q4 (29.24 to 59.01),Q2 (5.47 to 9.48)
E01000018,Barking and Dagenham 009D,Barking and Dagenham,Q1 (147500.00 to 420000.00),Q3 (114.00 to 173.00),Q4 (56.00 to 1283.00),Q4 (29.24 to 59.01),Q2 (5.47 to 9.48)
E01000019,Barking and Dagenham 023A,Barking and Dagenham,Q1 (147500.00 to 420000.00),Q1 (2.00 to 79.00),Q3 (38.00 to 56.00),Q4 (29.24 to 59.01),Q1 (0.19 to 5.47)
E01000020,Barking and Dagenham 023B,Barking and Dagenham,Q1 (147500.00 to 420000.00),Q3 (114.00 to 173.00),Q2 (24.00 to 38.00),Q4 (29.24 to 59.01),Q2 (5.47 to 9.48)
E01000021,Barking and Dagenham 008A,Barking and Dagenham,Q1 (147500.00 to 420000.00),Q3 (114.00 to 173.00),Q4 (56.00 to 1283.00),Q4 (29.24 to 59.01),Q1 (0.19 to 5.47)
E01000022,Barking and Dagenham 008B,Barking and Dagenham,Q1 (147500.00 to 420000.00),Q1 (2.00 to 79.00),Q3 (38.00 to 56.00),Q4 (29.24 to 59.01),Q2 (5.47 to 9.48)
E01000023,Barking and Dagenham 008C,Barking and Dagenham,Q1 (147500.00 to 420000.00),Q4 (173.00 to 9206.00),Q4 (56.00 to 1283.00),Q4 (29.24 to 59.01),Q2 (5.47 to 9.48)
E01000024,Barking and Dagenham 008D,Barking and Dagenham,Q1 (147500.00 to 420000.00),Q2 (79.00 to 114.00),Q3 (38.00 to 56.00),Q4 (29.24 to 59.01),Q2 (5.47 to 9.48)
E01000025,Barking and Dagenham 008E,Barking and Dagenham,Q1 (147500.00 to 420000.00),Q2 (79.00 to 114.00),Q3 (38.00 to 56.00),Q4 (29.24 to 59.01),Q2 (5.47 to 9.48)
E01000027,Barking and Dagenham 001A,Barking and Dagenham,Q1 (147500.00 to 420000.00),Q4 (173.00 to 9206.00),Q4 (56.00 to 1283.00),Q4 (29.24 to 59.01),Q1 (0.19 to 5.47)
E01000028,Barking and Dagenham 001B,Barking and Dagenham,Q1 (147500.00 to 420000.00),Q3 (114.00 to 173.00),Q3 (38.00 to 56.00),Q4 (29.24 to 59.01),Q1 (0.19 to 5.47)
E01000029,Barking and Dagenham 001C,Barking and Dagenham,Q1 (147500.00 to 420000.00),Q2 (79.00 to 114.00),Q3 (38.00 to 56.00),Q3 (20.12 to 29.24),Q1 (0.19 to 5.47)
E01000030,Barking and Dagenham 001D,Barking and Dagenham,Q1 (147500.00 to 420000.00),Q4 (173.00 to 9206.00),Q4 (56.00 to 1283.00),Q4 (29.24 to 59.01),Q1 (0.19 to 5.47)
E01000031,Barking and Dagenham 002A,Barking and Dagenham,Q2 (420000.00 to 520000.00),Q3 (114.00 to 173.00),Q3 (38.00 to 56.00),Q3 (20.12 to 29.24),Q1 (0.19 to 5.47)
E01000032,Barking and Dagenham 002B,Barking and Dagenham,Q1 (147500.00 to 420000.00),Q4 (173.00 to 9206.00),Q4 (56.00 to 1283.00),Q4 (29.24 to 59.01),Q2 (5.47 to 9.48)
E01000033,Barking and Dagenham 006A,Barking and Dagenham,Q1 (147500.00 to 420000.00),Q2 (79.00 to 114.00),Q2 (24.00 to 38.00),Q4 (29.24 to 59.01),Q1 (0.19 to 5.47)
E01000034,Barking and Dagenham 003A,Barking and Dagenham,Q1 (147500.00 to 420000.00),Q2 (79.00 to 114.00),Q3 (38.00 to 56.00),Q4 (29.24 to 59.01),Q1 (0.19 to 5.47)
E01000035,Barking and Dagenham 010A,Barking and Dagenham,Q2 (420000.00 to 520000.00),Q4 (173.00 to 9206.00),Q4 (56.00 to 1283.00),Q3 (20.12 to 29.24),Q2 (5.47 to 9.48)
E01000036,Barking and Dagenham 010B,Barking and Dagenham,Q1 (147500.00 to 420000.00),Q3 (114.00 to 173.00),Q3 (38.00 to 56.00),Q2 (12.31 to 20.12),Q2 (5.47 to 9.48)
E01000037,Barking and Dagenham 003B,Barking and Dagenham,Q2 (420000.00 to 520000.00),Q2 (79.00 to 114.00),Q2 (24.00 to 38.00),Q2 (12.31 to 20.12),Q1 (0.19 to 5.47)
E01000038,Barking and Dagenham 003C,Barking and Dagenham,Q2 (420000.00 to 520000.00),Q1 (2.00 to 79.00),Q1 (0.00 to 24.00),Q2 (12.31 to 20.12),Q2 (5.47 to 9.48)
E01000039,Barking and Dagenham 003D,Barking and Dagenham,Q1 (147500.00 to 420000.00),Q1 (2.00 to 79.00),Q2 (24.00 to 38.00),Q3 (20.12 to 29.24),Q1 (0.19 to 5.47)
E01000040,Barking and Dagenham 019A,Barking and Dagenham,Q1 (147500.00 to 420000.00),Q3 (114.00 to 173.00),Q4 (56.00 to 1283.00),Q4 (29.24 to 59.01),Q2 (5.47 to 9.48)
E01000041,Barking and Dagenham 017A,Barking and Dagenham,Q1 (147500.00 to 420000.00),Q2 (79.00 to 114.00),Q2 (24.00 to 38.00),Q4 (29.24 to 59.01),Q2 (5.47 to 9.48)
E01000042,Barking and Dagenham 017B,Barking and Dagenham,Q1 (147500.00 to 420000.00),Q3 (114.00 to 173.00),Q4 (56.00 to 1283.00),Q4 (29.24 to 59.01),Q2 (5.47 to 9.48)
E01000043,Barking and Dagenham 019B,Barking and Dagenham,Q1 (147500.00 to 420000.00),Q2 (79.00 to 114.00),Q3 (38.00 to 56.00),Q3 (20.12 to 29.24),Q2 (5.47 to 9.48)
E01000044,Barking and Dagenham 016D,Barking and Dagenham,Q1 (147500.00 to 420000.00),Q2 (79.00 to 114.00),Q3 (38.00 to 56.00),Q3 (20.12 to 29.24),Q2 (5.47 to 9.48)
E01000045,Barking and Dagenham 017C,Barking and Dagenham,Q1 (147500.00 to 420000.00),Q4 (173.00 to 9206.00),Q4 (56.00 to 1283.00),Q4 (29.24 to 59.01),Q2 (5.47 to 9.48)
E01000046,Barking and Dagenham 017D,Barking and Dagenham,Q1 (147500.00 to 420000.00),Q2 (79.00 to 114.00),Q3 (38.00 to 56.00),Q4 (29.24 to 59.01),Q2 (5.47 to 9.48)
E01000050,Barking and Dagenham 019C,Barking and Dagenham,Q1 (147500.00 to 420000.00),Q3 (114.00 to 173.00),Q3 (38.00 to 56.00),Q4 (29.24 to 59.01),Q4 (16.97 to 121.89)
E01000051,Barking and Dagenham 021D,Barking and Dagenham,Q1 (147500.00 to 420000.00),Q1 (2.00 to 79.00),Q2 (24.00 to 38.00),Q4 (29.24 to 59.01),Q3 (9.48 to 16.97)
E01000052,Barking and Dagenham 019D,Barking and Dagenham,Q1 (147500.00 to 420000.00),Q3 (114.00 to 173.00),Q3 (38.00 to 56.00),Q4 (29.24 to 59.01),Q2 (5.47 to 9.48)
E01000053,Barking and Dagenham 020A,Barking and Dagenham,Q1 (147500.00 to 420000.00),Q3 (114.00 to 173.00),Q4 (56.00 to 1283.00),Q4 (29.24 to 59.01),Q2 (5.47 to 9.48)
E01000054,Barking and Dagenham 018A,Barking and Dagenham,Q1 (147500.00 to 420000.00),Q3 (114.00 to 173.00),Q4 (56.00 to 1283.00),Q4 (29.24 to 59.01),Q2 (5.47 to 9.48)
E01000055,Barking and Dagenham 018B,Barking and Dagenham,Q1 (147500.00 to 420000.00),Q2 (79.00 to 114.00),Q3 (38.00 to 56.00),Q4 (29.24 to 59.01),Q2 (5.47 to 9.48)
E01000056,Barking and Dagenham 018C,Barking and Dagenham,Q1 (147500.00 to 420000.00),Q4 (173.00 to 9206.00),Q4 (56.00 to 1283.00),Q4 (29.24 to 59.01),Q1 (0.19 to 5.47)
E01000057,Barking and Dagenham 012A,Barking and Dagenham,Q1 (147500.00 to 420000.00),Q3 (114.00 to 173.00),Q3 (38.00 to 56.00),Q4 (29.24 to 59.01),Q3 (9.48 to 16.97)
E01000058,Barking and Dagenham 018D,Barking and Dagenham,Q1 (147500.00 to 420000.00),Q3 (114.00 to 173.00),Q4 (56.00 to 1283.00),Q4 (29.24 to 59.01),Q2 (5.47 to 9.48)
E01000059,Barking and Dagenham 013C,Barking and Dagenham,Q1 (147500.00 to 420000.00),Q2 (79.00 to 114.00),Q3 (38.00 to 56.00),Q4 (29.24 to 59.01),Q1 (0.19 to 5.47)
E01000060,Barking and Dagenham 006B,Barking and Dagenham,Q1 (147500.00 to 420000.00),Q4 (173.00 to 9206.00),Q4 (56.00 to 1283.00),Q4 (29.24 to 59.01),Q1 (0.19 to 5.47)
E01000061,Barking and Dagenham 006C,Barking and Dagenham,Q1 (147500.00 to 420000.00),Q4 (173.00 to 9206.00),Q4 (56.00 to 1283.00),Q4 (29.24 to 59.01),Q2 (5.47 to 9.48)
E01000062,Barking and Dagenham 006D,Barking and Dagenham,Q1 (147500.00 to 420000.00),Q3 (114.00 to 173.00),Q4 (56.00 to 1283.00),Q3 (20.12 to 29.24),Q1 (0.19 to 5.47)
E01000063,Barking and Dagenham 004A,Barking and Dagenham,Q1 (147500.00 to 420000.00),Q3 (114.00 to 173.00),Q3 (38.00 to 56.00),Q4 (29.24 to 59.01),Q2 (5.47 to 9.48)
E01000064,Barking and Dagenham 006E,Barking and Dagenham,Q1 (147500.00 to 420000.00),Q4 (173.00 to 9206.00),Q4 (56.00 to 1283.00),Q4 (29.24 to 59.01),Q1 (0.19 to 5.47)
E01000065,Barking and Dagenham 007A,Barking and Dagenham,Q1 (147500.00 to 420000.00),Q3 (114.00 to 173.00),Q4 (56.00 to 1283.00),Q4 (29.24 to 59.01),Q2 (5.47 to 9.48)
E01000066,Barking and Dagenham 011A,Barking and Dagenham,Q2 (420000.00 to 520000.00),Q3 (114.00 to 173.00),Q2 (24.00 to 38.00),Q3 (20.12 to 29.24),Q1 (0.19 to 5.47)
E01000067,Barking and Dagenham 011B,Barking and Dagenham,Q3 (520000.00 to 683000.00),Q3 (114.00 to 173.00),Q2 (24.00 to 38.00),Q3 (20.12 to 29.24),Q2 (5.47 to 9.48)
E01000068,Barking and Dagenham 016E,Barking and Dagenham,Q3 (520000.00 to 683000.00),Q2 (79.00 to 114.00),Q2 (24.00 to 38.00),Q3 (20.12 to 29.24),Q3 (9.48 to 16.97)
E01000069,Barking and Dagenham 011C,Barking and Dagenham,Q3 (520000.00 to 683000.00),Q2 (79.00 to 114.00),Q2 (24.00 to 38.00),Q2 (12.31 to 20.12),Q2 (5.47 to 9.48)
E01000070,Barking and Dagenham 011D,Barking and Dagenham,Q3 (520000.00 to 683000.00),Q4 (173.00 to 9206.00),Q4 (56.00 to 1283.00),Q3 (20.12 to 29.24),Q2 (5.47 to 9.48)
E01000071,Barking and Dagenham 011E,Barking and Dagenham,Q2 (420000.00 to 520000.00),Q3 (114.00 to 173.00),Q4 (56.00 to 1283.00),Q2 (12.31 to 20.12),Q2 (5.47 to 9.48)
E01000072,Barking and Dagenham 017E,Barking and Dagenham,Q1 (147500.00 to 420000.00),Q4 (173.00 to 9206.00),Q4 (56.00 to 1283.00),Q4 (29.24 to 59.01),Q1 (0.19 to 5.47)
E01000073,Barking and Dagenham 012B,Barking and Dagenham,Q1 (147500.00 to 420000.00),Q3 (114.00 to 173.00),Q3 (38.00 to 56.00),Q4 (29.24 to 59.01),Q1 (0.19 to 5.47)
E01000074,Barking and Dagenham 012C,Barking and Dagenham,Q1 (147500.00 to 420000.00),Q2 (79.00 to 114.00),Q3 (38.00 to 56.00),Q4 (29.24 to 59.01),Q1 (0.19 to 5.47)
E01000075,Barking and Dagenham 012D,Barking and Dagenham,Q2 (420000.00 to 520000.00),Q4 (173.00 to 9206.00),Q3 (38.00 to 56.00),Q4 (29.24 to 59.01),Q2 (5.47 to 9.48)
E01000076,Barking and Dagenham 012E,Barking and Dagenham,Q1 (147500.00 to 420000.00),Q2 (79.00 to 114.00),Q2 (24.00 to 38.00),Q4 (29.24 to 59.01),Q2 (5.47 to 9.48)
E01000077,Barking and Dagenham 008F,Barking and Dagenham,Q1 (147500.00 to 420000.00),Q3 (114.00 to 173.00),Q3 (38.00 to 56.00),Q4 (29.24 to 59.01),Q2 (5.47 to 9.48)
E01000078,Barking and Dagenham 007B,Barking and Dagenham,Q1 (147500.00 to 420000.00),Q3 (114.00 to 173.00),Q3 (38.00 to 56.00),Q4 (29.24 to 59.01),Q2 (5.47 to 9.48)
E01000079,Barking and Dagenham 009E,Barking and Dagenham,Q1 (147500.00 to 420000.00),Q2 (79.00 to 114.00),Q2 (24.00 to 38.00),Q4 (29.24 to 59.01),Q2 (5.47 to 9.48)
E01000080,Barking and Dagenham 007C,Barking and Dagenham,Q1 (147500.00 to 420000.00),Q3 (114.00 to 173.00),Q3 (38.00 to 56.00),Q4 (29.24 to 59.01),Q2 (5.47 to 9.48)
E01000081,Barking and Dagenham 007D,Barking and Dagenham,Q1 (147500.00 to 420000.00),Q2 (79.00 to 114.00),Q3 (38.00 to 56.00),Q4 (29.24 to 59.01),Q1 (0.19 to 5.47)
E01000082,Barking and Dagenham 007E,Barking and Dagenham,Q1 (147500.00 to 420000.00),Q3 (114.00 to 173.00),Q2 (24.00 to 38.00),Q3 (20.12 to 29.24),Q1 (0.19 to 5.47)
E01000083,Barking and Dagenham 007F,Barking and Dagenham,Q1 (147500.00 to 420000.00),Q2 (79.00 to 114.00),Q3 (38.00 to 56.00),Q4 (29.24 to 59.01),Q2 (5.47 to 9.48)
E01000084,Barking and Dagenham 013D,Barking and Dagenham,Q1 (147500.00 to 420000.00),Q3 (114.00 to 173.00),Q4 (56.00 to 1283.00),Q4 (29.24 to 59.01),Q3 (9.48 to 16.97)
E01000085,Barking and Dagenham 013E,Barking and Dagenham,Q1 (147500.00 to 420000.00),Q3 (114.00 to 173.00),Q4 (56.00 to 1283.00),Q4 (29.24 to 59.01),Q3 (9.48 to 16.97)
E01000086,Barking and Dagenham 013F,Barking and Dagenham,Q1 (147500.00 to 420000.00),Q1 (2.00 to 79.00),Q2 (24.00 to 38.00),Q4 (29.24 to 59.01),Q3 (9.48 to 16.97)
E01000087,Barking and Dagenham 020B,Barking and Dagenham,Q1 (147500.00 to 420000.00),Q4 (173.00 to 9206.00),Q4 (56.00 to 1283.00),Q4 (29.24 to 59.01),Q2 (5.47 to 9.48)
E01000088,Barking and Dagenham 020C,Barking and Dagenham,Q1 (147500.00 to 420000.00),Q4 (173.00 to 9206.00),Q4 (56.00 to 1283.00),Q3 (20.12 to 29.24),Q1 (0.19 to 5.47)
E01000089,Barking and Dagenham 020D,Barking and Dagenham,Q1 (147500.00 to 420000.00),Q3 (114.00 to 173.00),Q4 (56.00 to 1283.00),Q3 (20.12 to 29.24),Q1 (0.19 to 5.47)
E01000090,Barking and Dagenham 020E,Barking and Dagenham,Q1 (147500.00 to 420000.00),Q4 (173.00 to 9206.00),Q4 (56.00 to 1283.00),Q3 (20.12 to 29.24),Q1 (0.19 to 5.47)
E01000091,Barking and Dagenham 022A,Barking and Dagenham,Q1 (147500.00 to 420000.00),Q3 (114.00 to 173.00),Q4 (56.00 to 1283.00),Q4 (29.24 to 59.01),Q1 (0.19 to 5.47)
E01000092,Barking and Dagenham 019E,Barking and Dagenham,Q1 (147500.00 to 420000.00),Q4 (173.00 to 9206.00),Q4 (56.00 to 1283.00),Q4 (29.24 to 59.01),Q1 (0.19 to 5.47)
E01000093,Barking and Dagenham 022B,Barking and Dagenham,Q1 (147500.00 to 420000.00),Q4 (173.00 to 9206.00),Q4 (56.00 to 1283.00),Q4 (29.24 to 59.01),Q1 (0.19 to 5.47)
E01000094,Barking and Dagenham 022C,Barking and Dagenham,Q1 (147500.00 to 420000.00),Q3 (114.00 to 173.00),Q4 (56.00 to 1283.00),Q3 (20.12 to 29.24),Q1 (0.19 to 5.47)
E01000095,Barking and Dagenham 018E,Barking and Dagenham,Q1 (147500.00 to 420000.00),Q4 (173.00 to 9206.00),Q4 (56.00 to 1283.00),Q4 (29.24 to 59.01),Q1 (0.19 to 5.47)
E01000096,Barking and Dagenham 022D,Barking and Dagenham,Q1 (147500.00 to 420000.00),Q4 (173.00 to 9206.00),Q3 (38.00 to 56.00),Q4 (29.24 to 59.01),Q1 (0.19 to 5.47)
E01000097,Barking and Dagenham 023C,Barking and Dagenham,Q1 (147500.00 to 420000.00),Q3 (114.00 to 173.00),Q4 (56.00 to 1283.00),Q4 (29.24 to 59.01),Q3 (9.48 to 16.97)
E01000098,Barking and Dagenham 023D,Barking and Dagenham,Q1 (147500.00 to 420000.00),Q4 (173.00 to 9206.00),Q3 (38.00 to 56.00),Q4 (29.24 to 59.01),Q3 (9.48 to 16.97)
E01000099,Barking and Dagenham 023E,Barking and Dagenham,Q1 (147500.00 to 420000.00),Q3 (114.00 to 173.00),Q3 (38.00 to 56.00),Q4 (29.24 to 59.01),Q3 (9.48 to 16.97)
E01000100,Barking and Dagenham 004B,Barking and Dagenham,Q1 (147500.00 to 420000.00),Q3 (114.00 to 173.00),Q4 (56.00 to 1283.00),Q4 (29.24 to 59.01),Q1 (0.19 to 5.47)
E01000101,Barking and Dagenham 004C,Barking and Dagenham,Q1 (147500.00 to 420000.00),Q3 (114.00 to 173.00),Q3 (38.00 to 56.00),Q4 (29.24 to 59.01),Q2 (5.47 to 9.48)
E01000102,Barking and Dagenham 007G,Barking and Dagenham,Q1 (147500.00 to 420000.00),Q2 (79.00 to 114.00),Q3 (38.00 to 56.00),Q4 (29.24 to 59.01),Q2 (5.47 to 9.48)
E01000103,Barking and Dagenham 014A,Barking and Dagenham,Q1 (147500.00 to 420000.00),Q2 (79.00 to 114.00),Q2 (24.00 to 38.00),Q4 (29.24 to 59.01),Q1 (0.19 to 5.47)
E01000104,Barking and Dagenham 014B,Barking and Dagenham,Q1 (147500.00 to 420000.00),Q3 (114.00 to 173.00),Q4 (56.00 to 1283.00),Q4 (29.24 to 59.01),Q2 (5.47 to 9.48)
E01000105,Barking and Dagenham 014C,Barking and Dagenham,Q1 (147500.00 to 420000.00),Q4 (173.00 to 9206.00),Q4 (56.00 to 1283.00),Q4 (29.24 to 59.01),Q2 (5.47 to 9.48)
E01000106,Barking and Dagenham 014D,Barking and Dagenham,Q1 (147500.00 to 420000.00),Q4 (173.00 to 9206.00),Q4 (56.00 to 1283.00),Q4 (29.24 to 59.01),Q1 (0.19 to 5.47)
E01000107,Barking and Dagenham 010C,Barking and Dagenham,Q2 (420000.00 to 520000.00),Q2 (79.00 to 114.00),Q3 (38.00 to 56.00),Q3 (20.12 to 29.24),Q1 (0.19 to 5.47)
E01000108,Barking and Dagenham 010D,Barking and Dagenham,Q1 (147500.00 to 420000.00),Q4 (173.00 to 9206.00),Q4 (56.00 to 1283.00),Q3 (20.12 to 29.24),Q3 (9.48 to 16.97)
E01000109,Barking and Dagenham 004D,Barking and Dagenham,Q1 (147500.00 to 420000.00),Q3 (114.00 to 173.00),Q4 (56.00 to 1283.00),Q3 (20.12 to 29.24),Q1 (0.19 to 5.47)
E01000110,Barking and Dagenham 002C,Barking and Dagenham,Q2 (420000.00 to 520000.00),Q1 (2.00 to 79.00),Q2 (24.00 to 38.00),Q2 (12.31 to 20.12),Q1 (0.19 to 5.47)
E01000111,Barking and Dagenham 002D,Barking and Dagenham,Q1 (147500.00 to 420000.00),Q4 (173.00 to 9206.00),Q4 (56.00 to 1283.00),Q3 (20.12 to 29.24),Q1 (0.19 to 5.47)
E01000112,Barking and Dagenham 002E,Barking and Dagenham,Q1 (147500.00 to 420000.00),Q4 (173.00 to 9206.00),Q3 (38.00 to 56.00),Q3 (20.12 to 29.24),Q3 (9.48 to 16.97)
E01000113,Barking and Dagenham 002F,Barking and Dagenham,Q1 (147500.00 to 420000.00),Q3 (114.00 to 173.00),Q4 (56.00 to 1283.00),Q3 (20.12 to 29.24),Q3 (9.48 to 16.97)
E01000114,Barking and Dagenham 004E,Barking and Dagenham,Q1 (147500.00 to 420000.00),Q4 (173.00 to 9206.00),Q4 (56.00 to 1283.00),Q3 (20.12 to 29.24),Q2 (5.47 to 9.48)
E01000115,Barnet 009A,Barnet,Q4 (683000.00 to 6425000.00),Q1 (2.00 to 79.00),Q1 (0.00 to 24.00),Q1 (2.33 to 12.31),Q2 (5.47 to 9.48)
E01000116,Barnet 009B,Barnet,Q3 (520000.00 to 683000.00),Q1 (2.00 to 79.00),Q1 (0.00 to 24.00),Q1 (2.33 to 12.31),Q1 (0.19 to 5.47)
E01000117,Barnet 010A,Barnet,Q3 (520000.00 to 683000.00),Q3 (114.00 to 173.00),Q2 (24.00 to 38.00),Q1 (2.33 to 12.31),Q2 (5.47 to 9.48)
E01000118,Barnet 010B,Barnet,Q3 (520000.00 to 683000.00),Q2 (79.00 to 114.00),Q2 (24.00 to 38.00),Q1 (2.33 to 12.31),Q2 (5.47 to 9.48)
E01000119,Barnet 009C,Barnet,Q4 (683000.00 to 6425000.00),Q1 (2.00 to 79.00),Q1 (0.00 to 24.00),Q1 (2.33 to 12.31),Q2 (5.47 to 9.48)
E01000120,Barnet 009D,Barnet,Q4 (683000.00 to 6425000.00),Q1 (2.00 to 79.00),Q1 (0.00 to 24.00),Q1 (2.33 to 12.31),Q2 (5.47 to 9.48)
E01000121,Barnet 010C,Barnet,Q3 (520000.00 to 683000.00),Q1 (2.00 to 79.00),Q2 (24.00 to 38.00),Q4 (29.24 to 59.01),Q1 (0.19 to 5.47)
E01000122,Barnet 009E,Barnet,Q4 (683000.00 to 6425000.00),Q1 (2.00 to 79.00),Q1 (0.00 to 24.00),Q1 (2.33 to 12.31),Q1 (0.19 to 5.47)
E01000123,Barnet 010D,Barnet,Q3 (520000.00 to 683000.00),Q3 (114.00 to 173.00),Q3 (38.00 to 56.00),Q1 (2.33 to 12.31),Q2 (5.47 to 9.48)
E01000124,Barnet 010E,Barnet,Q1 (147500.00 to 420000.00),Q4 (173.00 to 9206.00),Q3 (38.00 to 56.00),Q3 (20.12 to 29.24),Q3 (9.48 to 16.97)
E01000125,Barnet 024A,Barnet,Q1 (147500.00 to 420000.00),Q2 (79.00 to 114.00),Q2 (24.00 to 38.00),Q3 (20.12 to 29.24),Q3 (9.48 to 16.97)
E01000126,Barnet 026A,Barnet,Q1 (147500.00 to 420000.00),Q3 (114.00 to 173.00),Q3 (38.00 to 56.00),Q4 (29.24 to 59.01),Q1 (0.19 to 5.47)
E01000127,Barnet 024B,Barnet,Q2 (420000.00 to 520000.00),Q2 (79.00 to 114.00),Q2 (24.00 to 38.00),Q3 (20.12 to 29.24),Q3 (9.48 to 16.97)
E01000128,Barnet 024C,Barnet,Q2 (420000.00 to 520000.00),Q2 (79.00 to 114.00),Q3 (38.00 to 56.00),Q3 (20.12 to 29.24),Q3 (9.48 to 16.97)
E01000130,Barnet 021A,Barnet,Q1 (147500.00 to 420000.00),Q3 (114.00 to 173.00),Q3 (38.00 to 56.00),Q4 (29.24 to 59.01),Q3 (9.48 to 16.97)
E01000131,Barnet 024E,Barnet,Q3 (520000.00 to 683000.00),Q2 (79.00 to 114.00),Q1 (0.00 to 24.00),Q3 (20.12 to 29.24),Q2 (5.47 to 9.48)
E01000132,Barnet 021B,Barnet,Q2 (420000.00 to 520000.00),Q2 (79.00 to 114.00),Q2 (24.00 to 38.00),Q3 (20.12 to 29.24),Q3 (9.48 to 16.97)
E01000133,Barnet 021C,Barnet,Q2 (420000.00 to 520000.00),Q2 (79.00 to 114.00),Q3 (38.00 to 56.00),Q4 (29.24 to 59.01),Q3 (9.48 to 16.97)
E01000134,Barnet 024F,Barnet,Q1 (147500.00 to 420000.00),Q1 (2.00 to 79.00),Q2 (24.00 to 38.00),Q3 (20.12 to 29.24),Q3 (9.48 to 16.97)
E01000135,Barnet 038A,Barnet,Q4 (683000.00 to 6425000.00),Q2 (79.00 to 114.00),Q1 (0.00 to 24.00),Q2 (12.31 to 20.12),Q3 (9.48 to 16.97)
E01000136,Barnet 038B,Barnet,Q4 (683000.00 to 6425000.00),Q2 (79.00 to 114.00),Q2 (24.00 to 38.00),Q1 (2.33 to 12.31),Q3 (9.48 to 16.97)
E01000137,Barnet 041A,Barnet,Q4 (683000.00 to 6425000.00),Q2 (79.00 to 114.00),Q2 (24.00 to 38.00),Q3 (20.12 to 29.24),Q3 (9.48 to 16.97)
E01000138,Barnet 040A,Barnet,Q4 (683000.00 to 6425000.00),Q2 (79.00 to 114.00),Q2 (24.00 to 38.00),Q3 (20.12 to 29.24),Q3 (9.48 to 16.97)
E01000139,Barnet 041B,Barnet,Q4 (683000.00 to 6425000.00),Q2 (79.00 to 114.00),Q1 (0.00 to 24.00),Q2 (12.31 to 20.12),Q3 (9.48 to 16.97)
E01000140,Barnet 041C,Barnet,Q4 (683000.00 to 6425000.00),Q2 (79.00 to 114.00),Q1 (0.00 to 24.00),Q2 (12.31 to 20.12),Q3 (9.48 to 16.97)
E01000141,Barnet 039A,Barnet,Q3 (520000.00 to 683000.00),Q4 (173.00 to 9206.00),Q4 (56.00 to 1283.00),Q3 (20.12 to 29.24),Q4 (16.97 to 121.89)
E01000142,Barnet 040B,Barnet,Q3 (520000.00 to 683000.00),Q2 (79.00 to 114.00),Q2 (24.00 to 38.00),Q2 (12.31 to 20.12),Q3 (9.48 to 16.97)
E01000143,Barnet 041D,Barnet,Q3 (520000.00 to 683000.00),Q3 (114.00 to 173.00),Q2 (24.00 to 38.00),Q4 (29.24 to 59.01),Q3 (9.48 to 16.97)
E01000144,Barnet 038C,Barnet,Q4 (683000.00 to 6425000.00),Q4 (173.00 to 9206.00),Q4 (56.00 to 1283.00),Q2 (12.31 to 20.12),Q4 (16.97 to 121.89)
E01000145,Barnet 037A,Barnet,Q4 (683000.00 to 6425000.00),Q2 (79.00 to 114.00),Q3 (38.00 to 56.00),Q2 (12.31 to 20.12),Q3 (9.48 to 16.97)
E01000146,Barnet 038D,Barnet,Q4 (683000.00 to 6425000.00),Q4 (173.00 to 9206.00),Q4 (56.00 to 1283.00),Q2 (12.31 to 20.12),Q4 (16.97 to 121.89)
E01000147,Barnet 030A,Barnet,Q4 (683000.00 to 6425000.00),Q2 (79.00 to 114.00),Q2 (24.00 to 38.00),Q2 (12.31 to 20.12),Q1 (0.19 to 5.47)
E01000148,Barnet 030B,Barnet,Q1 (147500.00 to 420000.00),Q2 (79.00 to 114.00),Q2 (24.00 to 38.00),Q3 (20.12 to 29.24),Q3 (9.48 to 16.97)
E01000150,Barnet 036A,Barnet,Q2 (420000.00 to 520000.00),Q4 (173.00 to 9206.00),Q3 (38.00 to 56.00),Q2 (12.31 to 20.12),Q1 (0.19 to 5.47)
E01000152,Barnet 026C,Barnet,Q1 (147500.00 to 420000.00),Q3 (114.00 to 173.00),Q3 (38.00 to 56.00),Q4 (29.24 to 59.01),Q1 (0.19 to 5.47)
E01000153,Barnet 026D,Barnet,Q1 (147500.00 to 420000.00),Q3 (114.00 to 173.00),Q3 (38.00 to 56.00),Q4 (29.24 to 59.01),Q2 (5.47 to 9.48)
E01000154,Barnet 026E,Barnet,Q1 (147500.00 to 420000.00),Q3 (114.00 to 173.00),Q3 (38.00 to 56.00),Q4 (29.24 to 59.01),Q2 (5.47 to 9.48)
E01000155,Barnet 030D,Barnet,Q1 (147500.00 to 420000.00),Q4 (173.00 to 9206.00),Q4 (56.00 to 1283.00),Q3 (20.12 to 29.24),Q3 (9.48 to 16.97)
E01000156,Barnet 022A,Barnet,Q4 (683000.00 to 6425000.00),Q2 (79.00 to 114.00),Q2 (24.00 to 38.00),Q1 (2.33 to 12.31),Q2 (5.47 to 9.48)
E01000157,Barnet 022B,Barnet,Q1 (147500.00 to 420000.00),Q1 (2.00 to 79.00),Q1 (0.00 to 24.00),Q2 (12.31 to 20.12),Q1 (0.19 to 5.47)
E01000158,Barnet 015A,Barnet,Q4 (683000.00 to 6425000.00),Q2 (79.00 to 114.00),Q2 (24.00 to 38.00),Q2 (12.31 to 20.12),Q2 (5.47 to 9.48)
E01000159,Barnet 015B,Barnet,Q4 (683000.00 to 6425000.00),Q2 (79.00 to 114.00),Q2 (24.00 to 38.00),Q2 (12.31 to 20.12),Q1 (0.19 to 5.47)
E01000160,Barnet 015C,Barnet,Q2 (420000.00 to 520000.00),Q4 (173.00 to 9206.00),Q4 (56.00 to 1283.00),Q1 (2.33 to 12.31),Q2 (5.47 to 9.48)
E01000161,Barnet 015D,Barnet,Q1 (147500.00 to 420000.00),Q2 (79.00 to 114.00),Q2 (24.00 to 38.00),Q2 (12.31 to 20.12),Q2 (5.47 to 9.48)
E01000162,Barnet 015E,Barnet,Q4 (683000.00 to 6425000.00),Q4 (173.00 to 9206.00),Q4 (56.00 to 1283.00),Q2 (12.31 to 20.12),Q3 (9.48 to 16.97)
E01000163,Barnet 022C,Barnet,Q1 (147500.00 to 420000.00),Q3 (114.00 to 173.00),Q3 (38.00 to 56.00),Q3 (20.12 to 29.24),Q1 (0.19 to 5.47)
E01000164,Barnet 022D,Barnet,Q3 (520000.00 to 683000.00),Q4 (173.00 to 9206.00),Q3 (38.00 to 56.00),Q3 (20.12 to 29.24),Q2 (5.47 to 9.48)
E01000165,Barnet 022E,Barnet,Q3 (520000.00 to 683000.00),Q2 (79.00 to 114.00),Q3 (38.00 to 56.00),Q2 (12.31 to 20.12),Q2 (5.47 to 9.48)
E01000166,Barnet 003A,Barnet,Q4 (683000.00 to 6425000.00),Q1 (2.00 to 79.00),Q1 (0.00 to 24.00),Q2 (12.31 to 20.12),Q1 (0.19 to 5.47)
E01000167,Barnet 002A,Barnet,Q3 (520000.00 to 683000.00),Q2 (79.00 to 114.00),Q2 (24.00 to 38.00),Q3 (20.12 to 29.24),Q1 (0.19 to 5.47)
E01000168,Barnet 003B,Barnet,Q4 (683000.00 to 6425000.00),Q1 (2.00 to 79.00),Q1 (0.00 to 24.00),Q1 (2.33 to 12.31),Q2 (5.47 to 9.48)
E01000169,Barnet 003C,Barnet,Q3 (520000.00 to 683000.00),Q1 (2.00 to 79.00),Q1 (0.00 to 24.00),Q2 (12.31 to 20.12),Q2 (5.47 to 9.48)
E01000170,Barnet 006A,Barnet,Q3 (520000.00 to 683000.00),Q3 (114.00 to 173.00),Q3 (38.00 to 56.00),Q3 (20.12 to 29.24),Q2 (5.47 to 9.48)
E01000171,Barnet 006B,Barnet,Q1 (147500.00 to 420000.00),Q4 (173.00 to 9206.00),Q4 (56.00 to 1283.00),Q3 (20.12 to 29.24),Q3 (9.48 to 16.97)
E01000172,Barnet 003D,Barnet,Q4 (683000.00 to 6425000.00),Q1 (2.00 to 79.00),Q1 (0.00 to 24.00),Q1 (2.33 to 12.31),Q1 (0.19 to 5.47)
E01000173,Barnet 006C,Barnet,Q3 (520000.00 to 683000.00),Q1 (2.00 to 79.00),Q1 (0.00 to 24.00),Q1 (2.33 to 12.31),Q1 (0.19 to 5.47)
E01000174,Barnet 006D,Barnet,Q1 (147500.00 to 420000.00),Q4 (173.00 to 9206.00),Q3 (38.00 to 56.00),Q2 (12.31 to 20.12),Q3 (9.48 to 16.97)
E01000175,Barnet 006E,Barnet,Q3 (520000.00 to 683000.00),Q1 (2.00 to 79.00),Q1 (0.00 to 24.00),Q1 (2.33 to 12.31),Q2 (5.47 to 9.48)
E01000176,Barnet 027A,Barnet,Q3 (520000.00 to 683000.00),Q2 (79.00 to 114.00),Q3 (38.00 to 56.00),Q4 (29.24 to 59.01),Q1 (0.19 to 5.47)
E01000177,Barnet 029A,Barnet,Q3 (520000.00 to 683000.00),Q1 (2.00 to 79.00),Q1 (0.00 to 24.00),Q1 (2.33 to 12.31),Q1 (0.19 to 5.47)
E01000178,Barnet 027B,Barnet,Q3 (520000.00 to 683000.00),Q2 (79.00 to 114.00),Q1 (0.00 to 24.00),Q1 (2.33 to 12.31),Q1 (0.19 to 5.47)
E01000179,Barnet 029B,Barnet,Q3 (520000.00 to 683000.00),Q1 (2.00 to 79.00),Q1 (0.00 to 24.00),Q1 (2.33 to 12.31),Q1 (0.19 to 5.47)
E01000180,Barnet 029C,Barnet,Q4 (683000.00 to 6425000.00),Q2 (79.00 to 114.00),Q2 (24.00 to 38.00),Q2 (12.31 to 20.12),Q2 (5.47 to 9.48)
E01000181,Barnet 029D,Barnet,Q4 (683000.00 to 6425000.00),Q3 (114.00 to 173.00),Q2 (24.00 to 38.00),Q1 (2.33 to 12.31),Q3 (9.48 to 16.97)
E01000182,Barnet 029E,Barnet,Q4 (683000.00 to 6425000.00),Q1 (2.00 to 79.00),Q1 (0.00 to 24.00),Q1 (2.33 to 12.31),Q3 (9.48 to 16.97)
E01000183,Barnet 033A,Barnet,Q4 (683000.00 to 6425000.00),Q1 (2.00 to 79.00),Q1 (0.00 to 24.00),Q1 (2.33 to 12.31),Q1 (0.19 to 5.47)
E01000184,Barnet 027C,Barnet,Q1 (147500.00 to 420000.00),Q3 (114.00 to 173.00),Q4 (56.00 to 1283.00),Q4 (29.24 to 59.01),Q1 (0.19 to 5.47)
E01000185,Barnet 029F,Barnet,Q1 (147500.00 to 420000.00),Q1 (2.00 to 79.00),Q2 (24.00 to 38.00),Q3 (20.12 to 29.24),Q1 (0.19 to 5.47)
E01000186,Barnet 014A,Barnet,Q4 (683000.00 to 6425000.00),Q1 (2.00 to 79.00),Q1 (0.00 to 24.00),Q1 (2.33 to 12.31),Q2 (5.47 to 9.48)
E01000187,Barnet 014B,Barnet,Q4 (683000.00 to 6425000.00),Q1 (2.00 to 79.00),Q2 (24.00 to 38.00),Q2 (12.31 to 20.12),Q1 (0.19 to 5.47)
E01000188,Barnet 014C,Barnet,Q3 (520000.00 to 683000.00),Q3 (114.00 to 173.00),Q2 (24.00 to 38.00),Q1 (2.33 to 12.31),Q1 (0.19 to 5.47)
E01000189,Barnet 014D,Barnet,Q1 (147500.00 to 420000.00),Q3 (114.00 to 173.00),Q2 (24.00 to 38.00),Q3 (20.12 to 29.24),Q1 (0.19 to 5.47)
E01000190,Barnet 014E,Barnet,Q4 (683000.00 to 6425000.00),Q1 (2.00 to 79.00),Q1 (0.00 to 24.00),Q1 (2.33 to 12.31),Q1 (0.19 to 5.47)
E01000191,Barnet 014F,Barnet,Q2 (420000.00 to 520000.00),Q1 (2.00 to 79.00),Q1 (0.00 to 24.00),Q1 (2.33 to 12.31),Q3 (9.48 to 16.97)
E01000192,Barnet 018A,Barnet,Q4 (683000.00 to 6425000.00),Q4 (173.00 to 9206.00),Q3 (38.00 to 56.00),Q2 (12.31 to 20.12),Q4 (16.97 to 121.89)
E01000193,Barnet 018B,Barnet,Q3 (520000.00 to 683000.00),Q4 (173.00 to 9206.00),Q4 (56.00 to 1283.00),Q2 (12.31 to 20.12),Q4 (16.97 to 121.89)
E01000194,Barnet 018C,Barnet,Q3 (520000.00 to 683000.00),Q4 (173.00 to 9206.00),Q4 (56.00 to 1283.00),Q2 (12.31 to 20.12),Q3 (9.48 to 16.97)
E01000195,Barnet 013A,Barnet,Q2 (420000.00 to 520000.00),Q4 (173.00 to 9206.00),Q2 (24.00 to 38.00),Q3 (20.12 to 29.24),Q1 (0.19 to 5.47)
E01000196,Barnet 028A,Barnet,Q2 (420000.00 to 520000.00),Q4 (173.00 to 9206.00),Q4 (56.00 to 1283.00),Q1 (2.33 to 12.31),Q3 (9.48 to 16.97)
E01000197,Barnet 023A,Barnet,Q4 (683000.00 to 6425000.00),Q2 (79.00 to 114.00),Q2 (24.00 to 38.00),Q2 (12.31 to 20.12),Q2 (5.47 to 9.48)
E01000198,Barnet 025A,Barnet,Q3 (520000.00 to 683000.00),Q2 (79.00 to 114.00),Q3 (38.00 to 56.00),Q1 (2.33 to 12.31),Q1 (0.19 to 5.47)
E01000199,Barnet 025B,Barnet,Q4 (683000.00 to 6425000.00),Q1 (2.00 to 79.00),Q1 (0.00 to 24.00),Q1 (2.33 to 12.31),Q1 (0.19 to 5.47)
E01000200,Barnet 028B,Barnet,Q3 (520000.00 to 683000.00),Q1 (2.00 to 79.00),Q2 (24.00 to 38.00),Q1 (2.33 to 12.31),Q2 (5.47 to 9.48)
E01000201,Barnet 028C,Barnet,Q4 (683000.00 to 6425000.00),Q2 (79.00 to 114.00),Q1 (0.00 to 24.00),Q1 (2.33 to 12.31),Q2 (5.47 to 9.48)
E01000202,Barnet 028D,Barnet,Q4 (683000.00 to 6425000.00),Q1 (2.00 to 79.00),Q1 (0.00 to 24.00),Q1 (2.33 to 12.31),Q2 (5.47 to 9.48)
E01000203,Barnet 028E,Barnet,Q3 (520000.00 to 683000.00),Q3 (114.00 to 173.00),Q3 (38.00 to 56.00),Q2 (12.31 to 20.12),Q1 (0.19 to 5.47)
E01000204,Barnet 025C,Barnet,Q4 (683000.00 to 6425000.00),Q1 (2.00 to 79.00),Q1 (0.00 to 24.00),Q1 (2.33 to 12.31),Q3 (9.48 to 16.97)
E01000205,Barnet 035A,Barnet,Q4 (683000.00 to 6425000.00),Q2 (79.00 to 114.00),Q1 (0.00 to 24.00),Q1 (2.33 to 12.31),Q1 (0.19 to 5.47)
E01000206,Barnet 033B,Barnet,Q4 (683000.00 to 6425000.00),Q3 (114.00 to 173.00),Q1 (0.00 to 24.00),Q1 (2.33 to 12.31),Q1 (0.19 to 5.47)
E01000207,Barnet 033C,Barnet,Q4 (683000.00 to 6425000.00),Q2 (79.00 to 114.00),Q2 (24.00 to 38.00),Q1 (2.33 to 12.31),Q1 (0.19 to 5.47)
E01000208,Barnet 033D,Barnet,Q3 (520000.00 to 683000.00),Q1 (2.00 to 79.00),Q2 (24.00 to 38.00),Q1 (2.33 to 12.31),Q3 (9.48 to 16.97)
E01000209,Barnet 035B,Barnet,Q4 (683000.00 to 6425000.00),Q1 (2.00 to 79.00),Q1 (0.00 to 24.00),Q1 (2.33 to 12.31),Q1 (0.19 to 5.47)
E01000210,Barnet 033E,Barnet,Q4 (683000.00 to 6425000.00),Q2 (79.00 to 114.00),Q1 (0.00 to 24.00),Q1 (2.33 to 12.31),Q1 (0.19 to 5.47)
E01000211,Barnet 035C,Barnet,Q3 (520000.00 to 683000.00),Q4 (173.00 to 9206.00),Q4 (56.00 to 1283.00),Q2 (12.31 to 20.12),Q2 (5.47 to 9.48)
E01000212,Barnet 035D,Barnet,Q4 (683000.00 to 6425000.00),Q1 (2.00 to 79.00),Q1 (0.00 to 24.00),Q1 (2.33 to 12.31),Q2 (5.47 to 9.48)
E01000213,Barnet 033F,Barnet,Q4 (683000.00 to 6425000.00),Q1 (2.00 to 79.00),Q1 (0.00 to 24.00),Q1 (2.33 to 12.31),Q1 (0.19 to 5.47)
E01000214,Barnet 038E,Barnet,Q2 (420000.00 to 520000.00),Q3 (114.00 to 173.00),Q2 (24.00 to 38.00),Q1 (2.33 to 12.31),Q3 (9.48 to 16.97)
E01000215,Barnet 037B,Barnet,Q4 (683000.00 to 6425000.00),Q2 (79.00 to 114.00),Q2 (24.00 to 38.00),Q2 (12.31 to 20.12),Q3 (9.48 to 16.97)
E01000216,Barnet 035E,Barnet,Q4 (683000.00 to 6425000.00),Q1 (2.00 to 79.00),Q1 (0.00 to 24.00),Q1 (2.33 to 12.31),Q2 (5.47 to 9.48)
E01000217,Barnet 035F,Barnet,Q4 (683000.00 to 6425000.00),Q1 (2.00 to 79.00),Q1 (0.00 to 24.00),Q1 (2.33 to 12.31),Q2 (5.47 to 9.48)
E01000218,Barnet 037C,Barnet,Q4 (683000.00 to 6425000.00),Q2 (79.00 to 114.00),Q2 (24.00 to 38.00),Q2 (12.31 to 20.12),Q3 (9.48 to 16.97)
E01000219,Barnet 037D,Barnet,Q1 (147500.00 to 420000.00),Q3 (114.00 to 173.00),Q3 (38.00 to 56.00),Q2 (12.31 to 20.12),Q4 (16.97 to 121.89)
E01000220,Barnet 037E,Barnet,Q4 (683000.00 to 6425000.00),Q1 (2.00 to 79.00),Q2 (24.00 to 38.00),Q2 (12.31 to 20.12),Q3 (9.48 to 16.97)
E01000222,Barnet 040C,Barnet,Q2 (420000.00 to 520000.00),Q2 (79.00 to 114.00),Q3 (38.00 to 56.00),Q3 (20.12 to 29.24),Q2 (5.47 to 9.48)
E01000223,Barnet 039C,Barnet,Q2 (420000.00 to 520000.00),Q4 (173.00 to 9206.00),Q4 (56.00 to 1283.00),Q4 (29.24 to 59.01),Q2 (5.47 to 9.48)
E01000224,Barnet 040D,Barnet,Q4 (683000.00 to 6425000.00),Q1 (2.00 to 79.00),Q2 (24.00 to 38.00),Q2 (12.31 to 20.12),Q2 (5.47 to 9.48)
E01000225,Barnet 037F,Barnet,Q4 (683000.00 to 6425000.00),Q1 (2.00 to 79.00),Q1 (0.00 to 24.00),Q1 (2.33 to 12.31),Q1 (0.19 to 5.47)
E01000226,Barnet 018D,Barnet,Q2 (420000.00 to 520000.00),Q2 (79.00 to 114.00),Q2 (24.00 to 38.00),Q4 (29.24 to 59.01),Q2 (5.47 to 9.48)
E01000227,Barnet 018E,Barnet,Q3 (520000.00 to 683000.00),Q1 (2.00 to 79.00),Q1 (0.00 to 24.00),Q1 (2.33 to 12.31),Q2 (5.47 to 9.48)
E01000228,Barnet 007A,Barnet,Q4 (683000.00 to 6425000.00),Q2 (79.00 to 114.00),Q2 (24.00 to 38.00),Q2 (12.31 to 20.12),Q1 (0.19 to 5.47)
E01000229,Barnet 013B,Barnet,Q2 (420000.00 to 520000.00),Q1 (2.00 to 79.00),Q1 (0.00 to 24.00),Q3 (20.12 to 29.24),Q1 (0.19 to 5.47)
E01000230,Barnet 013C,Barnet,Q3 (520000.00 to 683000.00),Q1 (2.00 to 79.00),Q1 (0.00 to 24.00),Q1 (2.33 to 12.31),Q1 (0.19 to 5.47)
E01000231,Barnet 013D,Barnet,Q3 (520000.00 to 683000.00),Q2 (79.00 to 114.00),Q2 (24.00 to 38.00),Q2 (12.31 to 20.12),Q1 (0.19 to 5.47)
E01000232,Barnet 013E,Barnet,Q4 (683000.00 to 6425000.00),Q1 (2.00 to 79.00),Q2 (24.00 to 38.00),Q2 (12.31 to 20.12),Q2 (5.47 to 9.48)
E01000233,Barnet 013F,Barnet,Q3 (520000.00 to 683000.00),Q2 (79.00 to 114.00),Q1 (0.00 to 24.00),Q1 (2.33 to 12.31),Q2 (5.47 to 9.48)
E01000234,Barnet 021D,Barnet,Q3 (520000.00 to 683000.00),Q1 (2.00 to 79.00),Q1 (0.00 to 24.00),Q1 (2.33 to 12.31),Q3 (9.48 to 16.97)
E01000235,Barnet 021E,Barnet,Q2 (420000.00 to 520000.00),Q3 (114.00 to 173.00),Q3 (38.00 to 56.00),Q3 (20.12 to 29.24),Q3 (9.48 to 16.97)
E01000236,Barnet 034A,Barnet,Q4 (683000.00 to 6425000.00),Q2 (79.00 to 114.00),Q2 (24.00 to 38.00),Q1 (2.33 to 12.31),Q2 (5.47 to 9.48)
E01000237,Barnet 032A,Barnet,Q3 (520000.00 to 683000.00),Q4 (173.00 to 9206.00),Q4 (56.00 to 1283.00),Q1 (2.33 to 12.31),Q3 (9.48 to 16.97)
E01000238,Barnet 034B,Barnet,Q3 (520000.00 to 683000.00),Q2 (79.00 to 114.00),Q2 (24.00 to 38.00),Q2 (12.31 to 20.12),Q1 (0.19 to 5.47)
E01000239,Barnet 031A,Barnet,Q2 (420000.00 to 520000.00),Q3 (114.00 to 173.00),Q4 (56.00 to 1283.00),Q3 (20.12 to 29.24),Q2 (5.47 to 9.48)
E01000240,Barnet 031B,Barnet,Q4 (683000.00 to 6425000.00),Q3 (114.00 to 173.00),Q3 (38.00 to 56.00),Q2 (12.31 to 20.12),Q1 (0.19 to 5.47)
E01000241,Barnet 031C,Barnet,Q4 (683000.00 to 6425000.00),Q2 (79.00 to 114.00),Q1 (0.00 to 24.00),Q1 (2.33 to 12.31),Q1 (0.19 to 5.47)
E01000242,Barnet 032B,Barnet,Q4 (683000.00 to 6425000.00),Q2 (79.00 to 114.00),Q2 (24.00 to 38.00),Q2 (12.31 to 20.12),Q1 (0.19 to 5.47)
E01000243,Barnet 032C,Barnet,Q2 (420000.00 to 520000.00),Q3 (114.00 to 173.00),Q3 (38.00 to 56.00),Q2 (12.31 to 20.12),Q2 (5.47 to 9.48)
E01000244,Barnet 032D,Barnet,Q3 (520000.00 to 683000.00),Q4 (173.00 to 9206.00),Q4 (56.00 to 1283.00),Q2 (12.31 to 20.12),Q2 (5.47 to 9.48)
E01000245,Barnet 032E,Barnet,Q4 (683000.00 to 6425000.00),Q4 (173.00 to 9206.00),Q4 (56.00 to 1283.00),Q3 (20.12 to 29.24),Q3 (9.48 to 16.97)
E01000246,Barnet 002B,Barnet,Q4 (683000.00 to 6425000.00),Q1 (2.00 to 79.00),Q1 (0.00 to 24.00),Q1 (2.33 to 12.31),Q1 (0.19 to 5.47)
E01000247,Barnet 002C,Barnet,Q2 (420000.00 to 520000.00),Q1 (2.00 to 79.00),Q2 (24.00 to 38.00),Q1 (2.33 to 12.31),Q1 (0.19 to 5.47)
E01000248,Barnet 001A,Barnet,Q4 (683000.00 to 6425000.00),Q3 (114.00 to 173.00),Q1 (0.00 to 24.00),Q1 (2.33 to 12.31),Q3 (9.48 to 16.97)
E01000249,Barnet 001B,Barnet,Q4 (683000.00 to 6425000.00),Q1 (2.00 to 79.00),Q1 (0.00 to 24.00),Q1 (2.33 to 12.31),Q1 (0.19 to 5.47)
E01000250,Barnet 001C,Barnet,Q2 (420000.00 to 520000.00),Q4 (173.00 to 9206.00),Q4 (56.00 to 1283.00),Q2 (12.31 to 20.12),Q2 (5.47 to 9.48)
E01000251,Barnet 002D,Barnet,Q1 (147500.00 to 420000.00),Q4 (173.00 to 9206.00),Q4 (56.00 to 1283.00),Q2 (12.31 to 20.12),Q3 (9.48 to 16.97)
E01000252,Barnet 002E,Barnet,Q2 (420000.00 to 520000.00),Q1 (2.00 to 79.00),Q2 (24.00 to 38.00),Q2 (12.31 to 20.12),Q2 (5.47 to 9.48)
E01000253,Barnet 007B,Barnet,Q4 (683000.00 to 6425000.00),Q1 (2.00 to 79.00),Q1 (0.00 to 24.00),Q1 (2.33 to 12.31),Q1 (0.19 to 5.47)
E01000254,Barnet 001D,Barnet,Q4 (683000.00 to 6425000.00),Q1 (2.00 to 79.00),Q1 (0.00 to 24.00),Q1 (2.33 to 12.31),Q1 (0.19 to 5.47)
E01000255,Barnet 017A,Barnet,Q3 (520000.00 to 683000.00),Q2 (79.00 to 114.00),Q2 (24.00 to 38.00),Q2 (12.31 to 20.12),Q1 (0.19 to 5.47)
E01000256,Barnet 016A,Barnet,Q4 (683000.00 to 6425000.00),Q1 (2.00 to 79.00),Q1 (0.00 to 24.00),Q1 (2.33 to 12.31),Q1 (0.19 to 5.47)
E01000257,Barnet 017B,Barnet,Q3 (520000.00 to 683000.00),Q4 (173.00 to 9206.00),Q3 (38.00 to 56.00),Q3 (20.12 to 29.24),Q2 (5.47 to 9.48)
E01000258,Barnet 016B,Barnet,Q4 (683000.00 to 6425000.00),Q3 (114.00 to 173.00),Q2 (24.00 to 38.00),Q1 (2.33 to 12.31),Q2 (5.47 to 9.48)
E01000259,Barnet 025D,Barnet,Q3 (520000.00 to 683000.00),Q3 (114.00 to 173.00),Q2 (24.00 to 38.00),Q2 (12.31 to 20.12),Q1 (0.19 to 5.47)
E01000260,Barnet 025E,Barnet,Q3 (520000.00 to 683000.00),Q3 (114.00 to 173.00),Q3 (38.00 to 56.00),Q2 (12.31 to 20.12),Q1 (0.19 to 5.47)
E01000261,Barnet 017C,Barnet,Q4 (683000.00 to 6425000.00),Q1 (2.00 to 79.00),Q1 (0.00 to 24.00),Q1 (2.33 to 12.31),Q1 (0.19 to 5.47)
E01000262,Barnet 017D,Barnet,Q4 (683000.00 to 6425000.00),Q1 (2.00 to 79.00),Q2 (24.00 to 38.00),Q1 (2.33 to 12.31),Q1 (0.19 to 5.47)
E01000263,Barnet 016C,Barnet,Q4 (683000.00 to 6425000.00),Q1 (2.00 to 79.00),Q1 (0.00 to 24.00),Q1 (2.33 to 12.31),Q1 (0.19 to 5.47)
E01000264,Barnet 016D,Barnet,Q3 (520000.00 to 683000.00),Q4 (173.00 to 9206.00),Q4 (56.00 to 1283.00),Q2 (12.31 to 20.12),Q3 (9.48 to 16.97)
E01000265,Barnet 011A,Barnet,Q1 (147500.00 to 420000.00),Q2 (79.00 to 114.00),Q2 (24.00 to 38.00),Q2 (12.31 to 20.12),Q2 (5.47 to 9.48)
E01000266,Barnet 011B,Barnet,Q4 (683000.00 to 6425000.00),Q1 (2.00 to 79.00),Q1 (0.00 to 24.00),Q1 (2.33 to 12.31),Q1 (0.19 to 5.47)
E01000267,Barnet 005A,Barnet,Q4 (683000.00 to 6425000.00),Q1 (2.00 to 79.00),Q1 (0.00 to 24.00),Q2 (12.31 to 20.12),Q2 (5.47 to 9.48)
E01000268,Barnet 005B,Barnet,Q1 (147500.00 to 420000.00),Q4 (173.00 to 9206.00),Q4 (56.00 to 1283.00),Q2 (12.31 to 20.12),Q3 (9.48 to 16.97)
E01000269,Barnet 005C,Barnet,Q3 (520000.00 to 683000.00),Q1 (2.00 to 79.00),Q1 (0.00 to 24.00),Q1 (2.33 to 12.31),Q3 (9.48 to 16.97)
E01000270,Barnet 005D,Barnet,Q3 (520000.00 to 683000.00),Q1 (2.00 to 79.00),Q1 (0.00 to 24.00),Q1 (2.33 to 12.31),Q3 (9.48 to 16.97)
E01000271,Barnet 008A,Barnet,Q2 (420000.00 to 520000.00),Q1 (2.00 to 79.00),Q1 (0.00 to 24.00),Q1 (2.33 to 12.31),Q2 (5.47 to 9.48)
E01000272,Barnet 008B,Barnet,Q4 (683000.00 to 6425000.00),Q1 (2.00 to 79.00),Q1 (0.00 to 24.00),Q1 (2.33 to 12.31),Q2 (5.47 to 9.48)
E01000273,Barnet 008C,Barnet,Q3 (520000.00 to 683000.00),Q2 (79.00 to 114.00),Q2 (24.00 to 38.00),Q2 (12.31 to 20.12),Q3 (9.48 to 16.97)
E01000274,Barnet 011C,Barnet,Q3 (520000.00 to 683000.00),Q2 (79.00 to 114.00),Q2 (24.00 to 38.00),Q2 (12.31 to 20.12),Q2 (5.47 to 9.48)
E01000275,Barnet 012A,Barnet,Q3 (520000.00 to 683000.00),Q1 (2.00 to 79.00),Q1 (0.00 to 24.00),Q2 (12.31 to 20.12),Q2 (5.47 to 9.48)
E01000276,Barnet 020A,Barnet,Q4 (683000.00 to 6425000.00),Q1 (2.00 to 79.00),Q1 (0.00 to 24.00),Q1 (2.33 to 12.31),Q1 (0.19 to 5.47)
E01000277,Barnet 012B,Barnet,Q2 (420000.00 to 520000.00),Q2 (79.00 to 114.00),Q2 (24.00 to 38.00),Q2 (12.31 to 20.12),Q3 (9.48 to 16.97)
E01000278,Barnet 020B,Barnet,Q4 (683000.00 to 6425000.00),Q1 (2.00 to 79.00),Q1 (0.00 to 24.00),Q1 (2.33 to 12.31),Q1 (0.19 to 5.47)
E01000279,Barnet 007C,Barnet,Q4 (683000.00 to 6425000.00),Q1 (2.00 to 79.00),Q1 (0.00 to 24.00),Q1 (2.33 to 12.31),Q1 (0.19 to 5.47)
E01000280,Barnet 007D,Barnet,Q4 (683000.00 to 6425000.00),Q1 (2.00 to 79.00),Q1 (0.00 to 24.00),Q1 (2.33 to 12.31),Q1 (0.19 to 5.47)
E01000281,Barnet 008D,Barnet,Q2 (420000.00 to 520000.00),Q3 (114.00 to 173.00),Q2 (24.00 to 38.00),Q1 (2.33 to 12.31),Q3 (9.48 to 16.97)
E01000282,Barnet 008E,Barnet,Q3 (520000.00 to 683000.00),Q2 (79.00 to 114.00),Q1 (0.00 to 24.00),Q1 (2.33 to 12.31),Q3 (9.48 to 16.97)
E01000283,Barnet 012C,Barnet,Q4 (683000.00 to 6425000.00),Q1 (2.00 to 79.00),Q1 (0.00 to 24.00),Q1 (2.33 to 12.31),Q1 (0.19 to 5.47)
E01000284,Barnet 012D,Barnet,Q2 (420000.00 to 520000.00),Q2 (79.00 to 114.00),Q2 (24.00 to 38.00),Q2 (12.31 to 20.12),Q2 (5.47 to 9.48)
E01000285,Barnet 004A,Barnet,Q3 (520000.00 to 683000.00),Q1 (2.00 to 79.00),Q1 (0.00 to 24.00),Q2 (12.31 to 20.12),Q1 (0.19 to 5.47)
E01000286,Barnet 007E,Barnet,Q2 (420000.00 to 520000.00),Q1 (2.00 to 79.00),Q1 (0.00 to 24.00),Q3 (20.12 to 29.24),Q1 (0.19 to 5.47)
E01000287,Barnet 004B,Barnet,Q3 (520000.00 to 683000.00),Q1 (2.00 to 79.00),Q2 (24.00 to 38.00),Q3 (20.12 to 29.24),Q1 (0.19 to 5.47)
E01000288,Barnet 004C,Barnet,Q4 (683000.00 to 6425000.00),Q1 (2.00 to 79.00),Q1 (0.00 to 24.00),Q2 (12.31 to 20.12),Q2 (5.47 to 9.48)
E01000289,Barnet 004D,Barnet,Q2 (420000.00 to 520000.00),Q2 (79.00 to 114.00),Q2 (24.00 to 38.00),Q4 (29.24 to 59.01),Q2 (5.47 to 9.48)
E01000290,Barnet 007F,Barnet,Q4 (683000.00 to 6425000.00),Q1 (2.00 to 79.00),Q1 (0.00 to 24.00),Q2 (12.31 to 20.12),Q1 (0.19 to 5.47)
E01000291,Barnet 004E,Barnet,Q3 (520000.00 to 683000.00),Q1 (2.00 to 79.00),Q1 (0.00 to 24.00),Q4 (29.24 to 59.01),Q1 (0.19 to 5.47)
E01000292,Barnet 001E,Barnet,Q2 (420000.00 to 520000.00),Q2 (79.00 to 114.00),Q1 (0.00 to 24.00),Q1 (2.33 to 12.31),Q2 (5.47 to 9.48)
E01000293,Barnet 001F,Barnet,Q4 (683000.00 to 6425000.00),Q1 (2.00 to 79.00),Q1 (0.00 to 24.00),Q1 (2.33 to 12.31),Q3 (9.48 to 16.97)
E01000294,Barnet 004F,Barnet,Q2 (420000.00 to 520000.00),Q4 (173.00 to 9206.00),Q4 (56.00 to 1283.00),Q1 (2.33 to 12.31),Q2 (5.47 to 9.48)
E01000295,Barnet 023B,Barnet,Q4 (683000.00 to 6425000.00),Q2 (79.00 to 114.00),Q1 (0.00 to 24.00),Q2 (12.31 to 20.12),Q3 (9.48 to 16.97)
E01000296,Barnet 023C,Barnet,Q2 (420000.00 to 520000.00),Q4 (173.00 to 9206.00),Q4 (56.00 to 1283.00),Q1 (2.33 to 12.31),Q3 (9.48 to 16.97)
E01000297,Barnet 027D,Barnet,Q2 (420000.00 to 520000.00),Q1 (2.00 to 79.00),Q1 (0.00 to 24.00),Q1 (2.33 to 12.31),Q2 (5.47 to 9.48)
E01000298,Barnet 023D,Barnet,Q2 (420000.00 to 520000.00),Q4 (173.00 to 9206.00),Q4 (56.00 to 1283.00),Q1 (2.33 to 12.31),Q3 (9.48 to 16.97)
E01000299,Barnet 019A,Barnet,Q1 (147500.00 to 420000.00),Q4 (173.00 to 9206.00),Q4 (56.00 to 1283.00),Q2 (12.31 to 20.12),Q3 (9.48 to 16.97)
E01000300,Barnet 019B,Barnet,Q4 (683000.00 to 6425000.00),Q1 (2.00 to 79.00),Q1 (0.00 to 24.00),Q1 (2.33 to 12.31),Q3 (9.48 to 16.97)
E01000301,Barnet 020C,Barnet,Q4 (683000.00 to 6425000.00),Q1 (2.00 to 79.00),Q1 (0.00 to 24.00),Q1 (2.33 to 12.31),Q3 (9.48 to 16.97)
E01000302,Barnet 019C,Barnet,Q1 (147500.00 to 420000.00),Q3 (114.00 to 173.00),Q3 (38.00 to 56.00),Q2 (12.31 to 20.12),Q3 (9.48 to 16.97)
E01000303,Barnet 020D,Barnet,Q4 (683000.00 to 6425000.00),Q1 (2.00 to 79.00),Q1 (0.00 to 24.00),Q1 (2.33 to 12.31),Q2 (5.47 to 9.48)
E01000304,Barnet 020E,Barnet,Q3 (520000.00 to 683000.00),Q1 (2.00 to 79.00),Q1 (0.00 to 24.00),Q2 (12.31 to 20.12),Q2 (5.47 to 9.48)
E01000305,Barnet 036B,Barnet,Q2 (420000.00 to 520000.00),Q4 (173.00 to 9206.00),Q3 (38.00 to 56.00),Q3 (20.12 to 29.24),Q1 (0.19 to 5.47)
E01000306,Barnet 036C,Barnet,Q3 (520000.00 to 683000.00),Q1 (2.00 to 79.00),Q1 (0.00 to 24.00),Q2 (12.31 to 20.12),Q3 (9.48 to 16.97)
E01000307,Barnet 039D,Barnet,Q2 (420000.00 to 520000.00),Q4 (173.00 to 9206.00),Q4 (56.00 to 1283.00),Q3 (20.12 to 29.24),Q3 (9.48 to 16.97)
E01000308,Barnet 036D,Barnet,Q2 (420000.00 to 520000.00),Q3 (114.00 to 173.00),Q3 (38.00 to 56.00),Q4 (29.24 to 59.01),Q1 (0.19 to 5.47)
E01000309,Barnet 031D,Barnet,Q4 (683000.00 to 6425000.00),Q2 (79.00 to 114.00),Q2 (24.00 to 38.00),Q2 (12.31 to 20.12),Q3 (9.48 to 16.97)
E01000310,Barnet 034C,Barnet,Q1 (147500.00 to 420000.00),Q4 (173.00 to 9206.00),Q4 (56.00 to 1283.00),Q2 (12.31 to 20.12),Q3 (9.48 to 16.97)
E01000311,Barnet 034D,Barnet,Q4 (683000.00 to 6425000.00),Q2 (79.00 to 114.00),Q2 (24.00 to 38.00),Q1 (2.33 to 12.31),Q3 (9.48 to 16.97)
E01000312,Barnet 036E,Barnet,Q1 (147500.00 to 420000.00),Q1 (2.00 to 79.00),Q2 (24.00 to 38.00),Q3 (20.12 to 29.24),Q2 (5.47 to 9.48)
E01000313,Barnet 036F,Barnet,Q1 (147500.00 to 420000.00),Q3 (114.00 to 173.00),Q4 (56.00 to 1283.00),Q2 (12.31 to 20.12),Q3 (9.48 to 16.97)
E01000314,Barnet 032F,Barnet,Q4 (683000.00 to 6425000.00),Q3 (114.00 to 173.00),Q3 (38.00 to 56.00),Q1 (2.33 to 12.31),Q4 (16.97 to 121.89)
E01000315,Barnet 022F,Barnet,Q2 (420000.00 to 520000.00),Q3 (114.00 to 173.00),Q3 (38.00 to 56.00),Q4 (29.24 to 59.01),Q1 (0.19 to 5.47)
E01000316,Barnet 027E,Barnet,Q2 (420000.00 to 520000.00),Q4 (173.00 to 9206.00),Q4 (56.00 to 1283.00),Q2 (12.31 to 20.12),Q1 (0.19 to 5.47)
E01000317,Barnet 019D,Barnet,Q2 (420000.00 to 520000.00),Q2 (79.00 to 114.00),Q2 (24.00 to 38.00),Q1 (2.33 to 12.31),Q3 (9.48 to 16.97)
E01000318,Barnet 019E,Barnet,Q4 (683000.00 to 6425000.00),Q1 (2.00 to 79.00),Q1 (0.00 to 24.00),Q2 (12.31 to 20.12),Q2 (5.47 to 9.48)
E01000319,Barnet 027F,Barnet,Q4 (683000.00 to 6425000.00),Q1 (2.00 to 79.00),Q1 (0.00 to 24.00),Q1 (2.33 to 12.31),Q2 (5.47 to 9.48)
E01000320,Barnet 011D,Barnet,Q3 (520000.00 to 683000.00),Q2 (79.00 to 114.00),Q1 (0.00 to 24.00),Q1 (2.33 to 12.31),Q1 (0.19 to 5.47)
E01000321,Barnet 012E,Barnet,Q3 (520000.00 to 683000.00),Q3 (114.00 to 173.00),Q2 (24.00 to 38.00),Q2 (12.31 to 20.12),Q2 (5.47 to 9.48)
E01000322,Barnet 011E,Barnet,Q2 (420000.00 to 520000.00),Q2 (79.00 to 114.00),Q3 (38.00 to 56.00),Q2 (12.31 to 20.12),Q2 (5.47 to 9.48)
E01000323,Barnet 019F,Barnet,Q2 (420000.00 to 520000.00),Q4 (173.00 to 9206.00),Q4 (56.00 to 1283.00),Q2 (12.31 to 20.12),Q3 (9.48 to 16.97)
E01000324,Barnet 015F,Barnet,Q4 (683000.00 to 6425000.00),Q2 (79.00 to 114.00),Q2 (24.00 to 38.00),Q2 (12.31 to 20.12),Q2 (5.47 to 9.48)
E01000325,Bexley 014A,Bexley,Q3 (520000.00 to 683000.00),Q1 (2.00 to 79.00),Q1 (0.00 to 24.00),Q1 (2.33 to 12.31),Q2 (5.47 to 9.48)
E01000326,Bexley 014B,Bexley,Q1 (147500.00 to 420000.00),Q1 (2.00 to 79.00),Q1 (0.00 to 24.00),Q1 (2.33 to 12.31),Q1 (0.19 to 5.47)
E01000327,Bexley 017A,Bexley,Q2 (420000.00 to 520000.00),Q1 (2.00 to 79.00),Q1 (0.00 to 24.00),Q1 (2.33 to 12.31),Q3 (9.48 to 16.97)
E01000328,Bexley 017B,Bexley,Q2 (420000.00 to 520000.00),Q1 (2.00 to 79.00),Q2 (24.00 to 38.00),Q1 (2.33 to 12.31),Q1 (0.19 to 5.47)
E01000329,Bexley 017C,Bexley,Q1 (147500.00 to 420000.00),Q1 (2.00 to 79.00),Q3 (38.00 to 56.00),Q2 (12.31 to 20.12),Q2 (5.47 to 9.48)
E01000330,Bexley 017D,Bexley,Q1 (147500.00 to 420000.00),Q4 (173.00 to 9206.00),Q4 (56.00 to 1283.00),Q2 (12.31 to 20.12),Q4 (16.97 to 121.89)
E01000331,Bexley 017E,Bexley,Q2 (420000.00 to 520000.00),Q3 (114.00 to 173.00),Q4 (56.00 to 1283.00),Q3 (20.12 to 29.24),Q1 (0.19 to 5.47)
E01000332,Bexley 005A,Bexley,Q1 (147500.00 to 420000.00),Q1 (2.00 to 79.00),Q1 (0.00 to 24.00),Q2 (12.31 to 20.12),Q2 (5.47 to 9.48)
E01000333,Bexley 003A,Bexley,Q1 (147500.00 to 420000.00),Q4 (173.00 to 9206.00),Q4 (56.00 to 1283.00),Q3 (20.12 to 29.24),Q1 (0.19 to 5.47)
E01000334,Bexley 006A,Bexley,Q1 (147500.00 to 420000.00),Q2 (79.00 to 114.00),Q3 (38.00 to 56.00),Q2 (12.31 to 20.12),Q1 (0.19 to 5.47)
E01000335,Bexley 003B,Bexley,Q1 (147500.00 to 420000.00),Q4 (173.00 to 9206.00),Q4 (56.00 to 1283.00),Q4 (29.24 to 59.01),Q1 (0.19 to 5.47)
E01000336,Bexley 003C,Bexley,Q1 (147500.00 to 420000.00),Q3 (114.00 to 173.00),Q4 (56.00 to 1283.00),Q4 (29.24 to 59.01),Q2 (5.47 to 9.48)
E01000337,Bexley 003D,Bexley,Q1 (147500.00 to 420000.00),Q1 (2.00 to 79.00),Q1 (0.00 to 24.00),Q2 (12.31 to 20.12),Q1 (0.19 to 5.47)
E01000338,Bexley 003E,Bexley,Q1 (147500.00 to 420000.00),Q2 (79.00 to 114.00),Q2 (24.00 to 38.00),Q2 (12.31 to 20.12),Q2 (5.47 to 9.48)
E01000339,Bexley 025A,Bexley,Q2 (420000.00 to 520000.00),Q1 (2.00 to 79.00),Q1 (0.00 to 24.00),Q2 (12.31 to 20.12),Q1 (0.19 to 5.47)
E01000340,Bexley 018A,Bexley,Q2 (420000.00 to 520000.00),Q1 (2.00 to 79.00),Q1 (0.00 to 24.00),Q2 (12.31 to 20.12),Q1 (0.19 to 5.47)
E01000341,Bexley 022A,Bexley,Q2 (420000.00 to 520000.00),Q1 (2.00 to 79.00),Q1 (0.00 to 24.00),Q1 (2.33 to 12.31),Q1 (0.19 to 5.47)
E01000342,Bexley 022B,Bexley,Q2 (420000.00 to 520000.00),Q1 (2.00 to 79.00),Q1 (0.00 to 24.00),Q1 (2.33 to 12.31),Q1 (0.19 to 5.47)
E01000343,Bexley 022C,Bexley,Q3 (520000.00 to 683000.00),Q1 (2.00 to 79.00),Q2 (24.00 to 38.00),Q1 (2.33 to 12.31),Q1 (0.19 to 5.47)
E01000344,Bexley 025B,Bexley,Q2 (420000.00 to 520000.00),Q1 (2.00 to 79.00),Q1 (0.00 to 24.00),Q1 (2.33 to 12.31),Q1 (0.19 to 5.47)
E01000345,Bexley 022D,Bexley,Q2 (420000.00 to 520000.00),Q1 (2.00 to 79.00),Q1 (0.00 to 24.00),Q1 (2.33 to 12.31),Q1 (0.19 to 5.47)
E01000346,Bexley 021A,Bexley,Q1 (147500.00 to 420000.00),Q1 (2.00 to 79.00),Q1 (0.00 to 24.00),Q1 (2.33 to 12.31),Q1 (0.19 to 5.47)
E01000347,Bexley 021B,Bexley,Q1 (147500.00 to 420000.00),Q1 (2.00 to 79.00),Q1 (0.00 to 24.00),Q1 (2.33 to 12.31),Q1 (0.19 to 5.47)
E01000348,Bexley 020A,Bexley,Q3 (520000.00 to 683000.00),Q1 (2.00 to 79.00),Q1 (0.00 to 24.00),Q1 (2.33 to 12.31),Q1 (0.19 to 5.47)
E01000349,Bexley 020B,Bexley,Q3 (520000.00 to 683000.00),Q1 (2.00 to 79.00),Q1 (0.00 to 24.00),Q1 (2.33 to 12.31),Q1 (0.19 to 5.47)
E01000350,Bexley 021C,Bexley,Q2 (420000.00 to 520000.00),Q1 (2.00 to 79.00),Q1 (0.00 to 24.00),Q1 (2.33 to 12.31),Q1 (0.19 to 5.47)
E01000351,Bexley 024A,Bexley,Q2 (420000.00 to 520000.00),Q1 (2.00 to 79.00),Q1 (0.00 to 24.00),Q1 (2.33 to 12.31),Q1 (0.19 to 5.47)
E01000352,Bexley 021D,Bexley,Q1 (147500.00 to 420000.00),Q3 (114.00 to 173.00),Q3 (38.00 to 56.00),Q2 (12.31 to 20.12),Q1 (0.19 to 5.47)
E01000353,Bexley 011A,Bexley,Q3 (520000.00 to 683000.00),Q1 (2.00 to 79.00),Q1 (0.00 to 24.00),Q1 (2.33 to 12.31),Q1 (0.19 to 5.47)
E01000354,Bexley 011B,Bexley,Q2 (420000.00 to 520000.00),Q1 (2.00 to 79.00),Q1 (0.00 to 24.00),Q3 (20.12 to 29.24),Q2 (5.47 to 9.48)
E01000355,Bexley 011C,Bexley,Q2 (420000.00 to 520000.00),Q1 (2.00 to 79.00),Q1 (0.00 to 24.00),Q1 (2.33 to 12.31),Q2 (5.47 to 9.48)
E01000356,Bexley 009A,Bexley,Q3 (520000.00 to 683000.00),Q1 (2.00 to 79.00),Q1 (0.00 to 24.00),Q1 (2.33 to 12.31),Q3 (9.48 to 16.97)
E01000357,Bexley 009B,Bexley,Q3 (520000.00 to 683000.00),Q1 (2.00 to 79.00),Q1 (0.00 to 24.00),Q1 (2.33 to 12.31),Q2 (5.47 to 9.48)
E01000358,Bexley 011D,Bexley,Q2 (420000.00 to 520000.00),Q1 (2.00 to 79.00),Q2 (24.00 to 38.00),Q1 (2.33 to 12.31),Q2 (5.47 to 9.48)
E01000359,Bexley 009C,Bexley,Q3 (520000.00 to 683000.00),Q1 (2.00 to 79.00),Q1 (0.00 to 24.00),Q1 (2.33 to 12.31),Q1 (0.19 to 5.47)
E01000360,Bexley 015A,Bexley,Q1 (147500.00 to 420000.00),Q4 (173.00 to 9206.00),Q4 (56.00 to 1283.00),Q2 (12.31 to 20.12),Q3 (9.48 to 16.97)
E01000361,Bexley 020C,Bexley,Q2 (420000.00 to 520000.00),Q1 (2.00 to 79.00),Q1 (0.00 to 24.00),Q1 (2.33 to 12.31),Q1 (0.19 to 5.47)
E01000362,Bexley 015B,Bexley,Q1 (147500.00 to 420000.00),Q4 (173.00 to 9206.00),Q4 (56.00 to 1283.00),Q2 (12.31 to 20.12),Q3 (9.48 to 16.97)
E01000363,Bexley 020D,Bexley,Q3 (520000.00 to 683000.00),Q1 (2.00 to 79.00),Q1 (0.00 to 24.00),Q1 (2.33 to 12.31),Q1 (0.19 to 5.47)
E01000364,Bexley 023A,Bexley,Q2 (420000.00 to 520000.00),Q1 (2.00 to 79.00),Q1 (0.00 to 24.00),Q2 (12.31 to 20.12),Q1 (0.19 to 5.47)
E01000365,Bexley 015C,Bexley,Q1 (147500.00 to 420000.00),Q3 (114.00 to 173.00),Q2 (24.00 to 38.00),Q2 (12.31 to 20.12),Q3 (9.48 to 16.97)
E01000366,Bexley 015D,Bexley,Q2 (420000.00 to 520000.00),Q1 (2.00 to 79.00),Q1 (0.00 to 24.00),Q1 (2.33 to 12.31),Q3 (9.48 to 16.97)
E01000367,Bexley 010A,Bexley,Q1 (147500.00 to 420000.00),Q2 (79.00 to 114.00),Q4 (56.00 to 1283.00),Q4 (29.24 to 59.01),Q1 (0.19 to 5.47)
E01000368,Bexley 010B,Bexley,Q1 (147500.00 to 420000.00),Q2 (79.00 to 114.00),Q3 (38.00 to 56.00),Q4 (29.24 to 59.01),Q1 (0.19 to 5.47)
E01000369,Bexley 014C,Bexley,Q1 (147500.00 to 420000.00),Q1 (2.00 to 79.00),Q2 (24.00 to 38.00),Q2 (12.31 to 20.12),Q1 (0.19 to 5.47)
E01000370,Bexley 014D,Bexley,Q2 (420000.00 to 520000.00),Q1 (2.00 to 79.00),Q2 (24.00 to 38.00),Q1 (2.33 to 12.31),Q3 (9.48 to 16.97)
E01000371,Bexley 014E,Bexley,Q1 (147500.00 to 420000.00),Q1 (2.00 to 79.00),Q1 (0.00 to 24.00),Q1 (2.33 to 12.31),Q1 (0.19 to 5.47)
E01000372,Bexley 010C,Bexley,Q2 (420000.00 to 520000.00),Q3 (114.00 to 173.00),Q4 (56.00 to 1283.00),Q4 (29.24 to 59.01),Q1 (0.19 to 5.47)
E01000373,Bexley 008A,Bexley,Q1 (147500.00 to 420000.00),Q1 (2.00 to 79.00),Q1 (0.00 to 24.00),Q4 (29.24 to 59.01),Q1 (0.19 to 5.47)
E01000374,Bexley 019A,Bexley,Q1 (147500.00 to 420000.00),Q3 (114.00 to 173.00),Q3 (38.00 to 56.00),Q4 (29.24 to 59.01),Q1 (0.19 to 5.47)
E01000375,Bexley 019B,Bexley,Q1 (147500.00 to 420000.00),Q2 (79.00 to 114.00),Q2 (24.00 to 38.00),Q2 (12.31 to 20.12),Q2 (5.47 to 9.48)
E01000376,Bexley 019C,Bexley,Q1 (147500.00 to 420000.00),Q2 (79.00 to 114.00),Q2 (24.00 to 38.00),Q2 (12.31 to 20.12),Q1 (0.19 to 5.47)
E01000377,Bexley 019D,Bexley,Q1 (147500.00 to 420000.00),Q2 (79.00 to 114.00),Q3 (38.00 to 56.00),Q1 (2.33 to 12.31),Q1 (0.19 to 5.47)
E01000378,Bexley 019E,Bexley,Q1 (147500.00 to 420000.00),Q4 (173.00 to 9206.00),Q4 (56.00 to 1283.00),Q3 (20.12 to 29.24),Q1 (0.19 to 5.47)
E01000379,Bexley 019F,Bexley,Q1 (147500.00 to 420000.00),Q1 (2.00 to 79.00),Q2 (24.00 to 38.00),Q2 (12.31 to 20.12),Q2 (5.47 to 9.48)
E01000380,Bexley 010D,Bexley,Q1 (147500.00 to 420000.00),Q2 (79.00 to 114.00),Q3 (38.00 to 56.00),Q3 (20.12 to 29.24),Q1 (0.19 to 5.47)
E01000381,Bexley 028A,Bexley,Q1 (147500.00 to 420000.00),Q1 (2.00 to 79.00),Q2 (24.00 to 38.00),Q3 (20.12 to 29.24),Q1 (0.19 to 5.47)
E01000382,Bexley 027A,Bexley,Q3 (520000.00 to 683000.00),Q1 (2.00 to 79.00),Q2 (24.00 to 38.00),Q1 (2.33 to 12.31),Q1 (0.19 to 5.47)
E01000383,Bexley 028B,Bexley,Q2 (420000.00 to 520000.00),Q1 (2.00 to 79.00),Q1 (0.00 to 24.00),Q3 (20.12 to 29.24),Q1 (0.19 to 5.47)
E01000384,Bexley 027B,Bexley,Q1 (147500.00 to 420000.00),Q1 (2.00 to 79.00),Q1 (0.00 to 24.00),Q1 (2.33 to 12.31),Q2 (5.47 to 9.48)
E01000385,Bexley 028C,Bexley,Q1 (147500.00 to 420000.00),Q4 (173.00 to 9206.00),Q4 (56.00 to 1283.00),Q4 (29.24 to 59.01),Q1 (0.19 to 5.47)
E01000386,Bexley 028D,Bexley,Q1 (147500.00 to 420000.00),Q3 (114.00 to 173.00),Q4 (56.00 to 1283.00),Q4 (29.24 to 59.01),Q2 (5.47 to 9.48)
E01000387,Bexley 027C,Bexley,Q2 (420000.00 to 520000.00),Q1 (2.00 to 79.00),Q1 (0.00 to 24.00),Q2 (12.31 to 20.12),Q2 (5.47 to 9.48)
E01000388,Bexley 016A,Bexley,Q2 (420000.00 to 520000.00),Q1 (2.00 to 79.00),Q2 (24.00 to 38.00),Q1 (2.33 to 12.31),Q1 (0.19 to 5.47)
E01000389,Bexley 020E,Bexley,Q2 (420000.00 to 520000.00),Q2 (79.00 to 114.00),Q3 (38.00 to 56.00),Q1 (2.33 to 12.31),Q2 (5.47 to 9.48)
E01000390,Bexley 020F,Bexley,Q3 (520000.00 to 683000.00),Q2 (79.00 to 114.00),Q2 (24.00 to 38.00),Q1 (2.33 to 12.31),Q1 (0.19 to 5.47)
E01000391,Bexley 021E,Bexley,Q1 (147500.00 to 420000.00),Q1 (2.00 to 79.00),Q2 (24.00 to 38.00),Q2 (12.31 to 20.12),Q1 (0.19 to 5.47)
E01000392,Bexley 016B,Bexley,Q1 (147500.00 to 420000.00),Q4 (173.00 to 9206.00),Q4 (56.00 to 1283.00),Q3 (20.12 to 29.24),Q3 (9.48 to 16.97)
E01000393,Bexley 020G,Bexley,Q2 (420000.00 to 520000.00),Q2 (79.00 to 114.00),Q2 (24.00 to 38.00),Q1 (2.33 to 12.31),Q2 (5.47 to 9.48)
E01000394,Bexley 015E,Bexley,Q2 (420000.00 to 520000.00),Q2 (79.00 to 114.00),Q2 (24.00 to 38.00),Q1 (2.33 to 12.31),Q3 (9.48 to 16.97)
E01000395,Bexley 018B,Bexley,Q2 (420000.00 to 520000.00),Q1 (2.00 to 79.00),Q1 (0.00 to 24.00),Q1 (2.33 to 12.31),Q1 (0.19 to 5.47)
E01000396,Bexley 018C,Bexley,Q2 (420000.00 to 520000.00),Q1 (2.00 to 79.00),Q1 (0.00 to 24.00),Q1 (2.33 to 12.31),Q1 (0.19 to 5.47)
E01000398,Bexley 029A,Bexley,Q2 (420000.00 to 520000.00),Q1 (2.00 to 79.00),Q2 (24.00 to 38.00),Q2 (12.31 to 20.12),Q1 (0.19 to 5.47)
E01000399,Bexley 029B,Bexley,Q2 (420000.00 to 520000.00),Q1 (2.00 to 79.00),Q1 (0.00 to 24.00),Q1 (2.33 to 12.31),Q2 (5.47 to 9.48)
E01000400,Bexley 029C,Bexley,Q1 (147500.00 to 420000.00),Q1 (2.00 to 79.00),Q2 (24.00 to 38.00),Q2 (12.31 to 20.12),Q3 (9.48 to 16.97)
E01000401,Bexley 013A,Bexley,Q2 (420000.00 to 520000.00),Q2 (79.00 to 114.00),Q3 (38.00 to 56.00),Q3 (20.12 to 29.24),Q3 (9.48 to 16.97)
E01000402,Bexley 005B,Bexley,Q1 (147500.00 to 420000.00),Q2 (79.00 to 114.00),Q2 (24.00 to 38.00),Q3 (20.12 to 29.24),Q1 (0.19 to 5.47)
E01000403,Bexley 004A,Bexley,Q1 (147500.00 to 420000.00),Q4 (173.00 to 9206.00),Q4 (56.00 to 1283.00),Q4 (29.24 to 59.01),Q3 (9.48 to 16.97)
E01000404,Bexley 004B,Bexley,Q1 (147500.00 to 420000.00),Q4 (173.00 to 9206.00),Q4 (56.00 to 1283.00),Q4 (29.24 to 59.01),Q3 (9.48 to 16.97)
E01000405,Bexley 004C,Bexley,Q1 (147500.00 to 420000.00),Q3 (114.00 to 173.00),Q3 (38.00 to 56.00),Q3 (20.12 to 29.24),Q1 (0.19 to 5.47)
E01000406,Bexley 005C,Bexley,Q1 (147500.00 to 420000.00),Q3 (114.00 to 173.00),Q4 (56.00 to 1283.00),Q3 (20.12 to 29.24),Q1 (0.19 to 5.47)
E01000407,Bexley 005D,Bexley,Q2 (420000.00 to 520000.00),Q2 (79.00 to 114.00),Q2 (24.00 to 38.00),Q2 (12.31 to 20.12),Q2 (5.47 to 9.48)
E01000408,Bexley 004D,Bexley,Q1 (147500.00 to 420000.00),Q4 (173.00 to 9206.00),Q4 (56.00 to 1283.00),Q3 (20.12 to 29.24),Q1 (0.19 to 5.47)
E01000409,Bexley 016C,Bexley,Q2 (420000.00 to 520000.00),Q1 (2.00 to 79.00),Q1 (0.00 to 24.00),Q1 (2.33 to 12.31),Q2 (5.47 to 9.48)
E01000410,Bexley 018D,Bexley,Q2 (420000.00 to 520000.00),Q2 (79.00 to 114.00),Q1 (0.00 to 24.00),Q1 (2.33 to 12.31),Q1 (0.19 to 5.47)
E01000411,Bexley 016D,Bexley,Q2 (420000.00 to 520000.00),Q1 (2.00 to 79.00),Q1 (0.00 to 24.00),Q1 (2.33 to 12.31),Q1 (0.19 to 5.47)
E01000412,Bexley 018E,Bexley,Q1 (147500.00 to 420000.00),Q2 (79.00 to 114.00),Q2 (24.00 to 38.00),Q1 (2.33 to 12.31),Q2 (5.47 to 9.48)
E01000413,Bexley 018F,Bexley,Q1 (147500.00 to 420000.00),Q2 (79.00 to 114.00),Q2 (24.00 to 38.00),Q1 (2.33 to 12.31),Q1 (0.19 to 5.47)
E01000414,Bexley 016E,Bexley,Q1 (147500.00 to 420000.00),Q4 (173.00 to 9206.00),Q4 (56.00 to 1283.00),Q2 (12.31 to 20.12),Q3 (9.48 to 16.97)
E01000415,Bexley 016F,Bexley,Q3 (520000.00 to 683000.00),Q1 (2.00 to 79.00),Q1 (0.00 to 24.00),Q1 (2.33 to 12.31),Q3 (9.48 to 16.97)
E01000416,Bexley 002A,Bexley,Q1 (147500.00 to 420000.00),Q4 (173.00 to 9206.00),Q4 (56.00 to 1283.00),Q3 (20.12 to 29.24),Q3 (9.48 to 16.97)
E01000417,Bexley 006B,Bexley,Q2 (420000.00 to 520000.00),Q3 (114.00 to 173.00),Q3 (38.00 to 56.00),Q2 (12.31 to 20.12),Q2 (5.47 to 9.48)
E01000418,Bexley 002B,Bexley,Q1 (147500.00 to 420000.00),Q2 (79.00 to 114.00),Q2 (24.00 to 38.00),Q2 (12.31 to 20.12),Q2 (5.47 to 9.48)
E01000419,Bexley 006C,Bexley,Q2 (420000.00 to 520000.00),Q1 (2.00 to 79.00),Q1 (0.00 to 24.00),Q1 (2.33 to 12.31),Q1 (0.19 to 5.47)
E01000420,Bexley 006D,Bexley,Q2 (420000.00 to 520000.00),Q1 (2.00 to 79.00),Q1 (0.00 to 24.00),Q1 (2.33 to 12.31),Q1 (0.19 to 5.47)
E01000421,Bexley 009D,Bexley,Q2 (420000.00 to 520000.00),Q1 (2.00 to 79.00),Q1 (0.00 to 24.00),Q1 (2.33 to 12.31),Q1 (0.19 to 5.47)
E01000423,Bexley 025C,Bexley,Q3 (520000.00 to 683000.00),Q1 (2.00 to 79.00),Q1 (0.00 to 24.00),Q1 (2.33 to 12.31),Q2 (5.47 to 9.48)
E01000424,Bexley 026A,Bexley,Q1 (147500.00 to 420000.00),Q1 (2.00 to 79.00),Q1 (0.00 to 24.00),Q1 (2.33 to 12.31),Q3 (9.48 to 16.97)
E01000425,Bexley 025D,Bexley,Q3 (520000.00 to 683000.00),Q1 (2.00 to 79.00),Q1 (0.00 to 24.00),Q1 (2.33 to 12.31),Q1 (0.19 to 5.47)
E01000426,Bexley 026B,Bexley,Q1 (147500.00 to 420000.00),Q1 (2.00 to 79.00),Q1 (0.00 to 24.00),Q1 (2.33 to 12.31),Q1 (0.19 to 5.47)
E01000427,Bexley 026C,Bexley,Q1 (147500.00 to 420000.00),Q1 (2.00 to 79.00),Q1 (0.00 to 24.00),Q2 (12.31 to 20.12),Q1 (0.19 to 5.47)
E01000428,Bexley 027D,Bexley,Q1 (147500.00 to 420000.00),Q4 (173.00 to 9206.00),Q4 (56.00 to 1283.00),Q3 (20.12 to 29.24),Q2 (5.47 to 9.48)
E01000429,Bexley 008B,Bexley,Q1 (147500.00 to 420000.00),Q4 (173.00 to 9206.00),Q4 (56.00 to 1283.00),Q4 (29.24 to 59.01),Q1 (0.19 to 5.47)
E01000430,Bexley 008C,Bexley,Q1 (147500.00 to 420000.00),Q3 (114.00 to 173.00),Q3 (38.00 to 56.00),Q2 (12.31 to 20.12),Q1 (0.19 to 5.47)
E01000431,Bexley 008D,Bexley,Q1 (147500.00 to 420000.00),Q3 (114.00 to 173.00),Q3 (38.00 to 56.00),Q4 (29.24 to 59.01),Q1 (0.19 to 5.47)
E01000432,Bexley 008E,Bexley,Q2 (420000.00 to 520000.00),Q3 (114.00 to 173.00),Q3 (38.00 to 56.00),Q3 (20.12 to 29.24),Q2 (5.47 to 9.48)
E01000433,Bexley 008F,Bexley,Q1 (147500.00 to 420000.00),Q4 (173.00 to 9206.00),Q4 (56.00 to 1283.00),Q4 (29.24 to 59.01),Q2 (5.47 to 9.48)
E01000434,Bexley 008G,Bexley,Q1 (147500.00 to 420000.00),Q3 (114.00 to 173.00),Q4 (56.00 to 1283.00),Q4 (29.24 to 59.01),Q1 (0.19 to 5.47)
E01000435,Bexley 010E,Bexley,Q1 (147500.00 to 420000.00),Q3 (114.00 to 173.00),Q2 (24.00 to 38.00),Q4 (29.24 to 59.01),Q2 (5.47 to 9.48)
E01000436,Bexley 011E,Bexley,Q2 (420000.00 to 520000.00),Q1 (2.00 to 79.00),Q1 (0.00 to 24.00),Q1 (2.33 to 12.31),Q1 (0.19 to 5.47)
E01000437,Bexley 007A,Bexley,Q2 (420000.00 to 520000.00),Q1 (2.00 to 79.00),Q1 (0.00 to 24.00),Q2 (12.31 to 20.12),Q1 (0.19 to 5.47)
E01000438,Bexley 007B,Bexley,Q1 (147500.00 to 420000.00),Q2 (79.00 to 114.00),Q3 (38.00 to 56.00),Q2 (12.31 to 20.12),Q1 (0.19 to 5.47)
E01000439,Bexley 007C,Bexley,Q1 (147500.00 to 420000.00),Q3 (114.00 to 173.00),Q4 (56.00 to 1283.00),Q3 (20.12 to 29.24),Q1 (0.19 to 5.47)
E01000440,Bexley 007D,Bexley,Q2 (420000.00 to 520000.00),Q1 (2.00 to 79.00),Q1 (0.00 to 24.00),Q1 (2.33 to 12.31),Q1 (0.19 to 5.47)
E01000441,Bexley 007E,Bexley,Q1 (147500.00 to 420000.00),Q3 (114.00 to 173.00),Q4 (56.00 to 1283.00),Q3 (20.12 to 29.24),Q1 (0.19 to 5.47)
E01000442,Bexley 006E,Bexley,Q2 (420000.00 to 520000.00),Q1 (2.00 to 79.00),Q1 (0.00 to 24.00),Q2 (12.31 to 20.12),Q1 (0.19 to 5.47)
E01000443,Bexley 024B,Bexley,Q2 (420000.00 to 520000.00),Q1 (2.00 to 79.00),Q1 (0.00 to 24.00),Q2 (12.31 to 20.12),Q2 (5.47 to 9.48)
E01000444,Bexley 023B,Bexley,Q3 (520000.00 to 683000.00),Q1 (2.00 to 79.00),Q1 (0.00 to 24.00),Q1 (2.33 to 12.31),Q1 (0.19 to 5.47)
E01000445,Bexley 024C,Bexley,Q3 (520000.00 to 683000.00),Q1 (2.00 to 79.00),Q2 (24.00 to 38.00),Q1 (2.33 to 12.31),Q2 (5.47 to 9.48)
E01000446,Bexley 024D,Bexley,Q1 (147500.00 to 420000.00),Q1 (2.00 to 79.00),Q1 (0.00 to 24.00),Q1 (2.33 to 12.31),Q2 (5.47 to 9.48)
E01000447,Bexley 023C,Bexley,Q1 (147500.00 to 420000.00),Q4 (173.00 to 9206.00),Q4 (56.00 to 1283.00),Q1 (2.33 to 12.31),Q2 (5.47 to 9.48)
E01000448,Bexley 023D,Bexley,Q3 (520000.00 to 683000.00),Q1 (2.00 to 79.00),Q1 (0.00 to 24.00),Q1 (2.33 to 12.31),Q2 (5.47 to 9.48)
E01000449,Bexley 023E,Bexley,Q3 (520000.00 to 683000.00),Q1 (2.00 to 79.00),Q1 (0.00 to 24.00),Q1 (2.33 to 12.31),Q2 (5.47 to 9.48)
E01000450,Bexley 009E,Bexley,Q2 (420000.00 to 520000.00),Q2 (79.00 to 114.00),Q2 (24.00 to 38.00),Q2 (12.31 to 20.12),Q1 (0.19 to 5.47)
E01000451,Bexley 009F,Bexley,Q2 (420000.00 to 520000.00),Q1 (2.00 to 79.00),Q1 (0.00 to 24.00),Q1 (2.33 to 12.31),Q1 (0.19 to 5.47)
E01000452,Bexley 009G,Bexley,Q2 (420000.00 to 520000.00),Q1 (2.00 to 79.00),Q1 (0.00 to 24.00),Q1 (2.33 to 12.31),Q1 (0.19 to 5.47)
E01000453,Bexley 013B,Bexley,Q2 (420000.00 to 520000.00),Q1 (2.00 to 79.00),Q2 (24.00 to 38.00),Q1 (2.33 to 12.31),Q1 (0.19 to 5.47)
E01000454,Bexley 013C,Bexley,Q2 (420000.00 to 520000.00),Q2 (79.00 to 114.00),Q3 (38.00 to 56.00),Q2 (12.31 to 20.12),Q1 (0.19 to 5.47)
E01000455,Bexley 013D,Bexley,Q2 (420000.00 to 520000.00),Q1 (2.00 to 79.00),Q1 (0.00 to 24.00),Q1 (2.33 to 12.31),Q2 (5.47 to 9.48)
E01000456,Bexley 013E,Bexley,Q2 (420000.00 to 520000.00),Q1 (2.00 to 79.00),Q1 (0.00 to 24.00),Q1 (2.33 to 12.31),Q1 (0.19 to 5.47)
E01000457,Bexley 026D,Bexley,Q1 (147500.00 to 420000.00),Q4 (173.00 to 9206.00),Q4 (56.00 to 1283.00),Q1 (2.33 to 12.31),Q3 (9.48 to 16.97)
E01000458,Bexley 027E,Bexley,Q2 (420000.00 to 520000.00),Q1 (2.00 to 79.00),Q1 (0.00 to 24.00),Q1 (2.33 to 12.31),Q2 (5.47 to 9.48)
E01000459,Bexley 027F,Bexley,Q1 (147500.00 to 420000.00),Q2 (79.00 to 114.00),Q2 (24.00 to 38.00),Q2 (12.31 to 20.12),Q2 (5.47 to 9.48)
E01000460,Bexley 022E,Bexley,Q4 (683000.00 to 6425000.00),Q1 (2.00 to 79.00),Q1 (0.00 to 24.00),Q1 (2.33 to 12.31),Q1 (0.19 to 5.47)
E01000461,Bexley 024E,Bexley,Q3 (520000.00 to 683000.00),Q1 (2.00 to 79.00),Q1 (0.00 to 24.00),Q1 (2.33 to 12.31),Q2 (5.47 to 9.48)
E01000462,Bexley 026E,Bexley,Q1 (147500.00 to 420000.00),Q4 (173.00 to 9206.00),Q4 (56.00 to 1283.00),Q2 (12.31 to 20.12),Q3 (9.48 to 16.97)
E01000463,Bexley 025E,Bexley,Q2 (420000.00 to 520000.00),Q1 (2.00 to 79.00),Q1 (0.00 to 24.00),Q1 (2.33 to 12.31),Q1 (0.19 to 5.47)
E01000464,Bexley 002D,Bexley,Q1 (147500.00 to 420000.00),Q2 (79.00 to 114.00),Q3 (38.00 to 56.00),Q3 (20.12 to 29.24),Q2 (5.47 to 9.48)
E01000465,Bexley 002E,Bexley,Q1 (147500.00 to 420000.00),Q3 (114.00 to 173.00),Q3 (38.00 to 56.00),Q3 (20.12 to 29.24),Q2 (5.47 to 9.48)
E01000467,Bexley 001B,Bexley,Q1 (147500.00 to 420000.00),Q3 (114.00 to 173.00),Q3 (38.00 to 56.00),Q2 (12.31 to 20.12),Q2 (5.47 to 9.48)
E01000468,Bexley 001C,Bexley,Q1 (147500.00 to 420000.00),Q3 (114.00 to 173.00),Q4 (56.00 to 1283.00),Q3 (20.12 to 29.24),Q1 (0.19 to 5.47)
E01000469,Bexley 001D,Bexley,Q1 (147500.00 to 420000.00),Q2 (79.00 to 114.00),Q4 (56.00 to 1283.00),Q2 (12.31 to 20.12),Q2 (5.47 to 9.48)
E01000470,Bexley 002F,Bexley,Q1 (147500.00 to 420000.00),Q4 (173.00 to 9206.00),Q4 (56.00 to 1283.00),Q4 (29.24 to 59.01),Q2 (5.47 to 9.48)
E01000471,Brent 026A,Brent,Q2 (420000.00 to 520000.00),Q1 (2.00 to 79.00),Q1 (0.00 to 24.00),Q3 (20.12 to 29.24),Q1 (0.19 to 5.47)
E01000472,Brent 029A,Brent,Q1 (147500.00 to 420000.00),Q4 (173.00 to 9206.00),Q3 (38.00 to 56.00),Q3 (20.12 to 29.24),Q3 (9.48 to 16.97)
E01000473,Brent 029B,Brent,Q3 (520000.00 to 683000.00),Q4 (173.00 to 9206.00),Q4 (56.00 to 1283.00),Q3 (20.12 to 29.24),Q3 (9.48 to 16.97)
E01000474,Brent 026B,Brent,Q3 (520000.00 to 683000.00),Q2 (79.00 to 114.00),Q2 (24.00 to 38.00),Q3 (20.12 to 29.24),Q2 (5.47 to 9.48)
E01000475,Brent 029C,Brent,Q2 (420000.00 to 520000.00),Q4 (173.00 to 9206.00),Q4 (56.00 to 1283.00),Q3 (20.12 to 29.24),Q3 (9.48 to 16.97)
E01000476,Brent 026C,Brent,Q3 (520000.00 to 683000.00),Q2 (79.00 to 114.00),Q3 (38.00 to 56.00),Q2 (12.31 to 20.12),Q1 (0.19 to 5.47)
E01000477,Brent 026D,Brent,Q2 (420000.00 to 520000.00),Q3 (114.00 to 173.00),Q3 (38.00 to 56.00),Q3 (20.12 to 29.24),Q1 (0.19 to 5.47)
E01000478,Brent 029D,Brent,Q2 (420000.00 to 520000.00),Q3 (114.00 to 173.00),Q4 (56.00 to 1283.00),Q3 (20.12 to 29.24),Q3 (9.48 to 16.97)
E01000479,Brent 009A,Brent,Q4 (683000.00 to 6425000.00),Q2 (79.00 to 114.00),Q2 (24.00 to 38.00),Q2 (12.31 to 20.12),Q2 (5.47 to 9.48)
E01000480,Brent 006A,Brent,Q4 (683000.00 to 6425000.00),Q1 (2.00 to 79.00),Q2 (24.00 to 38.00),Q1 (2.33 to 12.31),Q2 (5.47 to 9.48)
E01000481,Brent 009B,Brent,Q1 (147500.00 to 420000.00),Q3 (114.00 to 173.00),Q4 (56.00 to 1283.00),Q3 (20.12 to 29.24),Q3 (9.48 to 16.97)
E01000482,Brent 009C,Brent,Q1 (147500.00 to 420000.00),Q4 (173.00 to 9206.00),Q4 (56.00 to 1283.00),Q4 (29.24 to 59.01),Q3 (9.48 to 16.97)
E01000483,Brent 009D,Brent,Q1 (147500.00 to 420000.00),Q4 (173.00 to 9206.00),Q2 (24.00 to 38.00),Q4 (29.24 to 59.01),Q1 (0.19 to 5.47)
E01000485,Brent 006C,Brent,Q2 (420000.00 to 520000.00),Q1 (2.00 to 79.00),Q2 (24.00 to 38.00),Q4 (29.24 to 59.01),Q2 (5.47 to 9.48)
E01000486,Brent 006D,Brent,Q4 (683000.00 to 6425000.00),Q1 (2.00 to 79.00),Q1 (0.00 to 24.00),Q2 (12.31 to 20.12),Q1 (0.19 to 5.47)
E01000487,Brent 006E,Brent,Q1 (147500.00 to 420000.00),Q3 (114.00 to 173.00),Q3 (38.00 to 56.00),Q2 (12.31 to 20.12),Q2 (5.47 to 9.48)
E01000488,Brent 022A,Brent,Q4 (683000.00 to 6425000.00),Q1 (2.00 to 79.00),Q1 (0.00 to 24.00),Q3 (20.12 to 29.24),Q3 (9.48 to 16.97)
E01000489,Brent 030A,Brent,Q4 (683000.00 to 6425000.00),Q3 (114.00 to 173.00),Q2 (24.00 to 38.00),Q3 (20.12 to 29.24),Q3 (9.48 to 16.97)
E01000490,Brent 023A,Brent,Q3 (520000.00 to 683000.00),Q4 (173.00 to 9206.00),Q3 (38.00 to 56.00),Q3 (20.12 to 29.24),Q4 (16.97 to 121.89)
E01000491,Brent 030B,Brent,Q3 (520000.00 to 683000.00),Q3 (114.00 to 173.00),Q3 (38.00 to 56.00),Q3 (20.12 to 29.24),Q2 (5.47 to 9.48)
E01000492,Brent 030C,Brent,Q4 (683000.00 to 6425000.00),Q1 (2.00 to 79.00),Q1 (0.00 to 24.00),Q2 (12.31 to 20.12),Q3 (9.48 to 16.97)
E01000493,Brent 030D,Brent,Q4 (683000.00 to 6425000.00),Q1 (2.00 to 79.00),Q1 (0.00 to 24.00),Q1 (2.33 to 12.31),Q3 (9.48 to 16.97)
E01000494,Brent 023B,Brent,Q3 (520000.00 to 683000.00),Q2 (79.00 to 114.00),Q2 (24.00 to 38.00),Q2 (12.31 to 20.12),Q3 (9.48 to 16.97)
E01000495,Brent 023C,Brent,Q3 (520000.00 to 683000.00),Q3 (114.00 to 173.00),Q2 (24.00 to 38.00),Q4 (29.24 to 59.01),Q3 (9.48 to 16.97)
E01000497,Brent 011A,Brent,Q3 (520000.00 to 683000.00),Q4 (173.00 to 9206.00),Q4 (56.00 to 1283.00),Q3 (20.12 to 29.24),Q3 (9.48 to 16.97)
E01000498,Brent 010B,Brent,Q3 (520000.00 to 683000.00),Q3 (114.00 to 173.00),Q2 (24.00 to 38.00),Q4 (29.24 to 59.01),Q1 (0.19 to 5.47)
E01000499,Brent 011B,Brent,Q4 (683000.00 to 6425000.00),Q4 (173.00 to 9206.00),Q4 (56.00 to 1283.00),Q3 (20.12 to 29.24),Q2 (5.47 to 9.48)
E01000501,Brent 011C,Brent,Q2 (420000.00 to 520000.00),Q2 (79.00 to 114.00),Q3 (38.00 to 56.00),Q4 (29.24 to 59.01),Q2 (5.47 to 9.48)
E01000502,Brent 011D,Brent,Q4 (683000.00 to 6425000.00),Q3 (114.00 to 173.00),Q3 (38.00 to 56.00),Q3 (20.12 to 29.24),Q1 (0.19 to 5.47)
E01000503,Brent 011E,Brent,Q4 (683000.00 to 6425000.00),Q3 (114.00 to 173.00),Q3 (38.00 to 56.00),Q3 (20.12 to 29.24),Q1 (0.19 to 5.47)
E01000504,Brent 018A,Brent,Q3 (520000.00 to 683000.00),Q2 (79.00 to 114.00),Q2 (24.00 to 38.00),Q3 (20.12 to 29.24),Q2 (5.47 to 9.48)
E01000505,Brent 018B,Brent,Q4 (683000.00 to 6425000.00),Q2 (79.00 to 114.00),Q2 (24.00 to 38.00),Q3 (20.12 to 29.24),Q2 (5.47 to 9.48)
E01000506,Brent 014A,Brent,Q1 (147500.00 to 420000.00),Q3 (114.00 to 173.00),Q3 (38.00 to 56.00),Q4 (29.24 to 59.01),Q3 (9.48 to 16.97)
E01000507,Brent 018C,Brent,Q4 (683000.00 to 6425000.00),Q2 (79.00 to 114.00),Q1 (0.00 to 24.00),Q3 (20.12 to 29.24),Q2 (5.47 to 9.48)
E01000508,Brent 025A,Brent,Q2 (420000.00 to 520000.00),Q4 (173.00 to 9206.00),Q4 (56.00 to 1283.00),Q4 (29.24 to 59.01),Q2 (5.47 to 9.48)
E01000509,Brent 014B,Brent,Q3 (520000.00 to 683000.00),Q3 (114.00 to 173.00),Q3 (38.00 to 56.00),Q4 (29.24 to 59.01),Q2 (5.47 to 9.48)
E01000510,Brent 014C,Brent,Q1 (147500.00 to 420000.00),Q4 (173.00 to 9206.00),Q4 (56.00 to 1283.00),Q4 (29.24 to 59.01),Q3 (9.48 to 16.97)
E01000511,Brent 014D,Brent,Q4 (683000.00 to 6425000.00),Q3 (114.00 to 173.00),Q3 (38.00 to 56.00),Q4 (29.24 to 59.01),Q3 (9.48 to 16.97)
E01000512,Brent 018D,Brent,Q4 (683000.00 to 6425000.00),Q2 (79.00 to 114.00),Q2 (24.00 to 38.00),Q2 (12.31 to 20.12),Q3 (9.48 to 16.97)
E01000513,Brent 002A,Brent,Q3 (520000.00 to 683000.00),Q1 (2.00 to 79.00),Q1 (0.00 to 24.00),Q2 (12.31 to 20.12),Q2 (5.47 to 9.48)
E01000514,Brent 002B,Brent,Q3 (520000.00 to 683000.00),Q1 (2.00 to 79.00),Q1 (0.00 to 24.00),Q2 (12.31 to 20.12),Q2 (5.47 to 9.48)
E01000515,Brent 003A,Brent,Q1 (147500.00 to 420000.00),Q3 (114.00 to 173.00),Q4 (56.00 to 1283.00),Q3 (20.12 to 29.24),Q2 (5.47 to 9.48)
E01000516,Brent 002C,Brent,Q3 (520000.00 to 683000.00),Q4 (173.00 to 9206.00),Q4 (56.00 to 1283.00),Q2 (12.31 to 20.12),Q2 (5.47 to 9.48)
E01000517,Brent 003B,Brent,Q3 (520000.00 to 683000.00),Q3 (114.00 to 173.00),Q2 (24.00 to 38.00),Q2 (12.31 to 20.12),Q2 (5.47 to 9.48)
E01000518,Brent 005A,Brent,Q3 (520000.00 to 683000.00),Q2 (79.00 to 114.00),Q2 (24.00 to 38.00),Q3 (20.12 to 29.24),Q2 (5.47 to 9.48)
E01000519,Brent 005B,Brent,Q3 (520000.00 to 683000.00),Q2 (79.00 to 114.00),Q2 (24.00 to 38.00),Q3 (20.12 to 29.24),Q1 (0.19 to 5.47)
E01000520,Brent 002D,Brent,Q3 (520000.00 to 683000.00),Q2 (79.00 to 114.00),Q2 (24.00 to 38.00),Q3 (20.12 to 29.24),Q2 (5.47 to 9.48)
E01000521,Brent 025B,Brent,Q1 (147500.00 to 420000.00),Q4 (173.00 to 9206.00),Q4 (56.00 to 1283.00),Q4 (29.24 to 59.01),Q4 (16.97 to 121.89)
E01000522,Brent 025C,Brent,Q2 (420000.00 to 520000.00),Q3 (114.00 to 173.00),Q3 (38.00 to 56.00),Q4 (29.24 to 59.01),Q1 (0.19 to 5.47)
E01000523,Brent 031A,Brent,Q3 (520000.00 to 683000.00),Q4 (173.00 to 9206.00),Q4 (56.00 to 1283.00),Q4 (29.24 to 59.01),Q3 (9.48 to 16.97)
E01000524,Brent 031B,Brent,Q1 (147500.00 to 420000.00),Q4 (173.00 to 9206.00),Q4 (56.00 to 1283.00),Q4 (29.24 to 59.01),Q4 (16.97 to 121.89)
E01000525,Brent 031C,Brent,Q2 (420000.00 to 520000.00),Q4 (173.00 to 9206.00),Q4 (56.00 to 1283.00),Q4 (29.24 to 59.01),Q4 (16.97 to 121.89)
E01000526,Brent 025D,Brent,Q1 (147500.00 to 420000.00),Q4 (173.00 to 9206.00),Q4 (56.00 to 1283.00),Q4 (29.24 to 59.01),Q1 (0.19 to 5.47)
E01000527,Brent 025E,Brent,Q2 (420000.00 to 520000.00),Q3 (114.00 to 173.00),Q3 (38.00 to 56.00),Q4 (29.24 to 59.01),Q1 (0.19 to 5.47)
E01000528,Brent 025F,Brent,Q1 (147500.00 to 420000.00),Q3 (114.00 to 173.00),Q4 (56.00 to 1283.00),Q4 (29.24 to 59.01),Q2 (5.47 to 9.48)
E01000530,Brent 033A,Brent,Q4 (683000.00 to 6425000.00),Q1 (2.00 to 79.00),Q2 (24.00 to 38.00),Q2 (12.31 to 20.12),Q2 (5.47 to 9.48)
E01000531,Brent 033B,Brent,Q4 (683000.00 to 6425000.00),Q4 (173.00 to 9206.00),Q4 (56.00 to 1283.00),Q3 (20.12 to 29.24),Q3 (9.48 to 16.97)
E01000532,Brent 033C,Brent,Q4 (683000.00 to 6425000.00),Q3 (114.00 to 173.00),Q2 (24.00 to 38.00),Q3 (20.12 to 29.24),Q3 (9.48 to 16.97)
E01000533,Brent 031E,Brent,Q4 (683000.00 to 6425000.00),Q4 (173.00 to 9206.00),Q4 (56.00 to 1283.00),Q4 (29.24 to 59.01),Q3 (9.48 to 16.97)
E01000534,Brent 033D,Brent,Q4 (683000.00 to 6425000.00),Q2 (79.00 to 114.00),Q2 (24.00 to 38.00),Q2 (12.31 to 20.12),Q2 (5.47 to 9.48)
E01000535,Brent 031F,Brent,Q3 (520000.00 to 683000.00),Q3 (114.00 to 173.00),Q4 (56.00 to 1283.00),Q4 (29.24 to 59.01),Q4 (16.97 to 121.89)
E01000536,Brent 004A,Brent,Q4 (683000.00 to 6425000.00),Q3 (114.00 to 173.00),Q2 (24.00 to 38.00),Q1 (2.33 to 12.31),Q3 (9.48 to 16.97)
E01000538,Brent 004B,Brent,Q4 (683000.00 to 6425000.00),Q1 (2.00 to 79.00),Q1 (0.00 to 24.00),Q1 (2.33 to 12.31),Q1 (0.19 to 5.47)
E01000539,Brent 004C,Brent,Q4 (683000.00 to 6425000.00),Q1 (2.00 to 79.00),Q1 (0.00 to 24.00),Q1 (2.33 to 12.31),Q2 (5.47 to 9.48)
E01000540,Brent 004D,Brent,Q4 (683000.00 to 6425000.00),Q1 (2.00 to 79.00),Q1 (0.00 to 24.00),Q1 (2.33 to 12.31),Q2 (5.47 to 9.48)
E01000541,Brent 004E,Brent,Q1 (147500.00 to 420000.00),Q2 (79.00 to 114.00),Q2 (24.00 to 38.00),Q2 (12.31 to 20.12),Q2 (5.47 to 9.48)
E01000543,Brent 003E,Brent,Q3 (520000.00 to 683000.00),Q3 (114.00 to 173.00),Q3 (38.00 to 56.00),Q3 (20.12 to 29.24),Q2 (5.47 to 9.48)
E01000544,Brent 034A,Brent,Q2 (420000.00 to 520000.00),Q2 (79.00 to 114.00),Q2 (24.00 to 38.00),Q4 (29.24 to 59.01),Q3 (9.48 to 16.97)
E01000545,Brent 028A,Brent,Q2 (420000.00 to 520000.00),Q4 (173.00 to 9206.00),Q3 (38.00 to 56.00),Q4 (29.24 to 59.01),Q4 (16.97 to 121.89)
E01000546,Brent 028B,Brent,Q4 (683000.00 to 6425000.00),Q4 (173.00 to 9206.00),Q3 (38.00 to 56.00),Q3 (20.12 to 29.24),Q4 (16.97 to 121.89)
E01000547,Brent 028C,Brent,Q4 (683000.00 to 6425000.00),Q2 (79.00 to 114.00),Q2 (24.00 to 38.00),Q3 (20.12 to 29.24),Q4 (16.97 to 121.89)
E01000548,Brent 028D,Brent,Q2 (420000.00 to 520000.00),Q4 (173.00 to 9206.00),Q4 (56.00 to 1283.00),Q4 (29.24 to 59.01),Q4 (16.97 to 121.89)
E01000549,Brent 028E,Brent,Q3 (520000.00 to 683000.00),Q2 (79.00 to 114.00),Q2 (24.00 to 38.00),Q2 (12.31 to 20.12),Q4 (16.97 to 121.89)
E01000550,Brent 034B,Brent,Q3 (520000.00 to 683000.00),Q4 (173.00 to 9206.00),Q4 (56.00 to 1283.00),Q4 (29.24 to 59.01),Q4 (16.97 to 121.89)
E01000551,Brent 034C,Brent,Q3 (520000.00 to 683000.00),Q3 (114.00 to 173.00),Q4 (56.00 to 1283.00),Q4 (29.24 to 59.01),Q4 (16.97 to 121.89)
E01000552,Brent 034D,Brent,Q3 (520000.00 to 683000.00),Q1 (2.00 to 79.00),Q2 (24.00 to 38.00),Q4 (29.24 to 59.01),Q4 (16.97 to 121.89)
E01000553,Brent 015A,Brent,Q4 (683000.00 to 6425000.00),Q4 (173.00 to 9206.00),Q4 (56.00 to 1283.00),Q3 (20.12 to 29.24),Q4 (16.97 to 121.89)
E01000554,Brent 015B,Brent,Q3 (520000.00 to 683000.00),Q3 (114.00 to 173.00),Q3 (38.00 to 56.00),Q3 (20.12 to 29.24),Q2 (5.47 to 9.48)
E01000555,Brent 015C,Brent,Q4 (683000.00 to 6425000.00),Q3 (114.00 to 173.00),Q3 (38.00 to 56.00),Q2 (12.31 to 20.12),Q2 (5.47 to 9.48)
E01000556,Brent 015D,Brent,Q1 (147500.00 to 420000.00),Q4 (173.00 to 9206.00),Q4 (56.00 to 1283.00),Q4 (29.24 to 59.01),Q4 (16.97 to 121.89)
E01000557,Brent 015E,Brent,Q2 (420000.00 to 520000.00),Q3 (114.00 to 173.00),Q3 (38.00 to 56.00),Q3 (20.12 to 29.24),Q4 (16.97 to 121.89)
E01000558,Brent 015F,Brent,Q4 (683000.00 to 6425000.00),Q3 (114.00 to 173.00),Q2 (24.00 to 38.00),Q3 (20.12 to 29.24),Q3 (9.48 to 16.97)
E01000559,Brent 018E,Brent,Q3 (520000.00 to 683000.00),Q3 (114.00 to 173.00),Q2 (24.00 to 38.00),Q3 (20.12 to 29.24),Q3 (9.48 to 16.97)
E01000560,Brent 023D,Brent,Q4 (683000.00 to 6425000.00),Q2 (79.00 to 114.00),Q1 (0.00 to 24.00),Q2 (12.31 to 20.12),Q3 (9.48 to 16.97)
E01000561,Brent 023E,Brent,Q2 (420000.00 to 520000.00),Q3 (114.00 to 173.00),Q3 (38.00 to 56.00),Q3 (20.12 to 29.24),Q4 (16.97 to 121.89)
E01000562,Brent 008A,Brent,Q4 (683000.00 to 6425000.00),Q1 (2.00 to 79.00),Q1 (0.00 to 24.00),Q1 (2.33 to 12.31),Q1 (0.19 to 5.47)
E01000563,Brent 008B,Brent,Q4 (683000.00 to 6425000.00),Q1 (2.00 to 79.00),Q1 (0.00 to 24.00),Q1 (2.33 to 12.31),Q1 (0.19 to 5.47)
E01000564,Brent 013A,Brent,Q2 (420000.00 to 520000.00),Q2 (79.00 to 114.00),Q3 (38.00 to 56.00),Q2 (12.31 to 20.12),Q2 (5.47 to 9.48)
E01000565,Brent 013B,Brent,Q3 (520000.00 to 683000.00),Q1 (2.00 to 79.00),Q2 (24.00 to 38.00),Q3 (20.12 to 29.24),Q1 (0.19 to 5.47)
E01000566,Brent 008C,Brent,Q3 (520000.00 to 683000.00),Q1 (2.00 to 79.00),Q1 (0.00 to 24.00),Q2 (12.31 to 20.12),Q1 (0.19 to 5.47)
E01000567,Brent 016A,Brent,Q2 (420000.00 to 520000.00),Q1 (2.00 to 79.00),Q1 (0.00 to 24.00),Q2 (12.31 to 20.12),Q1 (0.19 to 5.47)
E01000568,Brent 008D,Brent,Q4 (683000.00 to 6425000.00),Q4 (173.00 to 9206.00),Q4 (56.00 to 1283.00),Q2 (12.31 to 20.12),Q3 (9.48 to 16.97)
E01000569,Brent 008E,Brent,Q3 (520000.00 to 683000.00),Q1 (2.00 to 79.00),Q2 (24.00 to 38.00),Q1 (2.33 to 12.31),Q2 (5.47 to 9.48)
E01000570,Brent 012A,Brent,Q3 (520000.00 to 683000.00),Q1 (2.00 to 79.00),Q2 (24.00 to 38.00),Q3 (20.12 to 29.24),Q2 (5.47 to 9.48)
E01000571,Brent 012B,Brent,Q3 (520000.00 to 683000.00),Q2 (79.00 to 114.00),Q3 (38.00 to 56.00),Q3 (20.12 to 29.24),Q2 (5.47 to 9.48)
E01000572,Brent 007A,Brent,Q3 (520000.00 to 683000.00),Q1 (2.00 to 79.00),Q1 (0.00 to 24.00),Q1 (2.33 to 12.31),Q1 (0.19 to 5.47)
E01000573,Brent 007B,Brent,Q3 (520000.00 to 683000.00),Q1 (2.00 to 79.00),Q2 (24.00 to 38.00),Q2 (12.31 to 20.12),Q3 (9.48 to 16.97)
E01000574,Brent 007C,Brent,Q2 (420000.00 to 520000.00),Q1 (2.00 to 79.00),Q1 (0.00 to 24.00),Q1 (2.33 to 12.31),Q2 (5.47 to 9.48)
E01000575,Brent 007D,Brent,Q3 (520000.00 to 683000.00),Q2 (79.00 to 114.00),Q3 (38.00 to 56.00),Q2 (12.31 to 20.12),Q3 (9.48 to 16.97)
E01000576,Brent 012C,Brent,Q1 (147500.00 to 420000.00),Q1 (2.00 to 79.00),Q2 (24.00 to 38.00),Q2 (12.31 to 20.12),Q2 (5.47 to 9.48)
E01000577,Brent 007E,Brent,Q1 (147500.00 to 420000.00),Q3 (114.00 to 173.00),Q4 (56.00 to 1283.00),Q4 (29.24 to 59.01),Q2 (5.47 to 9.48)
E01000578,Brent 012D,Brent,Q3 (520000.00 to 683000.00),Q4 (173.00 to 9206.00),Q4 (56.00 to 1283.00),Q3 (20.12 to 29.24),Q3 (9.48 to 16.97)
E01000579,Brent 032A,Brent,Q4 (683000.00 to 6425000.00),Q2 (79.00 to 114.00),Q1 (0.00 to 24.00),Q3 (20.12 to 29.24),Q4 (16.97 to 121.89)
E01000580,Brent 032B,Brent,Q4 (683000.00 to 6425000.00),Q4 (173.00 to 9206.00),Q4 (56.00 to 1283.00),Q2 (12.31 to 20.12),Q3 (9.48 to 16.97)
E01000581,Brent 030E,Brent,Q4 (683000.00 to 6425000.00),Q2 (79.00 to 114.00),Q1 (0.00 to 24.00),Q2 (12.31 to 20.12),Q3 (9.48 to 16.97)
E01000582,Brent 032C,Brent,Q4 (683000.00 to 6425000.00),Q3 (114.00 to 173.00),Q2 (24.00 to 38.00),Q2 (12.31 to 20.12),Q4 (16.97 to 121.89)
E01000583,Brent 032D,Brent,Q4 (683000.00 to 6425000.00),Q4 (173.00 to 9206.00),Q4 (56.00 to 1283.00),Q3 (20.12 to 29.24),Q4 (16.97 to 121.89)
E01000584,Brent 033E,Brent,Q4 (683000.00 to 6425000.00),Q1 (2.00 to 79.00),Q1 (0.00 to 24.00),Q2 (12.31 to 20.12),Q4 (16.97 to 121.89)
E01000585,Brent 033F,Brent,Q4 (683000.00 to 6425000.00),Q1 (2.00 to 79.00),Q1 (0.00 to 24.00),Q2 (12.31 to 20.12),Q4 (16.97 to 121.89)
E01000586,Brent 032E,Brent,Q3 (520000.00 to 683000.00),Q4 (173.00 to 9206.00),Q4 (56.00 to 1283.00),Q3 (20.12 to 29.24),Q4 (16.97 to 121.89)
E01000587,Brent 001A,Brent,Q3 (520000.00 to 683000.00),Q2 (79.00 to 114.00),Q2 (24.00 to 38.00),Q2 (12.31 to 20.12),Q2 (5.47 to 9.48)
E01000588,Brent 002E,Brent,Q1 (147500.00 to 420000.00),Q2 (79.00 to 114.00),Q2 (24.00 to 38.00),Q3 (20.12 to 29.24),Q2 (5.47 to 9.48)
E01000589,Brent 001B,Brent,Q2 (420000.00 to 520000.00),Q3 (114.00 to 173.00),Q3 (38.00 to 56.00),Q2 (12.31 to 20.12),Q2 (5.47 to 9.48)
E01000590,Brent 001C,Brent,Q3 (520000.00 to 683000.00),Q2 (79.00 to 114.00),Q1 (0.00 to 24.00),Q2 (12.31 to 20.12),Q1 (0.19 to 5.47)
E01000591,Brent 003F,Brent,Q3 (520000.00 to 683000.00),Q4 (173.00 to 9206.00),Q4 (56.00 to 1283.00),Q3 (20.12 to 29.24),Q3 (9.48 to 16.97)
E01000592,Brent 001D,Brent,Q3 (520000.00 to 683000.00),Q3 (114.00 to 173.00),Q2 (24.00 to 38.00),Q3 (20.12 to 29.24),Q3 (9.48 to 16.97)
E01000593,Brent 001E,Brent,Q2 (420000.00 to 520000.00),Q2 (79.00 to 114.00),Q1 (0.00 to 24.00),Q2 (12.31 to 20.12),Q2 (5.47 to 9.48)
E01000594,Brent 001F,Brent,Q1 (147500.00 to 420000.00),Q3 (114.00 to 173.00),Q2 (24.00 to 38.00),Q2 (12.31 to 20.12),Q3 (9.48 to 16.97)
E01000595,Brent 027A,Brent,Q3 (520000.00 to 683000.00),Q3 (114.00 to 173.00),Q4 (56.00 to 1283.00),Q4 (29.24 to 59.01),Q2 (5.47 to 9.48)
E01000600,Brent 027E,Brent,Q2 (420000.00 to 520000.00),Q4 (173.00 to 9206.00),Q4 (56.00 to 1283.00),Q4 (29.24 to 59.01),Q2 (5.47 to 9.48)
E01000602,Brent 021C,Brent,Q2 (420000.00 to 520000.00),Q3 (114.00 to 173.00),Q2 (24.00 to 38.00),Q4 (29.24 to 59.01),Q2 (5.47 to 9.48)
E01000604,Brent 021E,Brent,Q2 (420000.00 to 520000.00),Q2 (79.00 to 114.00),Q2 (24.00 to 38.00),Q4 (29.24 to 59.01),Q2 (5.47 to 9.48)
E01000606,Brent 016B,Brent,Q2 (420000.00 to 520000.00),Q1 (2.00 to 79.00),Q1 (0.00 to 24.00),Q2 (12.31 to 20.12),Q2 (5.47 to 9.48)
E01000607,Brent 013C,Brent,Q3 (520000.00 to 683000.00),Q1 (2.00 to 79.00),Q2 (24.00 to 38.00),Q2 (12.31 to 20.12),Q2 (5.47 to 9.48)
E01000608,Brent 013D,Brent,Q1 (147500.00 to 420000.00),Q4 (173.00 to 9206.00),Q4 (56.00 to 1283.00),Q3 (20.12 to 29.24),Q2 (5.47 to 9.48)
E01000609,Brent 016C,Brent,Q2 (420000.00 to 520000.00),Q1 (2.00 to 79.00),Q2 (24.00 to 38.00),Q3 (20.12 to 29.24),Q2 (5.47 to 9.48)
E01000610,Brent 019A,Brent,Q2 (420000.00 to 520000.00),Q2 (79.00 to 114.00),Q2 (24.00 to 38.00),Q3 (20.12 to 29.24),Q3 (9.48 to 16.97)
E01000611,Brent 016D,Brent,Q2 (420000.00 to 520000.00),Q1 (2.00 to 79.00),Q2 (24.00 to 38.00),Q3 (20.12 to 29.24),Q3 (9.48 to 16.97)
E01000612,Brent 019B,Brent,Q2 (420000.00 to 520000.00),Q2 (79.00 to 114.00),Q3 (38.00 to 56.00),Q3 (20.12 to 29.24),Q3 (9.48 to 16.97)
E01000613,Brent 013E,Brent,Q1 (147500.00 to 420000.00),Q1 (2.00 to 79.00),Q2 (24.00 to 38.00),Q3 (20.12 to 29.24),Q2 (5.47 to 9.48)
E01000615,Brent 017B,Brent,Q3 (520000.00 to 683000.00),Q4 (173.00 to 9206.00),Q4 (56.00 to 1283.00),Q2 (12.31 to 20.12),Q2 (5.47 to 9.48)
E01000616,Brent 020A,Brent,Q2 (420000.00 to 520000.00),Q3 (114.00 to 173.00),Q3 (38.00 to 56.00),Q3 (20.12 to 29.24),Q3 (9.48 to 16.97)
E01000617,Brent 017C,Brent,Q2 (420000.00 to 520000.00),Q3 (114.00 to 173.00),Q4 (56.00 to 1283.00),Q3 (20.12 to 29.24),Q2 (5.47 to 9.48)
E01000618,Brent 017D,Brent,Q3 (520000.00 to 683000.00),Q1 (2.00 to 79.00),Q1 (0.00 to 24.00),Q3 (20.12 to 29.24),Q1 (0.19 to 5.47)
E01000619,Brent 017E,Brent,Q2 (420000.00 to 520000.00),Q1 (2.00 to 79.00),Q2 (24.00 to 38.00),Q2 (12.31 to 20.12),Q1 (0.19 to 5.47)
E01000620,Brent 020B,Brent,Q1 (147500.00 to 420000.00),Q2 (79.00 to 114.00),Q2 (24.00 to 38.00),Q3 (20.12 to 29.24),Q2 (5.47 to 9.48)
E01000621,Brent 020C,Brent,Q3 (520000.00 to 683000.00),Q3 (114.00 to 173.00),Q4 (56.00 to 1283.00),Q3 (20.12 to 29.24),Q3 (9.48 to 16.97)
E01000622,Brent 010D,Brent,Q1 (147500.00 to 420000.00),Q3 (114.00 to 173.00),Q3 (38.00 to 56.00),Q4 (29.24 to 59.01),Q1 (0.19 to 5.47)
E01000623,Brent 005C,Brent,Q4 (683000.00 to 6425000.00),Q2 (79.00 to 114.00),Q1 (0.00 to 24.00),Q2 (12.31 to 20.12),Q1 (0.19 to 5.47)
E01000624,Brent 005D,Brent,Q3 (520000.00 to 683000.00),Q1 (2.00 to 79.00),Q1 (0.00 to 24.00),Q2 (12.31 to 20.12),Q1 (0.19 to 5.47)
E01000625,Brent 009E,Brent,Q1 (147500.00 to 420000.00),Q2 (79.00 to 114.00),Q2 (24.00 to 38.00),Q3 (20.12 to 29.24),Q2 (5.47 to 9.48)
E01000626,Brent 010E,Brent,Q1 (147500.00 to 420000.00),Q3 (114.00 to 173.00),Q3 (38.00 to 56.00),Q4 (29.24 to 59.01),Q2 (5.47 to 9.48)
E01000627,Brent 014E,Brent,Q2 (420000.00 to 520000.00),Q4 (173.00 to 9206.00),Q4 (56.00 to 1283.00),Q4 (29.24 to 59.01),Q3 (9.48 to 16.97)
E01000628,Brent 014F,Brent,Q3 (520000.00 to 683000.00),Q4 (173.00 to 9206.00),Q4 (56.00 to 1283.00),Q4 (29.24 to 59.01),Q2 (5.47 to 9.48)
E01000629,Brent 005E,Brent,Q3 (520000.00 to 683000.00),Q2 (79.00 to 114.00),Q3 (38.00 to 56.00),Q2 (12.31 to 20.12),Q1 (0.19 to 5.47)
E01000630,Brent 026E,Brent,Q3 (520000.00 to 683000.00),Q4 (173.00 to 9206.00),Q4 (56.00 to 1283.00),Q3 (20.12 to 29.24),Q3 (9.48 to 16.97)
E01000631,Brent 019C,Brent,Q3 (520000.00 to 683000.00),Q4 (173.00 to 9206.00),Q4 (56.00 to 1283.00),Q2 (12.31 to 20.12),Q3 (9.48 to 16.97)
E01000632,Brent 029E,Brent,Q3 (520000.00 to 683000.00),Q3 (114.00 to 173.00),Q3 (38.00 to 56.00),Q2 (12.31 to 20.12),Q3 (9.48 to 16.97)
E01000633,Brent 019D,Brent,Q3 (520000.00 to 683000.00),Q4 (173.00 to 9206.00),Q4 (56.00 to 1283.00),Q3 (20.12 to 29.24),Q4 (16.97 to 121.89)
E01000634,Brent 019E,Brent,Q1 (147500.00 to 420000.00),Q2 (79.00 to 114.00),Q3 (38.00 to 56.00),Q3 (20.12 to 29.24),Q3 (9.48 to 16.97)
E01000635,Brent 020D,Brent,Q3 (520000.00 to 683000.00),Q4 (173.00 to 9206.00),Q4 (56.00 to 1283.00),Q4 (29.24 to 59.01),Q4 (16.97 to 121.89)
E01000636,Brent 020E,Brent,Q3 (520000.00 to 683000.00),Q4 (173.00 to 9206.00),Q4 (56.00 to 1283.00),Q2 (12.31 to 20.12),Q3 (9.48 to 16.97)
E01000637,Brent 022B,Brent,Q3 (520000.00 to 683000.00),Q1 (2.00 to 79.00),Q2 (24.00 to 38.00),Q3 (20.12 to 29.24),Q3 (9.48 to 16.97)
E01000638,Brent 024A,Brent,Q2 (420000.00 to 520000.00),Q3 (114.00 to 173.00),Q3 (38.00 to 56.00),Q3 (20.12 to 29.24),Q3 (9.48 to 16.97)
E01000639,Brent 022C,Brent,Q3 (520000.00 to 683000.00),Q3 (114.00 to 173.00),Q2 (24.00 to 38.00),Q3 (20.12 to 29.24),Q3 (9.48 to 16.97)
E01000640,Brent 024B,Brent,Q2 (420000.00 to 520000.00),Q4 (173.00 to 9206.00),Q4 (56.00 to 1283.00),Q3 (20.12 to 29.24),Q4 (16.97 to 121.89)
E01000641,Brent 024C,Brent,Q1 (147500.00 to 420000.00),Q3 (114.00 to 173.00),Q3 (38.00 to 56.00),Q4 (29.24 to 59.01),Q4 (16.97 to 121.89)
E01000642,Brent 022D,Brent,Q1 (147500.00 to 420000.00),Q4 (173.00 to 9206.00),Q4 (56.00 to 1283.00),Q3 (20.12 to 29.24),Q4 (16.97 to 121.89)
E01000643,Brent 024D,Brent,Q2 (420000.00 to 520000.00),Q4 (173.00 to 9206.00),Q4 (56.00 to 1283.00),Q4 (29.24 to 59.01),Q2 (5.47 to 9.48)
E01000644,Brent 022E,Brent,Q2 (420000.00 to 520000.00),Q3 (114.00 to 173.00),Q3 (38.00 to 56.00),Q3 (20.12 to 29.24),Q3 (9.48 to 16.97)
E01000645,Bromley 007A,Bromley,Q4 (683000.00 to 6425000.00),Q1 (2.00 to 79.00),Q1 (0.00 to 24.00),Q1 (2.33 to 12.31),Q1 (0.19 to 5.47)
E01000646,Bromley 016A,Bromley,Q1 (147500.00 to 420000.00),Q2 (79.00 to 114.00),Q2 (24.00 to 38.00),Q1 (2.33 to 12.31),Q1 (0.19 to 5.47)
E01000647,Bromley 016B,Bromley,Q3 (520000.00 to 683000.00),Q1 (2.00 to 79.00),Q2 (24.00 to 38.00),Q1 (2.33 to 12.31),Q1 (0.19 to 5.47)
E01000648,Bromley 016C,Bromley,Q3 (520000.00 to 683000.00),Q2 (79.00 to 114.00),Q1 (0.00 to 24.00),Q1 (2.33 to 12.31),Q2 (5.47 to 9.48)
E01000649,Bromley 007B,Bromley,Q4 (683000.00 to 6425000.00),Q1 (2.00 to 79.00),Q1 (0.00 to 24.00),Q1 (2.33 to 12.31),Q2 (5.47 to 9.48)
E01000650,Bromley 022A,Bromley,Q4 (683000.00 to 6425000.00),Q1 (2.00 to 79.00),Q1 (0.00 to 24.00),Q1 (2.33 to 12.31),Q1 (0.19 to 5.47)
E01000651,Bromley 020A,Bromley,Q3 (520000.00 to 683000.00),Q1 (2.00 to 79.00),Q1 (0.00 to 24.00),Q1 (2.33 to 12.31),Q2 (5.47 to 9.48)
E01000652,Bromley 022B,Bromley,Q4 (683000.00 to 6425000.00),Q1 (2.00 to 79.00),Q1 (0.00 to 24.00),Q1 (2.33 to 12.31),Q1 (0.19 to 5.47)
E01000653,Bromley 016D,Bromley,Q3 (520000.00 to 683000.00),Q1 (2.00 to 79.00),Q1 (0.00 to 24.00),Q1 (2.33 to 12.31),Q1 (0.19 to 5.47)
E01000654,Bromley 039A,Bromley,Q1 (147500.00 to 420000.00),Q1 (2.00 to 79.00),Q1 (0.00 to 24.00),Q1 (2.33 to 12.31),Q1 (0.19 to 5.47)
E01000655,Bromley 039B,Bromley,Q1 (147500.00 to 420000.00),Q1 (2.00 to 79.00),Q1 (0.00 to 24.00),Q1 (2.33 to 12.31),Q1 (0.19 to 5.47)
E01000656,Bromley 039C,Bromley,Q2 (420000.00 to 520000.00),Q1 (2.00 to 79.00),Q1 (0.00 to 24.00),Q1 (2.33 to 12.31),Q1 (0.19 to 5.47)
E01000657,Bromley 039D,Bromley,Q1 (147500.00 to 420000.00),Q3 (114.00 to 173.00),Q2 (24.00 to 38.00),Q1 (2.33 to 12.31),Q1 (0.19 to 5.47)
E01000658,Bromley 042A,Bromley,Q3 (520000.00 to 683000.00),Q1 (2.00 to 79.00),Q1 (0.00 to 24.00),Q1 (2.33 to 12.31),Q1 (0.19 to 5.47)
E01000659,Bromley 039E,Bromley,Q2 (420000.00 to 520000.00),Q1 (2.00 to 79.00),Q1 (0.00 to 24.00),Q1 (2.33 to 12.31),Q1 (0.19 to 5.47)
E01000661,Bromley 026A,Bromley,Q1 (147500.00 to 420000.00),Q4 (173.00 to 9206.00),Q4 (56.00 to 1283.00),Q4 (29.24 to 59.01),Q2 (5.47 to 9.48)
E01000662,Bromley 026B,Bromley,Q2 (420000.00 to 520000.00),Q2 (79.00 to 114.00),Q2 (24.00 to 38.00),Q2 (12.31 to 20.12),Q1 (0.19 to 5.47)
E01000663,Bromley 026C,Bromley,Q3 (520000.00 to 683000.00),Q1 (2.00 to 79.00),Q2 (24.00 to 38.00),Q2 (12.31 to 20.12),Q1 (0.19 to 5.47)
E01000664,Bromley 026D,Bromley,Q3 (520000.00 to 683000.00),Q2 (79.00 to 114.00),Q2 (24.00 to 38.00),Q2 (12.31 to 20.12),Q1 (0.19 to 5.47)
E01000665,Bromley 033A,Bromley,Q3 (520000.00 to 683000.00),Q2 (79.00 to 114.00),Q1 (0.00 to 24.00),Q1 (2.33 to 12.31),Q2 (5.47 to 9.48)
E01000666,Bromley 033B,Bromley,Q4 (683000.00 to 6425000.00),Q2 (79.00 to 114.00),Q2 (24.00 to 38.00),Q1 (2.33 to 12.31),Q1 (0.19 to 5.47)
E01000667,Bromley 033C,Bromley,Q4 (683000.00 to 6425000.00),Q2 (79.00 to 114.00),Q2 (24.00 to 38.00),Q1 (2.33 to 12.31),Q1 (0.19 to 5.47)
E01000668,Bromley 020B,Bromley,Q1 (147500.00 to 420000.00),Q3 (114.00 to 173.00),Q4 (56.00 to 1283.00),Q1 (2.33 to 12.31),Q2 (5.47 to 9.48)
E01000669,Bromley 020C,Bromley,Q3 (520000.00 to 683000.00),Q2 (79.00 to 114.00),Q1 (0.00 to 24.00),Q1 (2.33 to 12.31),Q2 (5.47 to 9.48)
E01000670,Bromley 018A,Bromley,Q3 (520000.00 to 683000.00),Q2 (79.00 to 114.00),Q2 (24.00 to 38.00),Q1 (2.33 to 12.31),Q4 (16.97 to 121.89)
E01000671,Bromley 020D,Bromley,Q3 (520000.00 to 683000.00),Q4 (173.00 to 9206.00),Q4 (56.00 to 1283.00),Q1 (2.33 to 12.31),Q3 (9.48 to 16.97)
E01000672,Bromley 011A,Bromley,Q2 (420000.00 to 520000.00),Q1 (2.00 to 79.00),Q1 (0.00 to 24.00),Q1 (2.33 to 12.31),Q1 (0.19 to 5.47)
E01000673,Bromley 011B,Bromley,Q3 (520000.00 to 683000.00),Q1 (2.00 to 79.00),Q1 (0.00 to 24.00),Q1 (2.33 to 12.31),Q2 (5.47 to 9.48)
E01000674,Bromley 008A,Bromley,Q1 (147500.00 to 420000.00),Q2 (79.00 to 114.00),Q2 (24.00 to 38.00),Q1 (2.33 to 12.31),Q3 (9.48 to 16.97)
E01000675,Bromley 018B,Bromley,Q1 (147500.00 to 420000.00),Q4 (173.00 to 9206.00),Q4 (56.00 to 1283.00),Q1 (2.33 to 12.31),Q4 (16.97 to 121.89)
E01000676,Bromley 008B,Bromley,Q1 (147500.00 to 420000.00),Q4 (173.00 to 9206.00),Q4 (56.00 to 1283.00),Q3 (20.12 to 29.24),Q4 (16.97 to 121.89)
E01000677,Bromley 018C,Bromley,Q3 (520000.00 to 683000.00),Q4 (173.00 to 9206.00),Q3 (38.00 to 56.00),Q2 (12.31 to 20.12),Q4 (16.97 to 121.89)
E01000678,Bromley 016E,Bromley,Q3 (520000.00 to 683000.00),Q2 (79.00 to 114.00),Q2 (24.00 to 38.00),Q1 (2.33 to 12.31),Q3 (9.48 to 16.97)
E01000679,Bromley 020E,Bromley,Q3 (520000.00 to 683000.00),Q1 (2.00 to 79.00),Q1 (0.00 to 24.00),Q1 (2.33 to 12.31),Q1 (0.19 to 5.47)
E01000680,Bromley 037A,Bromley,Q3 (520000.00 to 683000.00),Q1 (2.00 to 79.00),Q1 (0.00 to 24.00),Q1 (2.33 to 12.31),Q1 (0.19 to 5.47)
E01000681,Bromley 035A,Bromley,Q3 (520000.00 to 683000.00),Q1 (2.00 to 79.00),Q1 (0.00 to 24.00),Q1 (2.33 to 12.31),Q2 (5.47 to 9.48)
E01000682,Bromley 035B,Bromley,Q3 (520000.00 to 683000.00),Q1 (2.00 to 79.00),Q1 (0.00 to 24.00),Q1 (2.33 to 12.31),Q1 (0.19 to 5.47)
E01000683,Bromley 035C,Bromley,Q2 (420000.00 to 520000.00),Q1 (2.00 to 79.00),Q1 (0.00 to 24.00),Q2 (12.31 to 20.12),Q1 (0.19 to 5.47)
E01000684,Bromley 035D,Bromley,Q3 (520000.00 to 683000.00),Q1 (2.00 to 79.00),Q1 (0.00 to 24.00),Q1 (2.33 to 12.31),Q1 (0.19 to 5.47)
E01000685,Bromley 037B,Bromley,Q2 (420000.00 to 520000.00),Q1 (2.00 to 79.00),Q1 (0.00 to 24.00),Q2 (12.31 to 20.12),Q1 (0.19 to 5.47)
E01000686,Bromley 037C,Bromley,Q3 (520000.00 to 683000.00),Q1 (2.00 to 79.00),Q1 (0.00 to 24.00),Q1 (2.33 to 12.31),Q1 (0.19 to 5.47)
E01000687,Bromley 037D,Bromley,Q3 (520000.00 to 683000.00),Q1 (2.00 to 79.00),Q1 (0.00 to 24.00),Q1 (2.33 to 12.31),Q1 (0.19 to 5.47)
E01000688,Bromley 037E,Bromley,Q4 (683000.00 to 6425000.00),Q1 (2.00 to 79.00),Q1 (0.00 to 24.00),Q1 (2.33 to 12.31),Q1 (0.19 to 5.47)
E01000689,Bromley 002A,Bromley,Q2 (420000.00 to 520000.00),Q2 (79.00 to 114.00),Q3 (38.00 to 56.00),Q3 (20.12 to 29.24),Q1 (0.19 to 5.47)
E01000690,Bromley 002B,Bromley,Q3 (520000.00 to 683000.00),Q2 (79.00 to 114.00),Q1 (0.00 to 24.00),Q1 (2.33 to 12.31),Q1 (0.19 to 5.47)
E01000691,Bromley 002C,Bromley,Q2 (420000.00 to 520000.00),Q1 (2.00 to 79.00),Q1 (0.00 to 24.00),Q2 (12.31 to 20.12),Q1 (0.19 to 5.47)
E01000692,Bromley 002D,Bromley,Q3 (520000.00 to 683000.00),Q2 (79.00 to 114.00),Q1 (0.00 to 24.00),Q1 (2.33 to 12.31),Q2 (5.47 to 9.48)
E01000693,Bromley 010A,Bromley,Q3 (520000.00 to 683000.00),Q3 (114.00 to 173.00),Q3 (38.00 to 56.00),Q1 (2.33 to 12.31),Q1 (0.19 to 5.47)
E01000694,Bromley 007C,Bromley,Q4 (683000.00 to 6425000.00),Q1 (2.00 to 79.00),Q1 (0.00 to 24.00),Q1 (2.33 to 12.31),Q1 (0.19 to 5.47)
E01000695,Bromley 007D,Bromley,Q4 (683000.00 to 6425000.00),Q1 (2.00 to 79.00),Q1 (0.00 to 24.00),Q1 (2.33 to 12.31),Q1 (0.19 to 5.47)
E01000696,Bromley 007E,Bromley,Q4 (683000.00 to 6425000.00),Q2 (79.00 to 114.00),Q2 (24.00 to 38.00),Q1 (2.33 to 12.31),Q1 (0.19 to 5.47)
E01000697,Bromley 007F,Bromley,Q2 (420000.00 to 520000.00),Q1 (2.00 to 79.00),Q1 (0.00 to 24.00),Q1 (2.33 to 12.31),Q2 (5.47 to 9.48)
E01000698,Bromley 010B,Bromley,Q4 (683000.00 to 6425000.00),Q1 (2.00 to 79.00),Q2 (24.00 to 38.00),Q2 (12.31 to 20.12),Q1 (0.19 to 5.47)
E01000699,Bromley 015A,Bromley,Q2 (420000.00 to 520000.00),Q2 (79.00 to 114.00),Q1 (0.00 to 24.00),Q3 (20.12 to 29.24),Q3 (9.48 to 16.97)
E01000700,Bromley 013A,Bromley,Q2 (420000.00 to 520000.00),Q1 (2.00 to 79.00),Q1 (0.00 to 24.00),Q2 (12.31 to 20.12),Q3 (9.48 to 16.97)
E01000701,Bromley 015B,Bromley,Q2 (420000.00 to 520000.00),Q1 (2.00 to 79.00),Q1 (0.00 to 24.00),Q2 (12.31 to 20.12),Q3 (9.48 to 16.97)
E01000702,Bromley 013B,Bromley,Q3 (520000.00 to 683000.00),Q1 (2.00 to 79.00),Q1 (0.00 to 24.00),Q1 (2.33 to 12.31),Q4 (16.97 to 121.89)
E01000703,Bromley 013C,Bromley,Q2 (420000.00 to 520000.00),Q2 (79.00 to 114.00),Q1 (0.00 to 24.00),Q1 (2.33 to 12.31),Q3 (9.48 to 16.97)
E01000704,Bromley 015C,Bromley,Q1 (147500.00 to 420000.00),Q1 (2.00 to 79.00),Q1 (0.00 to 24.00),Q1 (2.33 to 12.31),Q3 (9.48 to 16.97)
E01000705,Bromley 015D,Bromley,Q2 (420000.00 to 520000.00),Q2 (79.00 to 114.00),Q2 (24.00 to 38.00),Q2 (12.31 to 20.12),Q2 (5.47 to 9.48)
E01000706,Bromley 013D,Bromley,Q3 (520000.00 to 683000.00),Q2 (79.00 to 114.00),Q1 (0.00 to 24.00),Q2 (12.31 to 20.12),Q3 (9.48 to 16.97)
E01000707,Bromley 041A,Bromley,Q4 (683000.00 to 6425000.00),Q1 (2.00 to 79.00),Q1 (0.00 to 24.00),Q1 (2.33 to 12.31),Q2 (5.47 to 9.48)
E01000708,Bromley 041B,Bromley,Q3 (520000.00 to 683000.00),Q1 (2.00 to 79.00),Q1 (0.00 to 24.00),Q1 (2.33 to 12.31),Q3 (9.48 to 16.97)
E01000709,Bromley 006A,Bromley,Q2 (420000.00 to 520000.00),Q1 (2.00 to 79.00),Q1 (0.00 to 24.00),Q2 (12.31 to 20.12),Q3 (9.48 to 16.97)
E01000710,Bromley 006B,Bromley,Q1 (147500.00 to 420000.00),Q2 (79.00 to 114.00),Q2 (24.00 to 38.00),Q1 (2.33 to 12.31),Q2 (5.47 to 9.48)
E01000711,Bromley 006C,Bromley,Q1 (147500.00 to 420000.00),Q3 (114.00 to 173.00),Q2 (24.00 to 38.00),Q1 (2.33 to 12.31),Q3 (9.48 to 16.97)
E01000712,Bromley 012A,Bromley,Q1 (147500.00 to 420000.00),Q1 (2.00 to 79.00),Q2 (24.00 to 38.00),Q1 (2.33 to 12.31),Q3 (9.48 to 16.97)
E01000713,Bromley 012B,Bromley,Q1 (147500.00 to 420000.00),Q1 (2.00 to 79.00),Q1 (0.00 to 24.00),Q1 (2.33 to 12.31),Q2 (5.47 to 9.48)
E01000714,Bromley 006D,Bromley,Q2 (420000.00 to 520000.00),Q4 (173.00 to 9206.00),Q4 (56.00 to 1283.00),Q1 (2.33 to 12.31),Q4 (16.97 to 121.89)
E01000715,Bromley 012C,Bromley,Q2 (420000.00 to 520000.00),Q1 (2.00 to 79.00),Q1 (0.00 to 24.00),Q1 (2.33 to 12.31),Q2 (5.47 to 9.48)
E01000716,Bromley 011C,Bromley,Q4 (683000.00 to 6425000.00),Q1 (2.00 to 79.00),Q1 (0.00 to 24.00),Q1 (2.33 to 12.31),Q2 (5.47 to 9.48)
E01000717,Bromley 011D,Bromley,Q1 (147500.00 to 420000.00),Q1 (2.00 to 79.00),Q1 (0.00 to 24.00),Q1 (2.33 to 12.31),Q3 (9.48 to 16.97)
E01000718,Bromley 006E,Bromley,Q1 (147500.00 to 420000.00),Q3 (114.00 to 173.00),Q3 (38.00 to 56.00),Q3 (20.12 to 29.24),Q2 (5.47 to 9.48)
E01000719,Bromley 019A,Bromley,Q1 (147500.00 to 420000.00),Q4 (173.00 to 9206.00),Q4 (56.00 to 1283.00),Q3 (20.12 to 29.24),Q2 (5.47 to 9.48)
E01000720,Bromley 019B,Bromley,Q1 (147500.00 to 420000.00),Q4 (173.00 to 9206.00),Q4 (56.00 to 1283.00),Q4 (29.24 to 59.01),Q1 (0.19 to 5.47)
E01000721,Bromley 019C,Bromley,Q1 (147500.00 to 420000.00),Q3 (114.00 to 173.00),Q4 (56.00 to 1283.00),Q4 (29.24 to 59.01),Q1 (0.19 to 5.47)
E01000722,Bromley 023A,Bromley,Q2 (420000.00 to 520000.00),Q4 (173.00 to 9206.00),Q3 (38.00 to 56.00),Q3 (20.12 to 29.24),Q3 (9.48 to 16.97)
E01000723,Bromley 029A,Bromley,Q2 (420000.00 to 520000.00),Q1 (2.00 to 79.00),Q1 (0.00 to 24.00),Q2 (12.31 to 20.12),Q1 (0.19 to 5.47)
E01000724,Bromley 019D,Bromley,Q1 (147500.00 to 420000.00),Q3 (114.00 to 173.00),Q4 (56.00 to 1283.00),Q4 (29.24 to 59.01),Q1 (0.19 to 5.47)
E01000725,Bromley 023B,Bromley,Q1 (147500.00 to 420000.00),Q3 (114.00 to 173.00),Q3 (38.00 to 56.00),Q3 (20.12 to 29.24),Q2 (5.47 to 9.48)
E01000726,Bromley 029B,Bromley,Q1 (147500.00 to 420000.00),Q1 (2.00 to 79.00),Q1 (0.00 to 24.00),Q2 (12.31 to 20.12),Q1 (0.19 to 5.47)
E01000727,Bromley 028A,Bromley,Q2 (420000.00 to 520000.00),Q4 (173.00 to 9206.00),Q2 (24.00 to 38.00),Q2 (12.31 to 20.12),Q2 (5.47 to 9.48)
E01000728,Bromley 019E,Bromley,Q1 (147500.00 to 420000.00),Q4 (173.00 to 9206.00),Q3 (38.00 to 56.00),Q3 (20.12 to 29.24),Q1 (0.19 to 5.47)
E01000729,Bromley 014A,Bromley,Q1 (147500.00 to 420000.00),Q4 (173.00 to 9206.00),Q4 (56.00 to 1283.00),Q4 (29.24 to 59.01),Q1 (0.19 to 5.47)
E01000730,Bromley 014B,Bromley,Q2 (420000.00 to 520000.00),Q4 (173.00 to 9206.00),Q4 (56.00 to 1283.00),Q4 (29.24 to 59.01),Q3 (9.48 to 16.97)
E01000731,Bromley 023C,Bromley,Q1 (147500.00 to 420000.00),Q1 (2.00 to 79.00),Q1 (0.00 to 24.00),Q4 (29.24 to 59.01),Q1 (0.19 to 5.47)
E01000732,Bromley 023D,Bromley,Q3 (520000.00 to 683000.00),Q1 (2.00 to 79.00),Q1 (0.00 to 24.00),Q2 (12.31 to 20.12),Q1 (0.19 to 5.47)
E01000733,Bromley 023E,Bromley,Q2 (420000.00 to 520000.00),Q2 (79.00 to 114.00),Q2 (24.00 to 38.00),Q2 (12.31 to 20.12),Q2 (5.47 to 9.48)
E01000734,Bromley 028B,Bromley,Q1 (147500.00 to 420000.00),Q1 (2.00 to 79.00),Q1 (0.00 to 24.00),Q1 (2.33 to 12.31),Q1 (0.19 to 5.47)
E01000735,Bromley 014C,Bromley,Q2 (420000.00 to 520000.00),Q3 (114.00 to 173.00),Q4 (56.00 to 1283.00),Q4 (29.24 to 59.01),Q1 (0.19 to 5.47)
E01000736,Bromley 010C,Bromley,Q2 (420000.00 to 520000.00),Q3 (114.00 to 173.00),Q4 (56.00 to 1283.00),Q3 (20.12 to 29.24),Q1 (0.19 to 5.47)
E01000737,Bromley 010D,Bromley,Q1 (147500.00 to 420000.00),Q2 (79.00 to 114.00),Q2 (24.00 to 38.00),Q4 (29.24 to 59.01),Q1 (0.19 to 5.47)
E01000738,Bromley 014D,Bromley,Q2 (420000.00 to 520000.00),Q3 (114.00 to 173.00),Q2 (24.00 to 38.00),Q3 (20.12 to 29.24),Q1 (0.19 to 5.47)
E01000739,Bromley 014E,Bromley,Q1 (147500.00 to 420000.00),Q4 (173.00 to 9206.00),Q4 (56.00 to 1283.00),Q4 (29.24 to 59.01),Q2 (5.47 to 9.48)
E01000740,Bromley 005A,Bromley,Q1 (147500.00 to 420000.00),Q4 (173.00 to 9206.00),Q4 (56.00 to 1283.00),Q3 (20.12 to 29.24),Q3 (9.48 to 16.97)
E01000741,Bromley 005B,Bromley,Q1 (147500.00 to 420000.00),Q2 (79.00 to 114.00),Q2 (24.00 to 38.00),Q3 (20.12 to 29.24),Q4 (16.97 to 121.89)
E01000742,Bromley 005C,Bromley,Q1 (147500.00 to 420000.00),Q3 (114.00 to 173.00),Q2 (24.00 to 38.00),Q3 (20.12 to 29.24),Q3 (9.48 to 16.97)
E01000743,Bromley 009A,Bromley,Q1 (147500.00 to 420000.00),Q3 (114.00 to 173.00),Q4 (56.00 to 1283.00),Q4 (29.24 to 59.01),Q3 (9.48 to 16.97)
E01000744,Bromley 009B,Bromley,Q1 (147500.00 to 420000.00),Q3 (114.00 to 173.00),Q3 (38.00 to 56.00),Q4 (29.24 to 59.01),Q2 (5.47 to 9.48)
E01000745,Bromley 005D,Bromley,Q1 (147500.00 to 420000.00),Q3 (114.00 to 173.00),Q2 (24.00 to 38.00),Q2 (12.31 to 20.12),Q3 (9.48 to 16.97)
E01000746,Bromley 005E,Bromley,Q2 (420000.00 to 520000.00),Q1 (2.00 to 79.00),Q1 (0.00 to 24.00),Q2 (12.31 to 20.12),Q4 (16.97 to 121.89)
E01000747,Bromley 042B,Bromley,Q4 (683000.00 to 6425000.00),Q3 (114.00 to 173.00),Q3 (38.00 to 56.00),Q3 (20.12 to 29.24),Q1 (0.19 to 5.47)
E01000748,Bromley 042C,Bromley,Q3 (520000.00 to 683000.00),Q1 (2.00 to 79.00),Q2 (24.00 to 38.00),Q2 (12.31 to 20.12),Q1 (0.19 to 5.47)
E01000749,Bromley 036A,Bromley,Q3 (520000.00 to 683000.00),Q1 (2.00 to 79.00),Q1 (0.00 to 24.00),Q1 (2.33 to 12.31),Q1 (0.19 to 5.47)
E01000750,Bromley 036B,Bromley,Q1 (147500.00 to 420000.00),Q1 (2.00 to 79.00),Q2 (24.00 to 38.00),Q4 (29.24 to 59.01),Q1 (0.19 to 5.47)
E01000751,Bromley 036C,Bromley,Q3 (520000.00 to 683000.00),Q4 (173.00 to 9206.00),Q4 (56.00 to 1283.00),Q1 (2.33 to 12.31),Q1 (0.19 to 5.47)
E01000752,Bromley 036D,Bromley,Q2 (420000.00 to 520000.00),Q1 (2.00 to 79.00),Q1 (0.00 to 24.00),Q1 (2.33 to 12.31),Q1 (0.19 to 5.47)
E01000753,Bromley 031A,Bromley,Q4 (683000.00 to 6425000.00),Q1 (2.00 to 79.00),Q1 (0.00 to 24.00),Q1 (2.33 to 12.31),Q1 (0.19 to 5.47)
E01000754,Bromley 031B,Bromley,Q2 (420000.00 to 520000.00),Q1 (2.00 to 79.00),Q1 (0.00 to 24.00),Q1 (2.33 to 12.31),Q3 (9.48 to 16.97)
E01000755,Bromley 031C,Bromley,Q3 (520000.00 to 683000.00),Q1 (2.00 to 79.00),Q1 (0.00 to 24.00),Q1 (2.33 to 12.31),Q3 (9.48 to 16.97)
E01000756,Bromley 033D,Bromley,Q4 (683000.00 to 6425000.00),Q3 (114.00 to 173.00),Q3 (38.00 to 56.00),Q1 (2.33 to 12.31),Q1 (0.19 to 5.47)
E01000757,Bromley 031D,Bromley,Q4 (683000.00 to 6425000.00),Q1 (2.00 to 79.00),Q1 (0.00 to 24.00),Q1 (2.33 to 12.31),Q1 (0.19 to 5.47)
E01000758,Bromley 031E,Bromley,Q3 (520000.00 to 683000.00),Q1 (2.00 to 79.00),Q1 (0.00 to 24.00),Q1 (2.33 to 12.31),Q3 (9.48 to 16.97)
E01000759,Bromley 034A,Bromley,Q3 (520000.00 to 683000.00),Q1 (2.00 to 79.00),Q1 (0.00 to 24.00),Q1 (2.33 to 12.31),Q1 (0.19 to 5.47)
E01000760,Bromley 034B,Bromley,Q3 (520000.00 to 683000.00),Q2 (79.00 to 114.00),Q1 (0.00 to 24.00),Q1 (2.33 to 12.31),Q1 (0.19 to 5.47)
E01000761,Bromley 034C,Bromley,Q3 (520000.00 to 683000.00),Q1 (2.00 to 79.00),Q1 (0.00 to 24.00),Q1 (2.33 to 12.31),Q1 (0.19 to 5.47)
E01000762,Bromley 018D,Bromley,Q2 (420000.00 to 520000.00),Q1 (2.00 to 79.00),Q1 (0.00 to 24.00),Q1 (2.33 to 12.31),Q1 (0.19 to 5.47)
E01000763,Bromley 027A,Bromley,Q4 (683000.00 to 6425000.00),Q1 (2.00 to 79.00),Q1 (0.00 to 24.00),Q1 (2.33 to 12.31),Q1 (0.19 to 5.47)
E01000764,Bromley 027B,Bromley,Q3 (520000.00 to 683000.00),Q1 (2.00 to 79.00),Q1 (0.00 to 24.00),Q1 (2.33 to 12.31),Q1 (0.19 to 5.47)
E01000765,Bromley 034D,Bromley,Q3 (520000.00 to 683000.00),Q3 (114.00 to 173.00),Q3 (38.00 to 56.00),Q1 (2.33 to 12.31),Q1 (0.19 to 5.47)
E01000766,Bromley 027C,Bromley,Q4 (683000.00 to 6425000.00),Q1 (2.00 to 79.00),Q1 (0.00 to 24.00),Q1 (2.33 to 12.31),Q2 (5.47 to 9.48)
E01000767,Bromley 027D,Bromley,Q4 (683000.00 to 6425000.00),Q1 (2.00 to 79.00),Q1 (0.00 to 24.00),Q1 (2.33 to 12.31),Q3 (9.48 to 16.97)
E01000768,Bromley 034E,Bromley,Q3 (520000.00 to 683000.00),Q1 (2.00 to 79.00),Q1 (0.00 to 24.00),Q1 (2.33 to 12.31),Q2 (5.47 to 9.48)
E01000769,Bromley 024A,Bromley,Q4 (683000.00 to 6425000.00),Q4 (173.00 to 9206.00),Q4 (56.00 to 1283.00),Q3 (20.12 to 29.24),Q1 (0.19 to 5.47)
E01000770,Bromley 012D,Bromley,Q3 (520000.00 to 683000.00),Q2 (79.00 to 114.00),Q1 (0.00 to 24.00),Q1 (2.33 to 12.31),Q2 (5.47 to 9.48)
E01000771,Bromley 041C,Bromley,Q4 (683000.00 to 6425000.00),Q2 (79.00 to 114.00),Q1 (0.00 to 24.00),Q1 (2.33 to 12.31),Q2 (5.47 to 9.48)
E01000772,Bromley 012E,Bromley,Q2 (420000.00 to 520000.00),Q1 (2.00 to 79.00),Q1 (0.00 to 24.00),Q1 (2.33 to 12.31),Q1 (0.19 to 5.47)
E01000773,Bromley 024B,Bromley,Q4 (683000.00 to 6425000.00),Q1 (2.00 to 79.00),Q1 (0.00 to 24.00),Q1 (2.33 to 12.31),Q1 (0.19 to 5.47)
E01000774,Bromley 041D,Bromley,Q3 (520000.00 to 683000.00),Q3 (114.00 to 173.00),Q2 (24.00 to 38.00),Q1 (2.33 to 12.31),Q2 (5.47 to 9.48)
E01000775,Bromley 024C,Bromley,Q4 (683000.00 to 6425000.00),Q3 (114.00 to 173.00),Q4 (56.00 to 1283.00),Q1 (2.33 to 12.31),Q1 (0.19 to 5.47)
E01000777,Bromley 024D,Bromley,Q4 (683000.00 to 6425000.00),Q1 (2.00 to 79.00),Q1 (0.00 to 24.00),Q1 (2.33 to 12.31),Q2 (5.47 to 9.48)
E01000778,Bromley 024E,Bromley,Q3 (520000.00 to 683000.00),Q2 (79.00 to 114.00),Q2 (24.00 to 38.00),Q2 (12.31 to 20.12),Q1 (0.19 to 5.47)
E01000779,Bromley 001A,Bromley,Q1 (147500.00 to 420000.00),Q2 (79.00 to 114.00),Q2 (24.00 to 38.00),Q2 (12.31 to 20.12),Q1 (0.19 to 5.47)
E01000780,Bromley 001B,Bromley,Q1 (147500.00 to 420000.00),Q3 (114.00 to 173.00),Q3 (38.00 to 56.00),Q3 (20.12 to 29.24),Q2 (5.47 to 9.48)
E01000781,Bromley 001C,Bromley,Q1 (147500.00 to 420000.00),Q2 (79.00 to 114.00),Q4 (56.00 to 1283.00),Q4 (29.24 to 59.01),Q2 (5.47 to 9.48)
E01000782,Bromley 001D,Bromley,Q1 (147500.00 to 420000.00),Q3 (114.00 to 173.00),Q4 (56.00 to 1283.00),Q4 (29.24 to 59.01),Q2 (5.47 to 9.48)
E01000783,Bromley 001E,Bromley,Q2 (420000.00 to 520000.00),Q3 (114.00 to 173.00),Q4 (56.00 to 1283.00),Q4 (29.24 to 59.01),Q2 (5.47 to 9.48)
E01000784,Bromley 002E,Bromley,Q3 (520000.00 to 683000.00),Q1 (2.00 to 79.00),Q1 (0.00 to 24.00),Q1 (2.33 to 12.31),Q1 (0.19 to 5.47)
E01000785,Bromley 001F,Bromley,Q1 (147500.00 to 420000.00),Q3 (114.00 to 173.00),Q4 (56.00 to 1283.00),Q4 (29.24 to 59.01),Q1 (0.19 to 5.47)
E01000786,Bromley 032A,Bromley,Q3 (520000.00 to 683000.00),Q2 (79.00 to 114.00),Q2 (24.00 to 38.00),Q1 (2.33 to 12.31),Q1 (0.19 to 5.47)
E01000787,Bromley 029C,Bromley,Q2 (420000.00 to 520000.00),Q2 (79.00 to 114.00),Q2 (24.00 to 38.00),Q3 (20.12 to 29.24),Q1 (0.19 to 5.47)
E01000788,Bromley 029D,Bromley,Q2 (420000.00 to 520000.00),Q2 (79.00 to 114.00),Q2 (24.00 to 38.00),Q3 (20.12 to 29.24),Q3 (9.48 to 16.97)
E01000789,Bromley 032B,Bromley,Q1 (147500.00 to 420000.00),Q3 (114.00 to 173.00),Q4 (56.00 to 1283.00),Q4 (29.24 to 59.01),Q1 (0.19 to 5.47)
E01000790,Bromley 028C,Bromley,Q1 (147500.00 to 420000.00),Q4 (173.00 to 9206.00),Q4 (56.00 to 1283.00),Q2 (12.31 to 20.12),Q4 (16.97 to 121.89)
E01000791,Bromley 029E,Bromley,Q3 (520000.00 to 683000.00),Q1 (2.00 to 79.00),Q1 (0.00 to 24.00),Q1 (2.33 to 12.31),Q1 (0.19 to 5.47)
E01000792,Bromley 032C,Bromley,Q2 (420000.00 to 520000.00),Q2 (79.00 to 114.00),Q3 (38.00 to 56.00),Q2 (12.31 to 20.12),Q1 (0.19 to 5.47)
E01000793,Bromley 032D,Bromley,Q4 (683000.00 to 6425000.00),Q1 (2.00 to 79.00),Q1 (0.00 to 24.00),Q1 (2.33 to 12.31),Q1 (0.19 to 5.47)
E01000794,Bromley 035E,Bromley,Q4 (683000.00 to 6425000.00),Q1 (2.00 to 79.00),Q1 (0.00 to 24.00),Q1 (2.33 to 12.31),Q1 (0.19 to 5.47)
E01000795,Bromley 032E,Bromley,Q3 (520000.00 to 683000.00),Q1 (2.00 to 79.00),Q1 (0.00 to 24.00),Q2 (12.31 to 20.12),Q1 (0.19 to 5.47)
E01000796,Bromley 009C,Bromley,Q1 (147500.00 to 420000.00),Q3 (114.00 to 173.00),Q4 (56.00 to 1283.00),Q4 (29.24 to 59.01),Q3 (9.48 to 16.97)
E01000797,Bromley 013E,Bromley,Q3 (520000.00 to 683000.00),Q3 (114.00 to 173.00),Q2 (24.00 to 38.00),Q2 (12.31 to 20.12),Q3 (9.48 to 16.97)
E01000798,Bromley 009D,Bromley,Q2 (420000.00 to 520000.00),Q3 (114.00 to 173.00),Q3 (38.00 to 56.00),Q4 (29.24 to 59.01),Q3 (9.48 to 16.97)
E01000799,Bromley 004A,Bromley,Q3 (520000.00 to 683000.00),Q4 (173.00 to 9206.00),Q4 (56.00 to 1283.00),Q2 (12.31 to 20.12),Q4 (16.97 to 121.89)
E01000800,Bromley 009E,Bromley,Q1 (147500.00 to 420000.00),Q2 (79.00 to 114.00),Q2 (24.00 to 38.00),Q3 (20.12 to 29.24),Q3 (9.48 to 16.97)
E01000801,Bromley 015E,Bromley,Q1 (147500.00 to 420000.00),Q3 (114.00 to 173.00),Q3 (38.00 to 56.00),Q2 (12.31 to 20.12),Q3 (9.48 to 16.97)
E01000802,Bromley 004B,Bromley,Q3 (520000.00 to 683000.00),Q3 (114.00 to 173.00),Q2 (24.00 to 38.00),Q2 (12.31 to 20.12),Q3 (9.48 to 16.97)
E01000803,Bromley 004C,Bromley,Q3 (520000.00 to 683000.00),Q2 (79.00 to 114.00),Q2 (24.00 to 38.00),Q2 (12.31 to 20.12),Q3 (9.48 to 16.97)
E01000804,Bromley 004D,Bromley,Q4 (683000.00 to 6425000.00),Q2 (79.00 to 114.00),Q2 (24.00 to 38.00),Q1 (2.33 to 12.31),Q1 (0.19 to 5.47)
E01000805,Bromley 004E,Bromley,Q3 (520000.00 to 683000.00),Q2 (79.00 to 114.00),Q2 (24.00 to 38.00),Q3 (20.12 to 29.24),Q3 (9.48 to 16.97)
E01000806,Bromley 009F,Bromley,Q1 (147500.00 to 420000.00),Q3 (114.00 to 173.00),Q4 (56.00 to 1283.00),Q3 (20.12 to 29.24),Q4 (16.97 to 121.89)
E01000807,Bromley 022C,Bromley,Q4 (683000.00 to 6425000.00),Q3 (114.00 to 173.00),Q2 (24.00 to 38.00),Q1 (2.33 to 12.31),Q2 (5.47 to 9.48)
E01000808,Bromley 025A,Bromley,Q3 (520000.00 to 683000.00),Q1 (2.00 to 79.00),Q1 (0.00 to 24.00),Q1 (2.33 to 12.31),Q1 (0.19 to 5.47)
E01000809,Bromley 022D,Bromley,Q3 (520000.00 to 683000.00),Q1 (2.00 to 79.00),Q1 (0.00 to 24.00),Q1 (2.33 to 12.31),Q2 (5.47 to 9.48)
E01000810,Bromley 025B,Bromley,Q4 (683000.00 to 6425000.00),Q1 (2.00 to 79.00),Q1 (0.00 to 24.00),Q1 (2.33 to 12.31),Q2 (5.47 to 9.48)
E01000811,Bromley 025C,Bromley,Q3 (520000.00 to 683000.00),Q1 (2.00 to 79.00),Q1 (0.00 to 24.00),Q1 (2.33 to 12.31),Q3 (9.48 to 16.97)
E01000812,Bromley 028D,Bromley,Q2 (420000.00 to 520000.00),Q1 (2.00 to 79.00),Q1 (0.00 to 24.00),Q1 (2.33 to 12.31),Q2 (5.47 to 9.48)
E01000813,Bromley 025D,Bromley,Q4 (683000.00 to 6425000.00),Q2 (79.00 to 114.00),Q1 (0.00 to 24.00),Q1 (2.33 to 12.31),Q1 (0.19 to 5.47)
E01000814,Bromley 028E,Bromley,Q4 (683000.00 to 6425000.00),Q1 (2.00 to 79.00),Q1 (0.00 to 24.00),Q1 (2.33 to 12.31),Q3 (9.48 to 16.97)
E01000815,Bromley 025E,Bromley,Q4 (683000.00 to 6425000.00),Q1 (2.00 to 79.00),Q1 (0.00 to 24.00),Q1 (2.33 to 12.31),Q2 (5.47 to 9.48)
E01000816,Bromley 040A,Bromley,Q2 (420000.00 to 520000.00),Q1 (2.00 to 79.00),Q1 (0.00 to 24.00),Q2 (12.31 to 20.12),Q2 (5.47 to 9.48)
E01000818,Bromley 040B,Bromley,Q3 (520000.00 to 683000.00),Q1 (2.00 to 79.00),Q1 (0.00 to 24.00),Q2 (12.31 to 20.12),Q1 (0.19 to 5.47)
E01000819,Bromley 040C,Bromley,Q2 (420000.00 to 520000.00),Q3 (114.00 to 173.00),Q3 (38.00 to 56.00),Q3 (20.12 to 29.24),Q2 (5.47 to 9.48)
E01000820,Bromley 008C,Bromley,Q3 (520000.00 to 683000.00),Q3 (114.00 to 173.00),Q3 (38.00 to 56.00),Q3 (20.12 to 29.24),Q1 (0.19 to 5.47)
E01000822,Bromley 008D,Bromley,Q1 (147500.00 to 420000.00),Q1 (2.00 to 79.00),Q1 (0.00 to 24.00),Q2 (12.31 to 20.12),Q2 (5.47 to 9.48)
E01000823,Bromley 008E,Bromley,Q2 (420000.00 to 520000.00),Q1 (2.00 to 79.00),Q1 (0.00 to 24.00),Q1 (2.33 to 12.31),Q3 (9.48 to 16.97)
E01000824,Bromley 008F,Bromley,Q1 (147500.00 to 420000.00),Q4 (173.00 to 9206.00),Q2 (24.00 to 38.00),Q2 (12.31 to 20.12),Q3 (9.48 to 16.97)
E01000825,Bromley 008G,Bromley,Q1 (147500.00 to 420000.00),Q2 (79.00 to 114.00),Q2 (24.00 to 38.00),Q2 (12.31 to 20.12),Q3 (9.48 to 16.97)
E01000826,Bromley 021A,Bromley,Q4 (683000.00 to 6425000.00),Q1 (2.00 to 79.00),Q1 (0.00 to 24.00),Q1 (2.33 to 12.31),Q1 (0.19 to 5.47)
E01000827,Bromley 021B,Bromley,Q2 (420000.00 to 520000.00),Q1 (2.00 to 79.00),Q1 (0.00 to 24.00),Q1 (2.33 to 12.31),Q1 (0.19 to 5.47)
E01000828,Bromley 011E,Bromley,Q2 (420000.00 to 520000.00),Q1 (2.00 to 79.00),Q3 (38.00 to 56.00),Q1 (2.33 to 12.31),Q2 (5.47 to 9.48)
E01000829,Bromley 018E,Bromley,Q3 (520000.00 to 683000.00),Q1 (2.00 to 79.00),Q2 (24.00 to 38.00),Q1 (2.33 to 12.31),Q4 (16.97 to 121.89)
E01000830,Bromley 021C,Bromley,Q4 (683000.00 to 6425000.00),Q1 (2.00 to 79.00),Q1 (0.00 to 24.00),Q1 (2.33 to 12.31),Q1 (0.19 to 5.47)
E01000831,Bromley 021D,Bromley,Q2 (420000.00 to 520000.00),Q1 (2.00 to 79.00),Q1 (0.00 to 24.00),Q1 (2.33 to 12.31),Q2 (5.47 to 9.48)
E01000832,Bromley 030A,Bromley,Q4 (683000.00 to 6425000.00),Q1 (2.00 to 79.00),Q1 (0.00 to 24.00),Q1 (2.33 to 12.31),Q1 (0.19 to 5.47)
E01000833,Bromley 021E,Bromley,Q4 (683000.00 to 6425000.00),Q1 (2.00 to 79.00),Q1 (0.00 to 24.00),Q1 (2.33 to 12.31),Q1 (0.19 to 5.47)
E01000834,Bromley 027E,Bromley,Q4 (683000.00 to 6425000.00),Q1 (2.00 to 79.00),Q1 (0.00 to 24.00),Q1 (2.33 to 12.31),Q1 (0.19 to 5.47)
E01000835,Bromley 030B,Bromley,Q4 (683000.00 to 6425000.00),Q4 (173.00 to 9206.00),Q3 (38.00 to 56.00),Q1 (2.33 to 12.31),Q2 (5.47 to 9.48)
E01000836,Bromley 030C,Bromley,Q3 (520000.00 to 683000.00),Q1 (2.00 to 79.00),Q1 (0.00 to 24.00),Q1 (2.33 to 12.31),Q1 (0.19 to 5.47)
E01000837,Bromley 030D,Bromley,Q2 (420000.00 to 520000.00),Q1 (2.00 to 79.00),Q1 (0.00 to 24.00),Q1 (2.33 to 12.31),Q1 (0.19 to 5.47)
E01000838,Bromley 030E,Bromley,Q3 (520000.00 to 683000.00),Q1 (2.00 to 79.00),Q1 (0.00 to 24.00),Q1 (2.33 to 12.31),Q1 (0.19 to 5.47)
E01000839,Bromley 030F,Bromley,Q4 (683000.00 to 6425000.00),Q1 (2.00 to 79.00),Q1 (0.00 to 24.00),Q1 (2.33 to 12.31),Q1 (0.19 to 5.47)
E01000840,Bromley 030G,Bromley,Q4 (683000.00 to 6425000.00),Q1 (2.00 to 79.00),Q1 (0.00 to 24.00),Q1 (2.33 to 12.31),Q1 (0.19 to 5.47)
E01000841,Bromley 030H,Bromley,Q3 (520000.00 to 683000.00),Q1 (2.00 to 79.00),Q1 (0.00 to 24.00),Q1 (2.33 to 12.31),Q1 (0.19 to 5.47)
E01000842,Camden 011A,Camden,Q4 (683000.00 to 6425000.00),Q1 (2.00 to 79.00),Q1 (0.00 to 24.00),Q1 (2.33 to 12.31),Q3 (9.48 to 16.97)
E01000843,Camden 014A,Camden,Q4 (683000.00 to 6425000.00),Q1 (2.00 to 79.00),Q1 (0.00 to 24.00),Q2 (12.31 to 20.12),Q3 (9.48 to 16.97)
E01000844,Camden 011B,Camden,Q4 (683000.00 to 6425000.00),Q2 (79.00 to 114.00),Q1 (0.00 to 24.00),Q1 (2.33 to 12.31),Q4 (16.97 to 121.89)
E01000845,Camden 014B,Camden,Q4 (683000.00 to 6425000.00),Q3 (114.00 to 173.00),Q2 (24.00 to 38.00),Q1 (2.33 to 12.31),Q3 (9.48 to 16.97)
E01000846,Camden 014C,Camden,Q4 (683000.00 to 6425000.00),Q2 (79.00 to 114.00),Q2 (24.00 to 38.00),Q3 (20.12 to 29.24),Q3 (9.48 to 16.97)
E01000847,Camden 014D,Camden,Q4 (683000.00 to 6425000.00),Q3 (114.00 to 173.00),Q1 (0.00 to 24.00),Q2 (12.31 to 20.12),Q4 (16.97 to 121.89)
E01000848,Camden 011C,Camden,Q4 (683000.00 to 6425000.00),Q2 (79.00 to 114.00),Q1 (0.00 to 24.00),Q1 (2.33 to 12.31),Q3 (9.48 to 16.97)
E01000849,Camden 011D,Camden,Q4 (683000.00 to 6425000.00),Q2 (79.00 to 114.00),Q1 (0.00 to 24.00),Q1 (2.33 to 12.31),Q4 (16.97 to 121.89)
E01000850,Camden 026A,Camden,Q4 (683000.00 to 6425000.00),Q4 (173.00 to 9206.00),Q4 (56.00 to 1283.00),Q2 (12.31 to 20.12),Q4 (16.97 to 121.89)
E01000851,Camden 026B,Camden,Q4 (683000.00 to 6425000.00),Q4 (173.00 to 9206.00),Q3 (38.00 to 56.00),Q2 (12.31 to 20.12),Q4 (16.97 to 121.89)
E01000852,Camden 026C,Camden,Q3 (520000.00 to 683000.00),Q4 (173.00 to 9206.00),Q4 (56.00 to 1283.00),Q2 (12.31 to 20.12),Q4 (16.97 to 121.89)
E01000853,Camden 025A,Camden,Q3 (520000.00 to 683000.00),Q4 (173.00 to 9206.00),Q3 (38.00 to 56.00),Q4 (29.24 to 59.01),Q4 (16.97 to 121.89)
E01000854,Camden 026D,Camden,Q4 (683000.00 to 6425000.00),Q4 (173.00 to 9206.00),Q4 (56.00 to 1283.00),Q2 (12.31 to 20.12),Q4 (16.97 to 121.89)
E01000855,Camden 028A,Camden,Q1 (147500.00 to 420000.00),Q4 (173.00 to 9206.00),Q4 (56.00 to 1283.00),Q2 (12.31 to 20.12),Q4 (16.97 to 121.89)
E01000856,Camden 019A,Camden,Q4 (683000.00 to 6425000.00),Q4 (173.00 to 9206.00),Q4 (56.00 to 1283.00),Q4 (29.24 to 59.01),Q4 (16.97 to 121.89)
E01000857,Camden 018A,Camden,Q4 (683000.00 to 6425000.00),Q2 (79.00 to 114.00),Q1 (0.00 to 24.00),Q2 (12.31 to 20.12),Q3 (9.48 to 16.97)
E01000858,Camden 018B,Camden,Q3 (520000.00 to 683000.00),Q4 (173.00 to 9206.00),Q4 (56.00 to 1283.00),Q4 (29.24 to 59.01),Q4 (16.97 to 121.89)
E01000859,Camden 018C,Camden,Q4 (683000.00 to 6425000.00),Q3 (114.00 to 173.00),Q2 (24.00 to 38.00),Q1 (2.33 to 12.31),Q3 (9.48 to 16.97)
E01000860,Camden 018D,Camden,Q4 (683000.00 to 6425000.00),Q2 (79.00 to 114.00),Q1 (0.00 to 24.00),Q2 (12.31 to 20.12),Q2 (5.47 to 9.48)
E01000861,Camden 019B,Camden,Q3 (520000.00 to 683000.00),Q4 (173.00 to 9206.00),Q4 (56.00 to 1283.00),Q4 (29.24 to 59.01),Q4 (16.97 to 121.89)
E01000862,Camden 018E,Camden,Q4 (683000.00 to 6425000.00),Q4 (173.00 to 9206.00),Q3 (38.00 to 56.00),Q1 (2.33 to 12.31),Q4 (16.97 to 121.89)
E01000863,Camden 021A,Camden,Q4 (683000.00 to 6425000.00),Q4 (173.00 to 9206.00),Q4 (56.00 to 1283.00),Q4 (29.24 to 59.01),Q4 (16.97 to 121.89)
E01000864,Camden 015A,Camden,Q3 (520000.00 to 683000.00),Q4 (173.00 to 9206.00),Q2 (24.00 to 38.00),Q2 (12.31 to 20.12),Q2 (5.47 to 9.48)
E01000865,Camden 015B,Camden,Q4 (683000.00 to 6425000.00),Q4 (173.00 to 9206.00),Q2 (24.00 to 38.00),Q2 (12.31 to 20.12),Q4 (16.97 to 121.89)
E01000866,Camden 009A,Camden,Q4 (683000.00 to 6425000.00),Q4 (173.00 to 9206.00),Q4 (56.00 to 1283.00),Q3 (20.12 to 29.24),Q4 (16.97 to 121.89)
E01000867,Camden 015C,Camden,Q2 (420000.00 to 520000.00),Q3 (114.00 to 173.00),Q3 (38.00 to 56.00),Q3 (20.12 to 29.24),Q4 (16.97 to 121.89)
E01000868,Camden 015D,Camden,Q4 (683000.00 to 6425000.00),Q2 (79.00 to 114.00),Q2 (24.00 to 38.00),Q4 (29.24 to 59.01),Q2 (5.47 to 9.48)
E01000869,Camden 015E,Camden,Q3 (520000.00 to 683000.00),Q3 (114.00 to 173.00),Q2 (24.00 to 38.00),Q3 (20.12 to 29.24),Q3 (9.48 to 16.97)
E01000870,Camden 009B,Camden,Q2 (420000.00 to 520000.00),Q3 (114.00 to 173.00),Q3 (38.00 to 56.00),Q3 (20.12 to 29.24),Q4 (16.97 to 121.89)
E01000871,Camden 005A,Camden,Q4 (683000.00 to 6425000.00),Q2 (79.00 to 114.00),Q1 (0.00 to 24.00),Q2 (12.31 to 20.12),Q3 (9.48 to 16.97)
E01000872,Camden 005B,Camden,Q3 (520000.00 to 683000.00),Q4 (173.00 to 9206.00),Q3 (38.00 to 56.00),Q3 (20.12 to 29.24),Q4 (16.97 to 121.89)
E01000873,Camden 005C,Camden,Q4 (683000.00 to 6425000.00),Q2 (79.00 to 114.00),Q2 (24.00 to 38.00),Q1 (2.33 to 12.31),Q3 (9.48 to 16.97)
E01000874,Camden 005D,Camden,Q4 (683000.00 to 6425000.00),Q1 (2.00 to 79.00),Q1 (0.00 to 24.00),Q1 (2.33 to 12.31),Q4 (16.97 to 121.89)
E01000875,Camden 013A,Camden,Q2 (420000.00 to 520000.00),Q3 (114.00 to 173.00),Q3 (38.00 to 56.00),Q3 (20.12 to 29.24),Q4 (16.97 to 121.89)
E01000876,Camden 013B,Camden,Q2 (420000.00 to 520000.00),Q3 (114.00 to 173.00),Q3 (38.00 to 56.00),Q4 (29.24 to 59.01),Q3 (9.48 to 16.97)
E01000877,Camden 005E,Camden,Q3 (520000.00 to 683000.00),Q2 (79.00 to 114.00),Q1 (0.00 to 24.00),Q1 (2.33 to 12.31),Q4 (16.97 to 121.89)
E01000878,Camden 004A,Camden,Q4 (683000.00 to 6425000.00),Q2 (79.00 to 114.00),Q2 (24.00 to 38.00),Q1 (2.33 to 12.31),Q3 (9.48 to 16.97)
E01000879,Camden 004B,Camden,Q4 (683000.00 to 6425000.00),Q2 (79.00 to 114.00),Q1 (0.00 to 24.00),Q1 (2.33 to 12.31),Q4 (16.97 to 121.89)
E01000880,Camden 004C,Camden,Q4 (683000.00 to 6425000.00),Q2 (79.00 to 114.00),Q1 (0.00 to 24.00),Q1 (2.33 to 12.31),Q4 (16.97 to 121.89)
E01000881,Camden 008A,Camden,Q4 (683000.00 to 6425000.00),Q2 (79.00 to 114.00),Q1 (0.00 to 24.00),Q2 (12.31 to 20.12),Q4 (16.97 to 121.89)
E01000882,Camden 008B,Camden,Q4 (683000.00 to 6425000.00),Q2 (79.00 to 114.00),Q1 (0.00 to 24.00),Q1 (2.33 to 12.31),Q4 (16.97 to 121.89)
E01000883,Camden 008C,Camden,Q4 (683000.00 to 6425000.00),Q4 (173.00 to 9206.00),Q2 (24.00 to 38.00),Q1 (2.33 to 12.31),Q4 (16.97 to 121.89)
E01000884,Camden 004D,Camden,Q4 (683000.00 to 6425000.00),Q1 (2.00 to 79.00),Q1 (0.00 to 24.00),Q1 (2.33 to 12.31),Q2 (5.47 to 9.48)
E01000885,Camden 004E,Camden,Q4 (683000.00 to 6425000.00),Q1 (2.00 to 79.00),Q1 (0.00 to 24.00),Q1 (2.33 to 12.31),Q2 (5.47 to 9.48)
E01000886,Camden 006A,Camden,Q4 (683000.00 to 6425000.00),Q1 (2.00 to 79.00),Q1 (0.00 to 24.00),Q1 (2.33 to 12.31),Q3 (9.48 to 16.97)
E01000887,Camden 006B,Camden,Q4 (683000.00 to 6425000.00),Q3 (114.00 to 173.00),Q2 (24.00 to 38.00),Q2 (12.31 to 20.12),Q4 (16.97 to 121.89)
E01000888,Camden 006C,Camden,Q4 (683000.00 to 6425000.00),Q2 (79.00 to 114.00),Q1 (0.00 to 24.00),Q2 (12.31 to 20.12),Q3 (9.48 to 16.97)
E01000889,Camden 007A,Camden,Q2 (420000.00 to 520000.00),Q3 (114.00 to 173.00),Q3 (38.00 to 56.00),Q4 (29.24 to 59.01),Q3 (9.48 to 16.97)
E01000891,Camden 007C,Camden,Q2 (420000.00 to 520000.00),Q4 (173.00 to 9206.00),Q4 (56.00 to 1283.00),Q4 (29.24 to 59.01),Q3 (9.48 to 16.97)
E01000892,Camden 006D,Camden,Q4 (683000.00 to 6425000.00),Q2 (79.00 to 114.00),Q2 (24.00 to 38.00),Q2 (12.31 to 20.12),Q4 (16.97 to 121.89)
E01000893,Camden 002A,Camden,Q4 (683000.00 to 6425000.00),Q2 (79.00 to 114.00),Q1 (0.00 to 24.00),Q1 (2.33 to 12.31),Q1 (0.19 to 5.47)
E01000894,Camden 002B,Camden,Q4 (683000.00 to 6425000.00),Q2 (79.00 to 114.00),Q1 (0.00 to 24.00),Q1 (2.33 to 12.31),Q2 (5.47 to 9.48)
E01000895,Camden 002C,Camden,Q4 (683000.00 to 6425000.00),Q4 (173.00 to 9206.00),Q2 (24.00 to 38.00),Q1 (2.33 to 12.31),Q3 (9.48 to 16.97)
E01000896,Camden 002D,Camden,Q4 (683000.00 to 6425000.00),Q3 (114.00 to 173.00),Q1 (0.00 to 24.00),Q1 (2.33 to 12.31),Q3 (9.48 to 16.97)
E01000897,Camden 008D,Camden,Q4 (683000.00 to 6425000.00),Q1 (2.00 to 79.00),Q1 (0.00 to 24.00),Q1 (2.33 to 12.31),Q3 (9.48 to 16.97)
E01000898,Camden 008E,Camden,Q4 (683000.00 to 6425000.00),Q4 (173.00 to 9206.00),Q4 (56.00 to 1283.00),Q1 (2.33 to 12.31),Q4 (16.97 to 121.89)
E01000899,Camden 002E,Camden,Q4 (683000.00 to 6425000.00),Q2 (79.00 to 114.00),Q1 (0.00 to 24.00),Q1 (2.33 to 12.31),Q1 (0.19 to 5.47)
E01000900,Camden 012A,Camden,Q3 (520000.00 to 683000.00),Q3 (114.00 to 173.00),Q3 (38.00 to 56.00),Q3 (20.12 to 29.24),Q3 (9.48 to 16.97)
E01000901,Camden 007D,Camden,Q2 (420000.00 to 520000.00),Q3 (114.00 to 173.00),Q3 (38.00 to 56.00),Q4 (29.24 to 59.01),Q4 (16.97 to 121.89)
E01000902,Camden 012B,Camden,Q3 (520000.00 to 683000.00),Q2 (79.00 to 114.00),Q3 (38.00 to 56.00),Q4 (29.24 to 59.01),Q3 (9.48 to 16.97)
E01000903,Camden 006E,Camden,Q4 (683000.00 to 6425000.00),Q2 (79.00 to 114.00),Q2 (24.00 to 38.00),Q2 (12.31 to 20.12),Q3 (9.48 to 16.97)
E01000904,Camden 012C,Camden,Q3 (520000.00 to 683000.00),Q4 (173.00 to 9206.00),Q4 (56.00 to 1283.00),Q3 (20.12 to 29.24),Q4 (16.97 to 121.89)
E01000905,Camden 012D,Camden,Q3 (520000.00 to 683000.00),Q3 (114.00 to 173.00),Q4 (56.00 to 1283.00),Q4 (29.24 to 59.01),Q4 (16.97 to 121.89)
E01000906,Camden 012E,Camden,Q3 (520000.00 to 683000.00),Q2 (79.00 to 114.00),Q1 (0.00 to 24.00),Q1 (2.33 to 12.31),Q4 (16.97 to 121.89)
E01000907,Camden 001A,Camden,Q3 (520000.00 to 683000.00),Q3 (114.00 to 173.00),Q3 (38.00 to 56.00),Q4 (29.24 to 59.01),Q3 (9.48 to 16.97)
E01000908,Camden 001B,Camden,Q2 (420000.00 to 520000.00),Q2 (79.00 to 114.00),Q2 (24.00 to 38.00),Q3 (20.12 to 29.24),Q2 (5.47 to 9.48)
E01000909,Camden 001C,Camden,Q4 (683000.00 to 6425000.00),Q1 (2.00 to 79.00),Q1 (0.00 to 24.00),Q1 (2.33 to 12.31),Q2 (5.47 to 9.48)
E01000910,Camden 003A,Camden,Q4 (683000.00 to 6425000.00),Q2 (79.00 to 114.00),Q1 (0.00 to 24.00),Q1 (2.33 to 12.31),Q4 (16.97 to 121.89)
E01000911,Camden 003B,Camden,Q3 (520000.00 to 683000.00),Q2 (79.00 to 114.00),Q2 (24.00 to 38.00),Q2 (12.31 to 20.12),Q4 (16.97 to 121.89)
E01000912,Camden 001D,Camden,Q2 (420000.00 to 520000.00),Q4 (173.00 to 9206.00),Q4 (56.00 to 1283.00),Q3 (20.12 to 29.24),Q2 (5.47 to 9.48)
E01000913,Camden 001E,Camden,Q4 (683000.00 to 6425000.00),Q4 (173.00 to 9206.00),Q4 (56.00 to 1283.00),Q1 (2.33 to 12.31),Q1 (0.19 to 5.47)
E01000914,Camden 028B,Camden,Q4 (683000.00 to 6425000.00),Q4 (173.00 to 9206.00),Q4 (56.00 to 1283.00),Q2 (12.31 to 20.12),Q4 (16.97 to 121.89)
E01000915,Camden 027A,Camden,Q4 (683000.00 to 6425000.00),Q4 (173.00 to 9206.00),Q4 (56.00 to 1283.00),Q3 (20.12 to 29.24),Q4 (16.97 to 121.89)
E01000916,Camden 027B,Camden,Q4 (683000.00 to 6425000.00),Q4 (173.00 to 9206.00),Q4 (56.00 to 1283.00),Q2 (12.31 to 20.12),Q4 (16.97 to 121.89)
E01000917,Camden 027C,Camden,Q2 (420000.00 to 520000.00),Q4 (173.00 to 9206.00),Q3 (38.00 to 56.00),Q4 (29.24 to 59.01),Q4 (16.97 to 121.89)
E01000918,Camden 028C,Camden,Q4 (683000.00 to 6425000.00),Q4 (173.00 to 9206.00),Q4 (56.00 to 1283.00),Q3 (20.12 to 29.24),Q4 (16.97 to 121.89)
E01000919,Camden 028D,Camden,Q4 (683000.00 to 6425000.00),Q4 (173.00 to 9206.00),Q4 (56.00 to 1283.00),Q3 (20.12 to 29.24),Q4 (16.97 to 121.89)
E01000920,Camden 027D,Camden,Q4 (683000.00 to 6425000.00),Q4 (173.00 to 9206.00),Q3 (38.00 to 56.00),Q2 (12.31 to 20.12),Q4 (16.97 to 121.89)
E01000921,Camden 003C,Camden,Q2 (420000.00 to 520000.00),Q4 (173.00 to 9206.00),Q4 (56.00 to 1283.00),Q2 (12.31 to 20.12),Q4 (16.97 to 121.89)
E01000922,Camden 007E,Camden,Q4 (683000.00 to 6425000.00),Q4 (173.00 to 9206.00),Q4 (56.00 to 1283.00),Q3 (20.12 to 29.24),Q4 (16.97 to 121.89)
E01000923,Camden 003D,Camden,Q4 (683000.00 to 6425000.00),Q2 (79.00 to 114.00),Q1 (0.00 to 24.00),Q2 (12.31 to 20.12),Q4 (16.97 to 121.89)
E01000924,Camden 009C,Camden,Q3 (520000.00 to 683000.00),Q3 (114.00 to 173.00),Q3 (38.00 to 56.00),Q2 (12.31 to 20.12),Q4 (16.97 to 121.89)
E01000925,Camden 009D,Camden,Q4 (683000.00 to 6425000.00),Q2 (79.00 to 114.00),Q2 (24.00 to 38.00),Q4 (29.24 to 59.01),Q4 (16.97 to 121.89)
E01000926,Camden 009E,Camden,Q3 (520000.00 to 683000.00),Q2 (79.00 to 114.00),Q2 (24.00 to 38.00),Q2 (12.31 to 20.12),Q4 (16.97 to 121.89)
E01000927,Camden 007F,Camden,Q4 (683000.00 to 6425000.00),Q4 (173.00 to 9206.00),Q3 (38.00 to 56.00),Q2 (12.31 to 20.12),Q4 (16.97 to 121.89)
E01000928,Camden 003E,Camden,Q4 (683000.00 to 6425000.00),Q4 (173.00 to 9206.00),Q4 (56.00 to 1283.00),Q3 (20.12 to 29.24),Q4 (16.97 to 121.89)
E01000929,Camden 020A,Camden,Q3 (520000.00 to 683000.00),Q3 (114.00 to 173.00),Q3 (38.00 to 56.00),Q3 (20.12 to 29.24),Q4 (16.97 to 121.89)
E01000930,Camden 020B,Camden,Q2 (420000.00 to 520000.00),Q4 (173.00 to 9206.00),Q4 (56.00 to 1283.00),Q4 (29.24 to 59.01),Q4 (16.97 to 121.89)
E01000931,Camden 013C,Camden,Q3 (520000.00 to 683000.00),Q4 (173.00 to 9206.00),Q4 (56.00 to 1283.00),Q4 (29.24 to 59.01),Q4 (16.97 to 121.89)
E01000932,Camden 013D,Camden,Q3 (520000.00 to 683000.00),Q2 (79.00 to 114.00),Q2 (24.00 to 38.00),Q2 (12.31 to 20.12),Q4 (16.97 to 121.89)
E01000933,Camden 020C,Camden,Q3 (520000.00 to 683000.00),Q4 (173.00 to 9206.00),Q3 (38.00 to 56.00),Q3 (20.12 to 29.24),Q4 (16.97 to 121.89)
E01000934,Camden 020D,Camden,Q2 (420000.00 to 520000.00),Q2 (79.00 to 114.00),Q2 (24.00 to 38.00),Q4 (29.24 to 59.01),Q3 (9.48 to 16.97)
E01000935,Camden 020E,Camden,Q1 (147500.00 to 420000.00),Q2 (79.00 to 114.00),Q3 (38.00 to 56.00),Q4 (29.24 to 59.01),Q3 (9.48 to 16.97)
E01000936,Camden 024A,Camden,Q4 (683000.00 to 6425000.00),Q3 (114.00 to 173.00),Q2 (24.00 to 38.00),Q3 (20.12 to 29.24),Q4 (16.97 to 121.89)
E01000937,Camden 025B,Camden,Q1 (147500.00 to 420000.00),Q3 (114.00 to 173.00),Q1 (0.00 to 24.00),Q2 (12.31 to 20.12),Q4 (16.97 to 121.89)
E01000942,Camden 025D,Camden,Q3 (520000.00 to 683000.00),Q4 (173.00 to 9206.00),Q2 (24.00 to 38.00),Q2 (12.31 to 20.12),Q4 (16.97 to 121.89)
E01000943,Camden 025E,Camden,Q3 (520000.00 to 683000.00),Q4 (173.00 to 9206.00),Q2 (24.00 to 38.00),Q2 (12.31 to 20.12),Q4 (16.97 to 121.89)
E01000945,Camden 023B,Camden,Q2 (420000.00 to 520000.00),Q4 (173.00 to 9206.00),Q4 (56.00 to 1283.00),Q4 (29.24 to 59.01),Q4 (16.97 to 121.89)
E01000946,Camden 021B,Camden,Q4 (683000.00 to 6425000.00),Q4 (173.00 to 9206.00),Q4 (56.00 to 1283.00),Q2 (12.31 to 20.12),Q4 (16.97 to 121.89)
E01000947,Camden 021C,Camden,Q4 (683000.00 to 6425000.00),Q4 (173.00 to 9206.00),Q4 (56.00 to 1283.00),Q3 (20.12 to 29.24),Q4 (16.97 to 121.89)
E01000948,Camden 021D,Camden,Q4 (683000.00 to 6425000.00),Q4 (173.00 to 9206.00),Q4 (56.00 to 1283.00),Q3 (20.12 to 29.24),Q4 (16.97 to 121.89)
E01000949,Camden 023C,Camden,Q2 (420000.00 to 520000.00),Q1 (2.00 to 79.00),Q1 (0.00 to 24.00),Q2 (12.31 to 20.12),Q4 (16.97 to 121.89)
E01000951,Camden 023E,Camden,Q1 (147500.00 to 420000.00),Q1 (2.00 to 79.00),Q1 (0.00 to 24.00),Q4 (29.24 to 59.01),Q4 (16.97 to 121.89)
E01000952,Camden 022A,Camden,Q3 (520000.00 to 683000.00),Q3 (114.00 to 173.00),Q3 (38.00 to 56.00),Q4 (29.24 to 59.01),Q4 (16.97 to 121.89)
E01000953,Camden 022B,Camden,Q4 (683000.00 to 6425000.00),Q3 (114.00 to 173.00),Q3 (38.00 to 56.00),Q4 (29.24 to 59.01),Q4 (16.97 to 121.89)
E01000956,Camden 022E,Camden,Q3 (520000.00 to 683000.00),Q4 (173.00 to 9206.00),Q4 (56.00 to 1283.00),Q4 (29.24 to 59.01),Q4 (16.97 to 121.89)
E01000957,Camden 019C,Camden,Q3 (520000.00 to 683000.00),Q3 (114.00 to 173.00),Q1 (0.00 to 24.00),Q3 (20.12 to 29.24),Q3 (9.48 to 16.97)
E01000958,Camden 019D,Camden,Q2 (420000.00 to 520000.00),Q4 (173.00 to 9206.00),Q4 (56.00 to 1283.00),Q3 (20.12 to 29.24),Q4 (16.97 to 121.89)
E01000959,Camden 019E,Camden,Q2 (420000.00 to 520000.00),Q3 (114.00 to 173.00),Q4 (56.00 to 1283.00),Q4 (29.24 to 59.01),Q4 (16.97 to 121.89)
E01000960,Camden 017A,Camden,Q3 (520000.00 to 683000.00),Q4 (173.00 to 9206.00),Q3 (38.00 to 56.00),Q2 (12.31 to 20.12),Q4 (16.97 to 121.89)
E01000961,Camden 017B,Camden,Q4 (683000.00 to 6425000.00),Q3 (114.00 to 173.00),Q3 (38.00 to 56.00),Q3 (20.12 to 29.24),Q4 (16.97 to 121.89)
E01000962,Camden 016A,Camden,Q4 (683000.00 to 6425000.00),Q1 (2.00 to 79.00),Q1 (0.00 to 24.00),Q1 (2.33 to 12.31),Q4 (16.97 to 121.89)
E01000963,Camden 017C,Camden,Q4 (683000.00 to 6425000.00),Q4 (173.00 to 9206.00),Q4 (56.00 to 1283.00),Q1 (2.33 to 12.31),Q4 (16.97 to 121.89)
E01000964,Camden 016B,Camden,Q4 (683000.00 to 6425000.00),Q2 (79.00 to 114.00),Q2 (24.00 to 38.00),Q2 (12.31 to 20.12),Q4 (16.97 to 121.89)
E01000965,Camden 016C,Camden,Q4 (683000.00 to 6425000.00),Q2 (79.00 to 114.00),Q1 (0.00 to 24.00),Q2 (12.31 to 20.12),Q4 (16.97 to 121.89)
E01000966,Camden 016D,Camden,Q4 (683000.00 to 6425000.00),Q1 (2.00 to 79.00),Q1 (0.00 to 24.00),Q1 (2.33 to 12.31),Q4 (16.97 to 121.89)
E01000967,Camden 017D,Camden,Q4 (683000.00 to 6425000.00),Q1 (2.00 to 79.00),Q1 (0.00 to 24.00),Q1 (2.33 to 12.31),Q2 (5.47 to 9.48)
E01000968,Camden 016E,Camden,Q4 (683000.00 to 6425000.00),Q1 (2.00 to 79.00),Q1 (0.00 to 24.00),Q2 (12.31 to 20.12),Q4 (16.97 to 121.89)
E01000969,Camden 010A,Camden,Q4 (683000.00 to 6425000.00),Q3 (114.00 to 173.00),Q3 (38.00 to 56.00),Q1 (2.33 to 12.31),Q4 (16.97 to 121.89)
E01000970,Camden 010B,Camden,Q4 (683000.00 to 6425000.00),Q2 (79.00 to 114.00),Q1 (0.00 to 24.00),Q1 (2.33 to 12.31),Q4 (16.97 to 121.89)
E01000971,Camden 010C,Camden,Q4 (683000.00 to 6425000.00),Q1 (2.00 to 79.00),Q1 (0.00 to 24.00),Q1 (2.33 to 12.31),Q3 (9.48 to 16.97)
E01000972,Camden 010D,Camden,Q4 (683000.00 to 6425000.00),Q4 (173.00 to 9206.00),Q4 (56.00 to 1283.00),Q3 (20.12 to 29.24),Q4 (16.97 to 121.89)
E01000973,Camden 010E,Camden,Q3 (520000.00 to 683000.00),Q4 (173.00 to 9206.00),Q4 (56.00 to 1283.00),Q3 (20.12 to 29.24),Q4 (16.97 to 121.89)
E01000974,Camden 013E,Camden,Q2 (420000.00 to 520000.00),Q3 (114.00 to 173.00),Q4 (56.00 to 1283.00),Q3 (20.12 to 29.24),Q4 (16.97 to 121.89)
E01000975,Croydon 022A,Croydon,Q1 (147500.00 to 420000.00),Q3 (114.00 to 173.00),Q3 (38.00 to 56.00),Q2 (12.31 to 20.12),Q4 (16.97 to 121.89)
E01000976,Croydon 022B,Croydon,Q1 (147500.00 to 420000.00),Q4 (173.00 to 9206.00),Q4 (56.00 to 1283.00),Q3 (20.12 to 29.24),Q4 (16.97 to 121.89)
E01000977,Croydon 022C,Croydon,Q1 (147500.00 to 420000.00),Q3 (114.00 to 173.00),Q4 (56.00 to 1283.00),Q3 (20.12 to 29.24),Q3 (9.48 to 16.97)
E01000978,Croydon 022D,Croydon,Q1 (147500.00 to 420000.00),Q2 (79.00 to 114.00),Q2 (24.00 to 38.00),Q3 (20.12 to 29.24),Q4 (16.97 to 121.89)
E01000979,Croydon 022E,Croydon,Q2 (420000.00 to 520000.00),Q3 (114.00 to 173.00),Q3 (38.00 to 56.00),Q2 (12.31 to 20.12),Q4 (16.97 to 121.89)
E01000980,Croydon 017A,Croydon,Q2 (420000.00 to 520000.00),Q2 (79.00 to 114.00),Q2 (24.00 to 38.00),Q3 (20.12 to 29.24),Q1 (0.19 to 5.47)
E01000981,Croydon 017B,Croydon,Q2 (420000.00 to 520000.00),Q2 (79.00 to 114.00),Q3 (38.00 to 56.00),Q2 (12.31 to 20.12),Q3 (9.48 to 16.97)
E01000982,Croydon 017C,Croydon,Q1 (147500.00 to 420000.00),Q2 (79.00 to 114.00),Q3 (38.00 to 56.00),Q2 (12.31 to 20.12),Q2 (5.47 to 9.48)
E01000983,Croydon 017D,Croydon,Q1 (147500.00 to 420000.00),Q2 (79.00 to 114.00),Q2 (24.00 to 38.00),Q2 (12.31 to 20.12),Q3 (9.48 to 16.97)
E01000984,Croydon 022F,Croydon,Q1 (147500.00 to 420000.00),Q3 (114.00 to 173.00),Q4 (56.00 to 1283.00),Q4 (29.24 to 59.01),Q3 (9.48 to 16.97)
E01000985,Croydon 021A,Croydon,Q3 (520000.00 to 683000.00),Q1 (2.00 to 79.00),Q1 (0.00 to 24.00),Q1 (2.33 to 12.31),Q2 (5.47 to 9.48)
E01000986,Croydon 021B,Croydon,Q3 (520000.00 to 683000.00),Q3 (114.00 to 173.00),Q3 (38.00 to 56.00),Q2 (12.31 to 20.12),Q3 (9.48 to 16.97)
E01000987,Croydon 021C,Croydon,Q3 (520000.00 to 683000.00),Q1 (2.00 to 79.00),Q2 (24.00 to 38.00),Q1 (2.33 to 12.31),Q3 (9.48 to 16.97)
E01000989,Croydon 018A,Croydon,Q2 (420000.00 to 520000.00),Q1 (2.00 to 79.00),Q1 (0.00 to 24.00),Q2 (12.31 to 20.12),Q1 (0.19 to 5.47)
E01000990,Croydon 045A,Croydon,Q1 (147500.00 to 420000.00),Q2 (79.00 to 114.00),Q2 (24.00 to 38.00),Q4 (29.24 to 59.01),Q2 (5.47 to 9.48)
E01000991,Croydon 018B,Croydon,Q3 (520000.00 to 683000.00),Q1 (2.00 to 79.00),Q1 (0.00 to 24.00),Q1 (2.33 to 12.31),Q1 (0.19 to 5.47)
E01000992,Croydon 014A,Croydon,Q2 (420000.00 to 520000.00),Q3 (114.00 to 173.00),Q4 (56.00 to 1283.00),Q4 (29.24 to 59.01),Q2 (5.47 to 9.48)
E01000993,Croydon 021D,Croydon,Q2 (420000.00 to 520000.00),Q3 (114.00 to 173.00),Q2 (24.00 to 38.00),Q1 (2.33 to 12.31),Q3 (9.48 to 16.97)
E01000994,Croydon 009A,Croydon,Q3 (520000.00 to 683000.00),Q2 (79.00 to 114.00),Q2 (24.00 to 38.00),Q2 (12.31 to 20.12),Q2 (5.47 to 9.48)
E01000995,Croydon 009B,Croydon,Q1 (147500.00 to 420000.00),Q3 (114.00 to 173.00),Q3 (38.00 to 56.00),Q3 (20.12 to 29.24),Q2 (5.47 to 9.48)
E01000996,Croydon 009C,Croydon,Q2 (420000.00 to 520000.00),Q1 (2.00 to 79.00),Q1 (0.00 to 24.00),Q2 (12.31 to 20.12),Q2 (5.47 to 9.48)
E01000997,Croydon 009D,Croydon,Q2 (420000.00 to 520000.00),Q2 (79.00 to 114.00),Q3 (38.00 to 56.00),Q3 (20.12 to 29.24),Q3 (9.48 to 16.97)
E01000998,Croydon 010A,Croydon,Q1 (147500.00 to 420000.00),Q3 (114.00 to 173.00),Q4 (56.00 to 1283.00),Q4 (29.24 to 59.01),Q3 (9.48 to 16.97)
E01000999,Croydon 009E,Croydon,Q2 (420000.00 to 520000.00),Q1 (2.00 to 79.00),Q1 (0.00 to 24.00),Q3 (20.12 to 29.24),Q3 (9.48 to 16.97)
E01001000,Croydon 010B,Croydon,Q1 (147500.00 to 420000.00),Q3 (114.00 to 173.00),Q4 (56.00 to 1283.00),Q3 (20.12 to 29.24),Q3 (9.48 to 16.97)
E01001001,Croydon 013A,Croydon,Q1 (147500.00 to 420000.00),Q3 (114.00 to 173.00),Q3 (38.00 to 56.00),Q4 (29.24 to 59.01),Q3 (9.48 to 16.97)
E01001002,Croydon 009F,Croydon,Q1 (147500.00 to 420000.00),Q2 (79.00 to 114.00),Q2 (24.00 to 38.00),Q3 (20.12 to 29.24),Q3 (9.48 to 16.97)
E01001003,Croydon 010C,Croydon,Q1 (147500.00 to 420000.00),Q2 (79.00 to 114.00),Q1 (0.00 to 24.00),Q3 (20.12 to 29.24),Q3 (9.48 to 16.97)
E01001004,Croydon 015A,Croydon,Q1 (147500.00 to 420000.00),Q3 (114.00 to 173.00),Q4 (56.00 to 1283.00),Q3 (20.12 to 29.24),Q2 (5.47 to 9.48)
E01001005,Croydon 019A,Croydon,Q1 (147500.00 to 420000.00),Q4 (173.00 to 9206.00),Q4 (56.00 to 1283.00),Q3 (20.12 to 29.24),Q3 (9.48 to 16.97)
E01001006,Croydon 016A,Croydon,Q1 (147500.00 to 420000.00),Q4 (173.00 to 9206.00),Q4 (56.00 to 1283.00),Q4 (29.24 to 59.01),Q2 (5.47 to 9.48)
E01001007,Croydon 016B,Croydon,Q1 (147500.00 to 420000.00),Q2 (79.00 to 114.00),Q1 (0.00 to 24.00),Q2 (12.31 to 20.12),Q2 (5.47 to 9.48)
E01001008,Croydon 019B,Croydon,Q1 (147500.00 to 420000.00),Q3 (114.00 to 173.00),Q4 (56.00 to 1283.00),Q4 (29.24 to 59.01),Q2 (5.47 to 9.48)
E01001009,Croydon 019C,Croydon,Q1 (147500.00 to 420000.00),Q3 (114.00 to 173.00),Q3 (38.00 to 56.00),Q3 (20.12 to 29.24),Q3 (9.48 to 16.97)
E01001010,Croydon 019D,Croydon,Q1 (147500.00 to 420000.00),Q4 (173.00 to 9206.00),Q4 (56.00 to 1283.00),Q4 (29.24 to 59.01),Q2 (5.47 to 9.48)
E01001011,Croydon 019E,Croydon,Q1 (147500.00 to 420000.00),Q4 (173.00 to 9206.00),Q4 (56.00 to 1283.00),Q4 (29.24 to 59.01),Q4 (16.97 to 121.89)
E01001012,Croydon 020A,Croydon,Q1 (147500.00 to 420000.00),Q4 (173.00 to 9206.00),Q4 (56.00 to 1283.00),Q4 (29.24 to 59.01),Q4 (16.97 to 121.89)
E01001013,Croydon 020B,Croydon,Q1 (147500.00 to 420000.00),Q4 (173.00 to 9206.00),Q4 (56.00 to 1283.00),Q4 (29.24 to 59.01),Q4 (16.97 to 121.89)
E01001014,Croydon 024A,Croydon,Q1 (147500.00 to 420000.00),Q4 (173.00 to 9206.00),Q4 (56.00 to 1283.00),Q4 (29.24 to 59.01),Q4 (16.97 to 121.89)
E01001015,Croydon 041A,Croydon,Q3 (520000.00 to 683000.00),Q2 (79.00 to 114.00),Q3 (38.00 to 56.00),Q3 (20.12 to 29.24),Q2 (5.47 to 9.48)
E01001016,Croydon 041B,Croydon,Q3 (520000.00 to 683000.00),Q2 (79.00 to 114.00),Q2 (24.00 to 38.00),Q2 (12.31 to 20.12),Q1 (0.19 to 5.47)
E01001017,Croydon 043A,Croydon,Q3 (520000.00 to 683000.00),Q1 (2.00 to 79.00),Q1 (0.00 to 24.00),Q1 (2.33 to 12.31),Q1 (0.19 to 5.47)
E01001018,Croydon 044A,Croydon,Q3 (520000.00 to 683000.00),Q1 (2.00 to 79.00),Q1 (0.00 to 24.00),Q1 (2.33 to 12.31),Q1 (0.19 to 5.47)
E01001019,Croydon 044B,Croydon,Q4 (683000.00 to 6425000.00),Q1 (2.00 to 79.00),Q2 (24.00 to 38.00),Q1 (2.33 to 12.31),Q1 (0.19 to 5.47)
E01001020,Croydon 044C,Croydon,Q2 (420000.00 to 520000.00),Q1 (2.00 to 79.00),Q2 (24.00 to 38.00),Q1 (2.33 to 12.31),Q1 (0.19 to 5.47)
E01001021,Croydon 044D,Croydon,Q2 (420000.00 to 520000.00),Q2 (79.00 to 114.00),Q3 (38.00 to 56.00),Q4 (29.24 to 59.01),Q1 (0.19 to 5.47)
E01001022,Croydon 044E,Croydon,Q2 (420000.00 to 520000.00),Q1 (2.00 to 79.00),Q1 (0.00 to 24.00),Q1 (2.33 to 12.31),Q1 (0.19 to 5.47)
E01001023,Croydon 041C,Croydon,Q1 (147500.00 to 420000.00),Q4 (173.00 to 9206.00),Q4 (56.00 to 1283.00),Q3 (20.12 to 29.24),Q3 (9.48 to 16.97)
E01001024,Croydon 043B,Croydon,Q2 (420000.00 to 520000.00),Q1 (2.00 to 79.00),Q1 (0.00 to 24.00),Q1 (2.33 to 12.31),Q2 (5.47 to 9.48)
E01001025,Croydon 043C,Croydon,Q3 (520000.00 to 683000.00),Q1 (2.00 to 79.00),Q1 (0.00 to 24.00),Q1 (2.33 to 12.31),Q2 (5.47 to 9.48)
E01001026,Croydon 043D,Croydon,Q2 (420000.00 to 520000.00),Q1 (2.00 to 79.00),Q1 (0.00 to 24.00),Q2 (12.31 to 20.12),Q1 (0.19 to 5.47)
E01001027,Croydon 043E,Croydon,Q3 (520000.00 to 683000.00),Q2 (79.00 to 114.00),Q1 (0.00 to 24.00),Q1 (2.33 to 12.31),Q1 (0.19 to 5.47)
E01001028,Croydon 038A,Croydon,Q4 (683000.00 to 6425000.00),Q1 (2.00 to 79.00),Q2 (24.00 to 38.00),Q1 (2.33 to 12.31),Q1 (0.19 to 5.47)
E01001029,Croydon 038B,Croydon,Q4 (683000.00 to 6425000.00),Q2 (79.00 to 114.00),Q2 (24.00 to 38.00),Q2 (12.31 to 20.12),Q2 (5.47 to 9.48)
E01001030,Croydon 038C,Croydon,Q4 (683000.00 to 6425000.00),Q1 (2.00 to 79.00),Q1 (0.00 to 24.00),Q1 (2.33 to 12.31),Q2 (5.47 to 9.48)
E01001031,Croydon 038D,Croydon,Q3 (520000.00 to 683000.00),Q1 (2.00 to 79.00),Q1 (0.00 to 24.00),Q1 (2.33 to 12.31),Q1 (0.19 to 5.47)
E01001032,Croydon 035A,Croydon,Q4 (683000.00 to 6425000.00),Q1 (2.00 to 79.00),Q1 (0.00 to 24.00),Q1 (2.33 to 12.31),Q1 (0.19 to 5.47)
E01001033,Croydon 031A,Croydon,Q2 (420000.00 to 520000.00),Q3 (114.00 to 173.00),Q3 (38.00 to 56.00),Q2 (12.31 to 20.12),Q2 (5.47 to 9.48)
E01001034,Croydon 031B,Croydon,Q1 (147500.00 to 420000.00),Q1 (2.00 to 79.00),Q2 (24.00 to 38.00),Q2 (12.31 to 20.12),Q2 (5.47 to 9.48)
E01001035,Croydon 027A,Croydon,Q1 (147500.00 to 420000.00),Q2 (79.00 to 114.00),Q3 (38.00 to 56.00),Q2 (12.31 to 20.12),Q3 (9.48 to 16.97)
E01001036,Croydon 029A,Croydon,Q1 (147500.00 to 420000.00),Q2 (79.00 to 114.00),Q1 (0.00 to 24.00),Q1 (2.33 to 12.31),Q1 (0.19 to 5.47)
E01001037,Croydon 029B,Croydon,Q1 (147500.00 to 420000.00),Q4 (173.00 to 9206.00),Q3 (38.00 to 56.00),Q3 (20.12 to 29.24),Q4 (16.97 to 121.89)
E01001038,Croydon 029C,Croydon,Q1 (147500.00 to 420000.00),Q2 (79.00 to 114.00),Q2 (24.00 to 38.00),Q2 (12.31 to 20.12),Q3 (9.48 to 16.97)
E01001039,Croydon 029D,Croydon,Q3 (520000.00 to 683000.00),Q1 (2.00 to 79.00),Q1 (0.00 to 24.00),Q1 (2.33 to 12.31),Q1 (0.19 to 5.47)
E01001040,Croydon 029E,Croydon,Q1 (147500.00 to 420000.00),Q3 (114.00 to 173.00),Q3 (38.00 to 56.00),Q2 (12.31 to 20.12),Q3 (9.48 to 16.97)
E01001041,Croydon 031C,Croydon,Q1 (147500.00 to 420000.00),Q3 (114.00 to 173.00),Q3 (38.00 to 56.00),Q3 (20.12 to 29.24),Q2 (5.47 to 9.48)
E01001042,Croydon 024B,Croydon,Q1 (147500.00 to 420000.00),Q4 (173.00 to 9206.00),Q4 (56.00 to 1283.00),Q4 (29.24 to 59.01),Q4 (16.97 to 121.89)
E01001043,Croydon 027B,Croydon,Q1 (147500.00 to 420000.00),Q4 (173.00 to 9206.00),Q4 (56.00 to 1283.00),Q4 (29.24 to 59.01),Q4 (16.97 to 121.89)
E01001044,Croydon 023A,Croydon,Q1 (147500.00 to 420000.00),Q2 (79.00 to 114.00),Q2 (24.00 to 38.00),Q1 (2.33 to 12.31),Q2 (5.47 to 9.48)
E01001045,Croydon 027C,Croydon,Q1 (147500.00 to 420000.00),Q4 (173.00 to 9206.00),Q4 (56.00 to 1283.00),Q4 (29.24 to 59.01),Q4 (16.97 to 121.89)
E01001046,Croydon 023B,Croydon,Q1 (147500.00 to 420000.00),Q1 (2.00 to 79.00),Q1 (0.00 to 24.00),Q1 (2.33 to 12.31),Q4 (16.97 to 121.89)
E01001047,Croydon 027D,Croydon,Q1 (147500.00 to 420000.00),Q3 (114.00 to 173.00),Q4 (56.00 to 1283.00),Q3 (20.12 to 29.24),Q4 (16.97 to 121.89)
E01001048,Croydon 020C,Croydon,Q1 (147500.00 to 420000.00),Q4 (173.00 to 9206.00),Q4 (56.00 to 1283.00),Q3 (20.12 to 29.24),Q4 (16.97 to 121.89)
E01001049,Croydon 023C,Croydon,Q4 (683000.00 to 6425000.00),Q2 (79.00 to 114.00),Q1 (0.00 to 24.00),Q2 (12.31 to 20.12),Q1 (0.19 to 5.47)
E01001050,Croydon 023D,Croydon,Q1 (147500.00 to 420000.00),Q1 (2.00 to 79.00),Q2 (24.00 to 38.00),Q3 (20.12 to 29.24),Q4 (16.97 to 121.89)
E01001051,Croydon 030A,Croydon,Q1 (147500.00 to 420000.00),Q3 (114.00 to 173.00),Q3 (38.00 to 56.00),Q4 (29.24 to 59.01),Q2 (5.47 to 9.48)
E01001052,Croydon 030B,Croydon,Q1 (147500.00 to 420000.00),Q2 (79.00 to 114.00),Q2 (24.00 to 38.00),Q4 (29.24 to 59.01),Q1 (0.19 to 5.47)
E01001053,Croydon 032A,Croydon,Q1 (147500.00 to 420000.00),Q1 (2.00 to 79.00),Q2 (24.00 to 38.00),Q4 (29.24 to 59.01),Q2 (5.47 to 9.48)
E01001054,Croydon 030C,Croydon,Q1 (147500.00 to 420000.00),Q2 (79.00 to 114.00),Q3 (38.00 to 56.00),Q4 (29.24 to 59.01),Q3 (9.48 to 16.97)
E01001055,Croydon 032B,Croydon,Q2 (420000.00 to 520000.00),Q1 (2.00 to 79.00),Q2 (24.00 to 38.00),Q4 (29.24 to 59.01),Q2 (5.47 to 9.48)
E01001056,Croydon 030D,Croydon,Q1 (147500.00 to 420000.00),Q2 (79.00 to 114.00),Q3 (38.00 to 56.00),Q4 (29.24 to 59.01),Q2 (5.47 to 9.48)
E01001058,Croydon 034A,Croydon,Q1 (147500.00 to 420000.00),Q1 (2.00 to 79.00),Q1 (0.00 to 24.00),Q1 (2.33 to 12.31),Q1 (0.19 to 5.47)
E01001059,Croydon 034B,Croydon,Q1 (147500.00 to 420000.00),Q1 (2.00 to 79.00),Q1 (0.00 to 24.00),Q2 (12.31 to 20.12),Q1 (0.19 to 5.47)
E01001060,Croydon 034C,Croydon,Q1 (147500.00 to 420000.00),Q2 (79.00 to 114.00),Q2 (24.00 to 38.00),Q3 (20.12 to 29.24),Q1 (0.19 to 5.47)
E01001061,Croydon 034D,Croydon,Q1 (147500.00 to 420000.00),Q2 (79.00 to 114.00),Q2 (24.00 to 38.00),Q3 (20.12 to 29.24),Q1 (0.19 to 5.47)
E01001062,Croydon 026A,Croydon,Q4 (683000.00 to 6425000.00),Q3 (114.00 to 173.00),Q2 (24.00 to 38.00),Q1 (2.33 to 12.31),Q1 (0.19 to 5.47)
E01001063,Croydon 026B,Croydon,Q3 (520000.00 to 683000.00),Q1 (2.00 to 79.00),Q1 (0.00 to 24.00),Q1 (2.33 to 12.31),Q2 (5.47 to 9.48)
E01001064,Croydon 026C,Croydon,Q3 (520000.00 to 683000.00),Q3 (114.00 to 173.00),Q2 (24.00 to 38.00),Q2 (12.31 to 20.12),Q1 (0.19 to 5.47)
E01001065,Croydon 034E,Croydon,Q1 (147500.00 to 420000.00),Q3 (114.00 to 173.00),Q2 (24.00 to 38.00),Q2 (12.31 to 20.12),Q2 (5.47 to 9.48)
E01001066,Croydon 034F,Croydon,Q2 (420000.00 to 520000.00),Q1 (2.00 to 79.00),Q2 (24.00 to 38.00),Q4 (29.24 to 59.01),Q1 (0.19 to 5.47)
E01001067,Croydon 041D,Croydon,Q3 (520000.00 to 683000.00),Q1 (2.00 to 79.00),Q1 (0.00 to 24.00),Q1 (2.33 to 12.31),Q1 (0.19 to 5.47)
E01001068,Croydon 042A,Croydon,Q1 (147500.00 to 420000.00),Q1 (2.00 to 79.00),Q2 (24.00 to 38.00),Q2 (12.31 to 20.12),Q1 (0.19 to 5.47)
E01001069,Croydon 040A,Croydon,Q3 (520000.00 to 683000.00),Q1 (2.00 to 79.00),Q1 (0.00 to 24.00),Q1 (2.33 to 12.31),Q1 (0.19 to 5.47)
E01001070,Croydon 040B,Croydon,Q3 (520000.00 to 683000.00),Q2 (79.00 to 114.00),Q2 (24.00 to 38.00),Q2 (12.31 to 20.12),Q1 (0.19 to 5.47)
E01001071,Croydon 042B,Croydon,Q3 (520000.00 to 683000.00),Q1 (2.00 to 79.00),Q1 (0.00 to 24.00),Q2 (12.31 to 20.12),Q1 (0.19 to 5.47)
E01001072,Croydon 042C,Croydon,Q4 (683000.00 to 6425000.00),Q1 (2.00 to 79.00),Q1 (0.00 to 24.00),Q1 (2.33 to 12.31),Q1 (0.19 to 5.47)
E01001073,Croydon 037A,Croydon,Q1 (147500.00 to 420000.00),Q1 (2.00 to 79.00),Q1 (0.00 to 24.00),Q2 (12.31 to 20.12),Q2 (5.47 to 9.48)
E01001074,Croydon 041E,Croydon,Q2 (420000.00 to 520000.00),Q3 (114.00 to 173.00),Q3 (38.00 to 56.00),Q2 (12.31 to 20.12),Q2 (5.47 to 9.48)
E01001075,Croydon 040C,Croydon,Q2 (420000.00 to 520000.00),Q1 (2.00 to 79.00),Q1 (0.00 to 24.00),Q1 (2.33 to 12.31),Q1 (0.19 to 5.47)
E01001076,Croydon 036A,Croydon,Q1 (147500.00 to 420000.00),Q4 (173.00 to 9206.00),Q4 (56.00 to 1283.00),Q4 (29.24 to 59.01),Q2 (5.47 to 9.48)
E01001077,Croydon 032C,Croydon,Q1 (147500.00 to 420000.00),Q1 (2.00 to 79.00),Q1 (0.00 to 24.00),Q2 (12.31 to 20.12),Q3 (9.48 to 16.97)
E01001078,Croydon 032D,Croydon,Q1 (147500.00 to 420000.00),Q2 (79.00 to 114.00),Q2 (24.00 to 38.00),Q4 (29.24 to 59.01),Q3 (9.48 to 16.97)
E01001079,Croydon 036B,Croydon,Q1 (147500.00 to 420000.00),Q2 (79.00 to 114.00),Q3 (38.00 to 56.00),Q4 (29.24 to 59.01),Q2 (5.47 to 9.48)
E01001080,Croydon 036C,Croydon,Q1 (147500.00 to 420000.00),Q2 (79.00 to 114.00),Q3 (38.00 to 56.00),Q4 (29.24 to 59.01),Q2 (5.47 to 9.48)
E01001081,Croydon 036D,Croydon,Q2 (420000.00 to 520000.00),Q2 (79.00 to 114.00),Q3 (38.00 to 56.00),Q4 (29.24 to 59.01),Q1 (0.19 to 5.47)
E01001082,Croydon 032E,Croydon,Q1 (147500.00 to 420000.00),Q2 (79.00 to 114.00),Q3 (38.00 to 56.00),Q4 (29.24 to 59.01),Q2 (5.47 to 9.48)
E01001083,Croydon 003A,Croydon,Q4 (683000.00 to 6425000.00),Q1 (2.00 to 79.00),Q1 (0.00 to 24.00),Q2 (12.31 to 20.12),Q2 (5.47 to 9.48)
E01001084,Croydon 002A,Croydon,Q4 (683000.00 to 6425000.00),Q3 (114.00 to 173.00),Q2 (24.00 to 38.00),Q2 (12.31 to 20.12),Q1 (0.19 to 5.47)
E01001085,Croydon 004A,Croydon,Q3 (520000.00 to 683000.00),Q3 (114.00 to 173.00),Q3 (38.00 to 56.00),Q2 (12.31 to 20.12),Q3 (9.48 to 16.97)
E01001086,Croydon 003B,Croydon,Q3 (520000.00 to 683000.00),Q2 (79.00 to 114.00),Q2 (24.00 to 38.00),Q2 (12.31 to 20.12),Q2 (5.47 to 9.48)
E01001087,Croydon 003C,Croydon,Q1 (147500.00 to 420000.00),Q4 (173.00 to 9206.00),Q4 (56.00 to 1283.00),Q3 (20.12 to 29.24),Q3 (9.48 to 16.97)
E01001088,Croydon 004B,Croydon,Q2 (420000.00 to 520000.00),Q2 (79.00 to 114.00),Q2 (24.00 to 38.00),Q2 (12.31 to 20.12),Q1 (0.19 to 5.47)
E01001089,Croydon 004C,Croydon,Q2 (420000.00 to 520000.00),Q3 (114.00 to 173.00),Q3 (38.00 to 56.00),Q3 (20.12 to 29.24),Q3 (9.48 to 16.97)
E01001090,Croydon 004D,Croydon,Q1 (147500.00 to 420000.00),Q3 (114.00 to 173.00),Q3 (38.00 to 56.00),Q3 (20.12 to 29.24),Q3 (9.48 to 16.97)
E01001091,Croydon 004E,Croydon,Q3 (520000.00 to 683000.00),Q2 (79.00 to 114.00),Q1 (0.00 to 24.00),Q2 (12.31 to 20.12),Q1 (0.19 to 5.47)
E01001092,Croydon 037B,Croydon,Q2 (420000.00 to 520000.00),Q3 (114.00 to 173.00),Q2 (24.00 to 38.00),Q2 (12.31 to 20.12),Q2 (5.47 to 9.48)
E01001093,Croydon 037C,Croydon,Q2 (420000.00 to 520000.00),Q1 (2.00 to 79.00),Q2 (24.00 to 38.00),Q1 (2.33 to 12.31),Q2 (5.47 to 9.48)
E01001094,Croydon 038E,Croydon,Q4 (683000.00 to 6425000.00),Q2 (79.00 to 114.00),Q3 (38.00 to 56.00),Q1 (2.33 to 12.31),Q1 (0.19 to 5.47)
E01001095,Croydon 031D,Croydon,Q1 (147500.00 to 420000.00),Q2 (79.00 to 114.00),Q3 (38.00 to 56.00),Q2 (12.31 to 20.12),Q3 (9.48 to 16.97)
E01001096,Croydon 037D,Croydon,Q4 (683000.00 to 6425000.00),Q1 (2.00 to 79.00),Q1 (0.00 to 24.00),Q1 (2.33 to 12.31),Q1 (0.19 to 5.47)
E01001097,Croydon 037E,Croydon,Q1 (147500.00 to 420000.00),Q4 (173.00 to 9206.00),Q4 (56.00 to 1283.00),Q3 (20.12 to 29.24),Q4 (16.97 to 121.89)
E01001098,Croydon 037F,Croydon,Q4 (683000.00 to 6425000.00),Q1 (2.00 to 79.00),Q1 (0.00 to 24.00),Q1 (2.33 to 12.31),Q1 (0.19 to 5.47)
E01001099,Croydon 040D,Croydon,Q2 (420000.00 to 520000.00),Q1 (2.00 to 79.00),Q1 (0.00 to 24.00),Q2 (12.31 to 20.12),Q2 (5.47 to 9.48)
E01001100,Croydon 031E,Croydon,Q2 (420000.00 to 520000.00),Q1 (2.00 to 79.00),Q1 (0.00 to 24.00),Q1 (2.33 to 12.31),Q3 (9.48 to 16.97)
E01001101,Croydon 035B,Croydon,Q4 (683000.00 to 6425000.00),Q1 (2.00 to 79.00),Q1 (0.00 to 24.00),Q1 (2.33 to 12.31),Q1 (0.19 to 5.47)
E01001102,Croydon 035C,Croydon,Q3 (520000.00 to 683000.00),Q1 (2.00 to 79.00),Q1 (0.00 to 24.00),Q1 (2.33 to 12.31),Q1 (0.19 to 5.47)
E01001103,Croydon 039A,Croydon,Q3 (520000.00 to 683000.00),Q1 (2.00 to 79.00),Q1 (0.00 to 24.00),Q1 (2.33 to 12.31),Q1 (0.19 to 5.47)
E01001104,Croydon 042D,Croydon,Q3 (520000.00 to 683000.00),Q1 (2.00 to 79.00),Q1 (0.00 to 24.00),Q1 (2.33 to 12.31),Q1 (0.19 to 5.47)
E01001105,Croydon 039B,Croydon,Q2 (420000.00 to 520000.00),Q1 (2.00 to 79.00),Q2 (24.00 to 38.00),Q3 (20.12 to 29.24),Q1 (0.19 to 5.47)
E01001106,Croydon 039C,Croydon,Q3 (520000.00 to 683000.00),Q1 (2.00 to 79.00),Q2 (24.00 to 38.00),Q2 (12.31 to 20.12),Q1 (0.19 to 5.47)
E01001107,Croydon 035D,Croydon,Q3 (520000.00 to 683000.00),Q1 (2.00 to 79.00),Q1 (0.00 to 24.00),Q1 (2.33 to 12.31),Q1 (0.19 to 5.47)
E01001108,Croydon 035E,Croydon,Q4 (683000.00 to 6425000.00),Q1 (2.00 to 79.00),Q1 (0.00 to 24.00),Q1 (2.33 to 12.31),Q1 (0.19 to 5.47)
E01001109,Croydon 013B,Croydon,Q1 (147500.00 to 420000.00),Q4 (173.00 to 9206.00),Q4 (56.00 to 1283.00),Q4 (29.24 to 59.01),Q2 (5.47 to 9.48)
E01001110,Croydon 020D,Croydon,Q1 (147500.00 to 420000.00),Q4 (173.00 to 9206.00),Q4 (56.00 to 1283.00),Q4 (29.24 to 59.01),Q4 (16.97 to 121.89)
E01001111,Croydon 010D,Croydon,Q2 (420000.00 to 520000.00),Q4 (173.00 to 9206.00),Q3 (38.00 to 56.00),Q3 (20.12 to 29.24),Q3 (9.48 to 16.97)
E01001112,Croydon 013C,Croydon,Q1 (147500.00 to 420000.00),Q3 (114.00 to 173.00),Q3 (38.00 to 56.00),Q4 (29.24 to 59.01),Q3 (9.48 to 16.97)
E01001113,Croydon 013D,Croydon,Q1 (147500.00 to 420000.00),Q4 (173.00 to 9206.00),Q4 (56.00 to 1283.00),Q3 (20.12 to 29.24),Q3 (9.48 to 16.97)
E01001114,Croydon 013E,Croydon,Q1 (147500.00 to 420000.00),Q4 (173.00 to 9206.00),Q3 (38.00 to 56.00),Q4 (29.24 to 59.01),Q3 (9.48 to 16.97)
E01001115,Croydon 015B,Croydon,Q1 (147500.00 to 420000.00),Q3 (114.00 to 173.00),Q4 (56.00 to 1283.00),Q4 (29.24 to 59.01),Q2 (5.47 to 9.48)
E01001116,Croydon 013F,Croydon,Q1 (147500.00 to 420000.00),Q4 (173.00 to 9206.00),Q4 (56.00 to 1283.00),Q3 (20.12 to 29.24),Q3 (9.48 to 16.97)
E01001117,Croydon 015C,Croydon,Q1 (147500.00 to 420000.00),Q2 (79.00 to 114.00),Q1 (0.00 to 24.00),Q3 (20.12 to 29.24),Q3 (9.48 to 16.97)
E01001118,Croydon 020E,Croydon,Q1 (147500.00 to 420000.00),Q4 (173.00 to 9206.00),Q4 (56.00 to 1283.00),Q4 (29.24 to 59.01),Q3 (9.48 to 16.97)
E01001119,Croydon 034G,Croydon,Q2 (420000.00 to 520000.00),Q1 (2.00 to 79.00),Q1 (0.00 to 24.00),Q1 (2.33 to 12.31),Q1 (0.19 to 5.47)
E01001120,Croydon 033A,Croydon,Q2 (420000.00 to 520000.00),Q1 (2.00 to 79.00),Q1 (0.00 to 24.00),Q1 (2.33 to 12.31),Q1 (0.19 to 5.47)
E01001121,Croydon 039D,Croydon,Q4 (683000.00 to 6425000.00),Q1 (2.00 to 79.00),Q1 (0.00 to 24.00),Q1 (2.33 to 12.31),Q1 (0.19 to 5.47)
E01001122,Croydon 033B,Croydon,Q4 (683000.00 to 6425000.00),Q1 (2.00 to 79.00),Q1 (0.00 to 24.00),Q1 (2.33 to 12.31),Q1 (0.19 to 5.47)
E01001123,Croydon 033C,Croydon,Q3 (520000.00 to 683000.00),Q1 (2.00 to 79.00),Q1 (0.00 to 24.00),Q1 (2.33 to 12.31),Q1 (0.19 to 5.47)
E01001124,Croydon 033D,Croydon,Q4 (683000.00 to 6425000.00),Q1 (2.00 to 79.00),Q1 (0.00 to 24.00),Q1 (2.33 to 12.31),Q1 (0.19 to 5.47)
E01001125,Croydon 033E,Croydon,Q3 (520000.00 to 683000.00),Q2 (79.00 to 114.00),Q3 (38.00 to 56.00),Q1 (2.33 to 12.31),Q2 (5.47 to 9.48)
E01001126,Croydon 034H,Croydon,Q2 (420000.00 to 520000.00),Q1 (2.00 to 79.00),Q1 (0.00 to 24.00),Q1 (2.33 to 12.31),Q1 (0.19 to 5.47)
E01001127,Croydon 025A,Croydon,Q3 (520000.00 to 683000.00),Q1 (2.00 to 79.00),Q2 (24.00 to 38.00),Q1 (2.33 to 12.31),Q1 (0.19 to 5.47)
E01001128,Croydon 025B,Croydon,Q1 (147500.00 to 420000.00),Q2 (79.00 to 114.00),Q3 (38.00 to 56.00),Q4 (29.24 to 59.01),Q1 (0.19 to 5.47)
E01001129,Croydon 026D,Croydon,Q3 (520000.00 to 683000.00),Q1 (2.00 to 79.00),Q1 (0.00 to 24.00),Q1 (2.33 to 12.31),Q1 (0.19 to 5.47)
E01001130,Croydon 025C,Croydon,Q1 (147500.00 to 420000.00),Q3 (114.00 to 173.00),Q4 (56.00 to 1283.00),Q4 (29.24 to 59.01),Q1 (0.19 to 5.47)
E01001131,Croydon 018C,Croydon,Q1 (147500.00 to 420000.00),Q1 (2.00 to 79.00),Q1 (0.00 to 24.00),Q2 (12.31 to 20.12),Q1 (0.19 to 5.47)
E01001132,Croydon 018D,Croydon,Q3 (520000.00 to 683000.00),Q2 (79.00 to 114.00),Q2 (24.00 to 38.00),Q1 (2.33 to 12.31),Q1 (0.19 to 5.47)
E01001133,Croydon 026E,Croydon,Q1 (147500.00 to 420000.00),Q1 (2.00 to 79.00),Q1 (0.00 to 24.00),Q1 (2.33 to 12.31),Q1 (0.19 to 5.47)
E01001134,Croydon 018E,Croydon,Q2 (420000.00 to 520000.00),Q1 (2.00 to 79.00),Q2 (24.00 to 38.00),Q1 (2.33 to 12.31),Q1 (0.19 to 5.47)
E01001135,Croydon 025D,Croydon,Q3 (520000.00 to 683000.00),Q2 (79.00 to 114.00),Q1 (0.00 to 24.00),Q1 (2.33 to 12.31),Q1 (0.19 to 5.47)
E01001136,Croydon 007A,Croydon,Q1 (147500.00 to 420000.00),Q4 (173.00 to 9206.00),Q4 (56.00 to 1283.00),Q4 (29.24 to 59.01),Q4 (16.97 to 121.89)
E01001137,Croydon 001A,Croydon,Q1 (147500.00 to 420000.00),Q3 (114.00 to 173.00),Q4 (56.00 to 1283.00),Q3 (20.12 to 29.24),Q2 (5.47 to 9.48)
E01001138,Croydon 001B,Croydon,Q1 (147500.00 to 420000.00),Q2 (79.00 to 114.00),Q1 (0.00 to 24.00),Q2 (12.31 to 20.12),Q2 (5.47 to 9.48)
E01001139,Croydon 007B,Croydon,Q2 (420000.00 to 520000.00),Q2 (79.00 to 114.00),Q2 (24.00 to 38.00),Q2 (12.31 to 20.12),Q3 (9.48 to 16.97)
E01001140,Croydon 007C,Croydon,Q1 (147500.00 to 420000.00),Q1 (2.00 to 79.00),Q1 (0.00 to 24.00),Q3 (20.12 to 29.24),Q2 (5.47 to 9.48)
E01001141,Croydon 008A,Croydon,Q1 (147500.00 to 420000.00),Q1 (2.00 to 79.00),Q1 (0.00 to 24.00),Q3 (20.12 to 29.24),Q2 (5.47 to 9.48)
E01001142,Croydon 007D,Croydon,Q3 (520000.00 to 683000.00),Q3 (114.00 to 173.00),Q3 (38.00 to 56.00),Q3 (20.12 to 29.24),Q3 (9.48 to 16.97)
E01001143,Croydon 008B,Croydon,Q2 (420000.00 to 520000.00),Q2 (79.00 to 114.00),Q3 (38.00 to 56.00),Q4 (29.24 to 59.01),Q3 (9.48 to 16.97)
E01001144,Croydon 007E,Croydon,Q1 (147500.00 to 420000.00),Q3 (114.00 to 173.00),Q4 (56.00 to 1283.00),Q4 (29.24 to 59.01),Q4 (16.97 to 121.89)
E01001145,Croydon 008C,Croydon,Q1 (147500.00 to 420000.00),Q4 (173.00 to 9206.00),Q4 (56.00 to 1283.00),Q4 (29.24 to 59.01),Q4 (16.97 to 121.89)
E01001146,Croydon 006A,Croydon,Q2 (420000.00 to 520000.00),Q2 (79.00 to 114.00),Q2 (24.00 to 38.00),Q2 (12.31 to 20.12),Q1 (0.19 to 5.47)
E01001147,Croydon 005A,Croydon,Q1 (147500.00 to 420000.00),Q2 (79.00 to 114.00),Q3 (38.00 to 56.00),Q4 (29.24 to 59.01),Q1 (0.19 to 5.47)
E01001148,Croydon 005B,Croydon,Q1 (147500.00 to 420000.00),Q2 (79.00 to 114.00),Q2 (24.00 to 38.00),Q3 (20.12 to 29.24),Q1 (0.19 to 5.47)
E01001149,Croydon 006B,Croydon,Q2 (420000.00 to 520000.00),Q1 (2.00 to 79.00),Q2 (24.00 to 38.00),Q2 (12.31 to 20.12),Q1 (0.19 to 5.47)
E01001150,Croydon 006C,Croydon,Q2 (420000.00 to 520000.00),Q3 (114.00 to 173.00),Q2 (24.00 to 38.00),Q3 (20.12 to 29.24),Q2 (5.47 to 9.48)
E01001151,Croydon 005C,Croydon,Q1 (147500.00 to 420000.00),Q4 (173.00 to 9206.00),Q4 (56.00 to 1283.00),Q4 (29.24 to 59.01),Q3 (9.48 to 16.97)
E01001152,Croydon 005D,Croydon,Q1 (147500.00 to 420000.00),Q4 (173.00 to 9206.00),Q4 (56.00 to 1283.00),Q4 (29.24 to 59.01),Q3 (9.48 to 16.97)
E01001153,Croydon 006D,Croydon,Q2 (420000.00 to 520000.00),Q2 (79.00 to 114.00),Q3 (38.00 to 56.00),Q3 (20.12 to 29.24),Q3 (9.48 to 16.97)
E01001154,Croydon 006E,Croydon,Q1 (147500.00 to 420000.00),Q4 (173.00 to 9206.00),Q4 (56.00 to 1283.00),Q3 (20.12 to 29.24),Q3 (9.48 to 16.97)
E01001155,Croydon 010E,Croydon,Q1 (147500.00 to 420000.00),Q4 (173.00 to 9206.00),Q4 (56.00 to 1283.00),Q4 (29.24 to 59.01),Q4 (16.97 to 121.89)
E01001156,Croydon 001C,Croydon,Q1 (147500.00 to 420000.00),Q1 (2.00 to 79.00),Q2 (24.00 to 38.00),Q3 (20.12 to 29.24),Q2 (5.47 to 9.48)
E01001157,Croydon 002B,Croydon,Q3 (520000.00 to 683000.00),Q3 (114.00 to 173.00),Q3 (38.00 to 56.00),Q2 (12.31 to 20.12),Q1 (0.19 to 5.47)
E01001158,Croydon 005E,Croydon,Q1 (147500.00 to 420000.00),Q1 (2.00 to 79.00),Q1 (0.00 to 24.00),Q3 (20.12 to 29.24),Q2 (5.47 to 9.48)
E01001159,Croydon 002C,Croydon,Q1 (147500.00 to 420000.00),Q3 (114.00 to 173.00),Q3 (38.00 to 56.00),Q2 (12.31 to 20.12),Q2 (5.47 to 9.48)
E01001160,Croydon 002D,Croydon,Q3 (520000.00 to 683000.00),Q3 (114.00 to 173.00),Q3 (38.00 to 56.00),Q2 (12.31 to 20.12),Q1 (0.19 to 5.47)
E01001161,Croydon 003D,Croydon,Q2 (420000.00 to 520000.00),Q3 (114.00 to 173.00),Q3 (38.00 to 56.00),Q4 (29.24 to 59.01),Q1 (0.19 to 5.47)
E01001162,Croydon 001D,Croydon,Q2 (420000.00 to 520000.00),Q3 (114.00 to 173.00),Q3 (38.00 to 56.00),Q3 (20.12 to 29.24),Q2 (5.47 to 9.48)
E01001163,Croydon 002E,Croydon,Q1 (147500.00 to 420000.00),Q2 (79.00 to 114.00),Q1 (0.00 to 24.00),Q2 (12.31 to 20.12),Q2 (5.47 to 9.48)
E01001164,Croydon 001E,Croydon,Q1 (147500.00 to 420000.00),Q4 (173.00 to 9206.00),Q4 (56.00 to 1283.00),Q3 (20.12 to 29.24),Q4 (16.97 to 121.89)
E01001165,Croydon 024C,Croydon,Q2 (420000.00 to 520000.00),Q2 (79.00 to 114.00),Q2 (24.00 to 38.00),Q3 (20.12 to 29.24),Q3 (9.48 to 16.97)
E01001166,Croydon 024D,Croydon,Q1 (147500.00 to 420000.00),Q3 (114.00 to 173.00),Q4 (56.00 to 1283.00),Q4 (29.24 to 59.01),Q4 (16.97 to 121.89)
E01001167,Croydon 028A,Croydon,Q2 (420000.00 to 520000.00),Q4 (173.00 to 9206.00),Q3 (38.00 to 56.00),Q3 (20.12 to 29.24),Q3 (9.48 to 16.97)
E01001168,Croydon 024E,Croydon,Q1 (147500.00 to 420000.00),Q3 (114.00 to 173.00),Q3 (38.00 to 56.00),Q3 (20.12 to 29.24),Q3 (9.48 to 16.97)
E01001169,Croydon 028B,Croydon,Q2 (420000.00 to 520000.00),Q3 (114.00 to 173.00),Q3 (38.00 to 56.00),Q4 (29.24 to 59.01),Q2 (5.47 to 9.48)
E01001170,Croydon 027E,Croydon,Q1 (147500.00 to 420000.00),Q4 (173.00 to 9206.00),Q4 (56.00 to 1283.00),Q3 (20.12 to 29.24),Q4 (16.97 to 121.89)
E01001171,Croydon 028C,Croydon,Q1 (147500.00 to 420000.00),Q2 (79.00 to 114.00),Q2 (24.00 to 38.00),Q3 (20.12 to 29.24),Q3 (9.48 to 16.97)
E01001172,Croydon 028D,Croydon,Q2 (420000.00 to 520000.00),Q4 (173.00 to 9206.00),Q4 (56.00 to 1283.00),Q4 (29.24 to 59.01),Q1 (0.19 to 5.47)
E01001173,Croydon 028E,Croydon,Q1 (147500.00 to 420000.00),Q3 (114.00 to 173.00),Q4 (56.00 to 1283.00),Q2 (12.31 to 20.12),Q1 (0.19 to 5.47)
E01001174,Croydon 011A,Croydon,Q2 (420000.00 to 520000.00),Q2 (79.00 to 114.00),Q2 (24.00 to 38.00),Q3 (20.12 to 29.24),Q1 (0.19 to 5.47)
E01001175,Croydon 011B,Croydon,Q1 (147500.00 to 420000.00),Q3 (114.00 to 173.00),Q3 (38.00 to 56.00),Q4 (29.24 to 59.01),Q3 (9.48 to 16.97)
E01001176,Croydon 011C,Croydon,Q1 (147500.00 to 420000.00),Q4 (173.00 to 9206.00),Q3 (38.00 to 56.00),Q3 (20.12 to 29.24),Q2 (5.47 to 9.48)
E01001177,Croydon 016C,Croydon,Q1 (147500.00 to 420000.00),Q4 (173.00 to 9206.00),Q4 (56.00 to 1283.00),Q4 (29.24 to 59.01),Q2 (5.47 to 9.48)
E01001178,Croydon 015D,Croydon,Q1 (147500.00 to 420000.00),Q4 (173.00 to 9206.00),Q4 (56.00 to 1283.00),Q4 (29.24 to 59.01),Q3 (9.48 to 16.97)
E01001179,Croydon 016D,Croydon,Q1 (147500.00 to 420000.00),Q2 (79.00 to 114.00),Q3 (38.00 to 56.00),Q3 (20.12 to 29.24),Q2 (5.47 to 9.48)
E01001180,Croydon 016E,Croydon,Q1 (147500.00 to 420000.00),Q3 (114.00 to 173.00),Q3 (38.00 to 56.00),Q3 (20.12 to 29.24),Q2 (5.47 to 9.48)
E01001181,Croydon 015E,Croydon,Q1 (147500.00 to 420000.00),Q4 (173.00 to 9206.00),Q4 (56.00 to 1283.00),Q4 (29.24 to 59.01),Q3 (9.48 to 16.97)
E01001182,Croydon 011D,Croydon,Q2 (420000.00 to 520000.00),Q2 (79.00 to 114.00),Q2 (24.00 to 38.00),Q3 (20.12 to 29.24),Q2 (5.47 to 9.48)
E01001183,Croydon 011E,Croydon,Q1 (147500.00 to 420000.00),Q4 (173.00 to 9206.00),Q4 (56.00 to 1283.00),Q3 (20.12 to 29.24),Q3 (9.48 to 16.97)
E01001184,Croydon 011F,Croydon,Q2 (420000.00 to 520000.00),Q2 (79.00 to 114.00),Q3 (38.00 to 56.00),Q2 (12.31 to 20.12),Q1 (0.19 to 5.47)
E01001185,Croydon 014B,Croydon,Q1 (147500.00 to 420000.00),Q3 (114.00 to 173.00),Q4 (56.00 to 1283.00),Q2 (12.31 to 20.12),Q3 (9.48 to 16.97)
E01001186,Croydon 014C,Croydon,Q1 (147500.00 to 420000.00),Q3 (114.00 to 173.00),Q3 (38.00 to 56.00),Q3 (20.12 to 29.24),Q3 (9.48 to 16.97)
E01001187,Croydon 017E,Croydon,Q2 (420000.00 to 520000.00),Q2 (79.00 to 114.00),Q3 (38.00 to 56.00),Q3 (20.12 to 29.24),Q2 (5.47 to 9.48)
E01001188,Croydon 014D,Croydon,Q2 (420000.00 to 520000.00),Q3 (114.00 to 173.00),Q3 (38.00 to 56.00),Q3 (20.12 to 29.24),Q3 (9.48 to 16.97)
E01001189,Croydon 045B,Croydon,Q2 (420000.00 to 520000.00),Q1 (2.00 to 79.00),Q2 (24.00 to 38.00),Q2 (12.31 to 20.12),Q3 (9.48 to 16.97)
E01001190,Croydon 045C,Croydon,Q2 (420000.00 to 520000.00),Q1 (2.00 to 79.00),Q1 (0.00 to 24.00),Q3 (20.12 to 29.24),Q2 (5.47 to 9.48)
E01001191,Croydon 008D,Croydon,Q1 (147500.00 to 420000.00),Q4 (173.00 to 9206.00),Q4 (56.00 to 1283.00),Q4 (29.24 to 59.01),Q4 (16.97 to 121.89)
E01001192,Croydon 008E,Croydon,Q1 (147500.00 to 420000.00),Q3 (114.00 to 173.00),Q3 (38.00 to 56.00),Q3 (20.12 to 29.24),Q3 (9.48 to 16.97)
E01001193,Croydon 014E,Croydon,Q2 (420000.00 to 520000.00),Q3 (114.00 to 173.00),Q3 (38.00 to 56.00),Q4 (29.24 to 59.01),Q2 (5.47 to 9.48)
E01001194,Croydon 045D,Croydon,Q2 (420000.00 to 520000.00),Q2 (79.00 to 114.00),Q3 (38.00 to 56.00),Q2 (12.31 to 20.12),Q3 (9.48 to 16.97)
E01001195,Ealing 021A,Ealing,Q4 (683000.00 to 6425000.00),Q2 (79.00 to 114.00),Q1 (0.00 to 24.00),Q2 (12.31 to 20.12),Q2 (5.47 to 9.48)
E01001196,Ealing 015A,Ealing,Q3 (520000.00 to 683000.00),Q2 (79.00 to 114.00),Q3 (38.00 to 56.00),Q4 (29.24 to 59.01),Q3 (9.48 to 16.97)
E01001197,Ealing 021B,Ealing,Q3 (520000.00 to 683000.00),Q2 (79.00 to 114.00),Q1 (0.00 to 24.00),Q3 (20.12 to 29.24),Q2 (5.47 to 9.48)
E01001198,Ealing 021C,Ealing,Q4 (683000.00 to 6425000.00),Q1 (2.00 to 79.00),Q1 (0.00 to 24.00),Q2 (12.31 to 20.12),Q2 (5.47 to 9.48)
E01001199,Ealing 021D,Ealing,Q2 (420000.00 to 520000.00),Q3 (114.00 to 173.00),Q3 (38.00 to 56.00),Q3 (20.12 to 29.24),Q2 (5.47 to 9.48)
E01001200,Ealing 025A,Ealing,Q3 (520000.00 to 683000.00),Q3 (114.00 to 173.00),Q2 (24.00 to 38.00),Q2 (12.31 to 20.12),Q1 (0.19 to 5.47)
E01001201,Ealing 025B,Ealing,Q4 (683000.00 to 6425000.00),Q2 (79.00 to 114.00),Q2 (24.00 to 38.00),Q2 (12.31 to 20.12),Q2 (5.47 to 9.48)
E01001202,Ealing 025C,Ealing,Q3 (520000.00 to 683000.00),Q4 (173.00 to 9206.00),Q4 (56.00 to 1283.00),Q4 (29.24 to 59.01),Q3 (9.48 to 16.97)
E01001203,Ealing 025D,Ealing,Q2 (420000.00 to 520000.00),Q3 (114.00 to 173.00),Q3 (38.00 to 56.00),Q4 (29.24 to 59.01),Q3 (9.48 to 16.97)
E01001204,Ealing 018A,Ealing,Q4 (683000.00 to 6425000.00),Q1 (2.00 to 79.00),Q1 (0.00 to 24.00),Q2 (12.31 to 20.12),Q3 (9.48 to 16.97)
E01001205,Ealing 018B,Ealing,Q3 (520000.00 to 683000.00),Q1 (2.00 to 79.00),Q2 (24.00 to 38.00),Q4 (29.24 to 59.01),Q2 (5.47 to 9.48)
E01001207,Ealing 018D,Ealing,Q4 (683000.00 to 6425000.00),Q2 (79.00 to 114.00),Q2 (24.00 to 38.00),Q2 (12.31 to 20.12),Q3 (9.48 to 16.97)
E01001208,Ealing 018E,Ealing,Q4 (683000.00 to 6425000.00),Q1 (2.00 to 79.00),Q1 (0.00 to 24.00),Q1 (2.33 to 12.31),Q2 (5.47 to 9.48)
E01001209,Ealing 013A,Ealing,Q4 (683000.00 to 6425000.00),Q2 (79.00 to 114.00),Q2 (24.00 to 38.00),Q1 (2.33 to 12.31),Q1 (0.19 to 5.47)
E01001210,Ealing 016A,Ealing,Q4 (683000.00 to 6425000.00),Q3 (114.00 to 173.00),Q3 (38.00 to 56.00),Q4 (29.24 to 59.01),Q2 (5.47 to 9.48)
E01001211,Ealing 013B,Ealing,Q2 (420000.00 to 520000.00),Q1 (2.00 to 79.00),Q1 (0.00 to 24.00),Q1 (2.33 to 12.31),Q2 (5.47 to 9.48)
E01001212,Ealing 018F,Ealing,Q3 (520000.00 to 683000.00),Q1 (2.00 to 79.00),Q1 (0.00 to 24.00),Q2 (12.31 to 20.12),Q2 (5.47 to 9.48)
E01001213,Ealing 023A,Ealing,Q2 (420000.00 to 520000.00),Q3 (114.00 to 173.00),Q4 (56.00 to 1283.00),Q3 (20.12 to 29.24),Q3 (9.48 to 16.97)
E01001214,Ealing 023B,Ealing,Q3 (520000.00 to 683000.00),Q1 (2.00 to 79.00),Q2 (24.00 to 38.00),Q2 (12.31 to 20.12),Q2 (5.47 to 9.48)
E01001215,Ealing 023C,Ealing,Q1 (147500.00 to 420000.00),Q4 (173.00 to 9206.00),Q4 (56.00 to 1283.00),Q4 (29.24 to 59.01),Q4 (16.97 to 121.89)
E01001216,Ealing 023D,Ealing,Q1 (147500.00 to 420000.00),Q1 (2.00 to 79.00),Q2 (24.00 to 38.00),Q3 (20.12 to 29.24),Q3 (9.48 to 16.97)
E01001217,Ealing 014A,Ealing,Q3 (520000.00 to 683000.00),Q1 (2.00 to 79.00),Q2 (24.00 to 38.00),Q2 (12.31 to 20.12),Q1 (0.19 to 5.47)
E01001218,Ealing 012A,Ealing,Q1 (147500.00 to 420000.00),Q3 (114.00 to 173.00),Q4 (56.00 to 1283.00),Q4 (29.24 to 59.01),Q1 (0.19 to 5.47)
E01001219,Ealing 029A,Ealing,Q1 (147500.00 to 420000.00),Q3 (114.00 to 173.00),Q4 (56.00 to 1283.00),Q4 (29.24 to 59.01),Q1 (0.19 to 5.47)
E01001220,Ealing 029B,Ealing,Q1 (147500.00 to 420000.00),Q2 (79.00 to 114.00),Q3 (38.00 to 56.00),Q4 (29.24 to 59.01),Q2 (5.47 to 9.48)
E01001221,Ealing 020A,Ealing,Q3 (520000.00 to 683000.00),Q4 (173.00 to 9206.00),Q4 (56.00 to 1283.00),Q3 (20.12 to 29.24),Q4 (16.97 to 121.89)
E01001222,Ealing 019A,Ealing,Q2 (420000.00 to 520000.00),Q4 (173.00 to 9206.00),Q3 (38.00 to 56.00),Q3 (20.12 to 29.24),Q4 (16.97 to 121.89)
E01001223,Ealing 020B,Ealing,Q3 (520000.00 to 683000.00),Q1 (2.00 to 79.00),Q1 (0.00 to 24.00),Q1 (2.33 to 12.31),Q3 (9.48 to 16.97)
E01001224,Ealing 019B,Ealing,Q4 (683000.00 to 6425000.00),Q1 (2.00 to 79.00),Q1 (0.00 to 24.00),Q1 (2.33 to 12.31),Q2 (5.47 to 9.48)
E01001225,Ealing 020C,Ealing,Q4 (683000.00 to 6425000.00),Q4 (173.00 to 9206.00),Q4 (56.00 to 1283.00),Q3 (20.12 to 29.24),Q4 (16.97 to 121.89)
E01001226,Ealing 019C,Ealing,Q3 (520000.00 to 683000.00),Q1 (2.00 to 79.00),Q1 (0.00 to 24.00),Q2 (12.31 to 20.12),Q3 (9.48 to 16.97)
E01001227,Ealing 019D,Ealing,Q4 (683000.00 to 6425000.00),Q1 (2.00 to 79.00),Q2 (24.00 to 38.00),Q1 (2.33 to 12.31),Q3 (9.48 to 16.97)
E01001228,Ealing 019E,Ealing,Q2 (420000.00 to 520000.00),Q1 (2.00 to 79.00),Q1 (0.00 to 24.00),Q1 (2.33 to 12.31),Q4 (16.97 to 121.89)
E01001229,Ealing 031A,Ealing,Q3 (520000.00 to 683000.00),Q2 (79.00 to 114.00),Q3 (38.00 to 56.00),Q4 (29.24 to 59.01),Q2 (5.47 to 9.48)
E01001230,Ealing 031B,Ealing,Q4 (683000.00 to 6425000.00),Q3 (114.00 to 173.00),Q2 (24.00 to 38.00),Q3 (20.12 to 29.24),Q2 (5.47 to 9.48)
E01001231,Ealing 027A,Ealing,Q4 (683000.00 to 6425000.00),Q3 (114.00 to 173.00),Q2 (24.00 to 38.00),Q2 (12.31 to 20.12),Q3 (9.48 to 16.97)
E01001232,Ealing 031C,Ealing,Q3 (520000.00 to 683000.00),Q1 (2.00 to 79.00),Q2 (24.00 to 38.00),Q3 (20.12 to 29.24),Q1 (0.19 to 5.47)
E01001233,Ealing 031D,Ealing,Q4 (683000.00 to 6425000.00),Q3 (114.00 to 173.00),Q2 (24.00 to 38.00),Q3 (20.12 to 29.24),Q3 (9.48 to 16.97)
E01001234,Ealing 027B,Ealing,Q3 (520000.00 to 683000.00),Q3 (114.00 to 173.00),Q2 (24.00 to 38.00),Q3 (20.12 to 29.24),Q3 (9.48 to 16.97)
E01001235,Ealing 020D,Ealing,Q2 (420000.00 to 520000.00),Q3 (114.00 to 173.00),Q3 (38.00 to 56.00),Q2 (12.31 to 20.12),Q4 (16.97 to 121.89)
E01001236,Ealing 020E,Ealing,Q3 (520000.00 to 683000.00),Q2 (79.00 to 114.00),Q1 (0.00 to 24.00),Q2 (12.31 to 20.12),Q3 (9.48 to 16.97)
E01001237,Ealing 031E,Ealing,Q3 (520000.00 to 683000.00),Q3 (114.00 to 173.00),Q2 (24.00 to 38.00),Q2 (12.31 to 20.12),Q1 (0.19 to 5.47)
E01001238,Ealing 015B,Ealing,Q2 (420000.00 to 520000.00),Q4 (173.00 to 9206.00),Q4 (56.00 to 1283.00),Q3 (20.12 to 29.24),Q4 (16.97 to 121.89)
E01001239,Ealing 015C,Ealing,Q1 (147500.00 to 420000.00),Q2 (79.00 to 114.00),Q3 (38.00 to 56.00),Q4 (29.24 to 59.01),Q3 (9.48 to 16.97)
E01001240,Ealing 024A,Ealing,Q3 (520000.00 to 683000.00),Q3 (114.00 to 173.00),Q4 (56.00 to 1283.00),Q3 (20.12 to 29.24),Q4 (16.97 to 121.89)
E01001241,Ealing 024B,Ealing,Q3 (520000.00 to 683000.00),Q4 (173.00 to 9206.00),Q4 (56.00 to 1283.00),Q3 (20.12 to 29.24),Q3 (9.48 to 16.97)
E01001242,Ealing 024C,Ealing,Q3 (520000.00 to 683000.00),Q1 (2.00 to 79.00),Q2 (24.00 to 38.00),Q3 (20.12 to 29.24),Q1 (0.19 to 5.47)
E01001243,Ealing 024D,Ealing,Q2 (420000.00 to 520000.00),Q3 (114.00 to 173.00),Q3 (38.00 to 56.00),Q3 (20.12 to 29.24),Q3 (9.48 to 16.97)
E01001244,Ealing 024E,Ealing,Q1 (147500.00 to 420000.00),Q3 (114.00 to 173.00),Q3 (38.00 to 56.00),Q3 (20.12 to 29.24),Q3 (9.48 to 16.97)
E01001245,Ealing 024F,Ealing,Q3 (520000.00 to 683000.00),Q4 (173.00 to 9206.00),Q3 (38.00 to 56.00),Q2 (12.31 to 20.12),Q3 (9.48 to 16.97)
E01001246,Ealing 015D,Ealing,Q3 (520000.00 to 683000.00),Q4 (173.00 to 9206.00),Q4 (56.00 to 1283.00),Q4 (29.24 to 59.01),Q3 (9.48 to 16.97)
E01001247,Ealing 015E,Ealing,Q4 (683000.00 to 6425000.00),Q4 (173.00 to 9206.00),Q4 (56.00 to 1283.00),Q3 (20.12 to 29.24),Q3 (9.48 to 16.97)
E01001248,Ealing 035A,Ealing,Q3 (520000.00 to 683000.00),Q2 (79.00 to 114.00),Q2 (24.00 to 38.00),Q2 (12.31 to 20.12),Q1 (0.19 to 5.47)
E01001249,Ealing 028A,Ealing,Q3 (520000.00 to 683000.00),Q4 (173.00 to 9206.00),Q4 (56.00 to 1283.00),Q4 (29.24 to 59.01),Q4 (16.97 to 121.89)
E01001250,Ealing 028B,Ealing,Q2 (420000.00 to 520000.00),Q4 (173.00 to 9206.00),Q4 (56.00 to 1283.00),Q4 (29.24 to 59.01),Q3 (9.48 to 16.97)
E01001251,Ealing 030A,Ealing,Q4 (683000.00 to 6425000.00),Q2 (79.00 to 114.00),Q3 (38.00 to 56.00),Q2 (12.31 to 20.12),Q3 (9.48 to 16.97)
E01001252,Ealing 030B,Ealing,Q3 (520000.00 to 683000.00),Q4 (173.00 to 9206.00),Q4 (56.00 to 1283.00),Q3 (20.12 to 29.24),Q3 (9.48 to 16.97)
E01001253,Ealing 030C,Ealing,Q3 (520000.00 to 683000.00),Q1 (2.00 to 79.00),Q2 (24.00 to 38.00),Q2 (12.31 to 20.12),Q2 (5.47 to 9.48)
E01001254,Ealing 030D,Ealing,Q3 (520000.00 to 683000.00),Q2 (79.00 to 114.00),Q2 (24.00 to 38.00),Q2 (12.31 to 20.12),Q2 (5.47 to 9.48)
E01001255,Ealing 028C,Ealing,Q4 (683000.00 to 6425000.00),Q1 (2.00 to 79.00),Q1 (0.00 to 24.00),Q2 (12.31 to 20.12),Q2 (5.47 to 9.48)
E01001257,Ealing 008A,Ealing,Q1 (147500.00 to 420000.00),Q4 (173.00 to 9206.00),Q4 (56.00 to 1283.00),Q4 (29.24 to 59.01),Q2 (5.47 to 9.48)
E01001258,Ealing 010B,Ealing,Q2 (420000.00 to 520000.00),Q1 (2.00 to 79.00),Q2 (24.00 to 38.00),Q2 (12.31 to 20.12),Q3 (9.48 to 16.97)
E01001259,Ealing 014B,Ealing,Q2 (420000.00 to 520000.00),Q1 (2.00 to 79.00),Q2 (24.00 to 38.00),Q3 (20.12 to 29.24),Q3 (9.48 to 16.97)
E01001260,Ealing 012B,Ealing,Q1 (147500.00 to 420000.00),Q2 (79.00 to 114.00),Q2 (24.00 to 38.00),Q3 (20.12 to 29.24),Q3 (9.48 to 16.97)
E01001261,Ealing 012C,Ealing,Q1 (147500.00 to 420000.00),Q4 (173.00 to 9206.00),Q4 (56.00 to 1283.00),Q3 (20.12 to 29.24),Q3 (9.48 to 16.97)
E01001262,Ealing 010C,Ealing,Q1 (147500.00 to 420000.00),Q2 (79.00 to 114.00),Q2 (24.00 to 38.00),Q4 (29.24 to 59.01),Q2 (5.47 to 9.48)
E01001263,Ealing 010D,Ealing,Q1 (147500.00 to 420000.00),Q3 (114.00 to 173.00),Q4 (56.00 to 1283.00),Q4 (29.24 to 59.01),Q1 (0.19 to 5.47)
E01001264,Ealing 010E,Ealing,Q3 (520000.00 to 683000.00),Q2 (79.00 to 114.00),Q2 (24.00 to 38.00),Q3 (20.12 to 29.24),Q1 (0.19 to 5.47)
E01001265,Ealing 006A,Ealing,Q1 (147500.00 to 420000.00),Q2 (79.00 to 114.00),Q2 (24.00 to 38.00),Q3 (20.12 to 29.24),Q1 (0.19 to 5.47)
E01001266,Ealing 006B,Ealing,Q3 (520000.00 to 683000.00),Q4 (173.00 to 9206.00),Q3 (38.00 to 56.00),Q2 (12.31 to 20.12),Q3 (9.48 to 16.97)
E01001267,Ealing 006C,Ealing,Q1 (147500.00 to 420000.00),Q3 (114.00 to 173.00),Q4 (56.00 to 1283.00),Q4 (29.24 to 59.01),Q2 (5.47 to 9.48)
E01001268,Ealing 012D,Ealing,Q3 (520000.00 to 683000.00),Q1 (2.00 to 79.00),Q2 (24.00 to 38.00),Q2 (12.31 to 20.12),Q1 (0.19 to 5.47)
E01001269,Ealing 001A,Ealing,Q2 (420000.00 to 520000.00),Q2 (79.00 to 114.00),Q2 (24.00 to 38.00),Q2 (12.31 to 20.12),Q2 (5.47 to 9.48)
E01001270,Ealing 004A,Ealing,Q3 (520000.00 to 683000.00),Q2 (79.00 to 114.00),Q3 (38.00 to 56.00),Q2 (12.31 to 20.12),Q1 (0.19 to 5.47)
E01001271,Ealing 001B,Ealing,Q3 (520000.00 to 683000.00),Q3 (114.00 to 173.00),Q4 (56.00 to 1283.00),Q2 (12.31 to 20.12),Q2 (5.47 to 9.48)
E01001272,Ealing 006D,Ealing,Q2 (420000.00 to 520000.00),Q3 (114.00 to 173.00),Q4 (56.00 to 1283.00),Q2 (12.31 to 20.12),Q3 (9.48 to 16.97)
E01001273,Ealing 020F,Ealing,Q4 (683000.00 to 6425000.00),Q3 (114.00 to 173.00),Q2 (24.00 to 38.00),Q1 (2.33 to 12.31),Q3 (9.48 to 16.97)
E01001274,Ealing 020G,Ealing,Q4 (683000.00 to 6425000.00),Q1 (2.00 to 79.00),Q1 (0.00 to 24.00),Q1 (2.33 to 12.31),Q2 (5.47 to 9.48)
E01001275,Ealing 020H,Ealing,Q3 (520000.00 to 683000.00),Q3 (114.00 to 173.00),Q3 (38.00 to 56.00),Q2 (12.31 to 20.12),Q4 (16.97 to 121.89)
E01001276,Ealing 011A,Ealing,Q2 (420000.00 to 520000.00),Q4 (173.00 to 9206.00),Q3 (38.00 to 56.00),Q3 (20.12 to 29.24),Q2 (5.47 to 9.48)
E01001277,Ealing 011B,Ealing,Q1 (147500.00 to 420000.00),Q4 (173.00 to 9206.00),Q4 (56.00 to 1283.00),Q2 (12.31 to 20.12),Q3 (9.48 to 16.97)
E01001278,Ealing 011C,Ealing,Q4 (683000.00 to 6425000.00),Q4 (173.00 to 9206.00),Q4 (56.00 to 1283.00),Q3 (20.12 to 29.24),Q4 (16.97 to 121.89)
E01001279,Ealing 013C,Ealing,Q4 (683000.00 to 6425000.00),Q1 (2.00 to 79.00),Q1 (0.00 to 24.00),Q1 (2.33 to 12.31),Q2 (5.47 to 9.48)
E01001280,Ealing 011D,Ealing,Q2 (420000.00 to 520000.00),Q1 (2.00 to 79.00),Q1 (0.00 to 24.00),Q2 (12.31 to 20.12),Q2 (5.47 to 9.48)
E01001281,Ealing 013D,Ealing,Q4 (683000.00 to 6425000.00),Q1 (2.00 to 79.00),Q1 (0.00 to 24.00),Q1 (2.33 to 12.31),Q2 (5.47 to 9.48)
E01001282,Ealing 016B,Ealing,Q2 (420000.00 to 520000.00),Q1 (2.00 to 79.00),Q2 (24.00 to 38.00),Q4 (29.24 to 59.01),Q2 (5.47 to 9.48)
E01001283,Ealing 016C,Ealing,Q1 (147500.00 to 420000.00),Q2 (79.00 to 114.00),Q3 (38.00 to 56.00),Q4 (29.24 to 59.01),Q3 (9.48 to 16.97)
E01001284,Ealing 022A,Ealing,Q3 (520000.00 to 683000.00),Q1 (2.00 to 79.00),Q1 (0.00 to 24.00),Q2 (12.31 to 20.12),Q2 (5.47 to 9.48)
E01001285,Ealing 016D,Ealing,Q3 (520000.00 to 683000.00),Q3 (114.00 to 173.00),Q3 (38.00 to 56.00),Q3 (20.12 to 29.24),Q2 (5.47 to 9.48)
E01001286,Ealing 016E,Ealing,Q2 (420000.00 to 520000.00),Q2 (79.00 to 114.00),Q3 (38.00 to 56.00),Q3 (20.12 to 29.24),Q2 (5.47 to 9.48)
E01001287,Ealing 016F,Ealing,Q4 (683000.00 to 6425000.00),Q1 (2.00 to 79.00),Q1 (0.00 to 24.00),Q4 (29.24 to 59.01),Q1 (0.19 to 5.47)
E01001288,Ealing 022B,Ealing,Q4 (683000.00 to 6425000.00),Q1 (2.00 to 79.00),Q1 (0.00 to 24.00),Q2 (12.31 to 20.12),Q2 (5.47 to 9.48)
E01001289,Ealing 022C,Ealing,Q4 (683000.00 to 6425000.00),Q1 (2.00 to 79.00),Q1 (0.00 to 24.00),Q2 (12.31 to 20.12),Q2 (5.47 to 9.48)
E01001290,Ealing 022D,Ealing,Q3 (520000.00 to 683000.00),Q2 (79.00 to 114.00),Q2 (24.00 to 38.00),Q2 (12.31 to 20.12),Q2 (5.47 to 9.48)
E01001291,Ealing 014C,Ealing,Q2 (420000.00 to 520000.00),Q2 (79.00 to 114.00),Q3 (38.00 to 56.00),Q2 (12.31 to 20.12),Q2 (5.47 to 9.48)
E01001292,Ealing 014D,Ealing,Q3 (520000.00 to 683000.00),Q2 (79.00 to 114.00),Q2 (24.00 to 38.00),Q2 (12.31 to 20.12),Q2 (5.47 to 9.48)
E01001293,Ealing 014E,Ealing,Q2 (420000.00 to 520000.00),Q2 (79.00 to 114.00),Q3 (38.00 to 56.00),Q2 (12.31 to 20.12),Q2 (5.47 to 9.48)
E01001294,Ealing 017A,Ealing,Q3 (520000.00 to 683000.00),Q2 (79.00 to 114.00),Q3 (38.00 to 56.00),Q3 (20.12 to 29.24),Q2 (5.47 to 9.48)
E01001295,Ealing 017B,Ealing,Q2 (420000.00 to 520000.00),Q1 (2.00 to 79.00),Q2 (24.00 to 38.00),Q2 (12.31 to 20.12),Q2 (5.47 to 9.48)
E01001296,Ealing 017C,Ealing,Q2 (420000.00 to 520000.00),Q1 (2.00 to 79.00),Q2 (24.00 to 38.00),Q3 (20.12 to 29.24),Q2 (5.47 to 9.48)
E01001297,Ealing 017D,Ealing,Q2 (420000.00 to 520000.00),Q2 (79.00 to 114.00),Q2 (24.00 to 38.00),Q3 (20.12 to 29.24),Q1 (0.19 to 5.47)
E01001298,Ealing 017E,Ealing,Q1 (147500.00 to 420000.00),Q2 (79.00 to 114.00),Q2 (24.00 to 38.00),Q3 (20.12 to 29.24),Q2 (5.47 to 9.48)
E01001299,Ealing 035B,Ealing,Q4 (683000.00 to 6425000.00),Q2 (79.00 to 114.00),Q1 (0.00 to 24.00),Q1 (2.33 to 12.31),Q2 (5.47 to 9.48)
E01001300,Ealing 039A,Ealing,Q4 (683000.00 to 6425000.00),Q1 (2.00 to 79.00),Q1 (0.00 to 24.00),Q1 (2.33 to 12.31),Q3 (9.48 to 16.97)
E01001301,Ealing 039B,Ealing,Q3 (520000.00 to 683000.00),Q2 (79.00 to 114.00),Q2 (24.00 to 38.00),Q2 (12.31 to 20.12),Q2 (5.47 to 9.48)
E01001302,Ealing 039C,Ealing,Q4 (683000.00 to 6425000.00),Q1 (2.00 to 79.00),Q1 (0.00 to 24.00),Q1 (2.33 to 12.31),Q3 (9.48 to 16.97)
E01001303,Ealing 032A,Ealing,Q4 (683000.00 to 6425000.00),Q2 (79.00 to 114.00),Q1 (0.00 to 24.00),Q1 (2.33 to 12.31),Q3 (9.48 to 16.97)
E01001304,Ealing 039D,Ealing,Q3 (520000.00 to 683000.00),Q2 (79.00 to 114.00),Q2 (24.00 to 38.00),Q2 (12.31 to 20.12),Q3 (9.48 to 16.97)
E01001305,Ealing 035C,Ealing,Q4 (683000.00 to 6425000.00),Q1 (2.00 to 79.00),Q1 (0.00 to 24.00),Q1 (2.33 to 12.31),Q2 (5.47 to 9.48)
E01001306,Ealing 035D,Ealing,Q4 (683000.00 to 6425000.00),Q1 (2.00 to 79.00),Q1 (0.00 to 24.00),Q1 (2.33 to 12.31),Q2 (5.47 to 9.48)
E01001307,Ealing 002A,Ealing,Q2 (420000.00 to 520000.00),Q2 (79.00 to 114.00),Q2 (24.00 to 38.00),Q1 (2.33 to 12.31),Q1 (0.19 to 5.47)
E01001308,Ealing 002B,Ealing,Q3 (520000.00 to 683000.00),Q2 (79.00 to 114.00),Q2 (24.00 to 38.00),Q1 (2.33 to 12.31),Q1 (0.19 to 5.47)
E01001309,Ealing 001C,Ealing,Q2 (420000.00 to 520000.00),Q2 (79.00 to 114.00),Q3 (38.00 to 56.00),Q2 (12.31 to 20.12),Q1 (0.19 to 5.47)
E01001310,Ealing 001D,Ealing,Q1 (147500.00 to 420000.00),Q3 (114.00 to 173.00),Q2 (24.00 to 38.00),Q2 (12.31 to 20.12),Q2 (5.47 to 9.48)
E01001311,Ealing 001E,Ealing,Q2 (420000.00 to 520000.00),Q2 (79.00 to 114.00),Q4 (56.00 to 1283.00),Q3 (20.12 to 29.24),Q2 (5.47 to 9.48)
E01001312,Ealing 002C,Ealing,Q3 (520000.00 to 683000.00),Q2 (79.00 to 114.00),Q1 (0.00 to 24.00),Q2 (12.31 to 20.12),Q3 (9.48 to 16.97)
E01001313,Ealing 002D,Ealing,Q2 (420000.00 to 520000.00),Q1 (2.00 to 79.00),Q1 (0.00 to 24.00),Q2 (12.31 to 20.12),Q2 (5.47 to 9.48)
E01001314,Ealing 002E,Ealing,Q3 (520000.00 to 683000.00),Q1 (2.00 to 79.00),Q1 (0.00 to 24.00),Q1 (2.33 to 12.31),Q1 (0.19 to 5.47)
E01001315,Ealing 003A,Ealing,Q2 (420000.00 to 520000.00),Q1 (2.00 to 79.00),Q2 (24.00 to 38.00),Q2 (12.31 to 20.12),Q2 (5.47 to 9.48)
E01001316,Ealing 003B,Ealing,Q1 (147500.00 to 420000.00),Q3 (114.00 to 173.00),Q3 (38.00 to 56.00),Q4 (29.24 to 59.01),Q3 (9.48 to 16.97)
E01001317,Ealing 003C,Ealing,Q1 (147500.00 to 420000.00),Q3 (114.00 to 173.00),Q4 (56.00 to 1283.00),Q3 (20.12 to 29.24),Q2 (5.47 to 9.48)
E01001318,Ealing 003D,Ealing,Q1 (147500.00 to 420000.00),Q3 (114.00 to 173.00),Q3 (38.00 to 56.00),Q4 (29.24 to 59.01),Q3 (9.48 to 16.97)
E01001319,Ealing 004B,Ealing,Q2 (420000.00 to 520000.00),Q1 (2.00 to 79.00),Q1 (0.00 to 24.00),Q2 (12.31 to 20.12),Q3 (9.48 to 16.97)
E01001320,Ealing 003E,Ealing,Q1 (147500.00 to 420000.00),Q2 (79.00 to 114.00),Q3 (38.00 to 56.00),Q4 (29.24 to 59.01),Q1 (0.19 to 5.47)
E01001321,Ealing 003F,Ealing,Q2 (420000.00 to 520000.00),Q3 (114.00 to 173.00),Q3 (38.00 to 56.00),Q3 (20.12 to 29.24),Q2 (5.47 to 9.48)
E01001322,Ealing 004C,Ealing,Q1 (147500.00 to 420000.00),Q4 (173.00 to 9206.00),Q4 (56.00 to 1283.00),Q3 (20.12 to 29.24),Q3 (9.48 to 16.97)
E01001323,Ealing 004D,Ealing,Q2 (420000.00 to 520000.00),Q4 (173.00 to 9206.00),Q4 (56.00 to 1283.00),Q3 (20.12 to 29.24),Q3 (9.48 to 16.97)
E01001324,Ealing 008B,Ealing,Q1 (147500.00 to 420000.00),Q3 (114.00 to 173.00),Q4 (56.00 to 1283.00),Q4 (29.24 to 59.01),Q2 (5.47 to 9.48)
E01001325,Ealing 009A,Ealing,Q2 (420000.00 to 520000.00),Q2 (79.00 to 114.00),Q3 (38.00 to 56.00),Q3 (20.12 to 29.24),Q1 (0.19 to 5.47)
E01001326,Ealing 008C,Ealing,Q1 (147500.00 to 420000.00),Q3 (114.00 to 173.00),Q3 (38.00 to 56.00),Q4 (29.24 to 59.01),Q1 (0.19 to 5.47)
E01001327,Ealing 009B,Ealing,Q2 (420000.00 to 520000.00),Q3 (114.00 to 173.00),Q4 (56.00 to 1283.00),Q4 (29.24 to 59.01),Q2 (5.47 to 9.48)
E01001328,Ealing 009C,Ealing,Q2 (420000.00 to 520000.00),Q4 (173.00 to 9206.00),Q4 (56.00 to 1283.00),Q4 (29.24 to 59.01),Q2 (5.47 to 9.48)
E01001329,Ealing 009D,Ealing,Q2 (420000.00 to 520000.00),Q1 (2.00 to 79.00),Q2 (24.00 to 38.00),Q3 (20.12 to 29.24),Q1 (0.19 to 5.47)
E01001330,Ealing 008D,Ealing,Q1 (147500.00 to 420000.00),Q3 (114.00 to 173.00),Q4 (56.00 to 1283.00),Q4 (29.24 to 59.01),Q2 (5.47 to 9.48)
E01001331,Ealing 009E,Ealing,Q1 (147500.00 to 420000.00),Q2 (79.00 to 114.00),Q2 (24.00 to 38.00),Q4 (29.24 to 59.01),Q2 (5.47 to 9.48)
E01001332,Ealing 008E,Ealing,Q1 (147500.00 to 420000.00),Q2 (79.00 to 114.00),Q3 (38.00 to 56.00),Q4 (29.24 to 59.01),Q2 (5.47 to 9.48)
E01001333,Ealing 038A,Ealing,Q1 (147500.00 to 420000.00),Q4 (173.00 to 9206.00),Q4 (56.00 to 1283.00),Q4 (29.24 to 59.01),Q3 (9.48 to 16.97)
E01001335,Ealing 038B,Ealing,Q3 (520000.00 to 683000.00),Q3 (114.00 to 173.00),Q3 (38.00 to 56.00),Q3 (20.12 to 29.24),Q1 (0.19 to 5.47)
E01001336,Ealing 038C,Ealing,Q4 (683000.00 to 6425000.00),Q2 (79.00 to 114.00),Q2 (24.00 to 38.00),Q3 (20.12 to 29.24),Q1 (0.19 to 5.47)
E01001337,Ealing 029D,Ealing,Q2 (420000.00 to 520000.00),Q4 (173.00 to 9206.00),Q4 (56.00 to 1283.00),Q4 (29.24 to 59.01),Q1 (0.19 to 5.47)
E01001338,Ealing 029E,Ealing,Q2 (420000.00 to 520000.00),Q3 (114.00 to 173.00),Q3 (38.00 to 56.00),Q3 (20.12 to 29.24),Q2 (5.47 to 9.48)
E01001339,Ealing 029F,Ealing,Q1 (147500.00 to 420000.00),Q4 (173.00 to 9206.00),Q4 (56.00 to 1283.00),Q4 (29.24 to 59.01),Q1 (0.19 to 5.47)
E01001340,Ealing 029G,Ealing,Q1 (147500.00 to 420000.00),Q4 (173.00 to 9206.00),Q4 (56.00 to 1283.00),Q4 (29.24 to 59.01),Q1 (0.19 to 5.47)
E01001341,Ealing 005A,Ealing,Q3 (520000.00 to 683000.00),Q2 (79.00 to 114.00),Q3 (38.00 to 56.00),Q2 (12.31 to 20.12),Q1 (0.19 to 5.47)
E01001342,Ealing 005B,Ealing,Q3 (520000.00 to 683000.00),Q1 (2.00 to 79.00),Q2 (24.00 to 38.00),Q2 (12.31 to 20.12),Q1 (0.19 to 5.47)
E01001343,Ealing 005C,Ealing,Q3 (520000.00 to 683000.00),Q1 (2.00 to 79.00),Q1 (0.00 to 24.00),Q2 (12.31 to 20.12),Q1 (0.19 to 5.47)
E01001344,Ealing 007A,Ealing,Q1 (147500.00 to 420000.00),Q3 (114.00 to 173.00),Q3 (38.00 to 56.00),Q2 (12.31 to 20.12),Q2 (5.47 to 9.48)
E01001345,Ealing 005D,Ealing,Q2 (420000.00 to 520000.00),Q1 (2.00 to 79.00),Q3 (38.00 to 56.00),Q2 (12.31 to 20.12),Q1 (0.19 to 5.47)
E01001346,Ealing 007B,Ealing,Q3 (520000.00 to 683000.00),Q2 (79.00 to 114.00),Q2 (24.00 to 38.00),Q1 (2.33 to 12.31),Q2 (5.47 to 9.48)
E01001347,Ealing 007C,Ealing,Q3 (520000.00 to 683000.00),Q4 (173.00 to 9206.00),Q4 (56.00 to 1283.00),Q2 (12.31 to 20.12),Q1 (0.19 to 5.47)
E01001348,Ealing 007D,Ealing,Q2 (420000.00 to 520000.00),Q4 (173.00 to 9206.00),Q3 (38.00 to 56.00),Q2 (12.31 to 20.12),Q3 (9.48 to 16.97)
E01001349,Ealing 006E,Ealing,Q2 (420000.00 to 520000.00),Q2 (79.00 to 114.00),Q2 (24.00 to 38.00),Q4 (29.24 to 59.01),Q2 (5.47 to 9.48)
E01001350,Ealing 027C,Ealing,Q2 (420000.00 to 520000.00),Q1 (2.00 to 79.00),Q1 (0.00 to 24.00),Q2 (12.31 to 20.12),Q3 (9.48 to 16.97)
E01001351,Ealing 025E,Ealing,Q2 (420000.00 to 520000.00),Q4 (173.00 to 9206.00),Q4 (56.00 to 1283.00),Q3 (20.12 to 29.24),Q4 (16.97 to 121.89)
E01001352,Ealing 027D,Ealing,Q4 (683000.00 to 6425000.00),Q2 (79.00 to 114.00),Q2 (24.00 to 38.00),Q2 (12.31 to 20.12),Q4 (16.97 to 121.89)
E01001353,Ealing 033A,Ealing,Q3 (520000.00 to 683000.00),Q1 (2.00 to 79.00),Q2 (24.00 to 38.00),Q3 (20.12 to 29.24),Q4 (16.97 to 121.89)
E01001354,Ealing 027E,Ealing,Q3 (520000.00 to 683000.00),Q4 (173.00 to 9206.00),Q3 (38.00 to 56.00),Q3 (20.12 to 29.24),Q4 (16.97 to 121.89)
E01001355,Ealing 033B,Ealing,Q3 (520000.00 to 683000.00),Q3 (114.00 to 173.00),Q4 (56.00 to 1283.00),Q3 (20.12 to 29.24),Q3 (9.48 to 16.97)
E01001356,Ealing 033C,Ealing,Q1 (147500.00 to 420000.00),Q3 (114.00 to 173.00),Q3 (38.00 to 56.00),Q4 (29.24 to 59.01),Q3 (9.48 to 16.97)
E01001357,Ealing 033D,Ealing,Q3 (520000.00 to 683000.00),Q3 (114.00 to 173.00),Q2 (24.00 to 38.00),Q4 (29.24 to 59.01),Q3 (9.48 to 16.97)
E01001358,Ealing 033E,Ealing,Q3 (520000.00 to 683000.00),Q2 (79.00 to 114.00),Q2 (24.00 to 38.00),Q4 (29.24 to 59.01),Q3 (9.48 to 16.97)
E01001359,Ealing 026A,Ealing,Q2 (420000.00 to 520000.00),Q4 (173.00 to 9206.00),Q4 (56.00 to 1283.00),Q3 (20.12 to 29.24),Q2 (5.47 to 9.48)
E01001360,Ealing 026B,Ealing,Q2 (420000.00 to 520000.00),Q3 (114.00 to 173.00),Q3 (38.00 to 56.00),Q3 (20.12 to 29.24),Q3 (9.48 to 16.97)
E01001361,Ealing 023E,Ealing,Q1 (147500.00 to 420000.00),Q4 (173.00 to 9206.00),Q4 (56.00 to 1283.00),Q4 (29.24 to 59.01),Q3 (9.48 to 16.97)
E01001362,Ealing 026C,Ealing,Q1 (147500.00 to 420000.00),Q4 (173.00 to 9206.00),Q4 (56.00 to 1283.00),Q3 (20.12 to 29.24),Q3 (9.48 to 16.97)
E01001363,Ealing 026D,Ealing,Q1 (147500.00 to 420000.00),Q2 (79.00 to 114.00),Q2 (24.00 to 38.00),Q3 (20.12 to 29.24),Q2 (5.47 to 9.48)
E01001365,Ealing 026F,Ealing,Q2 (420000.00 to 520000.00),Q3 (114.00 to 173.00),Q4 (56.00 to 1283.00),Q3 (20.12 to 29.24),Q1 (0.19 to 5.47)
E01001366,Ealing 037A,Ealing,Q1 (147500.00 to 420000.00),Q3 (114.00 to 173.00),Q3 (38.00 to 56.00),Q3 (20.12 to 29.24),Q1 (0.19 to 5.47)
E01001368,Ealing 037C,Ealing,Q2 (420000.00 to 520000.00),Q3 (114.00 to 173.00),Q4 (56.00 to 1283.00),Q3 (20.12 to 29.24),Q2 (5.47 to 9.48)
E01001369,Ealing 038D,Ealing,Q1 (147500.00 to 420000.00),Q4 (173.00 to 9206.00),Q4 (56.00 to 1283.00),Q3 (20.12 to 29.24),Q3 (9.48 to 16.97)
E01001370,Ealing 037D,Ealing,Q2 (420000.00 to 520000.00),Q4 (173.00 to 9206.00),Q4 (56.00 to 1283.00),Q3 (20.12 to 29.24),Q1 (0.19 to 5.47)
E01001371,Ealing 037E,Ealing,Q1 (147500.00 to 420000.00),Q4 (173.00 to 9206.00),Q4 (56.00 to 1283.00),Q3 (20.12 to 29.24),Q2 (5.47 to 9.48)
E01001372,Ealing 037F,Ealing,Q1 (147500.00 to 420000.00),Q3 (114.00 to 173.00),Q4 (56.00 to 1283.00),Q4 (29.24 to 59.01),Q2 (5.47 to 9.48)
E01001373,Ealing 037G,Ealing,Q1 (147500.00 to 420000.00),Q3 (114.00 to 173.00),Q4 (56.00 to 1283.00),Q3 (20.12 to 29.24),Q2 (5.47 to 9.48)
E01001374,Ealing 040A,Ealing,Q4 (683000.00 to 6425000.00),Q1 (2.00 to 79.00),Q1 (0.00 to 24.00),Q1 (2.33 to 12.31),Q2 (5.47 to 9.48)
E01001375,Ealing 034A,Ealing,Q4 (683000.00 to 6425000.00),Q1 (2.00 to 79.00),Q1 (0.00 to 24.00),Q1 (2.33 to 12.31),Q2 (5.47 to 9.48)
E01001376,Ealing 040B,Ealing,Q3 (520000.00 to 683000.00),Q2 (79.00 to 114.00),Q3 (38.00 to 56.00),Q3 (20.12 to 29.24),Q2 (5.47 to 9.48)
E01001377,Ealing 034B,Ealing,Q4 (683000.00 to 6425000.00),Q1 (2.00 to 79.00),Q1 (0.00 to 24.00),Q1 (2.33 to 12.31),Q3 (9.48 to 16.97)
E01001379,Ealing 034C,Ealing,Q4 (683000.00 to 6425000.00),Q1 (2.00 to 79.00),Q1 (0.00 to 24.00),Q1 (2.33 to 12.31),Q2 (5.47 to 9.48)
E01001380,Ealing 040C,Ealing,Q3 (520000.00 to 683000.00),Q2 (79.00 to 114.00),Q2 (24.00 to 38.00),Q2 (12.31 to 20.12),Q3 (9.48 to 16.97)
E01001381,Ealing 034D,Ealing,Q3 (520000.00 to 683000.00),Q4 (173.00 to 9206.00),Q3 (38.00 to 56.00),Q2 (12.31 to 20.12),Q3 (9.48 to 16.97)
E01001382,Ealing 032B,Ealing,Q4 (683000.00 to 6425000.00),Q1 (2.00 to 79.00),Q1 (0.00 to 24.00),Q1 (2.33 to 12.31),Q2 (5.47 to 9.48)
E01001383,Ealing 028D,Ealing,Q4 (683000.00 to 6425000.00),Q1 (2.00 to 79.00),Q1 (0.00 to 24.00),Q1 (2.33 to 12.31),Q2 (5.47 to 9.48)
E01001384,Ealing 032C,Ealing,Q4 (683000.00 to 6425000.00),Q2 (79.00 to 114.00),Q2 (24.00 to 38.00),Q1 (2.33 to 12.31),Q3 (9.48 to 16.97)
E01001385,Ealing 032D,Ealing,Q4 (683000.00 to 6425000.00),Q2 (79.00 to 114.00),Q2 (24.00 to 38.00),Q1 (2.33 to 12.31),Q3 (9.48 to 16.97)
E01001386,Ealing 031F,Ealing,Q4 (683000.00 to 6425000.00),Q3 (114.00 to 173.00),Q2 (24.00 to 38.00),Q1 (2.33 to 12.31),Q3 (9.48 to 16.97)
E01001387,Ealing 032E,Ealing,Q3 (520000.00 to 683000.00),Q4 (173.00 to 9206.00),Q3 (38.00 to 56.00),Q2 (12.31 to 20.12),Q3 (9.48 to 16.97)
E01001388,Ealing 028E,Ealing,Q3 (520000.00 to 683000.00),Q4 (173.00 to 9206.00),Q4 (56.00 to 1283.00),Q4 (29.24 to 59.01),Q4 (16.97 to 121.89)
E01001389,Ealing 028F,Ealing,Q4 (683000.00 to 6425000.00),Q4 (173.00 to 9206.00),Q4 (56.00 to 1283.00),Q3 (20.12 to 29.24),Q3 (9.48 to 16.97)
E01001390,Enfield 036A,Enfield,Q3 (520000.00 to 683000.00),Q2 (79.00 to 114.00),Q2 (24.00 to 38.00),Q1 (2.33 to 12.31),Q4 (16.97 to 121.89)
E01001391,Enfield 036B,Enfield,Q3 (520000.00 to 683000.00),Q2 (79.00 to 114.00),Q3 (38.00 to 56.00),Q3 (20.12 to 29.24),Q3 (9.48 to 16.97)
E01001392,Enfield 032A,Enfield,Q4 (683000.00 to 6425000.00),Q1 (2.00 to 79.00),Q1 (0.00 to 24.00),Q1 (2.33 to 12.31),Q3 (9.48 to 16.97)
E01001393,Enfield 036C,Enfield,Q2 (420000.00 to 520000.00),Q2 (79.00 to 114.00),Q2 (24.00 to 38.00),Q2 (12.31 to 20.12),Q3 (9.48 to 16.97)
E01001394,Enfield 035A,Enfield,Q3 (520000.00 to 683000.00),Q3 (114.00 to 173.00),Q2 (24.00 to 38.00),Q3 (20.12 to 29.24),Q3 (9.48 to 16.97)
E01001395,Enfield 035B,Enfield,Q3 (520000.00 to 683000.00),Q2 (79.00 to 114.00),Q3 (38.00 to 56.00),Q4 (29.24 to 59.01),Q1 (0.19 to 5.47)
E01001396,Enfield 036D,Enfield,Q4 (683000.00 to 6425000.00),Q2 (79.00 to 114.00),Q1 (0.00 to 24.00),Q2 (12.31 to 20.12),Q3 (9.48 to 16.97)
E01001397,Enfield 035C,Enfield,Q1 (147500.00 to 420000.00),Q3 (114.00 to 173.00),Q4 (56.00 to 1283.00),Q3 (20.12 to 29.24),Q2 (5.47 to 9.48)
E01001398,Enfield 021A,Enfield,Q3 (520000.00 to 683000.00),Q1 (2.00 to 79.00),Q1 (0.00 to 24.00),Q1 (2.33 to 12.31),Q2 (5.47 to 9.48)
E01001399,Enfield 021B,Enfield,Q3 (520000.00 to 683000.00),Q1 (2.00 to 79.00),Q1 (0.00 to 24.00),Q1 (2.33 to 12.31),Q2 (5.47 to 9.48)
E01001400,Enfield 021C,Enfield,Q3 (520000.00 to 683000.00),Q1 (2.00 to 79.00),Q1 (0.00 to 24.00),Q1 (2.33 to 12.31),Q2 (5.47 to 9.48)
E01001401,Enfield 016A,Enfield,Q3 (520000.00 to 683000.00),Q1 (2.00 to 79.00),Q1 (0.00 to 24.00),Q2 (12.31 to 20.12),Q2 (5.47 to 9.48)
E01001402,Enfield 021D,Enfield,Q3 (520000.00 to 683000.00),Q2 (79.00 to 114.00),Q1 (0.00 to 24.00),Q1 (2.33 to 12.31),Q2 (5.47 to 9.48)
E01001403,Enfield 021E,Enfield,Q3 (520000.00 to 683000.00),Q2 (79.00 to 114.00),Q2 (24.00 to 38.00),Q2 (12.31 to 20.12),Q1 (0.19 to 5.47)
E01001404,Enfield 026A,Enfield,Q3 (520000.00 to 683000.00),Q2 (79.00 to 114.00),Q2 (24.00 to 38.00),Q2 (12.31 to 20.12),Q1 (0.19 to 5.47)
E01001405,Enfield 015A,Enfield,Q2 (420000.00 to 520000.00),Q2 (79.00 to 114.00),Q1 (0.00 to 24.00),Q1 (2.33 to 12.31),Q2 (5.47 to 9.48)
E01001406,Enfield 015B,Enfield,Q2 (420000.00 to 520000.00),Q4 (173.00 to 9206.00),Q3 (38.00 to 56.00),Q3 (20.12 to 29.24),Q2 (5.47 to 9.48)
E01001407,Enfield 005A,Enfield,Q2 (420000.00 to 520000.00),Q3 (114.00 to 173.00),Q2 (24.00 to 38.00),Q2 (12.31 to 20.12),Q1 (0.19 to 5.47)
E01001408,Enfield 004A,Enfield,Q2 (420000.00 to 520000.00),Q3 (114.00 to 173.00),Q2 (24.00 to 38.00),Q2 (12.31 to 20.12),Q2 (5.47 to 9.48)
E01001409,Enfield 005B,Enfield,Q1 (147500.00 to 420000.00),Q3 (114.00 to 173.00),Q3 (38.00 to 56.00),Q4 (29.24 to 59.01),Q1 (0.19 to 5.47)
E01001410,Enfield 005C,Enfield,Q1 (147500.00 to 420000.00),Q4 (173.00 to 9206.00),Q4 (56.00 to 1283.00),Q4 (29.24 to 59.01),Q1 (0.19 to 5.47)
E01001411,Enfield 004B,Enfield,Q3 (520000.00 to 683000.00),Q3 (114.00 to 173.00),Q3 (38.00 to 56.00),Q2 (12.31 to 20.12),Q1 (0.19 to 5.47)
E01001412,Enfield 004C,Enfield,Q2 (420000.00 to 520000.00),Q4 (173.00 to 9206.00),Q4 (56.00 to 1283.00),Q3 (20.12 to 29.24),Q1 (0.19 to 5.47)
E01001413,Enfield 004D,Enfield,Q3 (520000.00 to 683000.00),Q1 (2.00 to 79.00),Q1 (0.00 to 24.00),Q1 (2.33 to 12.31),Q1 (0.19 to 5.47)
E01001414,Enfield 004E,Enfield,Q2 (420000.00 to 520000.00),Q3 (114.00 to 173.00),Q4 (56.00 to 1283.00),Q4 (29.24 to 59.01),Q1 (0.19 to 5.47)
E01001415,Enfield 011A,Enfield,Q2 (420000.00 to 520000.00),Q4 (173.00 to 9206.00),Q3 (38.00 to 56.00),Q2 (12.31 to 20.12),Q2 (5.47 to 9.48)
E01001416,Enfield 013A,Enfield,Q4 (683000.00 to 6425000.00),Q1 (2.00 to 79.00),Q1 (0.00 to 24.00),Q1 (2.33 to 12.31),Q2 (5.47 to 9.48)
E01001417,Enfield 011B,Enfield,Q4 (683000.00 to 6425000.00),Q3 (114.00 to 173.00),Q3 (38.00 to 56.00),Q1 (2.33 to 12.31),Q1 (0.19 to 5.47)
E01001418,Enfield 011C,Enfield,Q4 (683000.00 to 6425000.00),Q2 (79.00 to 114.00),Q2 (24.00 to 38.00),Q3 (20.12 to 29.24),Q2 (5.47 to 9.48)
E01001419,Enfield 020A,Enfield,Q1 (147500.00 to 420000.00),Q3 (114.00 to 173.00),Q2 (24.00 to 38.00),Q2 (12.31 to 20.12),Q3 (9.48 to 16.97)
E01001420,Enfield 020B,Enfield,Q3 (520000.00 to 683000.00),Q2 (79.00 to 114.00),Q2 (24.00 to 38.00),Q3 (20.12 to 29.24),Q1 (0.19 to 5.47)
E01001421,Enfield 020C,Enfield,Q1 (147500.00 to 420000.00),Q1 (2.00 to 79.00),Q2 (24.00 to 38.00),Q3 (20.12 to 29.24),Q2 (5.47 to 9.48)
E01001422,Enfield 011D,Enfield,Q4 (683000.00 to 6425000.00),Q1 (2.00 to 79.00),Q1 (0.00 to 24.00),Q1 (2.33 to 12.31),Q1 (0.19 to 5.47)
E01001423,Enfield 027A,Enfield,Q1 (147500.00 to 420000.00),Q3 (114.00 to 173.00),Q3 (38.00 to 56.00),Q4 (29.24 to 59.01),Q3 (9.48 to 16.97)
E01001424,Enfield 030A,Enfield,Q1 (147500.00 to 420000.00),Q1 (2.00 to 79.00),Q2 (24.00 to 38.00),Q4 (29.24 to 59.01),Q4 (16.97 to 121.89)
E01001425,Enfield 027B,Enfield,Q1 (147500.00 to 420000.00),Q4 (173.00 to 9206.00),Q4 (56.00 to 1283.00),Q4 (29.24 to 59.01),Q4 (16.97 to 121.89)
E01001426,Enfield 030B,Enfield,Q2 (420000.00 to 520000.00),Q4 (173.00 to 9206.00),Q4 (56.00 to 1283.00),Q4 (29.24 to 59.01),Q2 (5.47 to 9.48)
E01001427,Enfield 030C,Enfield,Q1 (147500.00 to 420000.00),Q4 (173.00 to 9206.00),Q4 (56.00 to 1283.00),Q4 (29.24 to 59.01),Q1 (0.19 to 5.47)
E01001428,Enfield 027C,Enfield,Q2 (420000.00 to 520000.00),Q3 (114.00 to 173.00),Q2 (24.00 to 38.00),Q4 (29.24 to 59.01),Q2 (5.47 to 9.48)
E01001430,Enfield 030E,Enfield,Q1 (147500.00 to 420000.00),Q2 (79.00 to 114.00),Q2 (24.00 to 38.00),Q4 (29.24 to 59.01),Q4 (16.97 to 121.89)
E01001431,Enfield 033A,Enfield,Q1 (147500.00 to 420000.00),Q3 (114.00 to 173.00),Q4 (56.00 to 1283.00),Q4 (29.24 to 59.01),Q2 (5.47 to 9.48)
E01001432,Enfield 033B,Enfield,Q1 (147500.00 to 420000.00),Q4 (173.00 to 9206.00),Q4 (56.00 to 1283.00),Q4 (29.24 to 59.01),Q3 (9.48 to 16.97)
E01001433,Enfield 007A,Enfield,Q1 (147500.00 to 420000.00),Q3 (114.00 to 173.00),Q4 (56.00 to 1283.00),Q4 (29.24 to 59.01),Q1 (0.19 to 5.47)
E01001434,Enfield 007B,Enfield,Q2 (420000.00 to 520000.00),Q3 (114.00 to 173.00),Q4 (56.00 to 1283.00),Q3 (20.12 to 29.24),Q1 (0.19 to 5.47)
E01001435,Enfield 007C,Enfield,Q2 (420000.00 to 520000.00),Q1 (2.00 to 79.00),Q1 (0.00 to 24.00),Q3 (20.12 to 29.24),Q1 (0.19 to 5.47)
E01001436,Enfield 007D,Enfield,Q2 (420000.00 to 520000.00),Q3 (114.00 to 173.00),Q4 (56.00 to 1283.00),Q3 (20.12 to 29.24),Q1 (0.19 to 5.47)
E01001437,Enfield 014A,Enfield,Q1 (147500.00 to 420000.00),Q4 (173.00 to 9206.00),Q4 (56.00 to 1283.00),Q4 (29.24 to 59.01),Q1 (0.19 to 5.47)
E01001438,Enfield 007E,Enfield,Q2 (420000.00 to 520000.00),Q4 (173.00 to 9206.00),Q4 (56.00 to 1283.00),Q4 (29.24 to 59.01),Q2 (5.47 to 9.48)
E01001439,Enfield 006A,Enfield,Q1 (147500.00 to 420000.00),Q4 (173.00 to 9206.00),Q4 (56.00 to 1283.00),Q4 (29.24 to 59.01),Q2 (5.47 to 9.48)
E01001440,Enfield 012A,Enfield,Q2 (420000.00 to 520000.00),Q3 (114.00 to 173.00),Q3 (38.00 to 56.00),Q4 (29.24 to 59.01),Q2 (5.47 to 9.48)
E01001441,Enfield 006B,Enfield,Q1 (147500.00 to 420000.00),Q4 (173.00 to 9206.00),Q4 (56.00 to 1283.00),Q4 (29.24 to 59.01),Q1 (0.19 to 5.47)
E01001442,Enfield 002A,Enfield,Q1 (147500.00 to 420000.00),Q4 (173.00 to 9206.00),Q4 (56.00 to 1283.00),Q4 (29.24 to 59.01),Q2 (5.47 to 9.48)
E01001444,Enfield 001A,Enfield,Q2 (420000.00 to 520000.00),Q4 (173.00 to 9206.00),Q3 (38.00 to 56.00),Q3 (20.12 to 29.24),Q2 (5.47 to 9.48)
E01001445,Enfield 003B,Enfield,Q1 (147500.00 to 420000.00),Q4 (173.00 to 9206.00),Q4 (56.00 to 1283.00),Q4 (29.24 to 59.01),Q1 (0.19 to 5.47)
E01001446,Enfield 001B,Enfield,Q1 (147500.00 to 420000.00),Q3 (114.00 to 173.00),Q3 (38.00 to 56.00),Q3 (20.12 to 29.24),Q2 (5.47 to 9.48)
E01001447,Enfield 003C,Enfield,Q1 (147500.00 to 420000.00),Q3 (114.00 to 173.00),Q4 (56.00 to 1283.00),Q4 (29.24 to 59.01),Q2 (5.47 to 9.48)
E01001448,Enfield 003D,Enfield,Q1 (147500.00 to 420000.00),Q3 (114.00 to 173.00),Q4 (56.00 to 1283.00),Q4 (29.24 to 59.01),Q2 (5.47 to 9.48)
E01001449,Enfield 003E,Enfield,Q2 (420000.00 to 520000.00),Q2 (79.00 to 114.00),Q3 (38.00 to 56.00),Q4 (29.24 to 59.01),Q2 (5.47 to 9.48)
E01001450,Enfield 015C,Enfield,Q1 (147500.00 to 420000.00),Q4 (173.00 to 9206.00),Q4 (56.00 to 1283.00),Q3 (20.12 to 29.24),Q3 (9.48 to 16.97)
E01001451,Enfield 017A,Enfield,Q3 (520000.00 to 683000.00),Q3 (114.00 to 173.00),Q1 (0.00 to 24.00),Q2 (12.31 to 20.12),Q2 (5.47 to 9.48)
E01001452,Enfield 017B,Enfield,Q4 (683000.00 to 6425000.00),Q1 (2.00 to 79.00),Q1 (0.00 to 24.00),Q1 (2.33 to 12.31),Q1 (0.19 to 5.47)
E01001453,Enfield 017C,Enfield,Q4 (683000.00 to 6425000.00),Q1 (2.00 to 79.00),Q1 (0.00 to 24.00),Q1 (2.33 to 12.31),Q1 (0.19 to 5.47)
E01001454,Enfield 017D,Enfield,Q4 (683000.00 to 6425000.00),Q1 (2.00 to 79.00),Q1 (0.00 to 24.00),Q1 (2.33 to 12.31),Q2 (5.47 to 9.48)
E01001455,Enfield 021F,Enfield,Q3 (520000.00 to 683000.00),Q2 (79.00 to 114.00),Q1 (0.00 to 24.00),Q1 (2.33 to 12.31),Q2 (5.47 to 9.48)
E01001456,Enfield 022A,Enfield,Q4 (683000.00 to 6425000.00),Q1 (2.00 to 79.00),Q1 (0.00 to 24.00),Q1 (2.33 to 12.31),Q2 (5.47 to 9.48)
E01001457,Enfield 010A,Enfield,Q2 (420000.00 to 520000.00),Q2 (79.00 to 114.00),Q1 (0.00 to 24.00),Q2 (12.31 to 20.12),Q3 (9.48 to 16.97)
E01001458,Enfield 037A,Enfield,Q1 (147500.00 to 420000.00),Q3 (114.00 to 173.00),Q3 (38.00 to 56.00),Q4 (29.24 to 59.01),Q3 (9.48 to 16.97)
E01001459,Enfield 024A,Enfield,Q2 (420000.00 to 520000.00),Q2 (79.00 to 114.00),Q3 (38.00 to 56.00),Q3 (20.12 to 29.24),Q1 (0.19 to 5.47)
E01001460,Enfield 024B,Enfield,Q1 (147500.00 to 420000.00),Q3 (114.00 to 173.00),Q4 (56.00 to 1283.00),Q4 (29.24 to 59.01),Q4 (16.97 to 121.89)
E01001461,Enfield 027D,Enfield,Q1 (147500.00 to 420000.00),Q4 (173.00 to 9206.00),Q4 (56.00 to 1283.00),Q4 (29.24 to 59.01),Q2 (5.47 to 9.48)
E01001462,Enfield 024C,Enfield,Q2 (420000.00 to 520000.00),Q3 (114.00 to 173.00),Q3 (38.00 to 56.00),Q4 (29.24 to 59.01),Q2 (5.47 to 9.48)
E01001463,Enfield 031A,Enfield,Q1 (147500.00 to 420000.00),Q1 (2.00 to 79.00),Q2 (24.00 to 38.00),Q3 (20.12 to 29.24),Q1 (0.19 to 5.47)
E01001464,Enfield 027E,Enfield,Q2 (420000.00 to 520000.00),Q2 (79.00 to 114.00),Q3 (38.00 to 56.00),Q4 (29.24 to 59.01),Q1 (0.19 to 5.47)
E01001465,Enfield 031B,Enfield,Q2 (420000.00 to 520000.00),Q3 (114.00 to 173.00),Q4 (56.00 to 1283.00),Q3 (20.12 to 29.24),Q2 (5.47 to 9.48)
E01001466,Enfield 031C,Enfield,Q1 (147500.00 to 420000.00),Q2 (79.00 to 114.00),Q3 (38.00 to 56.00),Q3 (20.12 to 29.24),Q3 (9.48 to 16.97)
E01001467,Enfield 031D,Enfield,Q2 (420000.00 to 520000.00),Q2 (79.00 to 114.00),Q3 (38.00 to 56.00),Q3 (20.12 to 29.24),Q2 (5.47 to 9.48)
E01001468,Enfield 010B,Enfield,Q4 (683000.00 to 6425000.00),Q4 (173.00 to 9206.00),Q4 (56.00 to 1283.00),Q4 (29.24 to 59.01),Q1 (0.19 to 5.47)
E01001469,Enfield 008A,Enfield,Q2 (420000.00 to 520000.00),Q2 (79.00 to 114.00),Q3 (38.00 to 56.00),Q3 (20.12 to 29.24),Q2 (5.47 to 9.48)
E01001470,Enfield 013B,Enfield,Q4 (683000.00 to 6425000.00),Q2 (79.00 to 114.00),Q2 (24.00 to 38.00),Q1 (2.33 to 12.31),Q1 (0.19 to 5.47)
E01001471,Enfield 010C,Enfield,Q1 (147500.00 to 420000.00),Q2 (79.00 to 114.00),Q2 (24.00 to 38.00),Q2 (12.31 to 20.12),Q1 (0.19 to 5.47)
E01001472,Enfield 010D,Enfield,Q1 (147500.00 to 420000.00),Q2 (79.00 to 114.00),Q2 (24.00 to 38.00),Q2 (12.31 to 20.12),Q3 (9.48 to 16.97)
E01001473,Enfield 013C,Enfield,Q4 (683000.00 to 6425000.00),Q2 (79.00 to 114.00),Q2 (24.00 to 38.00),Q2 (12.31 to 20.12),Q1 (0.19 to 5.47)
E01001474,Enfield 010E,Enfield,Q2 (420000.00 to 520000.00),Q1 (2.00 to 79.00),Q1 (0.00 to 24.00),Q2 (12.31 to 20.12),Q2 (5.47 to 9.48)
E01001475,Enfield 013D,Enfield,Q4 (683000.00 to 6425000.00),Q1 (2.00 to 79.00),Q1 (0.00 to 24.00),Q1 (2.33 to 12.31),Q2 (5.47 to 9.48)
E01001476,Enfield 018A,Enfield,Q2 (420000.00 to 520000.00),Q3 (114.00 to 173.00),Q4 (56.00 to 1283.00),Q3 (20.12 to 29.24),Q2 (5.47 to 9.48)
E01001477,Enfield 018B,Enfield,Q1 (147500.00 to 420000.00),Q3 (114.00 to 173.00),Q4 (56.00 to 1283.00),Q4 (29.24 to 59.01),Q1 (0.19 to 5.47)
E01001478,Enfield 016B,Enfield,Q2 (420000.00 to 520000.00),Q1 (2.00 to 79.00),Q1 (0.00 to 24.00),Q3 (20.12 to 29.24),Q1 (0.19 to 5.47)
E01001479,Enfield 023A,Enfield,Q1 (147500.00 to 420000.00),Q4 (173.00 to 9206.00),Q4 (56.00 to 1283.00),Q4 (29.24 to 59.01),Q2 (5.47 to 9.48)
E01001480,Enfield 024D,Enfield,Q2 (420000.00 to 520000.00),Q2 (79.00 to 114.00),Q3 (38.00 to 56.00),Q4 (29.24 to 59.01),Q1 (0.19 to 5.47)
E01001481,Enfield 018C,Enfield,Q2 (420000.00 to 520000.00),Q2 (79.00 to 114.00),Q3 (38.00 to 56.00),Q3 (20.12 to 29.24),Q1 (0.19 to 5.47)
E01001482,Enfield 023B,Enfield,Q1 (147500.00 to 420000.00),Q2 (79.00 to 114.00),Q3 (38.00 to 56.00),Q4 (29.24 to 59.01),Q1 (0.19 to 5.47)
E01001483,Enfield 025A,Enfield,Q2 (420000.00 to 520000.00),Q4 (173.00 to 9206.00),Q4 (56.00 to 1283.00),Q4 (29.24 to 59.01),Q1 (0.19 to 5.47)
E01001484,Enfield 016C,Enfield,Q2 (420000.00 to 520000.00),Q3 (114.00 to 173.00),Q3 (38.00 to 56.00),Q3 (20.12 to 29.24),Q1 (0.19 to 5.47)
E01001485,Enfield 025B,Enfield,Q1 (147500.00 to 420000.00),Q3 (114.00 to 173.00),Q3 (38.00 to 56.00),Q4 (29.24 to 59.01),Q4 (16.97 to 121.89)
E01001486,Enfield 025C,Enfield,Q1 (147500.00 to 420000.00),Q4 (173.00 to 9206.00),Q4 (56.00 to 1283.00),Q4 (29.24 to 59.01),Q2 (5.47 to 9.48)
E01001487,Enfield 023C,Enfield,Q1 (147500.00 to 420000.00),Q3 (114.00 to 173.00),Q4 (56.00 to 1283.00),Q4 (29.24 to 59.01),Q3 (9.48 to 16.97)
E01001488,Enfield 024E,Enfield,Q1 (147500.00 to 420000.00),Q3 (114.00 to 173.00),Q4 (56.00 to 1283.00),Q4 (29.24 to 59.01),Q3 (9.48 to 16.97)
E01001489,Enfield 023D,Enfield,Q1 (147500.00 to 420000.00),Q3 (114.00 to 173.00),Q3 (38.00 to 56.00),Q4 (29.24 to 59.01),Q2 (5.47 to 9.48)
E01001491,Enfield 023E,Enfield,Q1 (147500.00 to 420000.00),Q4 (173.00 to 9206.00),Q4 (56.00 to 1283.00),Q4 (29.24 to 59.01),Q4 (16.97 to 121.89)
E01001492,Enfield 025E,Enfield,Q1 (147500.00 to 420000.00),Q3 (114.00 to 173.00),Q4 (56.00 to 1283.00),Q4 (29.24 to 59.01),Q2 (5.47 to 9.48)
E01001493,Enfield 026B,Enfield,Q3 (520000.00 to 683000.00),Q1 (2.00 to 79.00),Q2 (24.00 to 38.00),Q4 (29.24 to 59.01),Q1 (0.19 to 5.47)
E01001494,Enfield 026C,Enfield,Q3 (520000.00 to 683000.00),Q1 (2.00 to 79.00),Q1 (0.00 to 24.00),Q2 (12.31 to 20.12),Q1 (0.19 to 5.47)
E01001495,Enfield 029A,Enfield,Q1 (147500.00 to 420000.00),Q2 (79.00 to 114.00),Q2 (24.00 to 38.00),Q2 (12.31 to 20.12),Q2 (5.47 to 9.48)
E01001496,Enfield 026D,Enfield,Q3 (520000.00 to 683000.00),Q1 (2.00 to 79.00),Q1 (0.00 to 24.00),Q2 (12.31 to 20.12),Q1 (0.19 to 5.47)
E01001497,Enfield 031E,Enfield,Q3 (520000.00 to 683000.00),Q1 (2.00 to 79.00),Q1 (0.00 to 24.00),Q3 (20.12 to 29.24),Q1 (0.19 to 5.47)
E01001498,Enfield 029B,Enfield,Q3 (520000.00 to 683000.00),Q4 (173.00 to 9206.00),Q4 (56.00 to 1283.00),Q2 (12.31 to 20.12),Q3 (9.48 to 16.97)
E01001499,Enfield 031F,Enfield,Q3 (520000.00 to 683000.00),Q2 (79.00 to 114.00),Q2 (24.00 to 38.00),Q3 (20.12 to 29.24),Q2 (5.47 to 9.48)
E01001500,Enfield 035D,Enfield,Q3 (520000.00 to 683000.00),Q2 (79.00 to 114.00),Q2 (24.00 to 38.00),Q2 (12.31 to 20.12),Q2 (5.47 to 9.48)
E01001501,Enfield 036E,Enfield,Q2 (420000.00 to 520000.00),Q4 (173.00 to 9206.00),Q4 (56.00 to 1283.00),Q3 (20.12 to 29.24),Q3 (9.48 to 16.97)
E01001502,Enfield 018D,Enfield,Q1 (147500.00 to 420000.00),Q4 (173.00 to 9206.00),Q3 (38.00 to 56.00),Q4 (29.24 to 59.01),Q2 (5.47 to 9.48)
E01001503,Enfield 018E,Enfield,Q2 (420000.00 to 520000.00),Q3 (114.00 to 173.00),Q3 (38.00 to 56.00),Q3 (20.12 to 29.24),Q2 (5.47 to 9.48)
E01001504,Enfield 012B,Enfield,Q1 (147500.00 to 420000.00),Q3 (114.00 to 173.00),Q2 (24.00 to 38.00),Q4 (29.24 to 59.01),Q2 (5.47 to 9.48)
E01001505,Enfield 012C,Enfield,Q1 (147500.00 to 420000.00),Q3 (114.00 to 173.00),Q4 (56.00 to 1283.00),Q4 (29.24 to 59.01),Q3 (9.48 to 16.97)
E01001506,Enfield 014B,Enfield,Q1 (147500.00 to 420000.00),Q3 (114.00 to 173.00),Q3 (38.00 to 56.00),Q4 (29.24 to 59.01),Q1 (0.19 to 5.47)
E01001507,Enfield 012D,Enfield,Q1 (147500.00 to 420000.00),Q4 (173.00 to 9206.00),Q4 (56.00 to 1283.00),Q4 (29.24 to 59.01),Q3 (9.48 to 16.97)
E01001508,Enfield 012E,Enfield,Q1 (147500.00 to 420000.00),Q4 (173.00 to 9206.00),Q4 (56.00 to 1283.00),Q4 (29.24 to 59.01),Q3 (9.48 to 16.97)
E01001509,Enfield 014C,Enfield,Q1 (147500.00 to 420000.00),Q3 (114.00 to 173.00),Q3 (38.00 to 56.00),Q4 (29.24 to 59.01),Q2 (5.47 to 9.48)
E01001510,Enfield 014D,Enfield,Q1 (147500.00 to 420000.00),Q3 (114.00 to 173.00),Q3 (38.00 to 56.00),Q4 (29.24 to 59.01),Q2 (5.47 to 9.48)
E01001511,Enfield 016D,Enfield,Q2 (420000.00 to 520000.00),Q4 (173.00 to 9206.00),Q4 (56.00 to 1283.00),Q3 (20.12 to 29.24),Q3 (9.48 to 16.97)
E01001512,Enfield 015D,Enfield,Q2 (420000.00 to 520000.00),Q4 (173.00 to 9206.00),Q4 (56.00 to 1283.00),Q2 (12.31 to 20.12),Q3 (9.48 to 16.97)
E01001513,Enfield 012F,Enfield,Q1 (147500.00 to 420000.00),Q4 (173.00 to 9206.00),Q4 (56.00 to 1283.00),Q4 (29.24 to 59.01),Q2 (5.47 to 9.48)
E01001514,Enfield 016E,Enfield,Q2 (420000.00 to 520000.00),Q2 (79.00 to 114.00),Q2 (24.00 to 38.00),Q3 (20.12 to 29.24),Q2 (5.47 to 9.48)
E01001515,Enfield 015E,Enfield,Q1 (147500.00 to 420000.00),Q4 (173.00 to 9206.00),Q4 (56.00 to 1283.00),Q4 (29.24 to 59.01),Q2 (5.47 to 9.48)
E01001516,Enfield 005D,Enfield,Q2 (420000.00 to 520000.00),Q4 (173.00 to 9206.00),Q4 (56.00 to 1283.00),Q3 (20.12 to 29.24),Q1 (0.19 to 5.47)
E01001517,Enfield 006C,Enfield,Q1 (147500.00 to 420000.00),Q3 (114.00 to 173.00),Q4 (56.00 to 1283.00),Q4 (29.24 to 59.01),Q2 (5.47 to 9.48)
E01001518,Enfield 016F,Enfield,Q1 (147500.00 to 420000.00),Q4 (173.00 to 9206.00),Q3 (38.00 to 56.00),Q3 (20.12 to 29.24),Q2 (5.47 to 9.48)
E01001519,Enfield 020D,Enfield,Q1 (147500.00 to 420000.00),Q4 (173.00 to 9206.00),Q4 (56.00 to 1283.00),Q2 (12.31 to 20.12),Q3 (9.48 to 16.97)
E01001520,Enfield 019A,Enfield,Q4 (683000.00 to 6425000.00),Q2 (79.00 to 114.00),Q3 (38.00 to 56.00),Q2 (12.31 to 20.12),Q3 (9.48 to 16.97)
E01001521,Enfield 028A,Enfield,Q4 (683000.00 to 6425000.00),Q1 (2.00 to 79.00),Q1 (0.00 to 24.00),Q1 (2.33 to 12.31),Q3 (9.48 to 16.97)
E01001522,Enfield 019B,Enfield,Q1 (147500.00 to 420000.00),Q2 (79.00 to 114.00),Q1 (0.00 to 24.00),Q2 (12.31 to 20.12),Q1 (0.19 to 5.47)
E01001523,Enfield 019C,Enfield,Q2 (420000.00 to 520000.00),Q1 (2.00 to 79.00),Q1 (0.00 to 24.00),Q1 (2.33 to 12.31),Q1 (0.19 to 5.47)
E01001524,Enfield 019D,Enfield,Q4 (683000.00 to 6425000.00),Q1 (2.00 to 79.00),Q2 (24.00 to 38.00),Q3 (20.12 to 29.24),Q2 (5.47 to 9.48)
E01001525,Enfield 020E,Enfield,Q3 (520000.00 to 683000.00),Q2 (79.00 to 114.00),Q3 (38.00 to 56.00),Q2 (12.31 to 20.12),Q2 (5.47 to 9.48)
E01001526,Enfield 019E,Enfield,Q4 (683000.00 to 6425000.00),Q1 (2.00 to 79.00),Q1 (0.00 to 24.00),Q1 (2.33 to 12.31),Q1 (0.19 to 5.47)
E01001527,Enfield 036F,Enfield,Q3 (520000.00 to 683000.00),Q3 (114.00 to 173.00),Q2 (24.00 to 38.00),Q2 (12.31 to 20.12),Q2 (5.47 to 9.48)
E01001528,Enfield 032B,Enfield,Q1 (147500.00 to 420000.00),Q3 (114.00 to 173.00),Q3 (38.00 to 56.00),Q4 (29.24 to 59.01),Q4 (16.97 to 121.89)
E01001529,Enfield 032C,Enfield,Q1 (147500.00 to 420000.00),Q2 (79.00 to 114.00),Q3 (38.00 to 56.00),Q4 (29.24 to 59.01),Q4 (16.97 to 121.89)
E01001530,Enfield 032D,Enfield,Q3 (520000.00 to 683000.00),Q2 (79.00 to 114.00),Q2 (24.00 to 38.00),Q3 (20.12 to 29.24),Q3 (9.48 to 16.97)
E01001531,Enfield 028B,Enfield,Q4 (683000.00 to 6425000.00),Q1 (2.00 to 79.00),Q1 (0.00 to 24.00),Q1 (2.33 to 12.31),Q1 (0.19 to 5.47)
E01001532,Enfield 028C,Enfield,Q4 (683000.00 to 6425000.00),Q2 (79.00 to 114.00),Q1 (0.00 to 24.00),Q1 (2.33 to 12.31),Q2 (5.47 to 9.48)
E01001533,Enfield 028D,Enfield,Q4 (683000.00 to 6425000.00),Q1 (2.00 to 79.00),Q1 (0.00 to 24.00),Q1 (2.33 to 12.31),Q1 (0.19 to 5.47)
E01001534,Enfield 032E,Enfield,Q4 (683000.00 to 6425000.00),Q3 (114.00 to 173.00),Q2 (24.00 to 38.00),Q1 (2.33 to 12.31),Q3 (9.48 to 16.97)
E01001535,Enfield 028E,Enfield,Q4 (683000.00 to 6425000.00),Q2 (79.00 to 114.00),Q2 (24.00 to 38.00),Q2 (12.31 to 20.12),Q3 (9.48 to 16.97)
E01001536,Enfield 008B,Enfield,Q3 (520000.00 to 683000.00),Q4 (173.00 to 9206.00),Q4 (56.00 to 1283.00),Q2 (12.31 to 20.12),Q3 (9.48 to 16.97)
E01001537,Enfield 005E,Enfield,Q1 (147500.00 to 420000.00),Q2 (79.00 to 114.00),Q1 (0.00 to 24.00),Q1 (2.33 to 12.31),Q1 (0.19 to 5.47)
E01001538,Enfield 009A,Enfield,Q3 (520000.00 to 683000.00),Q1 (2.00 to 79.00),Q1 (0.00 to 24.00),Q1 (2.33 to 12.31),Q1 (0.19 to 5.47)
E01001539,Enfield 009B,Enfield,Q2 (420000.00 to 520000.00),Q1 (2.00 to 79.00),Q1 (0.00 to 24.00),Q2 (12.31 to 20.12),Q1 (0.19 to 5.47)
E01001540,Enfield 008C,Enfield,Q1 (147500.00 to 420000.00),Q4 (173.00 to 9206.00),Q3 (38.00 to 56.00),Q2 (12.31 to 20.12),Q3 (9.48 to 16.97)
E01001541,Enfield 008D,Enfield,Q3 (520000.00 to 683000.00),Q1 (2.00 to 79.00),Q1 (0.00 to 24.00),Q1 (2.33 to 12.31),Q2 (5.47 to 9.48)
E01001542,Enfield 008E,Enfield,Q1 (147500.00 to 420000.00),Q2 (79.00 to 114.00),Q3 (38.00 to 56.00),Q2 (12.31 to 20.12),Q2 (5.47 to 9.48)
E01001543,Enfield 009C,Enfield,Q3 (520000.00 to 683000.00),Q1 (2.00 to 79.00),Q1 (0.00 to 24.00),Q1 (2.33 to 12.31),Q1 (0.19 to 5.47)
E01001544,Enfield 009D,Enfield,Q3 (520000.00 to 683000.00),Q3 (114.00 to 173.00),Q4 (56.00 to 1283.00),Q1 (2.33 to 12.31),Q3 (9.48 to 16.97)
E01001545,Enfield 002B,Enfield,Q1 (147500.00 to 420000.00),Q3 (114.00 to 173.00),Q4 (56.00 to 1283.00),Q4 (29.24 to 59.01),Q1 (0.19 to 5.47)
E01001546,Enfield 001C,Enfield,Q2 (420000.00 to 520000.00),Q3 (114.00 to 173.00),Q3 (38.00 to 56.00),Q3 (20.12 to 29.24),Q1 (0.19 to 5.47)
E01001547,Enfield 002C,Enfield,Q2 (420000.00 to 520000.00),Q4 (173.00 to 9206.00),Q4 (56.00 to 1283.00),Q3 (20.12 to 29.24),Q2 (5.47 to 9.48)
E01001548,Enfield 002D,Enfield,Q1 (147500.00 to 420000.00),Q3 (114.00 to 173.00),Q4 (56.00 to 1283.00),Q4 (29.24 to 59.01),Q2 (5.47 to 9.48)
E01001549,Enfield 006D,Enfield,Q1 (147500.00 to 420000.00),Q4 (173.00 to 9206.00),Q4 (56.00 to 1283.00),Q4 (29.24 to 59.01),Q1 (0.19 to 5.47)
E01001550,Enfield 006E,Enfield,Q2 (420000.00 to 520000.00),Q2 (79.00 to 114.00),Q2 (24.00 to 38.00),Q4 (29.24 to 59.01),Q1 (0.19 to 5.47)
E01001551,Enfield 002E,Enfield,Q1 (147500.00 to 420000.00),Q4 (173.00 to 9206.00),Q4 (56.00 to 1283.00),Q4 (29.24 to 59.01),Q1 (0.19 to 5.47)
E01001552,Enfield 001D,Enfield,Q2 (420000.00 to 520000.00),Q4 (173.00 to 9206.00),Q4 (56.00 to 1283.00),Q3 (20.12 to 29.24),Q2 (5.47 to 9.48)
E01001553,Enfield 037B,Enfield,Q2 (420000.00 to 520000.00),Q2 (79.00 to 114.00),Q2 (24.00 to 38.00),Q4 (29.24 to 59.01),Q2 (5.47 to 9.48)
E01001555,Enfield 033C,Enfield,Q1 (147500.00 to 420000.00),Q4 (173.00 to 9206.00),Q4 (56.00 to 1283.00),Q4 (29.24 to 59.01),Q3 (9.48 to 16.97)
E01001556,Enfield 035E,Enfield,Q3 (520000.00 to 683000.00),Q2 (79.00 to 114.00),Q2 (24.00 to 38.00),Q2 (12.31 to 20.12),Q2 (5.47 to 9.48)
E01001557,Enfield 033D,Enfield,Q1 (147500.00 to 420000.00),Q3 (114.00 to 173.00),Q3 (38.00 to 56.00),Q4 (29.24 to 59.01),Q1 (0.19 to 5.47)
E01001558,Enfield 033E,Enfield,Q1 (147500.00 to 420000.00),Q4 (173.00 to 9206.00),Q4 (56.00 to 1283.00),Q4 (29.24 to 59.01),Q4 (16.97 to 121.89)
E01001559,Enfield 033F,Enfield,Q2 (420000.00 to 520000.00),Q4 (173.00 to 9206.00),Q4 (56.00 to 1283.00),Q4 (29.24 to 59.01),Q1 (0.19 to 5.47)
E01001560,Enfield 035F,Enfield,Q2 (420000.00 to 520000.00),Q3 (114.00 to 173.00),Q3 (38.00 to 56.00),Q4 (29.24 to 59.01),Q2 (5.47 to 9.48)
E01001562,Enfield 037D,Enfield,Q1 (147500.00 to 420000.00),Q4 (173.00 to 9206.00),Q4 (56.00 to 1283.00),Q4 (29.24 to 59.01),Q2 (5.47 to 9.48)
E01001563,Enfield 029C,Enfield,Q3 (520000.00 to 683000.00),Q4 (173.00 to 9206.00),Q3 (38.00 to 56.00),Q2 (12.31 to 20.12),Q2 (5.47 to 9.48)
E01001564,Enfield 022B,Enfield,Q4 (683000.00 to 6425000.00),Q1 (2.00 to 79.00),Q1 (0.00 to 24.00),Q1 (2.33 to 12.31),Q2 (5.47 to 9.48)
E01001565,Enfield 029D,Enfield,Q4 (683000.00 to 6425000.00),Q1 (2.00 to 79.00),Q1 (0.00 to 24.00),Q2 (12.31 to 20.12),Q2 (5.47 to 9.48)
E01001566,Enfield 029E,Enfield,Q4 (683000.00 to 6425000.00),Q1 (2.00 to 79.00),Q1 (0.00 to 24.00),Q2 (12.31 to 20.12),Q3 (9.48 to 16.97)
E01001567,Enfield 022C,Enfield,Q4 (683000.00 to 6425000.00),Q1 (2.00 to 79.00),Q1 (0.00 to 24.00),Q1 (2.33 to 12.31),Q2 (5.47 to 9.48)
E01001568,Enfield 022D,Enfield,Q4 (683000.00 to 6425000.00),Q1 (2.00 to 79.00),Q1 (0.00 to 24.00),Q1 (2.33 to 12.31),Q1 (0.19 to 5.47)
E01001569,Enfield 022E,Enfield,Q4 (683000.00 to 6425000.00),Q2 (79.00 to 114.00),Q2 (24.00 to 38.00),Q1 (2.33 to 12.31),Q2 (5.47 to 9.48)
E01001570,Enfield 026E,Enfield,Q2 (420000.00 to 520000.00),Q4 (173.00 to 9206.00),Q3 (38.00 to 56.00),Q2 (12.31 to 20.12),Q1 (0.19 to 5.47)
E01001571,Greenwich 008A,Greenwich,Q2 (420000.00 to 520000.00),Q3 (114.00 to 173.00),Q3 (38.00 to 56.00),Q2 (12.31 to 20.12),Q2 (5.47 to 9.48)
E01001572,Greenwich 008B,Greenwich,Q2 (420000.00 to 520000.00),Q1 (2.00 to 79.00),Q2 (24.00 to 38.00),Q2 (12.31 to 20.12),Q3 (9.48 to 16.97)
E01001573,Greenwich 008C,Greenwich,Q2 (420000.00 to 520000.00),Q3 (114.00 to 173.00),Q1 (0.00 to 24.00),Q2 (12.31 to 20.12),Q2 (5.47 to 9.48)
E01001574,Greenwich 008D,Greenwich,Q1 (147500.00 to 420000.00),Q4 (173.00 to 9206.00),Q4 (56.00 to 1283.00),Q4 (29.24 to 59.01),Q1 (0.19 to 5.47)
E01001575,Greenwich 003A,Greenwich,Q1 (147500.00 to 420000.00),Q4 (173.00 to 9206.00),Q4 (56.00 to 1283.00),Q4 (29.24 to 59.01),Q3 (9.48 to 16.97)
E01001576,Greenwich 003B,Greenwich,Q1 (147500.00 to 420000.00),Q4 (173.00 to 9206.00),Q4 (56.00 to 1283.00),Q4 (29.24 to 59.01),Q1 (0.19 to 5.47)
E01001577,Greenwich 003C,Greenwich,Q1 (147500.00 to 420000.00),Q3 (114.00 to 173.00),Q3 (38.00 to 56.00),Q4 (29.24 to 59.01),Q3 (9.48 to 16.97)
E01001578,Greenwich 003D,Greenwich,Q1 (147500.00 to 420000.00),Q4 (173.00 to 9206.00),Q4 (56.00 to 1283.00),Q3 (20.12 to 29.24),Q3 (9.48 to 16.97)
E01001579,Greenwich 003E,Greenwich,Q1 (147500.00 to 420000.00),Q3 (114.00 to 173.00),Q3 (38.00 to 56.00),Q4 (29.24 to 59.01),Q1 (0.19 to 5.47)
E01001580,Greenwich 021A,Greenwich,Q3 (520000.00 to 683000.00),Q4 (173.00 to 9206.00),Q2 (24.00 to 38.00),Q1 (2.33 to 12.31),Q3 (9.48 to 16.97)
E01001581,Greenwich 016A,Greenwich,Q3 (520000.00 to 683000.00),Q3 (114.00 to 173.00),Q3 (38.00 to 56.00),Q3 (20.12 to 29.24),Q4 (16.97 to 121.89)
E01001582,Greenwich 021B,Greenwich,Q3 (520000.00 to 683000.00),Q2 (79.00 to 114.00),Q3 (38.00 to 56.00),Q3 (20.12 to 29.24),Q2 (5.47 to 9.48)
E01001583,Greenwich 021C,Greenwich,Q2 (420000.00 to 520000.00),Q1 (2.00 to 79.00),Q1 (0.00 to 24.00),Q2 (12.31 to 20.12),Q2 (5.47 to 9.48)
E01001584,Greenwich 021D,Greenwich,Q4 (683000.00 to 6425000.00),Q1 (2.00 to 79.00),Q1 (0.00 to 24.00),Q1 (2.33 to 12.31),Q2 (5.47 to 9.48)
E01001585,Greenwich 016B,Greenwich,Q4 (683000.00 to 6425000.00),Q2 (79.00 to 114.00),Q2 (24.00 to 38.00),Q2 (12.31 to 20.12),Q3 (9.48 to 16.97)
E01001586,Greenwich 016C,Greenwich,Q1 (147500.00 to 420000.00),Q1 (2.00 to 79.00),Q1 (0.00 to 24.00),Q3 (20.12 to 29.24),Q3 (9.48 to 16.97)
E01001587,Greenwich 016D,Greenwich,Q3 (520000.00 to 683000.00),Q2 (79.00 to 114.00),Q1 (0.00 to 24.00),Q1 (2.33 to 12.31),Q3 (9.48 to 16.97)
E01001588,Greenwich 012A,Greenwich,Q1 (147500.00 to 420000.00),Q2 (79.00 to 114.00),Q2 (24.00 to 38.00),Q4 (29.24 to 59.01),Q2 (5.47 to 9.48)
E01001589,Greenwich 012B,Greenwich,Q2 (420000.00 to 520000.00),Q4 (173.00 to 9206.00),Q4 (56.00 to 1283.00),Q3 (20.12 to 29.24),Q3 (9.48 to 16.97)
E01001590,Greenwich 014A,Greenwich,Q3 (520000.00 to 683000.00),Q2 (79.00 to 114.00),Q2 (24.00 to 38.00),Q2 (12.31 to 20.12),Q4 (16.97 to 121.89)
E01001591,Greenwich 012C,Greenwich,Q1 (147500.00 to 420000.00),Q4 (173.00 to 9206.00),Q4 (56.00 to 1283.00),Q4 (29.24 to 59.01),Q3 (9.48 to 16.97)
E01001592,Greenwich 014B,Greenwich,Q4 (683000.00 to 6425000.00),Q1 (2.00 to 79.00),Q1 (0.00 to 24.00),Q2 (12.31 to 20.12),Q3 (9.48 to 16.97)
E01001593,Greenwich 014C,Greenwich,Q3 (520000.00 to 683000.00),Q1 (2.00 to 79.00),Q1 (0.00 to 24.00),Q1 (2.33 to 12.31),Q3 (9.48 to 16.97)
E01001594,Greenwich 014D,Greenwich,Q1 (147500.00 to 420000.00),Q3 (114.00 to 173.00),Q4 (56.00 to 1283.00),Q4 (29.24 to 59.01),Q3 (9.48 to 16.97)
E01001595,Greenwich 012D,Greenwich,Q3 (520000.00 to 683000.00),Q3 (114.00 to 173.00),Q3 (38.00 to 56.00),Q3 (20.12 to 29.24),Q2 (5.47 to 9.48)
E01001596,Greenwich 032A,Greenwich,Q3 (520000.00 to 683000.00),Q1 (2.00 to 79.00),Q1 (0.00 to 24.00),Q1 (2.33 to 12.31),Q1 (0.19 to 5.47)
E01001597,Greenwich 031A,Greenwich,Q2 (420000.00 to 520000.00),Q2 (79.00 to 114.00),Q2 (24.00 to 38.00),Q2 (12.31 to 20.12),Q2 (5.47 to 9.48)
E01001598,Greenwich 031B,Greenwich,Q3 (520000.00 to 683000.00),Q1 (2.00 to 79.00),Q1 (0.00 to 24.00),Q2 (12.31 to 20.12),Q2 (5.47 to 9.48)
E01001599,Greenwich 032B,Greenwich,Q3 (520000.00 to 683000.00),Q3 (114.00 to 173.00),Q3 (38.00 to 56.00),Q2 (12.31 to 20.12),Q2 (5.47 to 9.48)
E01001600,Greenwich 032C,Greenwich,Q1 (147500.00 to 420000.00),Q2 (79.00 to 114.00),Q2 (24.00 to 38.00),Q2 (12.31 to 20.12),Q3 (9.48 to 16.97)
E01001601,Greenwich 032D,Greenwich,Q3 (520000.00 to 683000.00),Q1 (2.00 to 79.00),Q1 (0.00 to 24.00),Q1 (2.33 to 12.31),Q2 (5.47 to 9.48)
E01001602,Greenwich 031C,Greenwich,Q2 (420000.00 to 520000.00),Q3 (114.00 to 173.00),Q4 (56.00 to 1283.00),Q4 (29.24 to 59.01),Q2 (5.47 to 9.48)
E01001603,Greenwich 031D,Greenwich,Q2 (420000.00 to 520000.00),Q3 (114.00 to 173.00),Q4 (56.00 to 1283.00),Q4 (29.24 to 59.01),Q2 (5.47 to 9.48)
E01001604,Greenwich 027A,Greenwich,Q4 (683000.00 to 6425000.00),Q3 (114.00 to 173.00),Q3 (38.00 to 56.00),Q2 (12.31 to 20.12),Q3 (9.48 to 16.97)
E01001605,Greenwich 023A,Greenwich,Q3 (520000.00 to 683000.00),Q1 (2.00 to 79.00),Q1 (0.00 to 24.00),Q1 (2.33 to 12.31),Q1 (0.19 to 5.47)
E01001606,Greenwich 023B,Greenwich,Q3 (520000.00 to 683000.00),Q1 (2.00 to 79.00),Q1 (0.00 to 24.00),Q1 (2.33 to 12.31),Q1 (0.19 to 5.47)
E01001607,Greenwich 027B,Greenwich,Q3 (520000.00 to 683000.00),Q2 (79.00 to 114.00),Q2 (24.00 to 38.00),Q2 (12.31 to 20.12),Q3 (9.48 to 16.97)
E01001608,Greenwich 027C,Greenwich,Q4 (683000.00 to 6425000.00),Q2 (79.00 to 114.00),Q1 (0.00 to 24.00),Q2 (12.31 to 20.12),Q2 (5.47 to 9.48)
E01001609,Greenwich 027D,Greenwich,Q4 (683000.00 to 6425000.00),Q4 (173.00 to 9206.00),Q4 (56.00 to 1283.00),Q3 (20.12 to 29.24),Q4 (16.97 to 121.89)
E01001610,Greenwich 023C,Greenwich,Q2 (420000.00 to 520000.00),Q1 (2.00 to 79.00),Q2 (24.00 to 38.00),Q2 (12.31 to 20.12),Q1 (0.19 to 5.47)
E01001611,Greenwich 023D,Greenwich,Q2 (420000.00 to 520000.00),Q2 (79.00 to 114.00),Q2 (24.00 to 38.00),Q2 (12.31 to 20.12),Q1 (0.19 to 5.47)
E01001613,Greenwich 028A,Greenwich,Q1 (147500.00 to 420000.00),Q3 (114.00 to 173.00),Q2 (24.00 to 38.00),Q2 (12.31 to 20.12),Q2 (5.47 to 9.48)
E01001614,Greenwich 028B,Greenwich,Q4 (683000.00 to 6425000.00),Q2 (79.00 to 114.00),Q2 (24.00 to 38.00),Q1 (2.33 to 12.31),Q2 (5.47 to 9.48)
E01001615,Greenwich 028C,Greenwich,Q1 (147500.00 to 420000.00),Q4 (173.00 to 9206.00),Q4 (56.00 to 1283.00),Q3 (20.12 to 29.24),Q3 (9.48 to 16.97)
E01001617,Greenwich 028D,Greenwich,Q1 (147500.00 to 420000.00),Q3 (114.00 to 173.00),Q3 (38.00 to 56.00),Q1 (2.33 to 12.31),Q2 (5.47 to 9.48)
E01001618,Greenwich 030C,Greenwich,Q3 (520000.00 to 683000.00),Q2 (79.00 to 114.00),Q3 (38.00 to 56.00),Q3 (20.12 to 29.24),Q2 (5.47 to 9.48)
E01001619,Greenwich 030D,Greenwich,Q1 (147500.00 to 420000.00),Q1 (2.00 to 79.00),Q2 (24.00 to 38.00),Q2 (12.31 to 20.12),Q3 (9.48 to 16.97)
E01001620,Greenwich 025A,Greenwich,Q2 (420000.00 to 520000.00),Q2 (79.00 to 114.00),Q3 (38.00 to 56.00),Q4 (29.24 to 59.01),Q2 (5.47 to 9.48)
E01001621,Greenwich 025B,Greenwich,Q2 (420000.00 to 520000.00),Q2 (79.00 to 114.00),Q2 (24.00 to 38.00),Q4 (29.24 to 59.01),Q3 (9.48 to 16.97)
E01001623,Greenwich 025C,Greenwich,Q2 (420000.00 to 520000.00),Q2 (79.00 to 114.00),Q3 (38.00 to 56.00),Q3 (20.12 to 29.24),Q2 (5.47 to 9.48)
E01001624,Greenwich 025D,Greenwich,Q2 (420000.00 to 520000.00),Q2 (79.00 to 114.00),Q2 (24.00 to 38.00),Q3 (20.12 to 29.24),Q2 (5.47 to 9.48)
E01001625,Greenwich 025E,Greenwich,Q2 (420000.00 to 520000.00),Q3 (114.00 to 173.00),Q4 (56.00 to 1283.00),Q4 (29.24 to 59.01),Q2 (5.47 to 9.48)
E01001629,Greenwich 009A,Greenwich,Q1 (147500.00 to 420000.00),Q4 (173.00 to 9206.00),Q4 (56.00 to 1283.00),Q4 (29.24 to 59.01),Q4 (16.97 to 121.89)
E01001631,Greenwich 007B,Greenwich,Q1 (147500.00 to 420000.00),Q4 (173.00 to 9206.00),Q4 (56.00 to 1283.00),Q4 (29.24 to 59.01),Q4 (16.97 to 121.89)
E01001632,Greenwich 007C,Greenwich,Q1 (147500.00 to 420000.00),Q3 (114.00 to 173.00),Q3 (38.00 to 56.00),Q2 (12.31 to 20.12),Q4 (16.97 to 121.89)
E01001633,Greenwich 009B,Greenwich,Q1 (147500.00 to 420000.00),Q3 (114.00 to 173.00),Q4 (56.00 to 1283.00),Q4 (29.24 to 59.01),Q3 (9.48 to 16.97)
E01001634,Greenwich 009C,Greenwich,Q1 (147500.00 to 420000.00),Q2 (79.00 to 114.00),Q3 (38.00 to 56.00),Q4 (29.24 to 59.01),Q3 (9.48 to 16.97)
E01001635,Greenwich 007D,Greenwich,Q1 (147500.00 to 420000.00),Q1 (2.00 to 79.00),Q2 (24.00 to 38.00),Q3 (20.12 to 29.24),Q2 (5.47 to 9.48)
E01001636,Greenwich 007E,Greenwich,Q2 (420000.00 to 520000.00),Q3 (114.00 to 173.00),Q4 (56.00 to 1283.00),Q3 (20.12 to 29.24),Q3 (9.48 to 16.97)
E01001637,Greenwich 009D,Greenwich,Q1 (147500.00 to 420000.00),Q3 (114.00 to 173.00),Q3 (38.00 to 56.00),Q3 (20.12 to 29.24),Q2 (5.47 to 9.48)
E01001638,Greenwich 038A,Greenwich,Q1 (147500.00 to 420000.00),Q2 (79.00 to 114.00),Q3 (38.00 to 56.00),Q3 (20.12 to 29.24),Q3 (9.48 to 16.97)
E01001640,Greenwich 035A,Greenwich,Q2 (420000.00 to 520000.00),Q4 (173.00 to 9206.00),Q4 (56.00 to 1283.00),Q4 (29.24 to 59.01),Q4 (16.97 to 121.89)
E01001641,Greenwich 038B,Greenwich,Q4 (683000.00 to 6425000.00),Q4 (173.00 to 9206.00),Q4 (56.00 to 1283.00),Q2 (12.31 to 20.12),Q4 (16.97 to 121.89)
E01001642,Greenwich 038C,Greenwich,Q4 (683000.00 to 6425000.00),Q4 (173.00 to 9206.00),Q3 (38.00 to 56.00),Q1 (2.33 to 12.31),Q2 (5.47 to 9.48)
E01001644,Greenwich 038D,Greenwich,Q2 (420000.00 to 520000.00),Q4 (173.00 to 9206.00),Q3 (38.00 to 56.00),Q2 (12.31 to 20.12),Q4 (16.97 to 121.89)
E01001645,Greenwich 022A,Greenwich,Q1 (147500.00 to 420000.00),Q3 (114.00 to 173.00),Q4 (56.00 to 1283.00),Q3 (20.12 to 29.24),Q1 (0.19 to 5.47)
E01001646,Greenwich 019A,Greenwich,Q1 (147500.00 to 420000.00),Q4 (173.00 to 9206.00),Q4 (56.00 to 1283.00),Q3 (20.12 to 29.24),Q3 (9.48 to 16.97)
E01001647,Greenwich 022B,Greenwich,Q3 (520000.00 to 683000.00),Q1 (2.00 to 79.00),Q1 (0.00 to 24.00),Q3 (20.12 to 29.24),Q1 (0.19 to 5.47)
E01001648,Greenwich 022C,Greenwich,Q1 (147500.00 to 420000.00),Q2 (79.00 to 114.00),Q1 (0.00 to 24.00),Q2 (12.31 to 20.12),Q1 (0.19 to 5.47)
E01001649,Greenwich 022D,Greenwich,Q2 (420000.00 to 520000.00),Q2 (79.00 to 114.00),Q3 (38.00 to 56.00),Q4 (29.24 to 59.01),Q1 (0.19 to 5.47)
E01001650,Greenwich 019B,Greenwich,Q2 (420000.00 to 520000.00),Q3 (114.00 to 173.00),Q2 (24.00 to 38.00),Q4 (29.24 to 59.01),Q2 (5.47 to 9.48)
E01001651,Greenwich 019C,Greenwich,Q1 (147500.00 to 420000.00),Q4 (173.00 to 9206.00),Q3 (38.00 to 56.00),Q4 (29.24 to 59.01),Q1 (0.19 to 5.47)
E01001652,Greenwich 019D,Greenwich,Q3 (520000.00 to 683000.00),Q3 (114.00 to 173.00),Q3 (38.00 to 56.00),Q2 (12.31 to 20.12),Q2 (5.47 to 9.48)
E01001653,Greenwich 029A,Greenwich,Q1 (147500.00 to 420000.00),Q3 (114.00 to 173.00),Q4 (56.00 to 1283.00),Q4 (29.24 to 59.01),Q1 (0.19 to 5.47)
E01001654,Greenwich 029B,Greenwich,Q2 (420000.00 to 520000.00),Q3 (114.00 to 173.00),Q4 (56.00 to 1283.00),Q4 (29.24 to 59.01),Q1 (0.19 to 5.47)
E01001655,Greenwich 029C,Greenwich,Q1 (147500.00 to 420000.00),Q3 (114.00 to 173.00),Q4 (56.00 to 1283.00),Q4 (29.24 to 59.01),Q2 (5.47 to 9.48)
E01001656,Greenwich 034A,Greenwich,Q4 (683000.00 to 6425000.00),Q1 (2.00 to 79.00),Q2 (24.00 to 38.00),Q2 (12.31 to 20.12),Q1 (0.19 to 5.47)
E01001657,Greenwich 034B,Greenwich,Q3 (520000.00 to 683000.00),Q2 (79.00 to 114.00),Q2 (24.00 to 38.00),Q1 (2.33 to 12.31),Q2 (5.47 to 9.48)
E01001658,Greenwich 034C,Greenwich,Q1 (147500.00 to 420000.00),Q2 (79.00 to 114.00),Q2 (24.00 to 38.00),Q2 (12.31 to 20.12),Q2 (5.47 to 9.48)
E01001659,Greenwich 034D,Greenwich,Q4 (683000.00 to 6425000.00),Q3 (114.00 to 173.00),Q2 (24.00 to 38.00),Q3 (20.12 to 29.24),Q2 (5.47 to 9.48)
E01001660,Greenwich 029D,Greenwich,Q2 (420000.00 to 520000.00),Q3 (114.00 to 173.00),Q3 (38.00 to 56.00),Q4 (29.24 to 59.01),Q1 (0.19 to 5.47)
E01001661,Greenwich 029E,Greenwich,Q1 (147500.00 to 420000.00),Q3 (114.00 to 173.00),Q4 (56.00 to 1283.00),Q4 (29.24 to 59.01),Q2 (5.47 to 9.48)
E01001662,Greenwich 037A,Greenwich,Q3 (520000.00 to 683000.00),Q4 (173.00 to 9206.00),Q4 (56.00 to 1283.00),Q3 (20.12 to 29.24),Q3 (9.48 to 16.97)
E01001664,Greenwich 037B,Greenwich,Q4 (683000.00 to 6425000.00),Q4 (173.00 to 9206.00),Q3 (38.00 to 56.00),Q3 (20.12 to 29.24),Q4 (16.97 to 121.89)
E01001665,Greenwich 037C,Greenwich,Q4 (683000.00 to 6425000.00),Q4 (173.00 to 9206.00),Q4 (56.00 to 1283.00),Q2 (12.31 to 20.12),Q4 (16.97 to 121.89)
E01001666,Greenwich 036A,Greenwich,Q2 (420000.00 to 520000.00),Q4 (173.00 to 9206.00),Q4 (56.00 to 1283.00),Q3 (20.12 to 29.24),Q3 (9.48 to 16.97)
E01001667,Greenwich 036B,Greenwich,Q3 (520000.00 to 683000.00),Q4 (173.00 to 9206.00),Q4 (56.00 to 1283.00),Q4 (29.24 to 59.01),Q3 (9.48 to 16.97)
E01001668,Greenwich 036C,Greenwich,Q3 (520000.00 to 683000.00),Q4 (173.00 to 9206.00),Q4 (56.00 to 1283.00),Q3 (20.12 to 29.24),Q3 (9.48 to 16.97)
E01001669,Greenwich 033A,Greenwich,Q1 (147500.00 to 420000.00),Q4 (173.00 to 9206.00),Q4 (56.00 to 1283.00),Q3 (20.12 to 29.24),Q1 (0.19 to 5.47)
E01001671,Greenwich 033B,Greenwich,Q1 (147500.00 to 420000.00),Q3 (114.00 to 173.00),Q4 (56.00 to 1283.00),Q3 (20.12 to 29.24),Q1 (0.19 to 5.47)
E01001672,Greenwich 006A,Greenwich,Q1 (147500.00 to 420000.00),Q3 (114.00 to 173.00),Q3 (38.00 to 56.00),Q3 (20.12 to 29.24),Q2 (5.47 to 9.48)
E01001673,Greenwich 006B,Greenwich,Q1 (147500.00 to 420000.00),Q4 (173.00 to 9206.00),Q4 (56.00 to 1283.00),Q4 (29.24 to 59.01),Q4 (16.97 to 121.89)
E01001674,Greenwich 006C,Greenwich,Q2 (420000.00 to 520000.00),Q3 (114.00 to 173.00),Q3 (38.00 to 56.00),Q3 (20.12 to 29.24),Q2 (5.47 to 9.48)
E01001675,Greenwich 006D,Greenwich,Q1 (147500.00 to 420000.00),Q4 (173.00 to 9206.00),Q4 (56.00 to 1283.00),Q3 (20.12 to 29.24),Q3 (9.48 to 16.97)
E01001676,Greenwich 033C,Greenwich,Q1 (147500.00 to 420000.00),Q4 (173.00 to 9206.00),Q4 (56.00 to 1283.00),Q3 (20.12 to 29.24),Q3 (9.48 to 16.97)
E01001677,Greenwich 006E,Greenwich,Q1 (147500.00 to 420000.00),Q4 (173.00 to 9206.00),Q4 (56.00 to 1283.00),Q2 (12.31 to 20.12),Q2 (5.47 to 9.48)
E01001678,Greenwich 017A,Greenwich,Q2 (420000.00 to 520000.00),Q2 (79.00 to 114.00),Q2 (24.00 to 38.00),Q2 (12.31 to 20.12),Q1 (0.19 to 5.47)
E01001679,Greenwich 020A,Greenwich,Q2 (420000.00 to 520000.00),Q1 (2.00 to 79.00),Q2 (24.00 to 38.00),Q2 (12.31 to 20.12),Q1 (0.19 to 5.47)
E01001680,Greenwich 020B,Greenwich,Q3 (520000.00 to 683000.00),Q1 (2.00 to 79.00),Q1 (0.00 to 24.00),Q1 (2.33 to 12.31),Q1 (0.19 to 5.47)
E01001681,Greenwich 020C,Greenwich,Q2 (420000.00 to 520000.00),Q1 (2.00 to 79.00),Q2 (24.00 to 38.00),Q2 (12.31 to 20.12),Q1 (0.19 to 5.47)
E01001682,Greenwich 020D,Greenwich,Q2 (420000.00 to 520000.00),Q2 (79.00 to 114.00),Q3 (38.00 to 56.00),Q2 (12.31 to 20.12),Q1 (0.19 to 5.47)
E01001683,Greenwich 017B,Greenwich,Q3 (520000.00 to 683000.00),Q3 (114.00 to 173.00),Q3 (38.00 to 56.00),Q3 (20.12 to 29.24),Q2 (5.47 to 9.48)
E01001684,Greenwich 017C,Greenwich,Q2 (420000.00 to 520000.00),Q1 (2.00 to 79.00),Q2 (24.00 to 38.00),Q3 (20.12 to 29.24),Q1 (0.19 to 5.47)
E01001685,Greenwich 017D,Greenwich,Q2 (420000.00 to 520000.00),Q2 (79.00 to 114.00),Q2 (24.00 to 38.00),Q2 (12.31 to 20.12),Q1 (0.19 to 5.47)
E01001686,Greenwich 020E,Greenwich,Q2 (420000.00 to 520000.00),Q3 (114.00 to 173.00),Q4 (56.00 to 1283.00),Q3 (20.12 to 29.24),Q1 (0.19 to 5.47)
E01001687,Greenwich 002A,Greenwich,Q1 (147500.00 to 420000.00),Q4 (173.00 to 9206.00),Q4 (56.00 to 1283.00),Q4 (29.24 to 59.01),Q3 (9.48 to 16.97)
E01001688,Greenwich 002B,Greenwich,Q1 (147500.00 to 420000.00),Q4 (173.00 to 9206.00),Q4 (56.00 to 1283.00),Q3 (20.12 to 29.24),Q2 (5.47 to 9.48)
E01001690,Greenwich 001A,Greenwich,Q1 (147500.00 to 420000.00),Q3 (114.00 to 173.00),Q3 (38.00 to 56.00),Q4 (29.24 to 59.01),Q2 (5.47 to 9.48)
E01001692,Greenwich 001B,Greenwich,Q1 (147500.00 to 420000.00),Q2 (79.00 to 114.00),Q3 (38.00 to 56.00),Q4 (29.24 to 59.01),Q2 (5.47 to 9.48)
E01001694,Greenwich 001D,Greenwich,Q1 (147500.00 to 420000.00),Q2 (79.00 to 114.00),Q2 (24.00 to 38.00),Q3 (20.12 to 29.24),Q1 (0.19 to 5.47)
E01001695,Greenwich 011A,Greenwich,Q1 (147500.00 to 420000.00),Q3 (114.00 to 173.00),Q3 (38.00 to 56.00),Q4 (29.24 to 59.01),Q4 (16.97 to 121.89)
E01001696,Greenwich 011B,Greenwich,Q2 (420000.00 to 520000.00),Q4 (173.00 to 9206.00),Q4 (56.00 to 1283.00),Q4 (29.24 to 59.01),Q4 (16.97 to 121.89)
E01001697,Greenwich 011C,Greenwich,Q1 (147500.00 to 420000.00),Q4 (173.00 to 9206.00),Q4 (56.00 to 1283.00),Q4 (29.24 to 59.01),Q4 (16.97 to 121.89)
E01001698,Greenwich 015A,Greenwich,Q1 (147500.00 to 420000.00),Q4 (173.00 to 9206.00),Q4 (56.00 to 1283.00),Q4 (29.24 to 59.01),Q1 (0.19 to 5.47)
E01001699,Greenwich 015B,Greenwich,Q1 (147500.00 to 420000.00),Q3 (114.00 to 173.00),Q3 (38.00 to 56.00),Q3 (20.12 to 29.24),Q3 (9.48 to 16.97)
E01001700,Greenwich 011D,Greenwich,Q1 (147500.00 to 420000.00),Q4 (173.00 to 9206.00),Q4 (56.00 to 1283.00),Q4 (29.24 to 59.01),Q3 (9.48 to 16.97)
E01001701,Greenwich 015C,Greenwich,Q1 (147500.00 to 420000.00),Q4 (173.00 to 9206.00),Q4 (56.00 to 1283.00),Q4 (29.24 to 59.01),Q2 (5.47 to 9.48)
E01001702,Greenwich 015D,Greenwich,Q1 (147500.00 to 420000.00),Q1 (2.00 to 79.00),Q2 (24.00 to 38.00),Q4 (29.24 to 59.01),Q1 (0.19 to 5.47)
E01001703,Greenwich 011E,Greenwich,Q1 (147500.00 to 420000.00),Q4 (173.00 to 9206.00),Q4 (56.00 to 1283.00),Q4 (29.24 to 59.01),Q2 (5.47 to 9.48)
E01001704,Greenwich 011F,Greenwich,Q1 (147500.00 to 420000.00),Q3 (114.00 to 173.00),Q3 (38.00 to 56.00),Q3 (20.12 to 29.24),Q2 (5.47 to 9.48)
E01001705,Greenwich 005A,Greenwich,Q1 (147500.00 to 420000.00),Q4 (173.00 to 9206.00),Q4 (56.00 to 1283.00),Q4 (29.24 to 59.01),Q4 (16.97 to 121.89)
E01001706,Greenwich 005B,Greenwich,Q2 (420000.00 to 520000.00),Q1 (2.00 to 79.00),Q2 (24.00 to 38.00),Q4 (29.24 to 59.01),Q3 (9.48 to 16.97)
E01001708,Greenwich 005C,Greenwich,Q2 (420000.00 to 520000.00),Q1 (2.00 to 79.00),Q1 (0.00 to 24.00),Q3 (20.12 to 29.24),Q3 (9.48 to 16.97)
E01001710,Greenwich 005D,Greenwich,Q1 (147500.00 to 420000.00),Q3 (114.00 to 173.00),Q3 (38.00 to 56.00),Q4 (29.24 to 59.01),Q3 (9.48 to 16.97)
E01001711,Greenwich 004C,Greenwich,Q1 (147500.00 to 420000.00),Q3 (114.00 to 173.00),Q3 (38.00 to 56.00),Q3 (20.12 to 29.24),Q3 (9.48 to 16.97)
E01001712,Greenwich 004D,Greenwich,Q1 (147500.00 to 420000.00),Q4 (173.00 to 9206.00),Q4 (56.00 to 1283.00),Q4 (29.24 to 59.01),Q4 (16.97 to 121.89)
E01001714,Hackney 002A,Hackney,Q3 (520000.00 to 683000.00),Q4 (173.00 to 9206.00),Q4 (56.00 to 1283.00),Q4 (29.24 to 59.01),Q4 (16.97 to 121.89)
E01001715,Hackney 007A,Hackney,Q3 (520000.00 to 683000.00),Q2 (79.00 to 114.00),Q2 (24.00 to 38.00),Q3 (20.12 to 29.24),Q4 (16.97 to 121.89)
E01001716,Hackney 007B,Hackney,Q2 (420000.00 to 520000.00),Q3 (114.00 to 173.00),Q3 (38.00 to 56.00),Q4 (29.24 to 59.01),Q4 (16.97 to 121.89)
E01001717,Hackney 007C,Hackney,Q4 (683000.00 to 6425000.00),Q1 (2.00 to 79.00),Q1 (0.00 to 24.00),Q3 (20.12 to 29.24),Q3 (9.48 to 16.97)
E01001718,Hackney 007D,Hackney,Q3 (520000.00 to 683000.00),Q4 (173.00 to 9206.00),Q4 (56.00 to 1283.00),Q3 (20.12 to 29.24),Q4 (16.97 to 121.89)
E01001719,Hackney 007E,Hackney,Q2 (420000.00 to 520000.00),Q3 (114.00 to 173.00),Q3 (38.00 to 56.00),Q4 (29.24 to 59.01),Q3 (9.48 to 16.97)
E01001720,Hackney 007F,Hackney,Q3 (520000.00 to 683000.00),Q3 (114.00 to 173.00),Q2 (24.00 to 38.00),Q2 (12.31 to 20.12),Q4 (16.97 to 121.89)
E01001722,Hackney 029A,Hackney,Q3 (520000.00 to 683000.00),Q4 (173.00 to 9206.00),Q4 (56.00 to 1283.00),Q4 (29.24 to 59.01),Q3 (9.48 to 16.97)
E01001723,Hackney 006A,Hackney,Q4 (683000.00 to 6425000.00),Q2 (79.00 to 114.00),Q1 (0.00 to 24.00),Q3 (20.12 to 29.24),Q4 (16.97 to 121.89)
E01001724,Hackney 006B,Hackney,Q2 (420000.00 to 520000.00),Q4 (173.00 to 9206.00),Q4 (56.00 to 1283.00),Q3 (20.12 to 29.24),Q4 (16.97 to 121.89)
E01001725,Hackney 004A,Hackney,Q3 (520000.00 to 683000.00),Q2 (79.00 to 114.00),Q2 (24.00 to 38.00),Q3 (20.12 to 29.24),Q3 (9.48 to 16.97)
E01001726,Hackney 004B,Hackney,Q1 (147500.00 to 420000.00),Q2 (79.00 to 114.00),Q2 (24.00 to 38.00),Q4 (29.24 to 59.01),Q4 (16.97 to 121.89)
E01001727,Hackney 006C,Hackney,Q3 (520000.00 to 683000.00),Q1 (2.00 to 79.00),Q1 (0.00 to 24.00),Q3 (20.12 to 29.24),Q3 (9.48 to 16.97)
E01001728,Hackney 029B,Hackney,Q2 (420000.00 to 520000.00),Q2 (79.00 to 114.00),Q2 (24.00 to 38.00),Q4 (29.24 to 59.01),Q3 (9.48 to 16.97)
E01001729,Hackney 019A,Hackney,Q1 (147500.00 to 420000.00),Q4 (173.00 to 9206.00),Q4 (56.00 to 1283.00),Q4 (29.24 to 59.01),Q4 (16.97 to 121.89)
E01001730,Hackney 019B,Hackney,Q1 (147500.00 to 420000.00),Q4 (173.00 to 9206.00),Q4 (56.00 to 1283.00),Q4 (29.24 to 59.01),Q4 (16.97 to 121.89)
E01001731,Hackney 017A,Hackney,Q3 (520000.00 to 683000.00),Q4 (173.00 to 9206.00),Q4 (56.00 to 1283.00),Q4 (29.24 to 59.01),Q4 (16.97 to 121.89)
E01001732,Hackney 019C,Hackney,Q2 (420000.00 to 520000.00),Q4 (173.00 to 9206.00),Q4 (56.00 to 1283.00),Q4 (29.24 to 59.01),Q4 (16.97 to 121.89)
E01001733,Hackney 015A,Hackney,Q4 (683000.00 to 6425000.00),Q4 (173.00 to 9206.00),Q4 (56.00 to 1283.00),Q4 (29.24 to 59.01),Q3 (9.48 to 16.97)
E01001734,Hackney 017B,Hackney,Q3 (520000.00 to 683000.00),Q4 (173.00 to 9206.00),Q4 (56.00 to 1283.00),Q4 (29.24 to 59.01),Q4 (16.97 to 121.89)
E01001735,Hackney 019D,Hackney,Q3 (520000.00 to 683000.00),Q3 (114.00 to 173.00),Q3 (38.00 to 56.00),Q4 (29.24 to 59.01),Q4 (16.97 to 121.89)
E01001736,Hackney 012A,Hackney,Q4 (683000.00 to 6425000.00),Q2 (79.00 to 114.00),Q1 (0.00 to 24.00),Q3 (20.12 to 29.24),Q2 (5.47 to 9.48)
E01001737,Hackney 012B,Hackney,Q3 (520000.00 to 683000.00),Q2 (79.00 to 114.00),Q2 (24.00 to 38.00),Q3 (20.12 to 29.24),Q2 (5.47 to 9.48)
E01001738,Hackney 012C,Hackney,Q4 (683000.00 to 6425000.00),Q3 (114.00 to 173.00),Q2 (24.00 to 38.00),Q3 (20.12 to 29.24),Q3 (9.48 to 16.97)
E01001739,Hackney 012D,Hackney,Q4 (683000.00 to 6425000.00),Q3 (114.00 to 173.00),Q3 (38.00 to 56.00),Q3 (20.12 to 29.24),Q3 (9.48 to 16.97)
E01001740,Hackney 014A,Hackney,Q3 (520000.00 to 683000.00),Q3 (114.00 to 173.00),Q2 (24.00 to 38.00),Q4 (29.24 to 59.01),Q4 (16.97 to 121.89)
E01001741,Hackney 009A,Hackney,Q4 (683000.00 to 6425000.00),Q2 (79.00 to 114.00),Q1 (0.00 to 24.00),Q2 (12.31 to 20.12),Q3 (9.48 to 16.97)
E01001742,Hackney 008A,Hackney,Q3 (520000.00 to 683000.00),Q3 (114.00 to 173.00),Q3 (38.00 to 56.00),Q3 (20.12 to 29.24),Q2 (5.47 to 9.48)
E01001744,Hackney 021B,Hackney,Q4 (683000.00 to 6425000.00),Q3 (114.00 to 173.00),Q2 (24.00 to 38.00),Q4 (29.24 to 59.01),Q4 (16.97 to 121.89)
E01001745,Hackney 016A,Hackney,Q1 (147500.00 to 420000.00),Q4 (173.00 to 9206.00),Q3 (38.00 to 56.00),Q4 (29.24 to 59.01),Q3 (9.48 to 16.97)
E01001746,Hackney 016B,Hackney,Q2 (420000.00 to 520000.00),Q2 (79.00 to 114.00),Q3 (38.00 to 56.00),Q4 (29.24 to 59.01),Q3 (9.48 to 16.97)
E01001747,Hackney 014B,Hackney,Q3 (520000.00 to 683000.00),Q4 (173.00 to 9206.00),Q4 (56.00 to 1283.00),Q4 (29.24 to 59.01),Q4 (16.97 to 121.89)
E01001748,Hackney 020A,Hackney,Q3 (520000.00 to 683000.00),Q4 (173.00 to 9206.00),Q4 (56.00 to 1283.00),Q4 (29.24 to 59.01),Q4 (16.97 to 121.89)
E01001749,Hackney 020B,Hackney,Q3 (520000.00 to 683000.00),Q2 (79.00 to 114.00),Q2 (24.00 to 38.00),Q4 (29.24 to 59.01),Q4 (16.97 to 121.89)
E01001750,Hackney 021C,Hackney,Q3 (520000.00 to 683000.00),Q4 (173.00 to 9206.00),Q4 (56.00 to 1283.00),Q4 (29.24 to 59.01),Q4 (16.97 to 121.89)
E01001751,Hackney 021D,Hackney,Q4 (683000.00 to 6425000.00),Q3 (114.00 to 173.00),Q1 (0.00 to 24.00),Q2 (12.31 to 20.12),Q4 (16.97 to 121.89)
E01001752,Hackney 025A,Hackney,Q3 (520000.00 to 683000.00),Q4 (173.00 to 9206.00),Q4 (56.00 to 1283.00),Q3 (20.12 to 29.24),Q3 (9.48 to 16.97)
E01001753,Hackney 025B,Hackney,Q1 (147500.00 to 420000.00),Q3 (114.00 to 173.00),Q3 (38.00 to 56.00),Q4 (29.24 to 59.01),Q3 (9.48 to 16.97)
E01001754,Hackney 025C,Hackney,Q2 (420000.00 to 520000.00),Q4 (173.00 to 9206.00),Q4 (56.00 to 1283.00),Q4 (29.24 to 59.01),Q4 (16.97 to 121.89)
E01001755,Hackney 025D,Hackney,Q2 (420000.00 to 520000.00),Q4 (173.00 to 9206.00),Q4 (56.00 to 1283.00),Q4 (29.24 to 59.01),Q4 (16.97 to 121.89)
E01001756,Hackney 021E,Hackney,Q4 (683000.00 to 6425000.00),Q4 (173.00 to 9206.00),Q3 (38.00 to 56.00),Q3 (20.12 to 29.24),Q4 (16.97 to 121.89)
E01001757,Hackney 016C,Hackney,Q1 (147500.00 to 420000.00),Q2 (79.00 to 114.00),Q3 (38.00 to 56.00),Q4 (29.24 to 59.01),Q4 (16.97 to 121.89)
E01001758,Hackney 016D,Hackney,Q2 (420000.00 to 520000.00),Q4 (173.00 to 9206.00),Q4 (56.00 to 1283.00),Q4 (29.24 to 59.01),Q4 (16.97 to 121.89)
E01001759,Hackney 016E,Hackney,Q2 (420000.00 to 520000.00),Q2 (79.00 to 114.00),Q2 (24.00 to 38.00),Q3 (20.12 to 29.24),Q4 (16.97 to 121.89)
E01001760,Hackney 017C,Hackney,Q3 (520000.00 to 683000.00),Q4 (173.00 to 9206.00),Q4 (56.00 to 1283.00),Q4 (29.24 to 59.01),Q4 (16.97 to 121.89)
E01001761,Hackney 016F,Hackney,Q2 (420000.00 to 520000.00),Q4 (173.00 to 9206.00),Q4 (56.00 to 1283.00),Q4 (29.24 to 59.01),Q4 (16.97 to 121.89)
E01001762,Hackney 017D,Hackney,Q3 (520000.00 to 683000.00),Q4 (173.00 to 9206.00),Q4 (56.00 to 1283.00),Q3 (20.12 to 29.24),Q4 (16.97 to 121.89)
E01001763,Hackney 020C,Hackney,Q4 (683000.00 to 6425000.00),Q3 (114.00 to 173.00),Q3 (38.00 to 56.00),Q3 (20.12 to 29.24),Q4 (16.97 to 121.89)
E01001764,Hackney 010A,Hackney,Q2 (420000.00 to 520000.00),Q3 (114.00 to 173.00),Q3 (38.00 to 56.00),Q3 (20.12 to 29.24),Q4 (16.97 to 121.89)
E01001765,Hackney 010B,Hackney,Q2 (420000.00 to 520000.00),Q3 (114.00 to 173.00),Q3 (38.00 to 56.00),Q4 (29.24 to 59.01),Q3 (9.48 to 16.97)
E01001767,Hackney 010D,Hackney,Q3 (520000.00 to 683000.00),Q3 (114.00 to 173.00),Q3 (38.00 to 56.00),Q4 (29.24 to 59.01),Q4 (16.97 to 121.89)
E01001768,Hackney 006D,Hackney,Q4 (683000.00 to 6425000.00),Q3 (114.00 to 173.00),Q2 (24.00 to 38.00),Q3 (20.12 to 29.24),Q4 (16.97 to 121.89)
E01001769,Hackney 006E,Hackney,Q4 (683000.00 to 6425000.00),Q2 (79.00 to 114.00),Q2 (24.00 to 38.00),Q3 (20.12 to 29.24),Q4 (16.97 to 121.89)
E01001770,Hackney 010E,Hackney,Q3 (520000.00 to 683000.00),Q4 (173.00 to 9206.00),Q3 (38.00 to 56.00),Q4 (29.24 to 59.01),Q4 (16.97 to 121.89)
E01001772,Hackney 024A,Hackney,Q1 (147500.00 to 420000.00),Q3 (114.00 to 173.00),Q4 (56.00 to 1283.00),Q4 (29.24 to 59.01),Q4 (16.97 to 121.89)
E01001773,Hackney 025E,Hackney,Q3 (520000.00 to 683000.00),Q4 (173.00 to 9206.00),Q4 (56.00 to 1283.00),Q4 (29.24 to 59.01),Q4 (16.97 to 121.89)
E01001774,Hackney 024B,Hackney,Q2 (420000.00 to 520000.00),Q4 (173.00 to 9206.00),Q4 (56.00 to 1283.00),Q3 (20.12 to 29.24),Q4 (16.97 to 121.89)
E01001775,Hackney 024C,Hackney,Q2 (420000.00 to 520000.00),Q3 (114.00 to 173.00),Q3 (38.00 to 56.00),Q4 (29.24 to 59.01),Q3 (9.48 to 16.97)
E01001776,Hackney 025F,Hackney,Q1 (147500.00 to 420000.00),Q4 (173.00 to 9206.00),Q3 (38.00 to 56.00),Q4 (29.24 to 59.01),Q4 (16.97 to 121.89)
E01001777,Hackney 027B,Hackney,Q1 (147500.00 to 420000.00),Q4 (173.00 to 9206.00),Q4 (56.00 to 1283.00),Q4 (29.24 to 59.01),Q4 (16.97 to 121.89)
E01001779,Hackney 026A,Hackney,Q3 (520000.00 to 683000.00),Q4 (173.00 to 9206.00),Q4 (56.00 to 1283.00),Q4 (29.24 to 59.01),Q4 (16.97 to 121.89)
E01001780,Hackney 027D,Hackney,Q2 (420000.00 to 520000.00),Q4 (173.00 to 9206.00),Q4 (56.00 to 1283.00),Q4 (29.24 to 59.01),Q4 (16.97 to 121.89)
E01001781,Hackney 026B,Hackney,Q2 (420000.00 to 520000.00),Q4 (173.00 to 9206.00),Q4 (56.00 to 1283.00),Q4 (29.24 to 59.01),Q4 (16.97 to 121.89)
E01001782,Hackney 026C,Hackney,Q3 (520000.00 to 683000.00),Q4 (173.00 to 9206.00),Q3 (38.00 to 56.00),Q3 (20.12 to 29.24),Q3 (9.48 to 16.97)
E01001783,Hackney 026D,Hackney,Q2 (420000.00 to 520000.00),Q2 (79.00 to 114.00),Q2 (24.00 to 38.00),Q4 (29.24 to 59.01),Q4 (16.97 to 121.89)
E01001784,Hackney 027E,Hackney,Q1 (147500.00 to 420000.00),Q3 (114.00 to 173.00),Q3 (38.00 to 56.00),Q3 (20.12 to 29.24),Q4 (16.97 to 121.89)
E01001785,Hackney 015B,Hackney,Q4 (683000.00 to 6425000.00),Q1 (2.00 to 79.00),Q1 (0.00 to 24.00),Q4 (29.24 to 59.01),Q3 (9.48 to 16.97)
E01001786,Hackney 013A,Hackney,Q2 (420000.00 to 520000.00),Q4 (173.00 to 9206.00),Q4 (56.00 to 1283.00),Q4 (29.24 to 59.01),Q1 (0.19 to 5.47)
E01001787,Hackney 013B,Hackney,Q2 (420000.00 to 520000.00),Q4 (173.00 to 9206.00),Q4 (56.00 to 1283.00),Q4 (29.24 to 59.01),Q1 (0.19 to 5.47)
E01001788,Hackney 013C,Hackney,Q1 (147500.00 to 420000.00),Q3 (114.00 to 173.00),Q2 (24.00 to 38.00),Q4 (29.24 to 59.01),Q1 (0.19 to 5.47)
E01001789,Hackney 015C,Hackney,Q4 (683000.00 to 6425000.00),Q2 (79.00 to 114.00),Q3 (38.00 to 56.00),Q3 (20.12 to 29.24),Q2 (5.47 to 9.48)
E01001790,Hackney 013D,Hackney,Q1 (147500.00 to 420000.00),Q2 (79.00 to 114.00),Q3 (38.00 to 56.00),Q4 (29.24 to 59.01),Q2 (5.47 to 9.48)
E01001791,Hackney 015D,Hackney,Q4 (683000.00 to 6425000.00),Q2 (79.00 to 114.00),Q3 (38.00 to 56.00),Q4 (29.24 to 59.01),Q2 (5.47 to 9.48)
E01001792,Hackney 011A,Hackney,Q4 (683000.00 to 6425000.00),Q4 (173.00 to 9206.00),Q2 (24.00 to 38.00),Q4 (29.24 to 59.01),Q4 (16.97 to 121.89)
E01001793,Hackney 011B,Hackney,Q4 (683000.00 to 6425000.00),Q2 (79.00 to 114.00),Q2 (24.00 to 38.00),Q3 (20.12 to 29.24),Q3 (9.48 to 16.97)
E01001794,Hackney 011C,Hackney,Q4 (683000.00 to 6425000.00),Q4 (173.00 to 9206.00),Q3 (38.00 to 56.00),Q3 (20.12 to 29.24),Q4 (16.97 to 121.89)
E01001795,Hackney 011D,Hackney,Q4 (683000.00 to 6425000.00),Q4 (173.00 to 9206.00),Q3 (38.00 to 56.00),Q4 (29.24 to 59.01),Q4 (16.97 to 121.89)
E01001796,Hackney 011E,Hackney,Q3 (520000.00 to 683000.00),Q4 (173.00 to 9206.00),Q3 (38.00 to 56.00),Q3 (20.12 to 29.24),Q3 (9.48 to 16.97)
E01001798,Hackney 028A,Hackney,Q3 (520000.00 to 683000.00),Q3 (114.00 to 173.00),Q3 (38.00 to 56.00),Q4 (29.24 to 59.01),Q3 (9.48 to 16.97)
E01001799,Hackney 003A,Hackney,Q2 (420000.00 to 520000.00),Q1 (2.00 to 79.00),Q1 (0.00 to 24.00),Q3 (20.12 to 29.24),Q3 (9.48 to 16.97)
E01001800,Hackney 004C,Hackney,Q2 (420000.00 to 520000.00),Q3 (114.00 to 173.00),Q3 (38.00 to 56.00),Q4 (29.24 to 59.01),Q4 (16.97 to 121.89)
E01001801,Hackney 008B,Hackney,Q2 (420000.00 to 520000.00),Q1 (2.00 to 79.00),Q1 (0.00 to 24.00),Q4 (29.24 to 59.01),Q2 (5.47 to 9.48)
E01001802,Hackney 003B,Hackney,Q4 (683000.00 to 6425000.00),Q1 (2.00 to 79.00),Q1 (0.00 to 24.00),Q4 (29.24 to 59.01),Q2 (5.47 to 9.48)
E01001803,Hackney 008C,Hackney,Q3 (520000.00 to 683000.00),Q1 (2.00 to 79.00),Q2 (24.00 to 38.00),Q2 (12.31 to 20.12),Q2 (5.47 to 9.48)
E01001804,Hackney 003C,Hackney,Q2 (420000.00 to 520000.00),Q1 (2.00 to 79.00),Q1 (0.00 to 24.00),Q3 (20.12 to 29.24),Q2 (5.47 to 9.48)
E01001805,Hackney 009B,Hackney,Q4 (683000.00 to 6425000.00),Q2 (79.00 to 114.00),Q1 (0.00 to 24.00),Q3 (20.12 to 29.24),Q4 (16.97 to 121.89)
E01001806,Hackney 008D,Hackney,Q3 (520000.00 to 683000.00),Q4 (173.00 to 9206.00),Q3 (38.00 to 56.00),Q4 (29.24 to 59.01),Q2 (5.47 to 9.48)
E01001807,Hackney 003D,Hackney,Q2 (420000.00 to 520000.00),Q2 (79.00 to 114.00),Q3 (38.00 to 56.00),Q3 (20.12 to 29.24),Q3 (9.48 to 16.97)
E01001809,Hackney 001B,Hackney,Q3 (520000.00 to 683000.00),Q3 (114.00 to 173.00),Q2 (24.00 to 38.00),Q3 (20.12 to 29.24),Q4 (16.97 to 121.89)
E01001811,Hackney 002D,Hackney,Q2 (420000.00 to 520000.00),Q3 (114.00 to 173.00),Q3 (38.00 to 56.00),Q4 (29.24 to 59.01),Q3 (9.48 to 16.97)
E01001812,Hackney 003E,Hackney,Q2 (420000.00 to 520000.00),Q2 (79.00 to 114.00),Q2 (24.00 to 38.00),Q4 (29.24 to 59.01),Q3 (9.48 to 16.97)
E01001814,Hackney 001C,Hackney,Q1 (147500.00 to 420000.00),Q3 (114.00 to 173.00),Q3 (38.00 to 56.00),Q4 (29.24 to 59.01),Q4 (16.97 to 121.89)
E01001815,Hackney 024D,Hackney,Q4 (683000.00 to 6425000.00),Q2 (79.00 to 114.00),Q3 (38.00 to 56.00),Q4 (29.24 to 59.01),Q3 (9.48 to 16.97)
E01001816,Hackney 020D,Hackney,Q4 (683000.00 to 6425000.00),Q3 (114.00 to 173.00),Q3 (38.00 to 56.00),Q3 (20.12 to 29.24),Q3 (9.48 to 16.97)
E01001819,Hackney 020E,Hackney,Q4 (683000.00 to 6425000.00),Q3 (114.00 to 173.00),Q2 (24.00 to 38.00),Q3 (20.12 to 29.24),Q3 (9.48 to 16.97)
E01001820,Hackney 024E,Hackney,Q3 (520000.00 to 683000.00),Q2 (79.00 to 114.00),Q3 (38.00 to 56.00),Q4 (29.24 to 59.01),Q3 (9.48 to 16.97)
E01001821,Hackney 024F,Hackney,Q2 (420000.00 to 520000.00),Q2 (79.00 to 114.00),Q3 (38.00 to 56.00),Q4 (29.24 to 59.01),Q3 (9.48 to 16.97)
E01001822,Hackney 029C,Hackney,Q3 (520000.00 to 683000.00),Q4 (173.00 to 9206.00),Q4 (56.00 to 1283.00),Q4 (29.24 to 59.01),Q3 (9.48 to 16.97)
E01001823,Hackney 001D,Hackney,Q4 (683000.00 to 6425000.00),Q3 (114.00 to 173.00),Q1 (0.00 to 24.00),Q3 (20.12 to 29.24),Q1 (0.19 to 5.47)
E01001824,Hackney 004D,Hackney,Q3 (520000.00 to 683000.00),Q3 (114.00 to 173.00),Q2 (24.00 to 38.00),Q4 (29.24 to 59.01),Q2 (5.47 to 9.48)
E01001825,Hackney 001E,Hackney,Q4 (683000.00 to 6425000.00),Q1 (2.00 to 79.00),Q1 (0.00 to 24.00),Q3 (20.12 to 29.24),Q3 (9.48 to 16.97)
E01001826,Hackney 004E,Hackney,Q2 (420000.00 to 520000.00),Q1 (2.00 to 79.00),Q2 (24.00 to 38.00),Q4 (29.24 to 59.01),Q3 (9.48 to 16.97)
E01001827,Hackney 029D,Hackney,Q2 (420000.00 to 520000.00),Q3 (114.00 to 173.00),Q3 (38.00 to 56.00),Q4 (29.24 to 59.01),Q2 (5.47 to 9.48)
E01001828,Hackney 028B,Hackney,Q1 (147500.00 to 420000.00),Q4 (173.00 to 9206.00),Q3 (38.00 to 56.00),Q4 (29.24 to 59.01),Q2 (5.47 to 9.48)
E01001829,Hackney 009C,Hackney,Q4 (683000.00 to 6425000.00),Q3 (114.00 to 173.00),Q3 (38.00 to 56.00),Q2 (12.31 to 20.12),Q4 (16.97 to 121.89)
E01001830,Hackney 014C,Hackney,Q2 (420000.00 to 520000.00),Q4 (173.00 to 9206.00),Q4 (56.00 to 1283.00),Q4 (29.24 to 59.01),Q4 (16.97 to 121.89)
E01001831,Hackney 009D,Hackney,Q4 (683000.00 to 6425000.00),Q4 (173.00 to 9206.00),Q4 (56.00 to 1283.00),Q3 (20.12 to 29.24),Q4 (16.97 to 121.89)
E01001832,Hackney 009E,Hackney,Q3 (520000.00 to 683000.00),Q3 (114.00 to 173.00),Q2 (24.00 to 38.00),Q3 (20.12 to 29.24),Q4 (16.97 to 121.89)
E01001833,Hackney 014D,Hackney,Q4 (683000.00 to 6425000.00),Q3 (114.00 to 173.00),Q3 (38.00 to 56.00),Q4 (29.24 to 59.01),Q3 (9.48 to 16.97)
E01001834,Hackney 014E,Hackney,Q3 (520000.00 to 683000.00),Q3 (114.00 to 173.00),Q3 (38.00 to 56.00),Q4 (29.24 to 59.01),Q4 (16.97 to 121.89)
E01001835,Hackney 014F,Hackney,Q4 (683000.00 to 6425000.00),Q2 (79.00 to 114.00),Q1 (0.00 to 24.00),Q3 (20.12 to 29.24),Q4 (16.97 to 121.89)
E01001836,Hackney 022A,Hackney,Q4 (683000.00 to 6425000.00),Q4 (173.00 to 9206.00),Q3 (38.00 to 56.00),Q3 (20.12 to 29.24),Q2 (5.47 to 9.48)
E01001837,Hackney 023B,Hackney,Q3 (520000.00 to 683000.00),Q3 (114.00 to 173.00),Q1 (0.00 to 24.00),Q2 (12.31 to 20.12),Q4 (16.97 to 121.89)
E01001838,Hackney 019E,Hackney,Q2 (420000.00 to 520000.00),Q3 (114.00 to 173.00),Q3 (38.00 to 56.00),Q4 (29.24 to 59.01),Q4 (16.97 to 121.89)
E01001839,Hackney 023C,Hackney,Q4 (683000.00 to 6425000.00),Q4 (173.00 to 9206.00),Q4 (56.00 to 1283.00),Q4 (29.24 to 59.01),Q4 (16.97 to 121.89)
E01001840,Hackney 022B,Hackney,Q4 (683000.00 to 6425000.00),Q3 (114.00 to 173.00),Q3 (38.00 to 56.00),Q4 (29.24 to 59.01),Q4 (16.97 to 121.89)
E01001841,Hackney 022C,Hackney,Q4 (683000.00 to 6425000.00),Q2 (79.00 to 114.00),Q2 (24.00 to 38.00),Q4 (29.24 to 59.01),Q2 (5.47 to 9.48)
E01001842,Hackney 023D,Hackney,Q4 (683000.00 to 6425000.00),Q3 (114.00 to 173.00),Q3 (38.00 to 56.00),Q4 (29.24 to 59.01),Q4 (16.97 to 121.89)
E01001843,Hackney 023E,Hackney,Q4 (683000.00 to 6425000.00),Q1 (2.00 to 79.00),Q1 (0.00 to 24.00),Q4 (29.24 to 59.01),Q3 (9.48 to 16.97)
E01001844,Hackney 022D,Hackney,Q4 (683000.00 to 6425000.00),Q4 (173.00 to 9206.00),Q4 (56.00 to 1283.00),Q3 (20.12 to 29.24),Q3 (9.48 to 16.97)
E01001845,Hackney 022E,Hackney,Q3 (520000.00 to 683000.00),Q4 (173.00 to 9206.00),Q4 (56.00 to 1283.00),Q4 (29.24 to 59.01),Q3 (9.48 to 16.97)
E01001846,Hackney 018A,Hackney,Q3 (520000.00 to 683000.00),Q4 (173.00 to 9206.00),Q3 (38.00 to 56.00),Q4 (29.24 to 59.01),Q2 (5.47 to 9.48)
E01001847,Hackney 018B,Hackney,Q3 (520000.00 to 683000.00),Q2 (79.00 to 114.00),Q3 (38.00 to 56.00),Q4 (29.24 to 59.01),Q3 (9.48 to 16.97)
E01001848,Hackney 018C,Hackney,Q3 (520000.00 to 683000.00),Q4 (173.00 to 9206.00),Q4 (56.00 to 1283.00),Q4 (29.24 to 59.01),Q3 (9.48 to 16.97)
E01001849,Hackney 018D,Hackney,Q3 (520000.00 to 683000.00),Q4 (173.00 to 9206.00),Q4 (56.00 to 1283.00),Q4 (29.24 to 59.01),Q3 (9.48 to 16.97)
E01001850,Hackney 019F,Hackney,Q1 (147500.00 to 420000.00),Q3 (114.00 to 173.00),Q4 (56.00 to 1283.00),Q4 (29.24 to 59.01),Q3 (9.48 to 16.97)
E01001851,Hammersmith and Fulham 010A,Hammersmith and Fulham,Q4 (683000.00 to 6425000.00),Q2 (79.00 to 114.00),Q2 (24.00 to 38.00),Q2 (12.31 to 20.12),Q4 (16.97 to 121.89)
E01001852,Hammersmith and Fulham 007A,Hammersmith and Fulham,Q3 (520000.00 to 683000.00),Q2 (79.00 to 114.00),Q2 (24.00 to 38.00),Q2 (12.31 to 20.12),Q4 (16.97 to 121.89)
E01001853,Hammersmith and Fulham 007B,Hammersmith and Fulham,Q3 (520000.00 to 683000.00),Q2 (79.00 to 114.00),Q1 (0.00 to 24.00),Q3 (20.12 to 29.24),Q4 (16.97 to 121.89)
E01001854,Hammersmith and Fulham 007C,Hammersmith and Fulham,Q3 (520000.00 to 683000.00),Q3 (114.00 to 173.00),Q4 (56.00 to 1283.00),Q2 (12.31 to 20.12),Q4 (16.97 to 121.89)
E01001855,Hammersmith and Fulham 010B,Hammersmith and Fulham,Q2 (420000.00 to 520000.00),Q2 (79.00 to 114.00),Q2 (24.00 to 38.00),Q2 (12.31 to 20.12),Q4 (16.97 to 121.89)
E01001856,Hammersmith and Fulham 010C,Hammersmith and Fulham,Q4 (683000.00 to 6425000.00),Q4 (173.00 to 9206.00),Q3 (38.00 to 56.00),Q4 (29.24 to 59.01),Q4 (16.97 to 121.89)
E01001857,Hammersmith and Fulham 007D,Hammersmith and Fulham,Q2 (420000.00 to 520000.00),Q4 (173.00 to 9206.00),Q4 (56.00 to 1283.00),Q4 (29.24 to 59.01),Q4 (16.97 to 121.89)
E01001858,Hammersmith and Fulham 006A,Hammersmith and Fulham,Q4 (683000.00 to 6425000.00),Q3 (114.00 to 173.00),Q4 (56.00 to 1283.00),Q4 (29.24 to 59.01),Q3 (9.48 to 16.97)
E01001859,Hammersmith and Fulham 008A,Hammersmith and Fulham,Q2 (420000.00 to 520000.00),Q2 (79.00 to 114.00),Q2 (24.00 to 38.00),Q3 (20.12 to 29.24),Q2 (5.47 to 9.48)
E01001860,Hammersmith and Fulham 006B,Hammersmith and Fulham,Q2 (420000.00 to 520000.00),Q4 (173.00 to 9206.00),Q4 (56.00 to 1283.00),Q4 (29.24 to 59.01),Q3 (9.48 to 16.97)
E01001861,Hammersmith and Fulham 006C,Hammersmith and Fulham,Q3 (520000.00 to 683000.00),Q3 (114.00 to 173.00),Q3 (38.00 to 56.00),Q4 (29.24 to 59.01),Q3 (9.48 to 16.97)
E01001862,Hammersmith and Fulham 005A,Hammersmith and Fulham,Q3 (520000.00 to 683000.00),Q3 (114.00 to 173.00),Q3 (38.00 to 56.00),Q4 (29.24 to 59.01),Q3 (9.48 to 16.97)
E01001863,Hammersmith and Fulham 006D,Hammersmith and Fulham,Q4 (683000.00 to 6425000.00),Q1 (2.00 to 79.00),Q1 (0.00 to 24.00),Q2 (12.31 to 20.12),Q3 (9.48 to 16.97)
E01001864,Hammersmith and Fulham 006E,Hammersmith and Fulham,Q4 (683000.00 to 6425000.00),Q2 (79.00 to 114.00),Q2 (24.00 to 38.00),Q3 (20.12 to 29.24),Q3 (9.48 to 16.97)
E01001865,Hammersmith and Fulham 008B,Hammersmith and Fulham,Q4 (683000.00 to 6425000.00),Q1 (2.00 to 79.00),Q1 (0.00 to 24.00),Q2 (12.31 to 20.12),Q2 (5.47 to 9.48)
E01001866,Hammersmith and Fulham 012A,Hammersmith and Fulham,Q3 (520000.00 to 683000.00),Q4 (173.00 to 9206.00),Q3 (38.00 to 56.00),Q2 (12.31 to 20.12),Q4 (16.97 to 121.89)
E01001867,Hammersmith and Fulham 012B,Hammersmith and Fulham,Q2 (420000.00 to 520000.00),Q2 (79.00 to 114.00),Q1 (0.00 to 24.00),Q2 (12.31 to 20.12),Q4 (16.97 to 121.89)
E01001868,Hammersmith and Fulham 012C,Hammersmith and Fulham,Q3 (520000.00 to 683000.00),Q2 (79.00 to 114.00),Q3 (38.00 to 56.00),Q4 (29.24 to 59.01),Q4 (16.97 to 121.89)
E01001869,Hammersmith and Fulham 010D,Hammersmith and Fulham,Q4 (683000.00 to 6425000.00),Q3 (114.00 to 173.00),Q3 (38.00 to 56.00),Q2 (12.31 to 20.12),Q4 (16.97 to 121.89)
E01001870,Hammersmith and Fulham 012D,Hammersmith and Fulham,Q3 (520000.00 to 683000.00),Q2 (79.00 to 114.00),Q2 (24.00 to 38.00),Q2 (12.31 to 20.12),Q4 (16.97 to 121.89)
E01001871,Hammersmith and Fulham 012E,Hammersmith and Fulham,Q3 (520000.00 to 683000.00),Q2 (79.00 to 114.00),Q2 (24.00 to 38.00),Q1 (2.33 to 12.31),Q4 (16.97 to 121.89)
E01001872,Hammersmith and Fulham 012F,Hammersmith and Fulham,Q3 (520000.00 to 683000.00),Q2 (79.00 to 114.00),Q1 (0.00 to 24.00),Q2 (12.31 to 20.12),Q4 (16.97 to 121.89)
E01001873,Hammersmith and Fulham 010E,Hammersmith and Fulham,Q3 (520000.00 to 683000.00),Q1 (2.00 to 79.00),Q2 (24.00 to 38.00),Q3 (20.12 to 29.24),Q3 (9.48 to 16.97)
E01001874,Hammersmith and Fulham 001A,Hammersmith and Fulham,Q2 (420000.00 to 520000.00),Q4 (173.00 to 9206.00),Q4 (56.00 to 1283.00),Q3 (20.12 to 29.24),Q3 (9.48 to 16.97)
E01001875,Hammersmith and Fulham 001B,Hammersmith and Fulham,Q3 (520000.00 to 683000.00),Q4 (173.00 to 9206.00),Q4 (56.00 to 1283.00),Q4 (29.24 to 59.01),Q4 (16.97 to 121.89)
E01001876,Hammersmith and Fulham 001C,Hammersmith and Fulham,Q3 (520000.00 to 683000.00),Q4 (173.00 to 9206.00),Q4 (56.00 to 1283.00),Q4 (29.24 to 59.01),Q2 (5.47 to 9.48)
E01001877,Hammersmith and Fulham 001D,Hammersmith and Fulham,Q4 (683000.00 to 6425000.00),Q4 (173.00 to 9206.00),Q4 (56.00 to 1283.00),Q4 (29.24 to 59.01),Q2 (5.47 to 9.48)
E01001878,Hammersmith and Fulham 001E,Hammersmith and Fulham,Q3 (520000.00 to 683000.00),Q2 (79.00 to 114.00),Q2 (24.00 to 38.00),Q4 (29.24 to 59.01),Q4 (16.97 to 121.89)
E01001879,Hammersmith and Fulham 019A,Hammersmith and Fulham,Q4 (683000.00 to 6425000.00),Q3 (114.00 to 173.00),Q2 (24.00 to 38.00),Q3 (20.12 to 29.24),Q3 (9.48 to 16.97)
E01001880,Hammersmith and Fulham 017A,Hammersmith and Fulham,Q3 (520000.00 to 683000.00),Q3 (114.00 to 173.00),Q4 (56.00 to 1283.00),Q3 (20.12 to 29.24),Q3 (9.48 to 16.97)
E01001881,Hammersmith and Fulham 017B,Hammersmith and Fulham,Q4 (683000.00 to 6425000.00),Q4 (173.00 to 9206.00),Q4 (56.00 to 1283.00),Q2 (12.31 to 20.12),Q4 (16.97 to 121.89)
E01001882,Hammersmith and Fulham 017C,Hammersmith and Fulham,Q4 (683000.00 to 6425000.00),Q2 (79.00 to 114.00),Q2 (24.00 to 38.00),Q2 (12.31 to 20.12),Q4 (16.97 to 121.89)
E01001883,Hammersmith and Fulham 017D,Hammersmith and Fulham,Q4 (683000.00 to 6425000.00),Q2 (79.00 to 114.00),Q2 (24.00 to 38.00),Q3 (20.12 to 29.24),Q4 (16.97 to 121.89)
E01001884,Hammersmith and Fulham 017E,Hammersmith and Fulham,Q3 (520000.00 to 683000.00),Q4 (173.00 to 9206.00),Q4 (56.00 to 1283.00),Q3 (20.12 to 29.24),Q4 (16.97 to 121.89)
E01001886,Hammersmith and Fulham 016A,Hammersmith and Fulham,Q4 (683000.00 to 6425000.00),Q2 (79.00 to 114.00),Q3 (38.00 to 56.00),Q3 (20.12 to 29.24),Q3 (9.48 to 16.97)
E01001887,Hammersmith and Fulham 016B,Hammersmith and Fulham,Q3 (520000.00 to 683000.00),Q3 (114.00 to 173.00),Q3 (38.00 to 56.00),Q3 (20.12 to 29.24),Q3 (9.48 to 16.97)
E01001888,Hammersmith and Fulham 018A,Hammersmith and Fulham,Q4 (683000.00 to 6425000.00),Q2 (79.00 to 114.00),Q2 (24.00 to 38.00),Q1 (2.33 to 12.31),Q3 (9.48 to 16.97)
E01001889,Hammersmith and Fulham 014A,Hammersmith and Fulham,Q4 (683000.00 to 6425000.00),Q3 (114.00 to 173.00),Q1 (0.00 to 24.00),Q2 (12.31 to 20.12),Q4 (16.97 to 121.89)
E01001890,Hammersmith and Fulham 016C,Hammersmith and Fulham,Q2 (420000.00 to 520000.00),Q4 (173.00 to 9206.00),Q4 (56.00 to 1283.00),Q2 (12.31 to 20.12),Q4 (16.97 to 121.89)
E01001891,Hammersmith and Fulham 018B,Hammersmith and Fulham,Q4 (683000.00 to 6425000.00),Q4 (173.00 to 9206.00),Q2 (24.00 to 38.00),Q1 (2.33 to 12.31),Q4 (16.97 to 121.89)
E01001892,Hammersmith and Fulham 016D,Hammersmith and Fulham,Q4 (683000.00 to 6425000.00),Q1 (2.00 to 79.00),Q1 (0.00 to 24.00),Q3 (20.12 to 29.24),Q2 (5.47 to 9.48)
E01001893,Hammersmith and Fulham 013A,Hammersmith and Fulham,Q3 (520000.00 to 683000.00),Q3 (114.00 to 173.00),Q2 (24.00 to 38.00),Q4 (29.24 to 59.01),Q4 (16.97 to 121.89)
E01001894,Hammersmith and Fulham 013B,Hammersmith and Fulham,Q3 (520000.00 to 683000.00),Q4 (173.00 to 9206.00),Q4 (56.00 to 1283.00),Q4 (29.24 to 59.01),Q4 (16.97 to 121.89)
E01001895,Hammersmith and Fulham 009A,Hammersmith and Fulham,Q4 (683000.00 to 6425000.00),Q2 (79.00 to 114.00),Q2 (24.00 to 38.00),Q2 (12.31 to 20.12),Q3 (9.48 to 16.97)
E01001896,Hammersmith and Fulham 009B,Hammersmith and Fulham,Q3 (520000.00 to 683000.00),Q2 (79.00 to 114.00),Q2 (24.00 to 38.00),Q3 (20.12 to 29.24),Q4 (16.97 to 121.89)
E01001897,Hammersmith and Fulham 009C,Hammersmith and Fulham,Q4 (683000.00 to 6425000.00),Q2 (79.00 to 114.00),Q1 (0.00 to 24.00),Q2 (12.31 to 20.12),Q4 (16.97 to 121.89)
E01001898,Hammersmith and Fulham 013C,Hammersmith and Fulham,Q3 (520000.00 to 683000.00),Q4 (173.00 to 9206.00),Q4 (56.00 to 1283.00),Q3 (20.12 to 29.24),Q4 (16.97 to 121.89)
E01001899,Hammersmith and Fulham 013D,Hammersmith and Fulham,Q3 (520000.00 to 683000.00),Q4 (173.00 to 9206.00),Q4 (56.00 to 1283.00),Q4 (29.24 to 59.01),Q4 (16.97 to 121.89)
E01001900,Hammersmith and Fulham 013E,Hammersmith and Fulham,Q4 (683000.00 to 6425000.00),Q4 (173.00 to 9206.00),Q4 (56.00 to 1283.00),Q4 (29.24 to 59.01),Q4 (16.97 to 121.89)
E01001901,Hammersmith and Fulham 019B,Hammersmith and Fulham,Q4 (683000.00 to 6425000.00),Q1 (2.00 to 79.00),Q1 (0.00 to 24.00),Q1 (2.33 to 12.31),Q3 (9.48 to 16.97)
E01001902,Hammersmith and Fulham 019C,Hammersmith and Fulham,Q4 (683000.00 to 6425000.00),Q2 (79.00 to 114.00),Q1 (0.00 to 24.00),Q2 (12.31 to 20.12),Q3 (9.48 to 16.97)
E01001903,Hammersmith and Fulham 019D,Hammersmith and Fulham,Q4 (683000.00 to 6425000.00),Q3 (114.00 to 173.00),Q2 (24.00 to 38.00),Q3 (20.12 to 29.24),Q3 (9.48 to 16.97)
E01001904,Hammersmith and Fulham 022A,Hammersmith and Fulham,Q4 (683000.00 to 6425000.00),Q1 (2.00 to 79.00),Q1 (0.00 to 24.00),Q1 (2.33 to 12.31),Q3 (9.48 to 16.97)
E01001905,Hammersmith and Fulham 022B,Hammersmith and Fulham,Q4 (683000.00 to 6425000.00),Q1 (2.00 to 79.00),Q1 (0.00 to 24.00),Q1 (2.33 to 12.31),Q3 (9.48 to 16.97)
E01001906,Hammersmith and Fulham 022C,Hammersmith and Fulham,Q4 (683000.00 to 6425000.00),Q1 (2.00 to 79.00),Q1 (0.00 to 24.00),Q1 (2.33 to 12.31),Q3 (9.48 to 16.97)
E01001907,Hammersmith and Fulham 022D,Hammersmith and Fulham,Q4 (683000.00 to 6425000.00),Q1 (2.00 to 79.00),Q1 (0.00 to 24.00),Q1 (2.33 to 12.31),Q4 (16.97 to 121.89)
E01001908,Hammersmith and Fulham 015B,Hammersmith and Fulham,Q4 (683000.00 to 6425000.00),Q2 (79.00 to 114.00),Q2 (24.00 to 38.00),Q2 (12.31 to 20.12),Q4 (16.97 to 121.89)
E01001909,Hammersmith and Fulham 015C,Hammersmith and Fulham,Q2 (420000.00 to 520000.00),Q2 (79.00 to 114.00),Q2 (24.00 to 38.00),Q3 (20.12 to 29.24),Q4 (16.97 to 121.89)
E01001910,Hammersmith and Fulham 014B,Hammersmith and Fulham,Q2 (420000.00 to 520000.00),Q2 (79.00 to 114.00),Q1 (0.00 to 24.00),Q2 (12.31 to 20.12),Q4 (16.97 to 121.89)
E01001911,Hammersmith and Fulham 015D,Hammersmith and Fulham,Q3 (520000.00 to 683000.00),Q2 (79.00 to 114.00),Q3 (38.00 to 56.00),Q4 (29.24 to 59.01),Q4 (16.97 to 121.89)
E01001913,Hammersmith and Fulham 014C,Hammersmith and Fulham,Q3 (520000.00 to 683000.00),Q3 (114.00 to 173.00),Q2 (24.00 to 38.00),Q1 (2.33 to 12.31),Q4 (16.97 to 121.89)
E01001914,Hammersmith and Fulham 014D,Hammersmith and Fulham,Q2 (420000.00 to 520000.00),Q3 (114.00 to 173.00),Q3 (38.00 to 56.00),Q2 (12.31 to 20.12),Q4 (16.97 to 121.89)
E01001915,Hammersmith and Fulham 024A,Hammersmith and Fulham,Q4 (683000.00 to 6425000.00),Q4 (173.00 to 9206.00),Q3 (38.00 to 56.00),Q2 (12.31 to 20.12),Q3 (9.48 to 16.97)
E01001916,Hammersmith and Fulham 024B,Hammersmith and Fulham,Q4 (683000.00 to 6425000.00),Q1 (2.00 to 79.00),Q1 (0.00 to 24.00),Q1 (2.33 to 12.31),Q3 (9.48 to 16.97)
E01001917,Hammersmith and Fulham 018C,Hammersmith and Fulham,Q4 (683000.00 to 6425000.00),Q1 (2.00 to 79.00),Q1 (0.00 to 24.00),Q2 (12.31 to 20.12),Q2 (5.47 to 9.48)
E01001918,Hammersmith and Fulham 018D,Hammersmith and Fulham,Q4 (683000.00 to 6425000.00),Q1 (2.00 to 79.00),Q1 (0.00 to 24.00),Q1 (2.33 to 12.31),Q2 (5.47 to 9.48)
E01001919,Hammersmith and Fulham 018E,Hammersmith and Fulham,Q4 (683000.00 to 6425000.00),Q1 (2.00 to 79.00),Q1 (0.00 to 24.00),Q1 (2.33 to 12.31),Q2 (5.47 to 9.48)
E01001920,Hammersmith and Fulham 020A,Hammersmith and Fulham,Q3 (520000.00 to 683000.00),Q4 (173.00 to 9206.00),Q4 (56.00 to 1283.00),Q4 (29.24 to 59.01),Q4 (16.97 to 121.89)
E01001921,Hammersmith and Fulham 020B,Hammersmith and Fulham,Q4 (683000.00 to 6425000.00),Q3 (114.00 to 173.00),Q2 (24.00 to 38.00),Q2 (12.31 to 20.12),Q4 (16.97 to 121.89)
E01001922,Hammersmith and Fulham 020C,Hammersmith and Fulham,Q4 (683000.00 to 6425000.00),Q3 (114.00 to 173.00),Q1 (0.00 to 24.00),Q1 (2.33 to 12.31),Q3 (9.48 to 16.97)
E01001923,Hammersmith and Fulham 020D,Hammersmith and Fulham,Q4 (683000.00 to 6425000.00),Q2 (79.00 to 114.00),Q3 (38.00 to 56.00),Q2 (12.31 to 20.12),Q4 (16.97 to 121.89)
E01001924,Hammersmith and Fulham 020E,Hammersmith and Fulham,Q4 (683000.00 to 6425000.00),Q1 (2.00 to 79.00),Q1 (0.00 to 24.00),Q1 (2.33 to 12.31),Q3 (9.48 to 16.97)
E01001925,Hammersmith and Fulham 025A,Hammersmith and Fulham,Q4 (683000.00 to 6425000.00),Q2 (79.00 to 114.00),Q1 (0.00 to 24.00),Q1 (2.33 to 12.31),Q3 (9.48 to 16.97)
E01001926,Hammersmith and Fulham 024C,Hammersmith and Fulham,Q4 (683000.00 to 6425000.00),Q1 (2.00 to 79.00),Q1 (0.00 to 24.00),Q1 (2.33 to 12.31),Q4 (16.97 to 121.89)
E01001927,Hammersmith and Fulham 008C,Hammersmith and Fulham,Q4 (683000.00 to 6425000.00),Q1 (2.00 to 79.00),Q1 (0.00 to 24.00),Q1 (2.33 to 12.31),Q2 (5.47 to 9.48)
E01001928,Hammersmith and Fulham 011A,Hammersmith and Fulham,Q4 (683000.00 to 6425000.00),Q3 (114.00 to 173.00),Q2 (24.00 to 38.00),Q3 (20.12 to 29.24),Q3 (9.48 to 16.97)
E01001929,Hammersmith and Fulham 009D,Hammersmith and Fulham,Q4 (683000.00 to 6425000.00),Q1 (2.00 to 79.00),Q1 (0.00 to 24.00),Q1 (2.33 to 12.31),Q4 (16.97 to 121.89)
E01001930,Hammersmith and Fulham 008D,Hammersmith and Fulham,Q3 (520000.00 to 683000.00),Q2 (79.00 to 114.00),Q2 (24.00 to 38.00),Q4 (29.24 to 59.01),Q3 (9.48 to 16.97)
E01001931,Hammersmith and Fulham 011B,Hammersmith and Fulham,Q1 (147500.00 to 420000.00),Q2 (79.00 to 114.00),Q1 (0.00 to 24.00),Q2 (12.31 to 20.12),Q4 (16.97 to 121.89)
E01001932,Hammersmith and Fulham 011C,Hammersmith and Fulham,Q3 (520000.00 to 683000.00),Q4 (173.00 to 9206.00),Q4 (56.00 to 1283.00),Q3 (20.12 to 29.24),Q4 (16.97 to 121.89)
E01001933,Hammersmith and Fulham 011D,Hammersmith and Fulham,Q4 (683000.00 to 6425000.00),Q3 (114.00 to 173.00),Q2 (24.00 to 38.00),Q3 (20.12 to 29.24),Q3 (9.48 to 16.97)
E01001934,Hammersmith and Fulham 025B,Hammersmith and Fulham,Q3 (520000.00 to 683000.00),Q2 (79.00 to 114.00),Q3 (38.00 to 56.00),Q3 (20.12 to 29.24),Q2 (5.47 to 9.48)
E01001935,Hammersmith and Fulham 023A,Hammersmith and Fulham,Q4 (683000.00 to 6425000.00),Q2 (79.00 to 114.00),Q2 (24.00 to 38.00),Q2 (12.31 to 20.12),Q3 (9.48 to 16.97)
E01001937,Hammersmith and Fulham 025C,Hammersmith and Fulham,Q4 (683000.00 to 6425000.00),Q2 (79.00 to 114.00),Q2 (24.00 to 38.00),Q2 (12.31 to 20.12),Q2 (5.47 to 9.48)
E01001938,Hammersmith and Fulham 025D,Hammersmith and Fulham,Q4 (683000.00 to 6425000.00),Q2 (79.00 to 114.00),Q3 (38.00 to 56.00),Q3 (20.12 to 29.24),Q3 (9.48 to 16.97)
E01001939,Hammersmith and Fulham 023C,Hammersmith and Fulham,Q4 (683000.00 to 6425000.00),Q4 (173.00 to 9206.00),Q4 (56.00 to 1283.00),Q3 (20.12 to 29.24),Q3 (9.48 to 16.97)
E01001940,Hammersmith and Fulham 005B,Hammersmith and Fulham,Q3 (520000.00 to 683000.00),Q3 (114.00 to 173.00),Q4 (56.00 to 1283.00),Q4 (29.24 to 59.01),Q4 (16.97 to 121.89)
E01001941,Hammersmith and Fulham 005C,Hammersmith and Fulham,Q2 (420000.00 to 520000.00),Q4 (173.00 to 9206.00),Q4 (56.00 to 1283.00),Q4 (29.24 to 59.01),Q4 (16.97 to 121.89)
E01001942,Hammersmith and Fulham 005D,Hammersmith and Fulham,Q4 (683000.00 to 6425000.00),Q4 (173.00 to 9206.00),Q4 (56.00 to 1283.00),Q3 (20.12 to 29.24),Q4 (16.97 to 121.89)
E01001943,Hammersmith and Fulham 004A,Hammersmith and Fulham,Q4 (683000.00 to 6425000.00),Q4 (173.00 to 9206.00),Q4 (56.00 to 1283.00),Q4 (29.24 to 59.01),Q4 (16.97 to 121.89)
E01001945,Hammersmith and Fulham 004C,Hammersmith and Fulham,Q4 (683000.00 to 6425000.00),Q3 (114.00 to 173.00),Q3 (38.00 to 56.00),Q3 (20.12 to 29.24),Q3 (9.48 to 16.97)
E01001946,Hammersmith and Fulham 004D,Hammersmith and Fulham,Q4 (683000.00 to 6425000.00),Q3 (114.00 to 173.00),Q2 (24.00 to 38.00),Q3 (20.12 to 29.24),Q4 (16.97 to 121.89)
E01001947,Hammersmith and Fulham 021A,Hammersmith and Fulham,Q3 (520000.00 to 683000.00),Q3 (114.00 to 173.00),Q3 (38.00 to 56.00),Q4 (29.24 to 59.01),Q3 (9.48 to 16.97)
E01001948,Hammersmith and Fulham 021B,Hammersmith and Fulham,Q4 (683000.00 to 6425000.00),Q3 (114.00 to 173.00),Q2 (24.00 to 38.00),Q2 (12.31 to 20.12),Q3 (9.48 to 16.97)
E01001949,Hammersmith and Fulham 021C,Hammersmith and Fulham,Q4 (683000.00 to 6425000.00),Q1 (2.00 to 79.00),Q1 (0.00 to 24.00),Q1 (2.33 to 12.31),Q3 (9.48 to 16.97)
E01001950,Hammersmith and Fulham 021D,Hammersmith and Fulham,Q4 (683000.00 to 6425000.00),Q2 (79.00 to 114.00),Q1 (0.00 to 24.00),Q1 (2.33 to 12.31),Q4 (16.97 to 121.89)
E01001951,Hammersmith and Fulham 021E,Hammersmith and Fulham,Q4 (683000.00 to 6425000.00),Q2 (79.00 to 114.00),Q2 (24.00 to 38.00),Q2 (12.31 to 20.12),Q3 (9.48 to 16.97)
E01001952,Hammersmith and Fulham 024D,Hammersmith and Fulham,Q3 (520000.00 to 683000.00),Q2 (79.00 to 114.00),Q2 (24.00 to 38.00),Q2 (12.31 to 20.12),Q4 (16.97 to 121.89)
E01001953,Hammersmith and Fulham 021F,Hammersmith and Fulham,Q4 (683000.00 to 6425000.00),Q4 (173.00 to 9206.00),Q4 (56.00 to 1283.00),Q3 (20.12 to 29.24),Q4 (16.97 to 121.89)
E01001954,Hammersmith and Fulham 003A,Hammersmith and Fulham,Q4 (683000.00 to 6425000.00),Q2 (79.00 to 114.00),Q2 (24.00 to 38.00),Q3 (20.12 to 29.24),Q3 (9.48 to 16.97)
E01001955,Hammersmith and Fulham 002A,Hammersmith and Fulham,Q1 (147500.00 to 420000.00),Q4 (173.00 to 9206.00),Q3 (38.00 to 56.00),Q4 (29.24 to 59.01),Q2 (5.47 to 9.48)
E01001956,Hammersmith and Fulham 003B,Hammersmith and Fulham,Q4 (683000.00 to 6425000.00),Q2 (79.00 to 114.00),Q2 (24.00 to 38.00),Q3 (20.12 to 29.24),Q3 (9.48 to 16.97)
E01001958,Hammersmith and Fulham 002C,Hammersmith and Fulham,Q1 (147500.00 to 420000.00),Q3 (114.00 to 173.00),Q4 (56.00 to 1283.00),Q4 (29.24 to 59.01),Q1 (0.19 to 5.47)
E01001959,Hammersmith and Fulham 003C,Hammersmith and Fulham,Q4 (683000.00 to 6425000.00),Q3 (114.00 to 173.00),Q3 (38.00 to 56.00),Q4 (29.24 to 59.01),Q2 (5.47 to 9.48)
E01001960,Hammersmith and Fulham 003D,Hammersmith and Fulham,Q3 (520000.00 to 683000.00),Q3 (114.00 to 173.00),Q3 (38.00 to 56.00),Q2 (12.31 to 20.12),Q3 (9.48 to 16.97)
E01001962,Haringey 004A,Haringey,Q4 (683000.00 to 6425000.00),Q2 (79.00 to 114.00),Q2 (24.00 to 38.00),Q2 (12.31 to 20.12),Q1 (0.19 to 5.47)
E01001963,Haringey 009A,Haringey,Q4 (683000.00 to 6425000.00),Q1 (2.00 to 79.00),Q1 (0.00 to 24.00),Q1 (2.33 to 12.31),Q2 (5.47 to 9.48)
E01001964,Haringey 009B,Haringey,Q4 (683000.00 to 6425000.00),Q2 (79.00 to 114.00),Q2 (24.00 to 38.00),Q2 (12.31 to 20.12),Q2 (5.47 to 9.48)
E01001965,Haringey 009C,Haringey,Q4 (683000.00 to 6425000.00),Q1 (2.00 to 79.00),Q1 (0.00 to 24.00),Q1 (2.33 to 12.31),Q3 (9.48 to 16.97)
E01001966,Haringey 009D,Haringey,Q4 (683000.00 to 6425000.00),Q4 (173.00 to 9206.00),Q3 (38.00 to 56.00),Q2 (12.31 to 20.12),Q1 (0.19 to 5.47)
E01001967,Haringey 014A,Haringey,Q4 (683000.00 to 6425000.00),Q2 (79.00 to 114.00),Q1 (0.00 to 24.00),Q1 (2.33 to 12.31),Q2 (5.47 to 9.48)
E01001968,Haringey 014B,Haringey,Q4 (683000.00 to 6425000.00),Q1 (2.00 to 79.00),Q1 (0.00 to 24.00),Q1 (2.33 to 12.31),Q3 (9.48 to 16.97)
E01001969,Haringey 001A,Haringey,Q3 (520000.00 to 683000.00),Q3 (114.00 to 173.00),Q3 (38.00 to 56.00),Q3 (20.12 to 29.24),Q4 (16.97 to 121.89)
E01001970,Haringey 004B,Haringey,Q3 (520000.00 to 683000.00),Q4 (173.00 to 9206.00),Q2 (24.00 to 38.00),Q3 (20.12 to 29.24),Q4 (16.97 to 121.89)
E01001971,Haringey 001B,Haringey,Q1 (147500.00 to 420000.00),Q4 (173.00 to 9206.00),Q4 (56.00 to 1283.00),Q4 (29.24 to 59.01),Q4 (16.97 to 121.89)
E01001972,Haringey 004C,Haringey,Q3 (520000.00 to 683000.00),Q3 (114.00 to 173.00),Q3 (38.00 to 56.00),Q3 (20.12 to 29.24),Q4 (16.97 to 121.89)
E01001973,Haringey 004D,Haringey,Q4 (683000.00 to 6425000.00),Q4 (173.00 to 9206.00),Q4 (56.00 to 1283.00),Q2 (12.31 to 20.12),Q3 (9.48 to 16.97)
E01001974,Haringey 001C,Haringey,Q3 (520000.00 to 683000.00),Q3 (114.00 to 173.00),Q3 (38.00 to 56.00),Q2 (12.31 to 20.12),Q4 (16.97 to 121.89)
E01001975,Haringey 001D,Haringey,Q1 (147500.00 to 420000.00),Q3 (114.00 to 173.00),Q3 (38.00 to 56.00),Q3 (20.12 to 29.24),Q3 (9.48 to 16.97)
E01001976,Haringey 011A,Haringey,Q1 (147500.00 to 420000.00),Q3 (114.00 to 173.00),Q3 (38.00 to 56.00),Q4 (29.24 to 59.01),Q4 (16.97 to 121.89)
E01001977,Haringey 011B,Haringey,Q2 (420000.00 to 520000.00),Q3 (114.00 to 173.00),Q3 (38.00 to 56.00),Q4 (29.24 to 59.01),Q3 (9.48 to 16.97)
E01001978,Haringey 011C,Haringey,Q1 (147500.00 to 420000.00),Q4 (173.00 to 9206.00),Q4 (56.00 to 1283.00),Q4 (29.24 to 59.01),Q4 (16.97 to 121.89)
E01001979,Haringey 011D,Haringey,Q2 (420000.00 to 520000.00),Q4 (173.00 to 9206.00),Q4 (56.00 to 1283.00),Q4 (29.24 to 59.01),Q4 (16.97 to 121.89)
E01001980,Haringey 018A,Haringey,Q3 (520000.00 to 683000.00),Q3 (114.00 to 173.00),Q3 (38.00 to 56.00),Q3 (20.12 to 29.24),Q2 (5.47 to 9.48)
E01001981,Haringey 018B,Haringey,Q3 (520000.00 to 683000.00),Q3 (114.00 to 173.00),Q4 (56.00 to 1283.00),Q4 (29.24 to 59.01),Q4 (16.97 to 121.89)
E01001982,Haringey 018C,Haringey,Q3 (520000.00 to 683000.00),Q3 (114.00 to 173.00),Q2 (24.00 to 38.00),Q4 (29.24 to 59.01),Q2 (5.47 to 9.48)
E01001983,Haringey 018D,Haringey,Q3 (520000.00 to 683000.00),Q3 (114.00 to 173.00),Q3 (38.00 to 56.00),Q3 (20.12 to 29.24),Q2 (5.47 to 9.48)
E01001984,Haringey 033A,Haringey,Q3 (520000.00 to 683000.00),Q2 (79.00 to 114.00),Q2 (24.00 to 38.00),Q2 (12.31 to 20.12),Q2 (5.47 to 9.48)
E01001985,Haringey 033B,Haringey,Q3 (520000.00 to 683000.00),Q1 (2.00 to 79.00),Q1 (0.00 to 24.00),Q1 (2.33 to 12.31),Q2 (5.47 to 9.48)
E01001986,Haringey 034A,Haringey,Q4 (683000.00 to 6425000.00),Q2 (79.00 to 114.00),Q2 (24.00 to 38.00),Q2 (12.31 to 20.12),Q3 (9.48 to 16.97)
E01001987,Haringey 033C,Haringey,Q4 (683000.00 to 6425000.00),Q1 (2.00 to 79.00),Q1 (0.00 to 24.00),Q1 (2.33 to 12.31),Q3 (9.48 to 16.97)
E01001988,Haringey 034B,Haringey,Q2 (420000.00 to 520000.00),Q2 (79.00 to 114.00),Q1 (0.00 to 24.00),Q2 (12.31 to 20.12),Q3 (9.48 to 16.97)
E01001989,Haringey 033D,Haringey,Q4 (683000.00 to 6425000.00),Q3 (114.00 to 173.00),Q2 (24.00 to 38.00),Q2 (12.31 to 20.12),Q2 (5.47 to 9.48)
E01001990,Haringey 034C,Haringey,Q4 (683000.00 to 6425000.00),Q4 (173.00 to 9206.00),Q4 (56.00 to 1283.00),Q2 (12.31 to 20.12),Q3 (9.48 to 16.97)
E01001991,Haringey 017A,Haringey,Q3 (520000.00 to 683000.00),Q2 (79.00 to 114.00),Q1 (0.00 to 24.00),Q2 (12.31 to 20.12),Q3 (9.48 to 16.97)
E01001992,Haringey 017B,Haringey,Q4 (683000.00 to 6425000.00),Q1 (2.00 to 79.00),Q1 (0.00 to 24.00),Q1 (2.33 to 12.31),Q2 (5.47 to 9.48)
E01001993,Haringey 017C,Haringey,Q4 (683000.00 to 6425000.00),Q1 (2.00 to 79.00),Q1 (0.00 to 24.00),Q1 (2.33 to 12.31),Q2 (5.47 to 9.48)
E01001994,Haringey 030A,Haringey,Q3 (520000.00 to 683000.00),Q3 (114.00 to 173.00),Q2 (24.00 to 38.00),Q1 (2.33 to 12.31),Q2 (5.47 to 9.48)
E01001995,Haringey 017D,Haringey,Q4 (683000.00 to 6425000.00),Q3 (114.00 to 173.00),Q2 (24.00 to 38.00),Q3 (20.12 to 29.24),Q1 (0.19 to 5.47)
E01001996,Haringey 014C,Haringey,Q3 (520000.00 to 683000.00),Q1 (2.00 to 79.00),Q1 (0.00 to 24.00),Q1 (2.33 to 12.31),Q2 (5.47 to 9.48)
E01001997,Haringey 014D,Haringey,Q2 (420000.00 to 520000.00),Q4 (173.00 to 9206.00),Q2 (24.00 to 38.00),Q2 (12.31 to 20.12),Q3 (9.48 to 16.97)
E01001998,Haringey 023A,Haringey,Q3 (520000.00 to 683000.00),Q3 (114.00 to 173.00),Q2 (24.00 to 38.00),Q2 (12.31 to 20.12),Q4 (16.97 to 121.89)
E01001999,Haringey 023B,Haringey,Q3 (520000.00 to 683000.00),Q4 (173.00 to 9206.00),Q4 (56.00 to 1283.00),Q3 (20.12 to 29.24),Q4 (16.97 to 121.89)
E01002000,Haringey 031A,Haringey,Q3 (520000.00 to 683000.00),Q2 (79.00 to 114.00),Q2 (24.00 to 38.00),Q2 (12.31 to 20.12),Q3 (9.48 to 16.97)
E01002001,Haringey 031B,Haringey,Q3 (520000.00 to 683000.00),Q2 (79.00 to 114.00),Q2 (24.00 to 38.00),Q3 (20.12 to 29.24),Q3 (9.48 to 16.97)
E01002002,Haringey 031C,Haringey,Q3 (520000.00 to 683000.00),Q4 (173.00 to 9206.00),Q4 (56.00 to 1283.00),Q4 (29.24 to 59.01),Q4 (16.97 to 121.89)
E01002003,Haringey 023C,Haringey,Q1 (147500.00 to 420000.00),Q4 (173.00 to 9206.00),Q4 (56.00 to 1283.00),Q4 (29.24 to 59.01),Q4 (16.97 to 121.89)
E01002004,Haringey 023D,Haringey,Q4 (683000.00 to 6425000.00),Q2 (79.00 to 114.00),Q1 (0.00 to 24.00),Q2 (12.31 to 20.12),Q4 (16.97 to 121.89)
E01002005,Haringey 035A,Haringey,Q3 (520000.00 to 683000.00),Q2 (79.00 to 114.00),Q2 (24.00 to 38.00),Q2 (12.31 to 20.12),Q3 (9.48 to 16.97)
E01002006,Haringey 035B,Haringey,Q2 (420000.00 to 520000.00),Q2 (79.00 to 114.00),Q2 (24.00 to 38.00),Q2 (12.31 to 20.12),Q3 (9.48 to 16.97)
E01002007,Haringey 035C,Haringey,Q4 (683000.00 to 6425000.00),Q1 (2.00 to 79.00),Q1 (0.00 to 24.00),Q1 (2.33 to 12.31),Q3 (9.48 to 16.97)
E01002008,Haringey 030B,Haringey,Q4 (683000.00 to 6425000.00),Q2 (79.00 to 114.00),Q1 (0.00 to 24.00),Q1 (2.33 to 12.31),Q1 (0.19 to 5.47)
E01002009,Haringey 035D,Haringey,Q4 (683000.00 to 6425000.00),Q2 (79.00 to 114.00),Q1 (0.00 to 24.00),Q1 (2.33 to 12.31),Q3 (9.48 to 16.97)
E01002010,Haringey 030C,Haringey,Q4 (683000.00 to 6425000.00),Q2 (79.00 to 114.00),Q2 (24.00 to 38.00),Q3 (20.12 to 29.24),Q1 (0.19 to 5.47)
E01002011,Haringey 030D,Haringey,Q4 (683000.00 to 6425000.00),Q3 (114.00 to 173.00),Q2 (24.00 to 38.00),Q3 (20.12 to 29.24),Q3 (9.48 to 16.97)
E01002013,Haringey 022A,Haringey,Q3 (520000.00 to 683000.00),Q1 (2.00 to 79.00),Q1 (0.00 to 24.00),Q1 (2.33 to 12.31),Q1 (0.19 to 5.47)
E01002014,Haringey 020B,Haringey,Q3 (520000.00 to 683000.00),Q4 (173.00 to 9206.00),Q3 (38.00 to 56.00),Q3 (20.12 to 29.24),Q3 (9.48 to 16.97)
E01002015,Haringey 020C,Haringey,Q3 (520000.00 to 683000.00),Q2 (79.00 to 114.00),Q3 (38.00 to 56.00),Q3 (20.12 to 29.24),Q2 (5.47 to 9.48)
E01002016,Haringey 028A,Haringey,Q4 (683000.00 to 6425000.00),Q2 (79.00 to 114.00),Q2 (24.00 to 38.00),Q3 (20.12 to 29.24),Q3 (9.48 to 16.97)
E01002017,Haringey 028B,Haringey,Q3 (520000.00 to 683000.00),Q3 (114.00 to 173.00),Q3 (38.00 to 56.00),Q3 (20.12 to 29.24),Q3 (9.48 to 16.97)
E01002018,Haringey 020D,Haringey,Q3 (520000.00 to 683000.00),Q1 (2.00 to 79.00),Q2 (24.00 to 38.00),Q3 (20.12 to 29.24),Q1 (0.19 to 5.47)
E01002019,Haringey 022B,Haringey,Q4 (683000.00 to 6425000.00),Q1 (2.00 to 79.00),Q1 (0.00 to 24.00),Q1 (2.33 to 12.31),Q2 (5.47 to 9.48)
E01002020,Haringey 021A,Haringey,Q3 (520000.00 to 683000.00),Q3 (114.00 to 173.00),Q1 (0.00 to 24.00),Q2 (12.31 to 20.12),Q2 (5.47 to 9.48)
E01002021,Haringey 022C,Haringey,Q4 (683000.00 to 6425000.00),Q2 (79.00 to 114.00),Q1 (0.00 to 24.00),Q1 (2.33 to 12.31),Q2 (5.47 to 9.48)
E01002022,Haringey 021B,Haringey,Q3 (520000.00 to 683000.00),Q4 (173.00 to 9206.00),Q4 (56.00 to 1283.00),Q2 (12.31 to 20.12),Q3 (9.48 to 16.97)
E01002023,Haringey 021C,Haringey,Q4 (683000.00 to 6425000.00),Q1 (2.00 to 79.00),Q1 (0.00 to 24.00),Q2 (12.31 to 20.12),Q2 (5.47 to 9.48)
E01002024,Haringey 022D,Haringey,Q3 (520000.00 to 683000.00),Q2 (79.00 to 114.00),Q2 (24.00 to 38.00),Q2 (12.31 to 20.12),Q2 (5.47 to 9.48)
E01002025,Haringey 021D,Haringey,Q4 (683000.00 to 6425000.00),Q1 (2.00 to 79.00),Q1 (0.00 to 24.00),Q1 (2.33 to 12.31),Q1 (0.19 to 5.47)
E01002026,Haringey 016A,Haringey,Q1 (147500.00 to 420000.00),Q4 (173.00 to 9206.00),Q4 (56.00 to 1283.00),Q4 (29.24 to 59.01),Q4 (16.97 to 121.89)
E01002027,Haringey 010A,Haringey,Q3 (520000.00 to 683000.00),Q2 (79.00 to 114.00),Q2 (24.00 to 38.00),Q4 (29.24 to 59.01),Q3 (9.48 to 16.97)
E01002028,Haringey 010B,Haringey,Q3 (520000.00 to 683000.00),Q3 (114.00 to 173.00),Q3 (38.00 to 56.00),Q3 (20.12 to 29.24),Q3 (9.48 to 16.97)
E01002029,Haringey 016B,Haringey,Q1 (147500.00 to 420000.00),Q4 (173.00 to 9206.00),Q4 (56.00 to 1283.00),Q4 (29.24 to 59.01),Q4 (16.97 to 121.89)
E01002030,Haringey 016C,Haringey,Q3 (520000.00 to 683000.00),Q4 (173.00 to 9206.00),Q3 (38.00 to 56.00),Q3 (20.12 to 29.24),Q4 (16.97 to 121.89)
E01002031,Haringey 016D,Haringey,Q2 (420000.00 to 520000.00),Q4 (173.00 to 9206.00),Q4 (56.00 to 1283.00),Q4 (29.24 to 59.01),Q4 (16.97 to 121.89)
E01002032,Haringey 010C,Haringey,Q3 (520000.00 to 683000.00),Q4 (173.00 to 9206.00),Q4 (56.00 to 1283.00),Q4 (29.24 to 59.01),Q4 (16.97 to 121.89)
E01002033,Haringey 010D,Haringey,Q3 (520000.00 to 683000.00),Q3 (114.00 to 173.00),Q2 (24.00 to 38.00),Q4 (29.24 to 59.01),Q4 (16.97 to 121.89)
E01002034,Haringey 037A,Haringey,Q1 (147500.00 to 420000.00),Q4 (173.00 to 9206.00),Q4 (56.00 to 1283.00),Q4 (29.24 to 59.01),Q4 (16.97 to 121.89)
E01002036,Haringey 002A,Haringey,Q1 (147500.00 to 420000.00),Q4 (173.00 to 9206.00),Q4 (56.00 to 1283.00),Q4 (29.24 to 59.01),Q3 (9.48 to 16.97)
E01002038,Haringey 037B,Haringey,Q1 (147500.00 to 420000.00),Q4 (173.00 to 9206.00),Q4 (56.00 to 1283.00),Q4 (29.24 to 59.01),Q4 (16.97 to 121.89)
E01002040,Haringey 002D,Haringey,Q2 (420000.00 to 520000.00),Q4 (173.00 to 9206.00),Q4 (56.00 to 1283.00),Q4 (29.24 to 59.01),Q3 (9.48 to 16.97)
E01002041,Haringey 037C,Haringey,Q3 (520000.00 to 683000.00),Q4 (173.00 to 9206.00),Q4 (56.00 to 1283.00),Q4 (29.24 to 59.01),Q3 (9.48 to 16.97)
E01002042,Haringey 027A,Haringey,Q2 (420000.00 to 520000.00),Q4 (173.00 to 9206.00),Q4 (56.00 to 1283.00),Q2 (12.31 to 20.12),Q2 (5.47 to 9.48)
E01002043,Haringey 026A,Haringey,Q3 (520000.00 to 683000.00),Q4 (173.00 to 9206.00),Q4 (56.00 to 1283.00),Q3 (20.12 to 29.24),Q3 (9.48 to 16.97)
E01002044,Haringey 027B,Haringey,Q4 (683000.00 to 6425000.00),Q3 (114.00 to 173.00),Q3 (38.00 to 56.00),Q3 (20.12 to 29.24),Q3 (9.48 to 16.97)
E01002045,Haringey 026B,Haringey,Q1 (147500.00 to 420000.00),Q3 (114.00 to 173.00),Q3 (38.00 to 56.00),Q3 (20.12 to 29.24),Q3 (9.48 to 16.97)
E01002046,Haringey 026C,Haringey,Q3 (520000.00 to 683000.00),Q4 (173.00 to 9206.00),Q3 (38.00 to 56.00),Q4 (29.24 to 59.01),Q3 (9.48 to 16.97)
E01002047,Haringey 027C,Haringey,Q4 (683000.00 to 6425000.00),Q3 (114.00 to 173.00),Q3 (38.00 to 56.00),Q3 (20.12 to 29.24),Q3 (9.48 to 16.97)
E01002048,Haringey 027D,Haringey,Q3 (520000.00 to 683000.00),Q3 (114.00 to 173.00),Q2 (24.00 to 38.00),Q3 (20.12 to 29.24),Q4 (16.97 to 121.89)
E01002049,Haringey 026D,Haringey,Q2 (420000.00 to 520000.00),Q3 (114.00 to 173.00),Q3 (38.00 to 56.00),Q4 (29.24 to 59.01),Q3 (9.48 to 16.97)
E01002050,Haringey 029A,Haringey,Q4 (683000.00 to 6425000.00),Q2 (79.00 to 114.00),Q1 (0.00 to 24.00),Q3 (20.12 to 29.24),Q4 (16.97 to 121.89)
E01002051,Haringey 029B,Haringey,Q4 (683000.00 to 6425000.00),Q4 (173.00 to 9206.00),Q4 (56.00 to 1283.00),Q4 (29.24 to 59.01),Q4 (16.97 to 121.89)
E01002052,Haringey 029C,Haringey,Q4 (683000.00 to 6425000.00),Q2 (79.00 to 114.00),Q2 (24.00 to 38.00),Q3 (20.12 to 29.24),Q1 (0.19 to 5.47)
E01002053,Haringey 032A,Haringey,Q4 (683000.00 to 6425000.00),Q3 (114.00 to 173.00),Q3 (38.00 to 56.00),Q4 (29.24 to 59.01),Q4 (16.97 to 121.89)
E01002054,Haringey 032B,Haringey,Q1 (147500.00 to 420000.00),Q4 (173.00 to 9206.00),Q4 (56.00 to 1283.00),Q4 (29.24 to 59.01),Q3 (9.48 to 16.97)
E01002055,Haringey 029D,Haringey,Q4 (683000.00 to 6425000.00),Q2 (79.00 to 114.00),Q1 (0.00 to 24.00),Q3 (20.12 to 29.24),Q4 (16.97 to 121.89)
E01002056,Haringey 032C,Haringey,Q2 (420000.00 to 520000.00),Q4 (173.00 to 9206.00),Q4 (56.00 to 1283.00),Q3 (20.12 to 29.24),Q3 (9.48 to 16.97)
E01002057,Haringey 032D,Haringey,Q2 (420000.00 to 520000.00),Q3 (114.00 to 173.00),Q3 (38.00 to 56.00),Q3 (20.12 to 29.24),Q1 (0.19 to 5.47)
E01002058,Haringey 031D,Haringey,Q3 (520000.00 to 683000.00),Q4 (173.00 to 9206.00),Q4 (56.00 to 1283.00),Q3 (20.12 to 29.24),Q4 (16.97 to 121.89)
E01002059,Haringey 028C,Haringey,Q2 (420000.00 to 520000.00),Q2 (79.00 to 114.00),Q2 (24.00 to 38.00),Q3 (20.12 to 29.24),Q2 (5.47 to 9.48)
E01002060,Haringey 028D,Haringey,Q4 (683000.00 to 6425000.00),Q1 (2.00 to 79.00),Q2 (24.00 to 38.00),Q1 (2.33 to 12.31),Q3 (9.48 to 16.97)
E01002061,Haringey 036A,Haringey,Q3 (520000.00 to 683000.00),Q2 (79.00 to 114.00),Q1 (0.00 to 24.00),Q2 (12.31 to 20.12),Q3 (9.48 to 16.97)
E01002062,Haringey 034D,Haringey,Q3 (520000.00 to 683000.00),Q3 (114.00 to 173.00),Q3 (38.00 to 56.00),Q2 (12.31 to 20.12),Q3 (9.48 to 16.97)
E01002063,Haringey 036B,Haringey,Q3 (520000.00 to 683000.00),Q2 (79.00 to 114.00),Q2 (24.00 to 38.00),Q3 (20.12 to 29.24),Q4 (16.97 to 121.89)
E01002064,Haringey 036C,Haringey,Q2 (420000.00 to 520000.00),Q2 (79.00 to 114.00),Q2 (24.00 to 38.00),Q4 (29.24 to 59.01),Q4 (16.97 to 121.89)
E01002065,Haringey 036D,Haringey,Q3 (520000.00 to 683000.00),Q4 (173.00 to 9206.00),Q4 (56.00 to 1283.00),Q3 (20.12 to 29.24),Q4 (16.97 to 121.89)
E01002066,Haringey 025A,Haringey,Q1 (147500.00 to 420000.00),Q4 (173.00 to 9206.00),Q4 (56.00 to 1283.00),Q4 (29.24 to 59.01),Q4 (16.97 to 121.89)
E01002067,Haringey 024A,Haringey,Q2 (420000.00 to 520000.00),Q3 (114.00 to 173.00),Q3 (38.00 to 56.00),Q4 (29.24 to 59.01),Q3 (9.48 to 16.97)
E01002068,Haringey 025B,Haringey,Q1 (147500.00 to 420000.00),Q4 (173.00 to 9206.00),Q4 (56.00 to 1283.00),Q4 (29.24 to 59.01),Q4 (16.97 to 121.89)
E01002069,Haringey 024B,Haringey,Q1 (147500.00 to 420000.00),Q4 (173.00 to 9206.00),Q4 (56.00 to 1283.00),Q4 (29.24 to 59.01),Q4 (16.97 to 121.89)
E01002070,Haringey 024C,Haringey,Q3 (520000.00 to 683000.00),Q4 (173.00 to 9206.00),Q3 (38.00 to 56.00),Q3 (20.12 to 29.24),Q3 (9.48 to 16.97)
E01002071,Haringey 025C,Haringey,Q1 (147500.00 to 420000.00),Q4 (173.00 to 9206.00),Q4 (56.00 to 1283.00),Q4 (29.24 to 59.01),Q4 (16.97 to 121.89)
E01002072,Haringey 025D,Haringey,Q3 (520000.00 to 683000.00),Q4 (173.00 to 9206.00),Q4 (56.00 to 1283.00),Q4 (29.24 to 59.01),Q4 (16.97 to 121.89)
E01002073,Haringey 024D,Haringey,Q2 (420000.00 to 520000.00),Q4 (173.00 to 9206.00),Q4 (56.00 to 1283.00),Q4 (29.24 to 59.01),Q4 (16.97 to 121.89)
E01002074,Haringey 012A,Haringey,Q1 (147500.00 to 420000.00),Q4 (173.00 to 9206.00),Q4 (56.00 to 1283.00),Q4 (29.24 to 59.01),Q3 (9.48 to 16.97)
E01002075,Haringey 015A,Haringey,Q2 (420000.00 to 520000.00),Q4 (173.00 to 9206.00),Q4 (56.00 to 1283.00),Q4 (29.24 to 59.01),Q2 (5.47 to 9.48)
E01002076,Haringey 015B,Haringey,Q2 (420000.00 to 520000.00),Q3 (114.00 to 173.00),Q3 (38.00 to 56.00),Q4 (29.24 to 59.01),Q2 (5.47 to 9.48)
E01002077,Haringey 012B,Haringey,Q2 (420000.00 to 520000.00),Q4 (173.00 to 9206.00),Q4 (56.00 to 1283.00),Q4 (29.24 to 59.01),Q4 (16.97 to 121.89)
E01002078,Haringey 015C,Haringey,Q1 (147500.00 to 420000.00),Q3 (114.00 to 173.00),Q3 (38.00 to 56.00),Q4 (29.24 to 59.01),Q3 (9.48 to 16.97)
E01002079,Haringey 012C,Haringey,Q2 (420000.00 to 520000.00),Q3 (114.00 to 173.00),Q3 (38.00 to 56.00),Q3 (20.12 to 29.24),Q3 (9.48 to 16.97)
E01002080,Haringey 015D,Haringey,Q3 (520000.00 to 683000.00),Q4 (173.00 to 9206.00),Q4 (56.00 to 1283.00),Q4 (29.24 to 59.01),Q4 (16.97 to 121.89)
E01002081,Haringey 012D,Haringey,Q2 (420000.00 to 520000.00),Q4 (173.00 to 9206.00),Q4 (56.00 to 1283.00),Q4 (29.24 to 59.01),Q4 (16.97 to 121.89)
E01002083,Haringey 019A,Haringey,Q3 (520000.00 to 683000.00),Q1 (2.00 to 79.00),Q2 (24.00 to 38.00),Q2 (12.31 to 20.12),Q3 (9.48 to 16.97)
E01002084,Haringey 019B,Haringey,Q3 (520000.00 to 683000.00),Q4 (173.00 to 9206.00),Q3 (38.00 to 56.00),Q3 (20.12 to 29.24),Q2 (5.47 to 9.48)
E01002085,Haringey 019C,Haringey,Q2 (420000.00 to 520000.00),Q4 (173.00 to 9206.00),Q4 (56.00 to 1283.00),Q3 (20.12 to 29.24),Q4 (16.97 to 121.89)
E01002086,Haringey 013B,Haringey,Q3 (520000.00 to 683000.00),Q3 (114.00 to 173.00),Q2 (24.00 to 38.00),Q4 (29.24 to 59.01),Q2 (5.47 to 9.48)
E01002087,Haringey 019D,Haringey,Q4 (683000.00 to 6425000.00),Q3 (114.00 to 173.00),Q3 (38.00 to 56.00),Q4 (29.24 to 59.01),Q4 (16.97 to 121.89)
E01002088,Haringey 013C,Haringey,Q2 (420000.00 to 520000.00),Q4 (173.00 to 9206.00),Q4 (56.00 to 1283.00),Q3 (20.12 to 29.24),Q3 (9.48 to 16.97)
E01002090,Haringey 005A,Haringey,Q2 (420000.00 to 520000.00),Q4 (173.00 to 9206.00),Q4 (56.00 to 1283.00),Q4 (29.24 to 59.01),Q1 (0.19 to 5.47)
E01002091,Haringey 006A,Haringey,Q2 (420000.00 to 520000.00),Q3 (114.00 to 173.00),Q3 (38.00 to 56.00),Q4 (29.24 to 59.01),Q3 (9.48 to 16.97)
E01002092,Haringey 006B,Haringey,Q1 (147500.00 to 420000.00),Q3 (114.00 to 173.00),Q3 (38.00 to 56.00),Q4 (29.24 to 59.01),Q3 (9.48 to 16.97)
E01002093,Haringey 005B,Haringey,Q2 (420000.00 to 520000.00),Q4 (173.00 to 9206.00),Q4 (56.00 to 1283.00),Q4 (29.24 to 59.01),Q2 (5.47 to 9.48)
E01002094,Haringey 006C,Haringey,Q2 (420000.00 to 520000.00),Q3 (114.00 to 173.00),Q3 (38.00 to 56.00),Q4 (29.24 to 59.01),Q2 (5.47 to 9.48)
E01002095,Haringey 006D,Haringey,Q2 (420000.00 to 520000.00),Q4 (173.00 to 9206.00),Q3 (38.00 to 56.00),Q4 (29.24 to 59.01),Q3 (9.48 to 16.97)
E01002096,Haringey 005C,Haringey,Q2 (420000.00 to 520000.00),Q2 (79.00 to 114.00),Q2 (24.00 to 38.00),Q4 (29.24 to 59.01),Q3 (9.48 to 16.97)
E01002097,Haringey 005D,Haringey,Q2 (420000.00 to 520000.00),Q3 (114.00 to 173.00),Q2 (24.00 to 38.00),Q4 (29.24 to 59.01),Q3 (9.48 to 16.97)
E01002098,Haringey 007A,Haringey,Q3 (520000.00 to 683000.00),Q4 (173.00 to 9206.00),Q4 (56.00 to 1283.00),Q3 (20.12 to 29.24),Q4 (16.97 to 121.89)
E01002099,Haringey 008A,Haringey,Q1 (147500.00 to 420000.00),Q3 (114.00 to 173.00),Q4 (56.00 to 1283.00),Q4 (29.24 to 59.01),Q4 (16.97 to 121.89)
E01002100,Haringey 008B,Haringey,Q2 (420000.00 to 520000.00),Q4 (173.00 to 9206.00),Q4 (56.00 to 1283.00),Q4 (29.24 to 59.01),Q3 (9.48 to 16.97)
E01002101,Haringey 007B,Haringey,Q2 (420000.00 to 520000.00),Q2 (79.00 to 114.00),Q2 (24.00 to 38.00),Q3 (20.12 to 29.24),Q1 (0.19 to 5.47)
E01002102,Haringey 007C,Haringey,Q2 (420000.00 to 520000.00),Q3 (114.00 to 173.00),Q3 (38.00 to 56.00),Q3 (20.12 to 29.24),Q3 (9.48 to 16.97)
E01002103,Haringey 008C,Haringey,Q2 (420000.00 to 520000.00),Q3 (114.00 to 173.00),Q4 (56.00 to 1283.00),Q3 (20.12 to 29.24),Q3 (9.48 to 16.97)
E01002104,Haringey 008D,Haringey,Q3 (520000.00 to 683000.00),Q3 (114.00 to 173.00),Q4 (56.00 to 1283.00),Q3 (20.12 to 29.24),Q2 (5.47 to 9.48)
E01002105,Haringey 007D,Haringey,Q3 (520000.00 to 683000.00),Q4 (173.00 to 9206.00),Q4 (56.00 to 1283.00),Q3 (20.12 to 29.24),Q4 (16.97 to 121.89)
E01002106,Harrow 008A,Harrow,Q3 (520000.00 to 683000.00),Q1 (2.00 to 79.00),Q2 (24.00 to 38.00),Q1 (2.33 to 12.31),Q1 (0.19 to 5.47)
E01002107,Harrow 012A,Harrow,Q3 (520000.00 to 683000.00),Q1 (2.00 to 79.00),Q1 (0.00 to 24.00),Q1 (2.33 to 12.31),Q1 (0.19 to 5.47)
E01002108,Harrow 008B,Harrow,Q4 (683000.00 to 6425000.00),Q1 (2.00 to 79.00),Q1 (0.00 to 24.00),Q1 (2.33 to 12.31),Q1 (0.19 to 5.47)
E01002109,Harrow 008C,Harrow,Q4 (683000.00 to 6425000.00),Q1 (2.00 to 79.00),Q1 (0.00 to 24.00),Q1 (2.33 to 12.31),Q1 (0.19 to 5.47)
E01002110,Harrow 008D,Harrow,Q4 (683000.00 to 6425000.00),Q1 (2.00 to 79.00),Q1 (0.00 to 24.00),Q1 (2.33 to 12.31),Q2 (5.47 to 9.48)
E01002111,Harrow 008E,Harrow,Q3 (520000.00 to 683000.00),Q2 (79.00 to 114.00),Q3 (38.00 to 56.00),Q2 (12.31 to 20.12),Q1 (0.19 to 5.47)
E01002112,Harrow 001A,Harrow,Q4 (683000.00 to 6425000.00),Q2 (79.00 to 114.00),Q1 (0.00 to 24.00),Q1 (2.33 to 12.31),Q2 (5.47 to 9.48)
E01002113,Harrow 002A,Harrow,Q4 (683000.00 to 6425000.00),Q2 (79.00 to 114.00),Q3 (38.00 to 56.00),Q2 (12.31 to 20.12),Q1 (0.19 to 5.47)
E01002114,Harrow 001B,Harrow,Q2 (420000.00 to 520000.00),Q2 (79.00 to 114.00),Q2 (24.00 to 38.00),Q3 (20.12 to 29.24),Q1 (0.19 to 5.47)
E01002115,Harrow 002B,Harrow,Q4 (683000.00 to 6425000.00),Q1 (2.00 to 79.00),Q1 (0.00 to 24.00),Q2 (12.31 to 20.12),Q1 (0.19 to 5.47)
E01002116,Harrow 002C,Harrow,Q2 (420000.00 to 520000.00),Q1 (2.00 to 79.00),Q1 (0.00 to 24.00),Q1 (2.33 to 12.31),Q2 (5.47 to 9.48)
E01002117,Harrow 002D,Harrow,Q1 (147500.00 to 420000.00),Q3 (114.00 to 173.00),Q3 (38.00 to 56.00),Q2 (12.31 to 20.12),Q2 (5.47 to 9.48)
E01002118,Harrow 002E,Harrow,Q2 (420000.00 to 520000.00),Q4 (173.00 to 9206.00),Q4 (56.00 to 1283.00),Q2 (12.31 to 20.12),Q3 (9.48 to 16.97)
E01002119,Harrow 007A,Harrow,Q1 (147500.00 to 420000.00),Q4 (173.00 to 9206.00),Q3 (38.00 to 56.00),Q2 (12.31 to 20.12),Q3 (9.48 to 16.97)
E01002120,Harrow 007B,Harrow,Q3 (520000.00 to 683000.00),Q2 (79.00 to 114.00),Q3 (38.00 to 56.00),Q4 (29.24 to 59.01),Q2 (5.47 to 9.48)
E01002121,Harrow 007C,Harrow,Q3 (520000.00 to 683000.00),Q1 (2.00 to 79.00),Q1 (0.00 to 24.00),Q1 (2.33 to 12.31),Q1 (0.19 to 5.47)
E01002122,Harrow 007D,Harrow,Q3 (520000.00 to 683000.00),Q1 (2.00 to 79.00),Q1 (0.00 to 24.00),Q2 (12.31 to 20.12),Q2 (5.47 to 9.48)
E01002123,Harrow 007E,Harrow,Q3 (520000.00 to 683000.00),Q4 (173.00 to 9206.00),Q4 (56.00 to 1283.00),Q2 (12.31 to 20.12),Q3 (9.48 to 16.97)
E01002124,Harrow 010A,Harrow,Q3 (520000.00 to 683000.00),Q1 (2.00 to 79.00),Q1 (0.00 to 24.00),Q2 (12.31 to 20.12),Q1 (0.19 to 5.47)
E01002125,Harrow 010B,Harrow,Q3 (520000.00 to 683000.00),Q3 (114.00 to 173.00),Q3 (38.00 to 56.00),Q2 (12.31 to 20.12),Q2 (5.47 to 9.48)
E01002126,Harrow 023A,Harrow,Q1 (147500.00 to 420000.00),Q4 (173.00 to 9206.00),Q4 (56.00 to 1283.00),Q2 (12.31 to 20.12),Q4 (16.97 to 121.89)
E01002127,Harrow 023B,Harrow,Q2 (420000.00 to 520000.00),Q2 (79.00 to 114.00),Q2 (24.00 to 38.00),Q2 (12.31 to 20.12),Q4 (16.97 to 121.89)
E01002128,Harrow 020A,Harrow,Q2 (420000.00 to 520000.00),Q3 (114.00 to 173.00),Q4 (56.00 to 1283.00),Q2 (12.31 to 20.12),Q3 (9.48 to 16.97)
E01002129,Harrow 023C,Harrow,Q2 (420000.00 to 520000.00),Q4 (173.00 to 9206.00),Q4 (56.00 to 1283.00),Q2 (12.31 to 20.12),Q4 (16.97 to 121.89)
E01002130,Harrow 020B,Harrow,Q1 (147500.00 to 420000.00),Q4 (173.00 to 9206.00),Q4 (56.00 to 1283.00),Q3 (20.12 to 29.24),Q4 (16.97 to 121.89)
E01002131,Harrow 023D,Harrow,Q2 (420000.00 to 520000.00),Q3 (114.00 to 173.00),Q4 (56.00 to 1283.00),Q3 (20.12 to 29.24),Q2 (5.47 to 9.48)
E01002132,Harrow 029A,Harrow,Q2 (420000.00 to 520000.00),Q2 (79.00 to 114.00),Q2 (24.00 to 38.00),Q1 (2.33 to 12.31),Q2 (5.47 to 9.48)
E01002133,Harrow 027A,Harrow,Q1 (147500.00 to 420000.00),Q4 (173.00 to 9206.00),Q4 (56.00 to 1283.00),Q4 (29.24 to 59.01),Q2 (5.47 to 9.48)
E01002134,Harrow 029B,Harrow,Q3 (520000.00 to 683000.00),Q2 (79.00 to 114.00),Q4 (56.00 to 1283.00),Q1 (2.33 to 12.31),Q1 (0.19 to 5.47)
E01002135,Harrow 029C,Harrow,Q1 (147500.00 to 420000.00),Q3 (114.00 to 173.00),Q3 (38.00 to 56.00),Q2 (12.31 to 20.12),Q2 (5.47 to 9.48)
E01002136,Harrow 027B,Harrow,Q3 (520000.00 to 683000.00),Q3 (114.00 to 173.00),Q2 (24.00 to 38.00),Q2 (12.31 to 20.12),Q2 (5.47 to 9.48)
E01002137,Harrow 029D,Harrow,Q3 (520000.00 to 683000.00),Q2 (79.00 to 114.00),Q2 (24.00 to 38.00),Q1 (2.33 to 12.31),Q3 (9.48 to 16.97)
E01002138,Harrow 027C,Harrow,Q3 (520000.00 to 683000.00),Q1 (2.00 to 79.00),Q2 (24.00 to 38.00),Q2 (12.31 to 20.12),Q1 (0.19 to 5.47)
E01002139,Harrow 006A,Harrow,Q2 (420000.00 to 520000.00),Q1 (2.00 to 79.00),Q1 (0.00 to 24.00),Q4 (29.24 to 59.01),Q2 (5.47 to 9.48)
E01002140,Harrow 005A,Harrow,Q3 (520000.00 to 683000.00),Q2 (79.00 to 114.00),Q2 (24.00 to 38.00),Q2 (12.31 to 20.12),Q2 (5.47 to 9.48)
E01002141,Harrow 005B,Harrow,Q3 (520000.00 to 683000.00),Q2 (79.00 to 114.00),Q3 (38.00 to 56.00),Q2 (12.31 to 20.12),Q1 (0.19 to 5.47)
E01002142,Harrow 005C,Harrow,Q3 (520000.00 to 683000.00),Q3 (114.00 to 173.00),Q3 (38.00 to 56.00),Q2 (12.31 to 20.12),Q3 (9.48 to 16.97)
E01002143,Harrow 005D,Harrow,Q3 (520000.00 to 683000.00),Q1 (2.00 to 79.00),Q2 (24.00 to 38.00),Q2 (12.31 to 20.12),Q2 (5.47 to 9.48)
E01002144,Harrow 004A,Harrow,Q4 (683000.00 to 6425000.00),Q2 (79.00 to 114.00),Q1 (0.00 to 24.00),Q2 (12.31 to 20.12),Q1 (0.19 to 5.47)
E01002145,Harrow 005E,Harrow,Q3 (520000.00 to 683000.00),Q1 (2.00 to 79.00),Q1 (0.00 to 24.00),Q2 (12.31 to 20.12),Q2 (5.47 to 9.48)
E01002146,Harrow 004B,Harrow,Q4 (683000.00 to 6425000.00),Q1 (2.00 to 79.00),Q1 (0.00 to 24.00),Q1 (2.33 to 12.31),Q1 (0.19 to 5.47)
E01002147,Harrow 004C,Harrow,Q4 (683000.00 to 6425000.00),Q1 (2.00 to 79.00),Q1 (0.00 to 24.00),Q1 (2.33 to 12.31),Q1 (0.19 to 5.47)
E01002148,Harrow 006B,Harrow,Q4 (683000.00 to 6425000.00),Q2 (79.00 to 114.00),Q1 (0.00 to 24.00),Q1 (2.33 to 12.31),Q2 (5.47 to 9.48)
E01002149,Harrow 004D,Harrow,Q4 (683000.00 to 6425000.00),Q1 (2.00 to 79.00),Q1 (0.00 to 24.00),Q1 (2.33 to 12.31),Q1 (0.19 to 5.47)
E01002150,Harrow 006C,Harrow,Q1 (147500.00 to 420000.00),Q3 (114.00 to 173.00),Q2 (24.00 to 38.00),Q1 (2.33 to 12.31),Q2 (5.47 to 9.48)
E01002151,Harrow 006D,Harrow,Q2 (420000.00 to 520000.00),Q2 (79.00 to 114.00),Q3 (38.00 to 56.00),Q4 (29.24 to 59.01),Q3 (9.48 to 16.97)
E01002152,Harrow 006E,Harrow,Q2 (420000.00 to 520000.00),Q1 (2.00 to 79.00),Q1 (0.00 to 24.00),Q1 (2.33 to 12.31),Q1 (0.19 to 5.47)
E01002153,Harrow 019A,Harrow,Q3 (520000.00 to 683000.00),Q1 (2.00 to 79.00),Q1 (0.00 to 24.00),Q1 (2.33 to 12.31),Q3 (9.48 to 16.97)
E01002154,Harrow 015A,Harrow,Q3 (520000.00 to 683000.00),Q2 (79.00 to 114.00),Q2 (24.00 to 38.00),Q2 (12.31 to 20.12),Q1 (0.19 to 5.47)
E01002155,Harrow 019B,Harrow,Q4 (683000.00 to 6425000.00),Q1 (2.00 to 79.00),Q1 (0.00 to 24.00),Q1 (2.33 to 12.31),Q1 (0.19 to 5.47)
E01002156,Harrow 015B,Harrow,Q4 (683000.00 to 6425000.00),Q1 (2.00 to 79.00),Q1 (0.00 to 24.00),Q1 (2.33 to 12.31),Q2 (5.47 to 9.48)
E01002157,Harrow 019C,Harrow,Q3 (520000.00 to 683000.00),Q2 (79.00 to 114.00),Q2 (24.00 to 38.00),Q1 (2.33 to 12.31),Q3 (9.48 to 16.97)
E01002158,Harrow 019D,Harrow,Q4 (683000.00 to 6425000.00),Q1 (2.00 to 79.00),Q1 (0.00 to 24.00),Q1 (2.33 to 12.31),Q2 (5.47 to 9.48)
E01002159,Harrow 021A,Harrow,Q2 (420000.00 to 520000.00),Q2 (79.00 to 114.00),Q1 (0.00 to 24.00),Q2 (12.31 to 20.12),Q2 (5.47 to 9.48)
E01002160,Harrow 021B,Harrow,Q2 (420000.00 to 520000.00),Q3 (114.00 to 173.00),Q2 (24.00 to 38.00),Q2 (12.31 to 20.12),Q3 (9.48 to 16.97)
E01002161,Harrow 021C,Harrow,Q1 (147500.00 to 420000.00),Q1 (2.00 to 79.00),Q1 (0.00 to 24.00),Q2 (12.31 to 20.12),Q3 (9.48 to 16.97)
E01002162,Harrow 015C,Harrow,Q3 (520000.00 to 683000.00),Q2 (79.00 to 114.00),Q2 (24.00 to 38.00),Q2 (12.31 to 20.12),Q2 (5.47 to 9.48)
E01002163,Harrow 015D,Harrow,Q4 (683000.00 to 6425000.00),Q1 (2.00 to 79.00),Q1 (0.00 to 24.00),Q1 (2.33 to 12.31),Q2 (5.47 to 9.48)
E01002164,Harrow 021D,Harrow,Q3 (520000.00 to 683000.00),Q2 (79.00 to 114.00),Q2 (24.00 to 38.00),Q1 (2.33 to 12.31),Q1 (0.19 to 5.47)
E01002165,Harrow 017A,Harrow,Q1 (147500.00 to 420000.00),Q1 (2.00 to 79.00),Q1 (0.00 to 24.00),Q2 (12.31 to 20.12),Q2 (5.47 to 9.48)
E01002166,Harrow 017B,Harrow,Q3 (520000.00 to 683000.00),Q1 (2.00 to 79.00),Q1 (0.00 to 24.00),Q2 (12.31 to 20.12),Q1 (0.19 to 5.47)
E01002167,Harrow 017C,Harrow,Q3 (520000.00 to 683000.00),Q1 (2.00 to 79.00),Q1 (0.00 to 24.00),Q3 (20.12 to 29.24),Q1 (0.19 to 5.47)
E01002168,Harrow 017D,Harrow,Q2 (420000.00 to 520000.00),Q1 (2.00 to 79.00),Q1 (0.00 to 24.00),Q3 (20.12 to 29.24),Q1 (0.19 to 5.47)
E01002170,Harrow 033A,Harrow,Q3 (520000.00 to 683000.00),Q1 (2.00 to 79.00),Q1 (0.00 to 24.00),Q2 (12.31 to 20.12),Q2 (5.47 to 9.48)
E01002171,Harrow 033B,Harrow,Q2 (420000.00 to 520000.00),Q1 (2.00 to 79.00),Q1 (0.00 to 24.00),Q1 (2.33 to 12.31),Q1 (0.19 to 5.47)
E01002172,Harrow 033C,Harrow,Q2 (420000.00 to 520000.00),Q2 (79.00 to 114.00),Q1 (0.00 to 24.00),Q2 (12.31 to 20.12),Q2 (5.47 to 9.48)
E01002173,Harrow 033D,Harrow,Q3 (520000.00 to 683000.00),Q1 (2.00 to 79.00),Q1 (0.00 to 24.00),Q2 (12.31 to 20.12),Q2 (5.47 to 9.48)
E01002174,Harrow 033E,Harrow,Q4 (683000.00 to 6425000.00),Q1 (2.00 to 79.00),Q1 (0.00 to 24.00),Q1 (2.33 to 12.31),Q2 (5.47 to 9.48)
E01002175,Harrow 033F,Harrow,Q3 (520000.00 to 683000.00),Q2 (79.00 to 114.00),Q2 (24.00 to 38.00),Q1 (2.33 to 12.31),Q2 (5.47 to 9.48)
E01002176,Harrow 033G,Harrow,Q4 (683000.00 to 6425000.00),Q3 (114.00 to 173.00),Q2 (24.00 to 38.00),Q2 (12.31 to 20.12),Q3 (9.48 to 16.97)
E01002177,Harrow 033H,Harrow,Q3 (520000.00 to 683000.00),Q2 (79.00 to 114.00),Q2 (24.00 to 38.00),Q2 (12.31 to 20.12),Q1 (0.19 to 5.47)
E01002178,Harrow 033I,Harrow,Q3 (520000.00 to 683000.00),Q1 (2.00 to 79.00),Q1 (0.00 to 24.00),Q1 (2.33 to 12.31),Q1 (0.19 to 5.47)
E01002179,Harrow 013A,Harrow,Q2 (420000.00 to 520000.00),Q4 (173.00 to 9206.00),Q4 (56.00 to 1283.00),Q3 (20.12 to 29.24),Q4 (16.97 to 121.89)
E01002180,Harrow 013B,Harrow,Q1 (147500.00 to 420000.00),Q4 (173.00 to 9206.00),Q4 (56.00 to 1283.00),Q3 (20.12 to 29.24),Q3 (9.48 to 16.97)
E01002181,Harrow 020C,Harrow,Q1 (147500.00 to 420000.00),Q3 (114.00 to 173.00),Q3 (38.00 to 56.00),Q2 (12.31 to 20.12),Q2 (5.47 to 9.48)
E01002182,Harrow 020D,Harrow,Q1 (147500.00 to 420000.00),Q2 (79.00 to 114.00),Q3 (38.00 to 56.00),Q2 (12.31 to 20.12),Q3 (9.48 to 16.97)
E01002183,Harrow 013C,Harrow,Q3 (520000.00 to 683000.00),Q3 (114.00 to 173.00),Q3 (38.00 to 56.00),Q2 (12.31 to 20.12),Q3 (9.48 to 16.97)
E01002184,Harrow 013D,Harrow,Q3 (520000.00 to 683000.00),Q2 (79.00 to 114.00),Q3 (38.00 to 56.00),Q2 (12.31 to 20.12),Q2 (5.47 to 9.48)
E01002185,Harrow 009A,Harrow,Q2 (420000.00 to 520000.00),Q1 (2.00 to 79.00),Q2 (24.00 to 38.00),Q4 (29.24 to 59.01),Q1 (0.19 to 5.47)
E01002186,Harrow 009B,Harrow,Q1 (147500.00 to 420000.00),Q3 (114.00 to 173.00),Q3 (38.00 to 56.00),Q2 (12.31 to 20.12),Q1 (0.19 to 5.47)
E01002187,Harrow 009C,Harrow,Q4 (683000.00 to 6425000.00),Q1 (2.00 to 79.00),Q1 (0.00 to 24.00),Q2 (12.31 to 20.12),Q1 (0.19 to 5.47)
E01002188,Harrow 016A,Harrow,Q4 (683000.00 to 6425000.00),Q1 (2.00 to 79.00),Q1 (0.00 to 24.00),Q1 (2.33 to 12.31),Q1 (0.19 to 5.47)
E01002189,Harrow 016B,Harrow,Q4 (683000.00 to 6425000.00),Q3 (114.00 to 173.00),Q2 (24.00 to 38.00),Q1 (2.33 to 12.31),Q2 (5.47 to 9.48)
E01002190,Harrow 009D,Harrow,Q4 (683000.00 to 6425000.00),Q1 (2.00 to 79.00),Q1 (0.00 to 24.00),Q1 (2.33 to 12.31),Q1 (0.19 to 5.47)
E01002191,Harrow 022A,Harrow,Q4 (683000.00 to 6425000.00),Q1 (2.00 to 79.00),Q1 (0.00 to 24.00),Q1 (2.33 to 12.31),Q1 (0.19 to 5.47)
E01002192,Harrow 016C,Harrow,Q4 (683000.00 to 6425000.00),Q1 (2.00 to 79.00),Q1 (0.00 to 24.00),Q1 (2.33 to 12.31),Q1 (0.19 to 5.47)
E01002193,Harrow 016D,Harrow,Q4 (683000.00 to 6425000.00),Q1 (2.00 to 79.00),Q2 (24.00 to 38.00),Q1 (2.33 to 12.31),Q3 (9.48 to 16.97)
E01002194,Harrow 022B,Harrow,Q4 (683000.00 to 6425000.00),Q1 (2.00 to 79.00),Q1 (0.00 to 24.00),Q1 (2.33 to 12.31),Q1 (0.19 to 5.47)
E01002195,Harrow 022C,Harrow,Q4 (683000.00 to 6425000.00),Q1 (2.00 to 79.00),Q1 (0.00 to 24.00),Q1 (2.33 to 12.31),Q1 (0.19 to 5.47)
E01002196,Harrow 022D,Harrow,Q4 (683000.00 to 6425000.00),Q1 (2.00 to 79.00),Q1 (0.00 to 24.00),Q1 (2.33 to 12.31),Q1 (0.19 to 5.47)
E01002197,Harrow 012B,Harrow,Q3 (520000.00 to 683000.00),Q1 (2.00 to 79.00),Q1 (0.00 to 24.00),Q1 (2.33 to 12.31),Q1 (0.19 to 5.47)
E01002198,Harrow 010C,Harrow,Q3 (520000.00 to 683000.00),Q1 (2.00 to 79.00),Q1 (0.00 to 24.00),Q2 (12.31 to 20.12),Q2 (5.47 to 9.48)
E01002199,Harrow 012C,Harrow,Q3 (520000.00 to 683000.00),Q1 (2.00 to 79.00),Q1 (0.00 to 24.00),Q1 (2.33 to 12.31),Q2 (5.47 to 9.48)
E01002200,Harrow 010D,Harrow,Q2 (420000.00 to 520000.00),Q2 (79.00 to 114.00),Q3 (38.00 to 56.00),Q2 (12.31 to 20.12),Q1 (0.19 to 5.47)
E01002201,Harrow 012D,Harrow,Q3 (520000.00 to 683000.00),Q1 (2.00 to 79.00),Q1 (0.00 to 24.00),Q1 (2.33 to 12.31),Q1 (0.19 to 5.47)
E01002202,Harrow 012E,Harrow,Q1 (147500.00 to 420000.00),Q4 (173.00 to 9206.00),Q3 (38.00 to 56.00),Q2 (12.31 to 20.12),Q2 (5.47 to 9.48)
E01002203,Harrow 010E,Harrow,Q3 (520000.00 to 683000.00),Q1 (2.00 to 79.00),Q1 (0.00 to 24.00),Q2 (12.31 to 20.12),Q1 (0.19 to 5.47)
E01002204,Harrow 032A,Harrow,Q2 (420000.00 to 520000.00),Q3 (114.00 to 173.00),Q3 (38.00 to 56.00),Q2 (12.31 to 20.12),Q3 (9.48 to 16.97)
E01002206,Harrow 032B,Harrow,Q3 (520000.00 to 683000.00),Q1 (2.00 to 79.00),Q1 (0.00 to 24.00),Q2 (12.31 to 20.12),Q3 (9.48 to 16.97)
E01002207,Harrow 032C,Harrow,Q3 (520000.00 to 683000.00),Q1 (2.00 to 79.00),Q1 (0.00 to 24.00),Q1 (2.33 to 12.31),Q1 (0.19 to 5.47)
E01002208,Harrow 025A,Harrow,Q4 (683000.00 to 6425000.00),Q1 (2.00 to 79.00),Q1 (0.00 to 24.00),Q1 (2.33 to 12.31),Q2 (5.47 to 9.48)
E01002209,Harrow 025B,Harrow,Q1 (147500.00 to 420000.00),Q3 (114.00 to 173.00),Q3 (38.00 to 56.00),Q1 (2.33 to 12.31),Q3 (9.48 to 16.97)
E01002210,Harrow 032D,Harrow,Q3 (520000.00 to 683000.00),Q1 (2.00 to 79.00),Q1 (0.00 to 24.00),Q1 (2.33 to 12.31),Q3 (9.48 to 16.97)
E01002211,Harrow 028A,Harrow,Q2 (420000.00 to 520000.00),Q2 (79.00 to 114.00),Q3 (38.00 to 56.00),Q3 (20.12 to 29.24),Q2 (5.47 to 9.48)
E01002212,Harrow 028B,Harrow,Q1 (147500.00 to 420000.00),Q4 (173.00 to 9206.00),Q4 (56.00 to 1283.00),Q2 (12.31 to 20.12),Q2 (5.47 to 9.48)
E01002213,Harrow 027D,Harrow,Q1 (147500.00 to 420000.00),Q4 (173.00 to 9206.00),Q4 (56.00 to 1283.00),Q2 (12.31 to 20.12),Q3 (9.48 to 16.97)
E01002214,Harrow 031A,Harrow,Q3 (520000.00 to 683000.00),Q2 (79.00 to 114.00),Q2 (24.00 to 38.00),Q2 (12.31 to 20.12),Q1 (0.19 to 5.47)
E01002215,Harrow 031B,Harrow,Q2 (420000.00 to 520000.00),Q2 (79.00 to 114.00),Q3 (38.00 to 56.00),Q3 (20.12 to 29.24),Q2 (5.47 to 9.48)
E01002216,Harrow 028C,Harrow,Q3 (520000.00 to 683000.00),Q1 (2.00 to 79.00),Q1 (0.00 to 24.00),Q1 (2.33 to 12.31),Q1 (0.19 to 5.47)
E01002217,Harrow 028D,Harrow,Q1 (147500.00 to 420000.00),Q2 (79.00 to 114.00),Q2 (24.00 to 38.00),Q4 (29.24 to 59.01),Q2 (5.47 to 9.48)
E01002218,Harrow 030A,Harrow,Q1 (147500.00 to 420000.00),Q4 (173.00 to 9206.00),Q3 (38.00 to 56.00),Q2 (12.31 to 20.12),Q3 (9.48 to 16.97)
E01002219,Harrow 030B,Harrow,Q2 (420000.00 to 520000.00),Q4 (173.00 to 9206.00),Q4 (56.00 to 1283.00),Q3 (20.12 to 29.24),Q3 (9.48 to 16.97)
E01002220,Harrow 031C,Harrow,Q2 (420000.00 to 520000.00),Q1 (2.00 to 79.00),Q2 (24.00 to 38.00),Q2 (12.31 to 20.12),Q1 (0.19 to 5.47)
E01002221,Harrow 030C,Harrow,Q3 (520000.00 to 683000.00),Q3 (114.00 to 173.00),Q3 (38.00 to 56.00),Q2 (12.31 to 20.12),Q3 (9.48 to 16.97)
E01002222,Harrow 030D,Harrow,Q3 (520000.00 to 683000.00),Q1 (2.00 to 79.00),Q2 (24.00 to 38.00),Q2 (12.31 to 20.12),Q2 (5.47 to 9.48)
E01002223,Harrow 031D,Harrow,Q2 (420000.00 to 520000.00),Q1 (2.00 to 79.00),Q2 (24.00 to 38.00),Q2 (12.31 to 20.12),Q1 (0.19 to 5.47)
E01002224,Harrow 031E,Harrow,Q2 (420000.00 to 520000.00),Q1 (2.00 to 79.00),Q2 (24.00 to 38.00),Q3 (20.12 to 29.24),Q1 (0.19 to 5.47)
E01002225,Harrow 001C,Harrow,Q4 (683000.00 to 6425000.00),Q1 (2.00 to 79.00),Q1 (0.00 to 24.00),Q1 (2.33 to 12.31),Q1 (0.19 to 5.47)
E01002226,Harrow 001D,Harrow,Q2 (420000.00 to 520000.00),Q4 (173.00 to 9206.00),Q4 (56.00 to 1283.00),Q2 (12.31 to 20.12),Q1 (0.19 to 5.47)
E01002227,Harrow 003A,Harrow,Q3 (520000.00 to 683000.00),Q2 (79.00 to 114.00),Q3 (38.00 to 56.00),Q4 (29.24 to 59.01),Q1 (0.19 to 5.47)
E01002228,Harrow 003B,Harrow,Q4 (683000.00 to 6425000.00),Q2 (79.00 to 114.00),Q1 (0.00 to 24.00),Q2 (12.31 to 20.12),Q1 (0.19 to 5.47)
E01002229,Harrow 003C,Harrow,Q3 (520000.00 to 683000.00),Q2 (79.00 to 114.00),Q2 (24.00 to 38.00),Q3 (20.12 to 29.24),Q1 (0.19 to 5.47)
E01002230,Harrow 003D,Harrow,Q4 (683000.00 to 6425000.00),Q1 (2.00 to 79.00),Q1 (0.00 to 24.00),Q1 (2.33 to 12.31),Q1 (0.19 to 5.47)
E01002231,Harrow 013E,Harrow,Q2 (420000.00 to 520000.00),Q2 (79.00 to 114.00),Q3 (38.00 to 56.00),Q3 (20.12 to 29.24),Q1 (0.19 to 5.47)
E01002232,Harrow 011A,Harrow,Q3 (520000.00 to 683000.00),Q3 (114.00 to 173.00),Q3 (38.00 to 56.00),Q2 (12.31 to 20.12),Q3 (9.48 to 16.97)
E01002233,Harrow 011B,Harrow,Q1 (147500.00 to 420000.00),Q4 (173.00 to 9206.00),Q4 (56.00 to 1283.00),Q3 (20.12 to 29.24),Q3 (9.48 to 16.97)
E01002234,Harrow 011C,Harrow,Q2 (420000.00 to 520000.00),Q2 (79.00 to 114.00),Q2 (24.00 to 38.00),Q2 (12.31 to 20.12),Q1 (0.19 to 5.47)
E01002235,Harrow 011D,Harrow,Q2 (420000.00 to 520000.00),Q3 (114.00 to 173.00),Q3 (38.00 to 56.00),Q3 (20.12 to 29.24),Q2 (5.47 to 9.48)
E01002236,Harrow 011E,Harrow,Q2 (420000.00 to 520000.00),Q3 (114.00 to 173.00),Q4 (56.00 to 1283.00),Q2 (12.31 to 20.12),Q3 (9.48 to 16.97)
E01002237,Harrow 024A,Harrow,Q1 (147500.00 to 420000.00),Q1 (2.00 to 79.00),Q2 (24.00 to 38.00),Q2 (12.31 to 20.12),Q4 (16.97 to 121.89)
E01002238,Harrow 024B,Harrow,Q3 (520000.00 to 683000.00),Q2 (79.00 to 114.00),Q1 (0.00 to 24.00),Q1 (2.33 to 12.31),Q2 (5.47 to 9.48)
E01002239,Harrow 025C,Harrow,Q3 (520000.00 to 683000.00),Q1 (2.00 to 79.00),Q1 (0.00 to 24.00),Q1 (2.33 to 12.31),Q3 (9.48 to 16.97)
E01002240,Harrow 024C,Harrow,Q3 (520000.00 to 683000.00),Q1 (2.00 to 79.00),Q1 (0.00 to 24.00),Q3 (20.12 to 29.24),Q3 (9.48 to 16.97)
E01002241,Harrow 025D,Harrow,Q3 (520000.00 to 683000.00),Q2 (79.00 to 114.00),Q2 (24.00 to 38.00),Q3 (20.12 to 29.24),Q1 (0.19 to 5.47)
E01002242,Harrow 024D,Harrow,Q3 (520000.00 to 683000.00),Q1 (2.00 to 79.00),Q1 (0.00 to 24.00),Q1 (2.33 to 12.31),Q3 (9.48 to 16.97)
E01002243,Havering 013A,Havering,Q1 (147500.00 to 420000.00),Q4 (173.00 to 9206.00),Q4 (56.00 to 1283.00),Q4 (29.24 to 59.01),Q3 (9.48 to 16.97)
E01002244,Havering 011A,Havering,Q2 (420000.00 to 520000.00),Q2 (79.00 to 114.00),Q3 (38.00 to 56.00),Q2 (12.31 to 20.12),Q1 (0.19 to 5.47)
E01002245,Havering 011B,Havering,Q2 (420000.00 to 520000.00),Q2 (79.00 to 114.00),Q2 (24.00 to 38.00),Q2 (12.31 to 20.12),Q2 (5.47 to 9.48)
E01002246,Havering 017A,Havering,Q2 (420000.00 to 520000.00),Q2 (79.00 to 114.00),Q3 (38.00 to 56.00),Q2 (12.31 to 20.12),Q1 (0.19 to 5.47)
E01002247,Havering 017B,Havering,Q1 (147500.00 to 420000.00),Q3 (114.00 to 173.00),Q4 (56.00 to 1283.00),Q2 (12.31 to 20.12),Q1 (0.19 to 5.47)
E01002248,Havering 017C,Havering,Q2 (420000.00 to 520000.00),Q4 (173.00 to 9206.00),Q4 (56.00 to 1283.00),Q3 (20.12 to 29.24),Q2 (5.47 to 9.48)
E01002249,Havering 017D,Havering,Q1 (147500.00 to 420000.00),Q2 (79.00 to 114.00),Q2 (24.00 to 38.00),Q3 (20.12 to 29.24),Q3 (9.48 to 16.97)
E01002250,Havering 017E,Havering,Q2 (420000.00 to 520000.00),Q3 (114.00 to 173.00),Q2 (24.00 to 38.00),Q3 (20.12 to 29.24),Q1 (0.19 to 5.47)
E01002251,Havering 017F,Havering,Q1 (147500.00 to 420000.00),Q1 (2.00 to 79.00),Q2 (24.00 to 38.00),Q3 (20.12 to 29.24),Q2 (5.47 to 9.48)
E01002252,Havering 018A,Havering,Q2 (420000.00 to 520000.00),Q1 (2.00 to 79.00),Q1 (0.00 to 24.00),Q1 (2.33 to 12.31),Q1 (0.19 to 5.47)
E01002253,Havering 019A,Havering,Q3 (520000.00 to 683000.00),Q1 (2.00 to 79.00),Q1 (0.00 to 24.00),Q1 (2.33 to 12.31),Q1 (0.19 to 5.47)
E01002254,Havering 019B,Havering,Q3 (520000.00 to 683000.00),Q1 (2.00 to 79.00),Q1 (0.00 to 24.00),Q1 (2.33 to 12.31),Q1 (0.19 to 5.47)
E01002255,Havering 022A,Havering,Q2 (420000.00 to 520000.00),Q1 (2.00 to 79.00),Q1 (0.00 to 24.00),Q1 (2.33 to 12.31),Q1 (0.19 to 5.47)
E01002256,Havering 018B,Havering,Q2 (420000.00 to 520000.00),Q1 (2.00 to 79.00),Q1 (0.00 to 24.00),Q1 (2.33 to 12.31),Q1 (0.19 to 5.47)
E01002257,Havering 019C,Havering,Q4 (683000.00 to 6425000.00),Q1 (2.00 to 79.00),Q1 (0.00 to 24.00),Q1 (2.33 to 12.31),Q3 (9.48 to 16.97)
E01002258,Havering 018C,Havering,Q1 (147500.00 to 420000.00),Q2 (79.00 to 114.00),Q3 (38.00 to 56.00),Q2 (12.31 to 20.12),Q1 (0.19 to 5.47)
E01002259,Havering 018D,Havering,Q2 (420000.00 to 520000.00),Q1 (2.00 to 79.00),Q1 (0.00 to 24.00),Q1 (2.33 to 12.31),Q1 (0.19 to 5.47)
E01002260,Havering 026A,Havering,Q2 (420000.00 to 520000.00),Q2 (79.00 to 114.00),Q2 (24.00 to 38.00),Q1 (2.33 to 12.31),Q1 (0.19 to 5.47)
E01002261,Havering 026B,Havering,Q2 (420000.00 to 520000.00),Q3 (114.00 to 173.00),Q2 (24.00 to 38.00),Q2 (12.31 to 20.12),Q3 (9.48 to 16.97)
E01002262,Havering 026C,Havering,Q1 (147500.00 to 420000.00),Q2 (79.00 to 114.00),Q2 (24.00 to 38.00),Q2 (12.31 to 20.12),Q2 (5.47 to 9.48)
E01002263,Havering 026D,Havering,Q2 (420000.00 to 520000.00),Q1 (2.00 to 79.00),Q1 (0.00 to 24.00),Q1 (2.33 to 12.31),Q1 (0.19 to 5.47)
E01002264,Havering 026E,Havering,Q1 (147500.00 to 420000.00),Q3 (114.00 to 173.00),Q3 (38.00 to 56.00),Q4 (29.24 to 59.01),Q2 (5.47 to 9.48)
E01002265,Havering 025A,Havering,Q2 (420000.00 to 520000.00),Q1 (2.00 to 79.00),Q1 (0.00 to 24.00),Q1 (2.33 to 12.31),Q1 (0.19 to 5.47)
E01002266,Havering 027A,Havering,Q2 (420000.00 to 520000.00),Q2 (79.00 to 114.00),Q3 (38.00 to 56.00),Q2 (12.31 to 20.12),Q1 (0.19 to 5.47)
E01002267,Havering 027B,Havering,Q1 (147500.00 to 420000.00),Q1 (2.00 to 79.00),Q1 (0.00 to 24.00),Q3 (20.12 to 29.24),Q1 (0.19 to 5.47)
E01002268,Havering 010A,Havering,Q2 (420000.00 to 520000.00),Q1 (2.00 to 79.00),Q2 (24.00 to 38.00),Q1 (2.33 to 12.31),Q1 (0.19 to 5.47)
E01002269,Havering 010B,Havering,Q2 (420000.00 to 520000.00),Q1 (2.00 to 79.00),Q2 (24.00 to 38.00),Q1 (2.33 to 12.31),Q1 (0.19 to 5.47)
E01002270,Havering 015A,Havering,Q4 (683000.00 to 6425000.00),Q1 (2.00 to 79.00),Q1 (0.00 to 24.00),Q1 (2.33 to 12.31),Q1 (0.19 to 5.47)
E01002271,Havering 015B,Havering,Q4 (683000.00 to 6425000.00),Q1 (2.00 to 79.00),Q1 (0.00 to 24.00),Q1 (2.33 to 12.31),Q1 (0.19 to 5.47)
E01002272,Havering 014A,Havering,Q3 (520000.00 to 683000.00),Q1 (2.00 to 79.00),Q1 (0.00 to 24.00),Q1 (2.33 to 12.31),Q2 (5.47 to 9.48)
E01002273,Havering 015C,Havering,Q3 (520000.00 to 683000.00),Q1 (2.00 to 79.00),Q2 (24.00 to 38.00),Q1 (2.33 to 12.31),Q1 (0.19 to 5.47)
E01002274,Havering 014B,Havering,Q2 (420000.00 to 520000.00),Q1 (2.00 to 79.00),Q2 (24.00 to 38.00),Q1 (2.33 to 12.31),Q2 (5.47 to 9.48)
E01002275,Havering 015D,Havering,Q4 (683000.00 to 6425000.00),Q1 (2.00 to 79.00),Q1 (0.00 to 24.00),Q1 (2.33 to 12.31),Q1 (0.19 to 5.47)
E01002276,Havering 001A,Havering,Q1 (147500.00 to 420000.00),Q3 (114.00 to 173.00),Q3 (38.00 to 56.00),Q4 (29.24 to 59.01),Q1 (0.19 to 5.47)
E01002277,Havering 002A,Havering,Q2 (420000.00 to 520000.00),Q4 (173.00 to 9206.00),Q4 (56.00 to 1283.00),Q4 (29.24 to 59.01),Q1 (0.19 to 5.47)
E01002278,Havering 001B,Havering,Q1 (147500.00 to 420000.00),Q3 (114.00 to 173.00),Q2 (24.00 to 38.00),Q4 (29.24 to 59.01),Q2 (5.47 to 9.48)
E01002279,Havering 002B,Havering,Q1 (147500.00 to 420000.00),Q2 (79.00 to 114.00),Q3 (38.00 to 56.00),Q3 (20.12 to 29.24),Q1 (0.19 to 5.47)
E01002280,Havering 004A,Havering,Q1 (147500.00 to 420000.00),Q3 (114.00 to 173.00),Q4 (56.00 to 1283.00),Q4 (29.24 to 59.01),Q2 (5.47 to 9.48)
E01002281,Havering 002C,Havering,Q1 (147500.00 to 420000.00),Q4 (173.00 to 9206.00),Q4 (56.00 to 1283.00),Q4 (29.24 to 59.01),Q1 (0.19 to 5.47)
E01002282,Havering 004B,Havering,Q1 (147500.00 to 420000.00),Q4 (173.00 to 9206.00),Q4 (56.00 to 1283.00),Q4 (29.24 to 59.01),Q2 (5.47 to 9.48)
E01002283,Havering 002D,Havering,Q1 (147500.00 to 420000.00),Q2 (79.00 to 114.00),Q2 (24.00 to 38.00),Q4 (29.24 to 59.01),Q1 (0.19 to 5.47)
E01002284,Havering 004C,Havering,Q1 (147500.00 to 420000.00),Q4 (173.00 to 9206.00),Q4 (56.00 to 1283.00),Q4 (29.24 to 59.01),Q1 (0.19 to 5.47)
E01002285,Havering 025B,Havering,Q3 (520000.00 to 683000.00),Q1 (2.00 to 79.00),Q1 (0.00 to 24.00),Q1 (2.33 to 12.31),Q2 (5.47 to 9.48)
E01002286,Havering 025C,Havering,Q2 (420000.00 to 520000.00),Q1 (2.00 to 79.00),Q1 (0.00 to 24.00),Q1 (2.33 to 12.31),Q1 (0.19 to 5.47)
E01002287,Havering 023A,Havering,Q2 (420000.00 to 520000.00),Q1 (2.00 to 79.00),Q1 (0.00 to 24.00),Q1 (2.33 to 12.31),Q2 (5.47 to 9.48)
E01002288,Havering 025D,Havering,Q1 (147500.00 to 420000.00),Q1 (2.00 to 79.00),Q1 (0.00 to 24.00),Q1 (2.33 to 12.31),Q1 (0.19 to 5.47)
E01002289,Havering 022B,Havering,Q3 (520000.00 to 683000.00),Q1 (2.00 to 79.00),Q1 (0.00 to 24.00),Q1 (2.33 to 12.31),Q2 (5.47 to 9.48)
E01002290,Havering 025E,Havering,Q2 (420000.00 to 520000.00),Q1 (2.00 to 79.00),Q1 (0.00 to 24.00),Q1 (2.33 to 12.31),Q2 (5.47 to 9.48)
E01002291,Havering 023B,Havering,Q1 (147500.00 to 420000.00),Q2 (79.00 to 114.00),Q2 (24.00 to 38.00),Q1 (2.33 to 12.31),Q3 (9.48 to 16.97)
E01002292,Havering 022C,Havering,Q3 (520000.00 to 683000.00),Q2 (79.00 to 114.00),Q2 (24.00 to 38.00),Q2 (12.31 to 20.12),Q1 (0.19 to 5.47)
E01002293,Havering 007A,Havering,Q1 (147500.00 to 420000.00),Q4 (173.00 to 9206.00),Q3 (38.00 to 56.00),Q2 (12.31 to 20.12),Q1 (0.19 to 5.47)
E01002294,Havering 007B,Havering,Q3 (520000.00 to 683000.00),Q1 (2.00 to 79.00),Q1 (0.00 to 24.00),Q1 (2.33 to 12.31),Q1 (0.19 to 5.47)
E01002295,Havering 010C,Havering,Q1 (147500.00 to 420000.00),Q1 (2.00 to 79.00),Q1 (0.00 to 24.00),Q2 (12.31 to 20.12),Q2 (5.47 to 9.48)
E01002296,Havering 007C,Havering,Q2 (420000.00 to 520000.00),Q1 (2.00 to 79.00),Q1 (0.00 to 24.00),Q2 (12.31 to 20.12),Q1 (0.19 to 5.47)
E01002297,Havering 004D,Havering,Q1 (147500.00 to 420000.00),Q2 (79.00 to 114.00),Q3 (38.00 to 56.00),Q4 (29.24 to 59.01),Q1 (0.19 to 5.47)
E01002298,Havering 007D,Havering,Q2 (420000.00 to 520000.00),Q1 (2.00 to 79.00),Q2 (24.00 to 38.00),Q1 (2.33 to 12.31),Q2 (5.47 to 9.48)
E01002299,Havering 002E,Havering,Q1 (147500.00 to 420000.00),Q3 (114.00 to 173.00),Q3 (38.00 to 56.00),Q2 (12.31 to 20.12),Q1 (0.19 to 5.47)
E01002300,Havering 007E,Havering,Q2 (420000.00 to 520000.00),Q1 (2.00 to 79.00),Q1 (0.00 to 24.00),Q1 (2.33 to 12.31),Q3 (9.48 to 16.97)
E01002301,Havering 003A,Havering,Q2 (420000.00 to 520000.00),Q1 (2.00 to 79.00),Q2 (24.00 to 38.00),Q1 (2.33 to 12.31),Q1 (0.19 to 5.47)
E01002302,Havering 005A,Havering,Q2 (420000.00 to 520000.00),Q1 (2.00 to 79.00),Q1 (0.00 to 24.00),Q2 (12.31 to 20.12),Q1 (0.19 to 5.47)
E01002303,Havering 003B,Havering,Q1 (147500.00 to 420000.00),Q2 (79.00 to 114.00),Q3 (38.00 to 56.00),Q4 (29.24 to 59.01),Q1 (0.19 to 5.47)
E01002304,Havering 003C,Havering,Q2 (420000.00 to 520000.00),Q2 (79.00 to 114.00),Q3 (38.00 to 56.00),Q3 (20.12 to 29.24),Q1 (0.19 to 5.47)
E01002305,Havering 005B,Havering,Q2 (420000.00 to 520000.00),Q2 (79.00 to 114.00),Q3 (38.00 to 56.00),Q2 (12.31 to 20.12),Q1 (0.19 to 5.47)
E01002306,Havering 003D,Havering,Q1 (147500.00 to 420000.00),Q3 (114.00 to 173.00),Q4 (56.00 to 1283.00),Q4 (29.24 to 59.01),Q1 (0.19 to 5.47)
E01002307,Havering 003E,Havering,Q2 (420000.00 to 520000.00),Q2 (79.00 to 114.00),Q2 (24.00 to 38.00),Q3 (20.12 to 29.24),Q1 (0.19 to 5.47)
E01002308,Havering 005C,Havering,Q1 (147500.00 to 420000.00),Q2 (79.00 to 114.00),Q4 (56.00 to 1283.00),Q3 (20.12 to 29.24),Q1 (0.19 to 5.47)
E01002309,Havering 006A,Havering,Q1 (147500.00 to 420000.00),Q2 (79.00 to 114.00),Q3 (38.00 to 56.00),Q3 (20.12 to 29.24),Q1 (0.19 to 5.47)
E01002310,Havering 006B,Havering,Q1 (147500.00 to 420000.00),Q4 (173.00 to 9206.00),Q4 (56.00 to 1283.00),Q4 (29.24 to 59.01),Q1 (0.19 to 5.47)
E01002311,Havering 006C,Havering,Q1 (147500.00 to 420000.00),Q2 (79.00 to 114.00),Q2 (24.00 to 38.00),Q3 (20.12 to 29.24),Q1 (0.19 to 5.47)
E01002312,Havering 001C,Havering,Q2 (420000.00 to 520000.00),Q3 (114.00 to 173.00),Q3 (38.00 to 56.00),Q3 (20.12 to 29.24),Q1 (0.19 to 5.47)
E01002313,Havering 001D,Havering,Q1 (147500.00 to 420000.00),Q3 (114.00 to 173.00),Q3 (38.00 to 56.00),Q3 (20.12 to 29.24),Q1 (0.19 to 5.47)
E01002314,Havering 004E,Havering,Q1 (147500.00 to 420000.00),Q3 (114.00 to 173.00),Q4 (56.00 to 1283.00),Q4 (29.24 to 59.01),Q1 (0.19 to 5.47)
E01002315,Havering 006D,Havering,Q1 (147500.00 to 420000.00),Q1 (2.00 to 79.00),Q2 (24.00 to 38.00),Q3 (20.12 to 29.24),Q1 (0.19 to 5.47)
E01002316,Havering 004F,Havering,Q1 (147500.00 to 420000.00),Q4 (173.00 to 9206.00),Q4 (56.00 to 1283.00),Q4 (29.24 to 59.01),Q1 (0.19 to 5.47)
E01002317,Havering 014C,Havering,Q3 (520000.00 to 683000.00),Q1 (2.00 to 79.00),Q1 (0.00 to 24.00),Q1 (2.33 to 12.31),Q1 (0.19 to 5.47)
E01002318,Havering 014D,Havering,Q3 (520000.00 to 683000.00),Q1 (2.00 to 79.00),Q1 (0.00 to 24.00),Q1 (2.33 to 12.31),Q2 (5.47 to 9.48)
E01002319,Havering 016A,Havering,Q2 (420000.00 to 520000.00),Q4 (173.00 to 9206.00),Q3 (38.00 to 56.00),Q2 (12.31 to 20.12),Q2 (5.47 to 9.48)
E01002320,Havering 021A,Havering,Q2 (420000.00 to 520000.00),Q1 (2.00 to 79.00),Q1 (0.00 to 24.00),Q1 (2.33 to 12.31),Q1 (0.19 to 5.47)
E01002321,Havering 021B,Havering,Q2 (420000.00 to 520000.00),Q3 (114.00 to 173.00),Q2 (24.00 to 38.00),Q1 (2.33 to 12.31),Q1 (0.19 to 5.47)
E01002322,Havering 021C,Havering,Q2 (420000.00 to 520000.00),Q1 (2.00 to 79.00),Q2 (24.00 to 38.00),Q1 (2.33 to 12.31),Q1 (0.19 to 5.47)
E01002323,Havering 021D,Havering,Q2 (420000.00 to 520000.00),Q1 (2.00 to 79.00),Q1 (0.00 to 24.00),Q1 (2.33 to 12.31),Q1 (0.19 to 5.47)
E01002324,Havering 021E,Havering,Q2 (420000.00 to 520000.00),Q1 (2.00 to 79.00),Q2 (24.00 to 38.00),Q3 (20.12 to 29.24),Q1 (0.19 to 5.47)
E01002325,Havering 011C,Havering,Q1 (147500.00 to 420000.00),Q3 (114.00 to 173.00),Q3 (38.00 to 56.00),Q3 (20.12 to 29.24),Q1 (0.19 to 5.47)
E01002326,Havering 005D,Havering,Q2 (420000.00 to 520000.00),Q4 (173.00 to 9206.00),Q3 (38.00 to 56.00),Q2 (12.31 to 20.12),Q2 (5.47 to 9.48)
E01002327,Havering 009A,Havering,Q2 (420000.00 to 520000.00),Q1 (2.00 to 79.00),Q1 (0.00 to 24.00),Q2 (12.31 to 20.12),Q2 (5.47 to 9.48)
E01002328,Havering 009B,Havering,Q2 (420000.00 to 520000.00),Q2 (79.00 to 114.00),Q1 (0.00 to 24.00),Q1 (2.33 to 12.31),Q2 (5.47 to 9.48)
E01002329,Havering 011D,Havering,Q2 (420000.00 to 520000.00),Q2 (79.00 to 114.00),Q2 (24.00 to 38.00),Q2 (12.31 to 20.12),Q1 (0.19 to 5.47)
E01002330,Havering 011E,Havering,Q1 (147500.00 to 420000.00),Q2 (79.00 to 114.00),Q2 (24.00 to 38.00),Q2 (12.31 to 20.12),Q1 (0.19 to 5.47)
E01002331,Havering 005E,Havering,Q2 (420000.00 to 520000.00),Q1 (2.00 to 79.00),Q1 (0.00 to 24.00),Q2 (12.31 to 20.12),Q2 (5.47 to 9.48)
E01002332,Havering 009C,Havering,Q1 (147500.00 to 420000.00),Q2 (79.00 to 114.00),Q2 (24.00 to 38.00),Q2 (12.31 to 20.12),Q2 (5.47 to 9.48)
E01002333,Havering 008A,Havering,Q3 (520000.00 to 683000.00),Q1 (2.00 to 79.00),Q1 (0.00 to 24.00),Q1 (2.33 to 12.31),Q1 (0.19 to 5.47)
E01002334,Havering 008B,Havering,Q3 (520000.00 to 683000.00),Q1 (2.00 to 79.00),Q1 (0.00 to 24.00),Q1 (2.33 to 12.31),Q1 (0.19 to 5.47)
E01002335,Havering 009D,Havering,Q2 (420000.00 to 520000.00),Q1 (2.00 to 79.00),Q2 (24.00 to 38.00),Q2 (12.31 to 20.12),Q2 (5.47 to 9.48)
E01002336,Havering 008C,Havering,Q2 (420000.00 to 520000.00),Q1 (2.00 to 79.00),Q2 (24.00 to 38.00),Q2 (12.31 to 20.12),Q1 (0.19 to 5.47)
E01002337,Havering 012A,Havering,Q4 (683000.00 to 6425000.00),Q3 (114.00 to 173.00),Q2 (24.00 to 38.00),Q2 (12.31 to 20.12),Q1 (0.19 to 5.47)
E01002338,Havering 009E,Havering,Q2 (420000.00 to 520000.00),Q1 (2.00 to 79.00),Q1 (0.00 to 24.00),Q1 (2.33 to 12.31),Q2 (5.47 to 9.48)
E01002339,Havering 008D,Havering,Q3 (520000.00 to 683000.00),Q1 (2.00 to 79.00),Q2 (24.00 to 38.00),Q1 (2.33 to 12.31),Q1 (0.19 to 5.47)
E01002340,Havering 009F,Havering,Q2 (420000.00 to 520000.00),Q1 (2.00 to 79.00),Q1 (0.00 to 24.00),Q1 (2.33 to 12.31),Q3 (9.48 to 16.97)
E01002341,Havering 008E,Havering,Q2 (420000.00 to 520000.00),Q1 (2.00 to 79.00),Q1 (0.00 to 24.00),Q1 (2.33 to 12.31),Q1 (0.19 to 5.47)
E01002342,Havering 030A,Havering,Q1 (147500.00 to 420000.00),Q3 (114.00 to 173.00),Q3 (38.00 to 56.00),Q2 (12.31 to 20.12),Q1 (0.19 to 5.47)
E01002343,Havering 029A,Havering,Q2 (420000.00 to 520000.00),Q1 (2.00 to 79.00),Q2 (24.00 to 38.00),Q2 (12.31 to 20.12),Q1 (0.19 to 5.47)
E01002344,Havering 029B,Havering,Q2 (420000.00 to 520000.00),Q4 (173.00 to 9206.00),Q3 (38.00 to 56.00),Q2 (12.31 to 20.12),Q1 (0.19 to 5.47)
E01002345,Havering 030B,Havering,Q1 (147500.00 to 420000.00),Q4 (173.00 to 9206.00),Q4 (56.00 to 1283.00),Q4 (29.24 to 59.01),Q2 (5.47 to 9.48)
E01002346,Havering 030C,Havering,Q1 (147500.00 to 420000.00),Q2 (79.00 to 114.00),Q2 (24.00 to 38.00),Q3 (20.12 to 29.24),Q1 (0.19 to 5.47)
E01002347,Havering 030D,Havering,Q2 (420000.00 to 520000.00),Q1 (2.00 to 79.00),Q1 (0.00 to 24.00),Q2 (12.31 to 20.12),Q1 (0.19 to 5.47)
E01002348,Havering 029C,Havering,Q2 (420000.00 to 520000.00),Q1 (2.00 to 79.00),Q1 (0.00 to 24.00),Q1 (2.33 to 12.31),Q1 (0.19 to 5.47)
E01002349,Havering 029D,Havering,Q2 (420000.00 to 520000.00),Q1 (2.00 to 79.00),Q1 (0.00 to 24.00),Q2 (12.31 to 20.12),Q1 (0.19 to 5.47)
E01002350,Havering 016B,Havering,Q1 (147500.00 to 420000.00),Q4 (173.00 to 9206.00),Q3 (38.00 to 56.00),Q3 (20.12 to 29.24),Q4 (16.97 to 121.89)
E01002351,Havering 016C,Havering,Q2 (420000.00 to 520000.00),Q2 (79.00 to 114.00),Q1 (0.00 to 24.00),Q1 (2.33 to 12.31),Q2 (5.47 to 9.48)
E01002352,Havering 016D,Havering,Q1 (147500.00 to 420000.00),Q2 (79.00 to 114.00),Q2 (24.00 to 38.00),Q2 (12.31 to 20.12),Q2 (5.47 to 9.48)
E01002353,Havering 013B,Havering,Q3 (520000.00 to 683000.00),Q4 (173.00 to 9206.00),Q4 (56.00 to 1283.00),Q2 (12.31 to 20.12),Q3 (9.48 to 16.97)
E01002354,Havering 012B,Havering,Q3 (520000.00 to 683000.00),Q1 (2.00 to 79.00),Q1 (0.00 to 24.00),Q1 (2.33 to 12.31),Q2 (5.47 to 9.48)
E01002355,Havering 014E,Havering,Q3 (520000.00 to 683000.00),Q1 (2.00 to 79.00),Q1 (0.00 to 24.00),Q1 (2.33 to 12.31),Q2 (5.47 to 9.48)
E01002356,Havering 013C,Havering,Q1 (147500.00 to 420000.00),Q4 (173.00 to 9206.00),Q4 (56.00 to 1283.00),Q4 (29.24 to 59.01),Q4 (16.97 to 121.89)
E01002358,Havering 016E,Havering,Q1 (147500.00 to 420000.00),Q3 (114.00 to 173.00),Q3 (38.00 to 56.00),Q2 (12.31 to 20.12),Q4 (16.97 to 121.89)
E01002359,Havering 020A,Havering,Q1 (147500.00 to 420000.00),Q1 (2.00 to 79.00),Q1 (0.00 to 24.00),Q1 (2.33 to 12.31),Q2 (5.47 to 9.48)
E01002360,Havering 020B,Havering,Q2 (420000.00 to 520000.00),Q1 (2.00 to 79.00),Q2 (24.00 to 38.00),Q2 (12.31 to 20.12),Q3 (9.48 to 16.97)
E01002361,Havering 020C,Havering,Q1 (147500.00 to 420000.00),Q4 (173.00 to 9206.00),Q4 (56.00 to 1283.00),Q2 (12.31 to 20.12),Q3 (9.48 to 16.97)
E01002362,Havering 022D,Havering,Q3 (520000.00 to 683000.00),Q1 (2.00 to 79.00),Q1 (0.00 to 24.00),Q1 (2.33 to 12.31),Q3 (9.48 to 16.97)
E01002363,Havering 020D,Havering,Q2 (420000.00 to 520000.00),Q1 (2.00 to 79.00),Q1 (0.00 to 24.00),Q2 (12.31 to 20.12),Q2 (5.47 to 9.48)
E01002364,Havering 023C,Havering,Q3 (520000.00 to 683000.00),Q1 (2.00 to 79.00),Q1 (0.00 to 24.00),Q1 (2.33 to 12.31),Q3 (9.48 to 16.97)
E01002365,Havering 023D,Havering,Q1 (147500.00 to 420000.00),Q1 (2.00 to 79.00),Q1 (0.00 to 24.00),Q2 (12.31 to 20.12),Q2 (5.47 to 9.48)
E01002366,Havering 023E,Havering,Q2 (420000.00 to 520000.00),Q1 (2.00 to 79.00),Q1 (0.00 to 24.00),Q1 (2.33 to 12.31),Q2 (5.47 to 9.48)
E01002367,Havering 020E,Havering,Q2 (420000.00 to 520000.00),Q2 (79.00 to 114.00),Q1 (0.00 to 24.00),Q1 (2.33 to 12.31),Q2 (5.47 to 9.48)
E01002368,Havering 028A,Havering,Q1 (147500.00 to 420000.00),Q4 (173.00 to 9206.00),Q4 (56.00 to 1283.00),Q4 (29.24 to 59.01),Q1 (0.19 to 5.47)
E01002369,Havering 028B,Havering,Q2 (420000.00 to 520000.00),Q3 (114.00 to 173.00),Q3 (38.00 to 56.00),Q3 (20.12 to 29.24),Q1 (0.19 to 5.47)
E01002370,Havering 028C,Havering,Q1 (147500.00 to 420000.00),Q4 (173.00 to 9206.00),Q4 (56.00 to 1283.00),Q4 (29.24 to 59.01),Q1 (0.19 to 5.47)
E01002371,Havering 028D,Havering,Q2 (420000.00 to 520000.00),Q2 (79.00 to 114.00),Q2 (24.00 to 38.00),Q2 (12.31 to 20.12),Q2 (5.47 to 9.48)
E01002372,Havering 027C,Havering,Q2 (420000.00 to 520000.00),Q1 (2.00 to 79.00),Q1 (0.00 to 24.00),Q1 (2.33 to 12.31),Q1 (0.19 to 5.47)
E01002373,Havering 027D,Havering,Q1 (147500.00 to 420000.00),Q2 (79.00 to 114.00),Q3 (38.00 to 56.00),Q2 (12.31 to 20.12),Q1 (0.19 to 5.47)
E01002374,Havering 027E,Havering,Q2 (420000.00 to 520000.00),Q3 (114.00 to 173.00),Q3 (38.00 to 56.00),Q2 (12.31 to 20.12),Q1 (0.19 to 5.47)
E01002375,Havering 028E,Havering,Q1 (147500.00 to 420000.00),Q3 (114.00 to 173.00),Q4 (56.00 to 1283.00),Q3 (20.12 to 29.24),Q1 (0.19 to 5.47)
E01002376,Havering 012C,Havering,Q4 (683000.00 to 6425000.00),Q1 (2.00 to 79.00),Q1 (0.00 to 24.00),Q1 (2.33 to 12.31),Q2 (5.47 to 9.48)
E01002377,Havering 010D,Havering,Q2 (420000.00 to 520000.00),Q3 (114.00 to 173.00),Q2 (24.00 to 38.00),Q2 (12.31 to 20.12),Q1 (0.19 to 5.47)
E01002378,Havering 010E,Havering,Q2 (420000.00 to 520000.00),Q1 (2.00 to 79.00),Q1 (0.00 to 24.00),Q1 (2.33 to 12.31),Q1 (0.19 to 5.47)
E01002379,Havering 012D,Havering,Q3 (520000.00 to 683000.00),Q3 (114.00 to 173.00),Q2 (24.00 to 38.00),Q1 (2.33 to 12.31),Q3 (9.48 to 16.97)
E01002380,Havering 012E,Havering,Q1 (147500.00 to 420000.00),Q3 (114.00 to 173.00),Q2 (24.00 to 38.00),Q2 (12.31 to 20.12),Q2 (5.47 to 9.48)
E01002381,Havering 012F,Havering,Q3 (520000.00 to 683000.00),Q1 (2.00 to 79.00),Q2 (24.00 to 38.00),Q2 (12.31 to 20.12),Q2 (5.47 to 9.48)
E01002382,Havering 014F,Havering,Q2 (420000.00 to 520000.00),Q3 (114.00 to 173.00),Q2 (24.00 to 38.00),Q1 (2.33 to 12.31),Q2 (5.47 to 9.48)
E01002383,Havering 010F,Havering,Q3 (520000.00 to 683000.00),Q2 (79.00 to 114.00),Q2 (24.00 to 38.00),Q1 (2.33 to 12.31),Q1 (0.19 to 5.47)
E01002384,Havering 019D,Havering,Q3 (520000.00 to 683000.00),Q2 (79.00 to 114.00),Q2 (24.00 to 38.00),Q1 (2.33 to 12.31),Q3 (9.48 to 16.97)
E01002385,Havering 024A,Havering,Q3 (520000.00 to 683000.00),Q4 (173.00 to 9206.00),Q2 (24.00 to 38.00),Q2 (12.31 to 20.12),Q1 (0.19 to 5.47)
E01002386,Havering 022E,Havering,Q1 (147500.00 to 420000.00),Q4 (173.00 to 9206.00),Q3 (38.00 to 56.00),Q1 (2.33 to 12.31),Q3 (9.48 to 16.97)
E01002387,Havering 024B,Havering,Q4 (683000.00 to 6425000.00),Q1 (2.00 to 79.00),Q1 (0.00 to 24.00),Q1 (2.33 to 12.31),Q1 (0.19 to 5.47)
E01002388,Havering 024C,Havering,Q4 (683000.00 to 6425000.00),Q1 (2.00 to 79.00),Q1 (0.00 to 24.00),Q1 (2.33 to 12.31),Q1 (0.19 to 5.47)
E01002389,Havering 024D,Havering,Q4 (683000.00 to 6425000.00),Q1 (2.00 to 79.00),Q1 (0.00 to 24.00),Q1 (2.33 to 12.31),Q1 (0.19 to 5.47)
E01002390,Havering 024E,Havering,Q4 (683000.00 to 6425000.00),Q1 (2.00 to 79.00),Q1 (0.00 to 24.00),Q1 (2.33 to 12.31),Q1 (0.19 to 5.47)
E01002391,Havering 018E,Havering,Q2 (420000.00 to 520000.00),Q1 (2.00 to 79.00),Q1 (0.00 to 24.00),Q1 (2.33 to 12.31),Q1 (0.19 to 5.47)
E01002392,Hillingdon 020A,Hillingdon,Q2 (420000.00 to 520000.00),Q3 (114.00 to 173.00),Q4 (56.00 to 1283.00),Q4 (29.24 to 59.01),Q1 (0.19 to 5.47)
E01002393,Hillingdon 020B,Hillingdon,Q1 (147500.00 to 420000.00),Q3 (114.00 to 173.00),Q3 (38.00 to 56.00),Q3 (20.12 to 29.24),Q1 (0.19 to 5.47)
E01002394,Hillingdon 021A,Hillingdon,Q2 (420000.00 to 520000.00),Q1 (2.00 to 79.00),Q2 (24.00 to 38.00),Q2 (12.31 to 20.12),Q1 (0.19 to 5.47)
E01002395,Hillingdon 021B,Hillingdon,Q2 (420000.00 to 520000.00),Q1 (2.00 to 79.00),Q1 (0.00 to 24.00),Q3 (20.12 to 29.24),Q1 (0.19 to 5.47)
E01002396,Hillingdon 026A,Hillingdon,Q2 (420000.00 to 520000.00),Q4 (173.00 to 9206.00),Q3 (38.00 to 56.00),Q3 (20.12 to 29.24),Q2 (5.47 to 9.48)
E01002397,Hillingdon 021C,Hillingdon,Q1 (147500.00 to 420000.00),Q4 (173.00 to 9206.00),Q4 (56.00 to 1283.00),Q3 (20.12 to 29.24),Q3 (9.48 to 16.97)
E01002398,Hillingdon 021D,Hillingdon,Q2 (420000.00 to 520000.00),Q2 (79.00 to 114.00),Q4 (56.00 to 1283.00),Q3 (20.12 to 29.24),Q2 (5.47 to 9.48)
E01002399,Hillingdon 021E,Hillingdon,Q3 (520000.00 to 683000.00),Q1 (2.00 to 79.00),Q2 (24.00 to 38.00),Q2 (12.31 to 20.12),Q1 (0.19 to 5.47)
E01002400,Hillingdon 024A,Hillingdon,Q2 (420000.00 to 520000.00),Q2 (79.00 to 114.00),Q3 (38.00 to 56.00),Q3 (20.12 to 29.24),Q1 (0.19 to 5.47)
E01002401,Hillingdon 024B,Hillingdon,Q2 (420000.00 to 520000.00),Q3 (114.00 to 173.00),Q4 (56.00 to 1283.00),Q3 (20.12 to 29.24),Q1 (0.19 to 5.47)
E01002402,Hillingdon 024C,Hillingdon,Q2 (420000.00 to 520000.00),Q2 (79.00 to 114.00),Q3 (38.00 to 56.00),Q3 (20.12 to 29.24),Q1 (0.19 to 5.47)
E01002403,Hillingdon 024D,Hillingdon,Q1 (147500.00 to 420000.00),Q3 (114.00 to 173.00),Q4 (56.00 to 1283.00),Q3 (20.12 to 29.24),Q1 (0.19 to 5.47)
E01002404,Hillingdon 024E,Hillingdon,Q1 (147500.00 to 420000.00),Q3 (114.00 to 173.00),Q3 (38.00 to 56.00),Q4 (29.24 to 59.01),Q1 (0.19 to 5.47)
E01002405,Hillingdon 027A,Hillingdon,Q2 (420000.00 to 520000.00),Q4 (173.00 to 9206.00),Q4 (56.00 to 1283.00),Q3 (20.12 to 29.24),Q1 (0.19 to 5.47)
E01002406,Hillingdon 027B,Hillingdon,Q1 (147500.00 to 420000.00),Q4 (173.00 to 9206.00),Q4 (56.00 to 1283.00),Q3 (20.12 to 29.24),Q2 (5.47 to 9.48)
E01002407,Hillingdon 030A,Hillingdon,Q2 (420000.00 to 520000.00),Q4 (173.00 to 9206.00),Q3 (38.00 to 56.00),Q3 (20.12 to 29.24),Q3 (9.48 to 16.97)
E01002408,Hillingdon 019A,Hillingdon,Q1 (147500.00 to 420000.00),Q3 (114.00 to 173.00),Q3 (38.00 to 56.00),Q4 (29.24 to 59.01),Q2 (5.47 to 9.48)
E01002409,Hillingdon 019B,Hillingdon,Q1 (147500.00 to 420000.00),Q2 (79.00 to 114.00),Q3 (38.00 to 56.00),Q3 (20.12 to 29.24),Q2 (5.47 to 9.48)
E01002410,Hillingdon 017A,Hillingdon,Q2 (420000.00 to 520000.00),Q4 (173.00 to 9206.00),Q3 (38.00 to 56.00),Q2 (12.31 to 20.12),Q2 (5.47 to 9.48)
E01002411,Hillingdon 022A,Hillingdon,Q1 (147500.00 to 420000.00),Q2 (79.00 to 114.00),Q3 (38.00 to 56.00),Q3 (20.12 to 29.24),Q1 (0.19 to 5.47)
E01002412,Hillingdon 017B,Hillingdon,Q2 (420000.00 to 520000.00),Q4 (173.00 to 9206.00),Q4 (56.00 to 1283.00),Q2 (12.31 to 20.12),Q2 (5.47 to 9.48)
E01002413,Hillingdon 022B,Hillingdon,Q2 (420000.00 to 520000.00),Q4 (173.00 to 9206.00),Q4 (56.00 to 1283.00),Q4 (29.24 to 59.01),Q1 (0.19 to 5.47)
E01002414,Hillingdon 015A,Hillingdon,Q2 (420000.00 to 520000.00),Q4 (173.00 to 9206.00),Q4 (56.00 to 1283.00),Q1 (2.33 to 12.31),Q2 (5.47 to 9.48)
E01002415,Hillingdon 010A,Hillingdon,Q3 (520000.00 to 683000.00),Q1 (2.00 to 79.00),Q1 (0.00 to 24.00),Q1 (2.33 to 12.31),Q1 (0.19 to 5.47)
E01002416,Hillingdon 008A,Hillingdon,Q3 (520000.00 to 683000.00),Q1 (2.00 to 79.00),Q1 (0.00 to 24.00),Q1 (2.33 to 12.31),Q1 (0.19 to 5.47)
E01002417,Hillingdon 008B,Hillingdon,Q3 (520000.00 to 683000.00),Q2 (79.00 to 114.00),Q2 (24.00 to 38.00),Q1 (2.33 to 12.31),Q2 (5.47 to 9.48)
E01002418,Hillingdon 006A,Hillingdon,Q3 (520000.00 to 683000.00),Q1 (2.00 to 79.00),Q1 (0.00 to 24.00),Q1 (2.33 to 12.31),Q1 (0.19 to 5.47)
E01002419,Hillingdon 006B,Hillingdon,Q1 (147500.00 to 420000.00),Q1 (2.00 to 79.00),Q1 (0.00 to 24.00),Q1 (2.33 to 12.31),Q3 (9.48 to 16.97)
E01002420,Hillingdon 008C,Hillingdon,Q3 (520000.00 to 683000.00),Q1 (2.00 to 79.00),Q2 (24.00 to 38.00),Q2 (12.31 to 20.12),Q1 (0.19 to 5.47)
E01002421,Hillingdon 008D,Hillingdon,Q3 (520000.00 to 683000.00),Q2 (79.00 to 114.00),Q2 (24.00 to 38.00),Q1 (2.33 to 12.31),Q1 (0.19 to 5.47)
E01002422,Hillingdon 018A,Hillingdon,Q2 (420000.00 to 520000.00),Q2 (79.00 to 114.00),Q2 (24.00 to 38.00),Q2 (12.31 to 20.12),Q1 (0.19 to 5.47)
E01002423,Hillingdon 018B,Hillingdon,Q2 (420000.00 to 520000.00),Q2 (79.00 to 114.00),Q3 (38.00 to 56.00),Q2 (12.31 to 20.12),Q1 (0.19 to 5.47)
E01002424,Hillingdon 018C,Hillingdon,Q2 (420000.00 to 520000.00),Q2 (79.00 to 114.00),Q2 (24.00 to 38.00),Q2 (12.31 to 20.12),Q1 (0.19 to 5.47)
E01002425,Hillingdon 018D,Hillingdon,Q2 (420000.00 to 520000.00),Q2 (79.00 to 114.00),Q3 (38.00 to 56.00),Q3 (20.12 to 29.24),Q1 (0.19 to 5.47)
E01002426,Hillingdon 021F,Hillingdon,Q1 (147500.00 to 420000.00),Q2 (79.00 to 114.00),Q3 (38.00 to 56.00),Q2 (12.31 to 20.12),Q2 (5.47 to 9.48)
E01002427,Hillingdon 018E,Hillingdon,Q2 (420000.00 to 520000.00),Q1 (2.00 to 79.00),Q1 (0.00 to 24.00),Q2 (12.31 to 20.12),Q2 (5.47 to 9.48)
E01002428,Hillingdon 018F,Hillingdon,Q2 (420000.00 to 520000.00),Q1 (2.00 to 79.00),Q2 (24.00 to 38.00),Q1 (2.33 to 12.31),Q1 (0.19 to 5.47)
E01002429,Hillingdon 019C,Hillingdon,Q2 (420000.00 to 520000.00),Q2 (79.00 to 114.00),Q3 (38.00 to 56.00),Q4 (29.24 to 59.01),Q1 (0.19 to 5.47)
E01002430,Hillingdon 007A,Hillingdon,Q4 (683000.00 to 6425000.00),Q1 (2.00 to 79.00),Q1 (0.00 to 24.00),Q1 (2.33 to 12.31),Q1 (0.19 to 5.47)
E01002431,Hillingdon 006C,Hillingdon,Q4 (683000.00 to 6425000.00),Q1 (2.00 to 79.00),Q1 (0.00 to 24.00),Q1 (2.33 to 12.31),Q2 (5.47 to 9.48)
E01002432,Hillingdon 006D,Hillingdon,Q2 (420000.00 to 520000.00),Q3 (114.00 to 173.00),Q2 (24.00 to 38.00),Q1 (2.33 to 12.31),Q2 (5.47 to 9.48)
E01002433,Hillingdon 004A,Hillingdon,Q3 (520000.00 to 683000.00),Q3 (114.00 to 173.00),Q3 (38.00 to 56.00),Q2 (12.31 to 20.12),Q1 (0.19 to 5.47)
E01002434,Hillingdon 007B,Hillingdon,Q4 (683000.00 to 6425000.00),Q1 (2.00 to 79.00),Q1 (0.00 to 24.00),Q1 (2.33 to 12.31),Q1 (0.19 to 5.47)
E01002435,Hillingdon 007C,Hillingdon,Q4 (683000.00 to 6425000.00),Q1 (2.00 to 79.00),Q1 (0.00 to 24.00),Q1 (2.33 to 12.31),Q2 (5.47 to 9.48)
E01002436,Hillingdon 004B,Hillingdon,Q3 (520000.00 to 683000.00),Q3 (114.00 to 173.00),Q3 (38.00 to 56.00),Q1 (2.33 to 12.31),Q1 (0.19 to 5.47)
E01002437,Hillingdon 006E,Hillingdon,Q4 (683000.00 to 6425000.00),Q1 (2.00 to 79.00),Q1 (0.00 to 24.00),Q1 (2.33 to 12.31),Q1 (0.19 to 5.47)
E01002438,Hillingdon 003A,Hillingdon,Q4 (683000.00 to 6425000.00),Q1 (2.00 to 79.00),Q1 (0.00 to 24.00),Q2 (12.31 to 20.12),Q1 (0.19 to 5.47)
E01002439,Hillingdon 003B,Hillingdon,Q1 (147500.00 to 420000.00),Q2 (79.00 to 114.00),Q3 (38.00 to 56.00),Q2 (12.31 to 20.12),Q1 (0.19 to 5.47)
E01002440,Hillingdon 003C,Hillingdon,Q2 (420000.00 to 520000.00),Q1 (2.00 to 79.00),Q2 (24.00 to 38.00),Q3 (20.12 to 29.24),Q1 (0.19 to 5.47)
E01002441,Hillingdon 003D,Hillingdon,Q1 (147500.00 to 420000.00),Q2 (79.00 to 114.00),Q3 (38.00 to 56.00),Q3 (20.12 to 29.24),Q1 (0.19 to 5.47)
E01002442,Hillingdon 003E,Hillingdon,Q2 (420000.00 to 520000.00),Q1 (2.00 to 79.00),Q2 (24.00 to 38.00),Q3 (20.12 to 29.24),Q1 (0.19 to 5.47)
E01002443,Hillingdon 032A,Hillingdon,Q2 (420000.00 to 520000.00),Q4 (173.00 to 9206.00),Q4 (56.00 to 1283.00),Q2 (12.31 to 20.12),Q1 (0.19 to 5.47)
E01002444,Hillingdon 031A,Hillingdon,Q2 (420000.00 to 520000.00),Q4 (173.00 to 9206.00),Q4 (56.00 to 1283.00),Q3 (20.12 to 29.24),Q1 (0.19 to 5.47)
E01002445,Hillingdon 029A,Hillingdon,Q1 (147500.00 to 420000.00),Q3 (114.00 to 173.00),Q4 (56.00 to 1283.00),Q4 (29.24 to 59.01),Q1 (0.19 to 5.47)
E01002446,Hillingdon 031B,Hillingdon,Q1 (147500.00 to 420000.00),Q4 (173.00 to 9206.00),Q4 (56.00 to 1283.00),Q3 (20.12 to 29.24),Q1 (0.19 to 5.47)
E01002447,Hillingdon 031C,Hillingdon,Q1 (147500.00 to 420000.00),Q4 (173.00 to 9206.00),Q4 (56.00 to 1283.00),Q3 (20.12 to 29.24),Q1 (0.19 to 5.47)
E01002448,Hillingdon 032B,Hillingdon,Q1 (147500.00 to 420000.00),Q4 (173.00 to 9206.00),Q4 (56.00 to 1283.00),Q2 (12.31 to 20.12),Q2 (5.47 to 9.48)
E01002449,Hillingdon 032C,Hillingdon,Q1 (147500.00 to 420000.00),Q4 (173.00 to 9206.00),Q4 (56.00 to 1283.00),Q3 (20.12 to 29.24),Q2 (5.47 to 9.48)
E01002450,Hillingdon 014A,Hillingdon,Q2 (420000.00 to 520000.00),Q1 (2.00 to 79.00),Q1 (0.00 to 24.00),Q1 (2.33 to 12.31),Q1 (0.19 to 5.47)
E01002451,Hillingdon 014B,Hillingdon,Q3 (520000.00 to 683000.00),Q1 (2.00 to 79.00),Q1 (0.00 to 24.00),Q1 (2.33 to 12.31),Q1 (0.19 to 5.47)
E01002452,Hillingdon 014C,Hillingdon,Q3 (520000.00 to 683000.00),Q1 (2.00 to 79.00),Q1 (0.00 to 24.00),Q1 (2.33 to 12.31),Q2 (5.47 to 9.48)
E01002453,Hillingdon 014D,Hillingdon,Q3 (520000.00 to 683000.00),Q1 (2.00 to 79.00),Q1 (0.00 to 24.00),Q1 (2.33 to 12.31),Q1 (0.19 to 5.47)
E01002454,Hillingdon 014E,Hillingdon,Q2 (420000.00 to 520000.00),Q2 (79.00 to 114.00),Q3 (38.00 to 56.00),Q2 (12.31 to 20.12),Q1 (0.19 to 5.47)
E01002455,Hillingdon 019D,Hillingdon,Q2 (420000.00 to 520000.00),Q2 (79.00 to 114.00),Q2 (24.00 to 38.00),Q3 (20.12 to 29.24),Q1 (0.19 to 5.47)
E01002456,Hillingdon 017C,Hillingdon,Q2 (420000.00 to 520000.00),Q4 (173.00 to 9206.00),Q3 (38.00 to 56.00),Q2 (12.31 to 20.12),Q1 (0.19 to 5.47)
E01002457,Hillingdon 019E,Hillingdon,Q1 (147500.00 to 420000.00),Q2 (79.00 to 114.00),Q3 (38.00 to 56.00),Q3 (20.12 to 29.24),Q1 (0.19 to 5.47)
E01002458,Hillingdon 011A,Hillingdon,Q4 (683000.00 to 6425000.00),Q1 (2.00 to 79.00),Q1 (0.00 to 24.00),Q1 (2.33 to 12.31),Q1 (0.19 to 5.47)
E01002459,Hillingdon 011B,Hillingdon,Q4 (683000.00 to 6425000.00),Q1 (2.00 to 79.00),Q1 (0.00 to 24.00),Q1 (2.33 to 12.31),Q1 (0.19 to 5.47)
E01002460,Hillingdon 011C,Hillingdon,Q3 (520000.00 to 683000.00),Q2 (79.00 to 114.00),Q2 (24.00 to 38.00),Q1 (2.33 to 12.31),Q2 (5.47 to 9.48)
E01002461,Hillingdon 013A,Hillingdon,Q4 (683000.00 to 6425000.00),Q1 (2.00 to 79.00),Q2 (24.00 to 38.00),Q1 (2.33 to 12.31),Q1 (0.19 to 5.47)
E01002462,Hillingdon 011D,Hillingdon,Q4 (683000.00 to 6425000.00),Q1 (2.00 to 79.00),Q1 (0.00 to 24.00),Q1 (2.33 to 12.31),Q1 (0.19 to 5.47)
E01002463,Hillingdon 013B,Hillingdon,Q4 (683000.00 to 6425000.00),Q1 (2.00 to 79.00),Q1 (0.00 to 24.00),Q1 (2.33 to 12.31),Q2 (5.47 to 9.48)
E01002464,Hillingdon 011E,Hillingdon,Q3 (520000.00 to 683000.00),Q1 (2.00 to 79.00),Q1 (0.00 to 24.00),Q1 (2.33 to 12.31),Q1 (0.19 to 5.47)
E01002465,Hillingdon 009A,Hillingdon,Q3 (520000.00 to 683000.00),Q1 (2.00 to 79.00),Q1 (0.00 to 24.00),Q1 (2.33 to 12.31),Q2 (5.47 to 9.48)
E01002466,Hillingdon 010B,Hillingdon,Q3 (520000.00 to 683000.00),Q1 (2.00 to 79.00),Q1 (0.00 to 24.00),Q1 (2.33 to 12.31),Q1 (0.19 to 5.47)
E01002467,Hillingdon 009B,Hillingdon,Q3 (520000.00 to 683000.00),Q1 (2.00 to 79.00),Q2 (24.00 to 38.00),Q1 (2.33 to 12.31),Q2 (5.47 to 9.48)
E01002468,Hillingdon 010C,Hillingdon,Q3 (520000.00 to 683000.00),Q1 (2.00 to 79.00),Q1 (0.00 to 24.00),Q1 (2.33 to 12.31),Q2 (5.47 to 9.48)
E01002469,Hillingdon 010D,Hillingdon,Q3 (520000.00 to 683000.00),Q1 (2.00 to 79.00),Q1 (0.00 to 24.00),Q1 (2.33 to 12.31),Q3 (9.48 to 16.97)
E01002470,Hillingdon 007D,Hillingdon,Q3 (520000.00 to 683000.00),Q3 (114.00 to 173.00),Q3 (38.00 to 56.00),Q1 (2.33 to 12.31),Q3 (9.48 to 16.97)
E01002471,Hillingdon 008E,Hillingdon,Q3 (520000.00 to 683000.00),Q1 (2.00 to 79.00),Q1 (0.00 to 24.00),Q1 (2.33 to 12.31),Q3 (9.48 to 16.97)
E01002472,Hillingdon 002A,Hillingdon,Q2 (420000.00 to 520000.00),Q3 (114.00 to 173.00),Q2 (24.00 to 38.00),Q1 (2.33 to 12.31),Q2 (5.47 to 9.48)
E01002473,Hillingdon 001A,Hillingdon,Q4 (683000.00 to 6425000.00),Q2 (79.00 to 114.00),Q1 (0.00 to 24.00),Q2 (12.31 to 20.12),Q1 (0.19 to 5.47)
E01002474,Hillingdon 002B,Hillingdon,Q4 (683000.00 to 6425000.00),Q1 (2.00 to 79.00),Q1 (0.00 to 24.00),Q1 (2.33 to 12.31),Q1 (0.19 to 5.47)
E01002475,Hillingdon 001B,Hillingdon,Q3 (520000.00 to 683000.00),Q2 (79.00 to 114.00),Q3 (38.00 to 56.00),Q2 (12.31 to 20.12),Q1 (0.19 to 5.47)
E01002476,Hillingdon 001C,Hillingdon,Q4 (683000.00 to 6425000.00),Q1 (2.00 to 79.00),Q1 (0.00 to 24.00),Q1 (2.33 to 12.31),Q1 (0.19 to 5.47)
E01002477,Hillingdon 001D,Hillingdon,Q2 (420000.00 to 520000.00),Q1 (2.00 to 79.00),Q1 (0.00 to 24.00),Q1 (2.33 to 12.31),Q1 (0.19 to 5.47)
E01002478,Hillingdon 002C,Hillingdon,Q4 (683000.00 to 6425000.00),Q1 (2.00 to 79.00),Q1 (0.00 to 24.00),Q1 (2.33 to 12.31),Q2 (5.47 to 9.48)
E01002479,Hillingdon 004C,Hillingdon,Q3 (520000.00 to 683000.00),Q2 (79.00 to 114.00),Q3 (38.00 to 56.00),Q2 (12.31 to 20.12),Q1 (0.19 to 5.47)
E01002480,Hillingdon 004D,Hillingdon,Q4 (683000.00 to 6425000.00),Q1 (2.00 to 79.00),Q1 (0.00 to 24.00),Q1 (2.33 to 12.31),Q1 (0.19 to 5.47)
E01002481,Hillingdon 004E,Hillingdon,Q2 (420000.00 to 520000.00),Q2 (79.00 to 114.00),Q2 (24.00 to 38.00),Q2 (12.31 to 20.12),Q1 (0.19 to 5.47)
E01002482,Hillingdon 001E,Hillingdon,Q4 (683000.00 to 6425000.00),Q1 (2.00 to 79.00),Q1 (0.00 to 24.00),Q1 (2.33 to 12.31),Q1 (0.19 to 5.47)
E01002483,Hillingdon 002D,Hillingdon,Q3 (520000.00 to 683000.00),Q3 (114.00 to 173.00),Q3 (38.00 to 56.00),Q1 (2.33 to 12.31),Q2 (5.47 to 9.48)
E01002484,Hillingdon 002E,Hillingdon,Q3 (520000.00 to 683000.00),Q1 (2.00 to 79.00),Q2 (24.00 to 38.00),Q3 (20.12 to 29.24),Q2 (5.47 to 9.48)
E01002485,Hillingdon 002F,Hillingdon,Q2 (420000.00 to 520000.00),Q4 (173.00 to 9206.00),Q3 (38.00 to 56.00),Q2 (12.31 to 20.12),Q2 (5.47 to 9.48)
E01002486,Hillingdon 028A,Hillingdon,Q2 (420000.00 to 520000.00),Q4 (173.00 to 9206.00),Q3 (38.00 to 56.00),Q3 (20.12 to 29.24),Q1 (0.19 to 5.47)
E01002487,Hillingdon 028B,Hillingdon,Q2 (420000.00 to 520000.00),Q2 (79.00 to 114.00),Q3 (38.00 to 56.00),Q3 (20.12 to 29.24),Q1 (0.19 to 5.47)
E01002488,Hillingdon 030B,Hillingdon,Q2 (420000.00 to 520000.00),Q2 (79.00 to 114.00),Q3 (38.00 to 56.00),Q2 (12.31 to 20.12),Q1 (0.19 to 5.47)
E01002489,Hillingdon 030C,Hillingdon,Q2 (420000.00 to 520000.00),Q4 (173.00 to 9206.00),Q4 (56.00 to 1283.00),Q2 (12.31 to 20.12),Q4 (16.97 to 121.89)
E01002490,Hillingdon 030D,Hillingdon,Q2 (420000.00 to 520000.00),Q3 (114.00 to 173.00),Q3 (38.00 to 56.00),Q3 (20.12 to 29.24),Q2 (5.47 to 9.48)
E01002491,Hillingdon 032D,Hillingdon,Q2 (420000.00 to 520000.00),Q1 (2.00 to 79.00),Q2 (24.00 to 38.00),Q3 (20.12 to 29.24),Q1 (0.19 to 5.47)
E01002492,Hillingdon 030E,Hillingdon,Q2 (420000.00 to 520000.00),Q2 (79.00 to 114.00),Q2 (24.00 to 38.00),Q3 (20.12 to 29.24),Q1 (0.19 to 5.47)
E01002493,Hillingdon 032E,Hillingdon,Q1 (147500.00 to 420000.00),Q2 (79.00 to 114.00),Q4 (56.00 to 1283.00),Q4 (29.24 to 59.01),Q1 (0.19 to 5.47)
E01002494,Hillingdon 009C,Hillingdon,Q3 (520000.00 to 683000.00),Q2 (79.00 to 114.00),Q2 (24.00 to 38.00),Q1 (2.33 to 12.31),Q1 (0.19 to 5.47)
E01002495,Hillingdon 010E,Hillingdon,Q3 (520000.00 to 683000.00),Q2 (79.00 to 114.00),Q2 (24.00 to 38.00),Q1 (2.33 to 12.31),Q2 (5.47 to 9.48)
E01002496,Hillingdon 033A,Hillingdon,Q1 (147500.00 to 420000.00),Q4 (173.00 to 9206.00),Q3 (38.00 to 56.00),Q2 (12.31 to 20.12),Q1 (0.19 to 5.47)
E01002497,Hillingdon 033B,Hillingdon,Q1 (147500.00 to 420000.00),Q4 (173.00 to 9206.00),Q4 (56.00 to 1283.00),Q2 (12.31 to 20.12),Q2 (5.47 to 9.48)
E01002498,Hillingdon 033C,Hillingdon,Q3 (520000.00 to 683000.00),Q1 (2.00 to 79.00),Q1 (0.00 to 24.00),Q1 (2.33 to 12.31),Q2 (5.47 to 9.48)
E01002499,Hillingdon 033D,Hillingdon,Q2 (420000.00 to 520000.00),Q2 (79.00 to 114.00),Q2 (24.00 to 38.00),Q2 (12.31 to 20.12),Q1 (0.19 to 5.47)
E01002501,Hillingdon 026B,Hillingdon,Q1 (147500.00 to 420000.00),Q1 (2.00 to 79.00),Q1 (0.00 to 24.00),Q3 (20.12 to 29.24),Q2 (5.47 to 9.48)
E01002502,Hillingdon 026C,Hillingdon,Q2 (420000.00 to 520000.00),Q2 (79.00 to 114.00),Q3 (38.00 to 56.00),Q3 (20.12 to 29.24),Q2 (5.47 to 9.48)
E01002503,Hillingdon 027C,Hillingdon,Q2 (420000.00 to 520000.00),Q3 (114.00 to 173.00),Q4 (56.00 to 1283.00),Q4 (29.24 to 59.01),Q2 (5.47 to 9.48)
E01002504,Hillingdon 027D,Hillingdon,Q2 (420000.00 to 520000.00),Q1 (2.00 to 79.00),Q2 (24.00 to 38.00),Q3 (20.12 to 29.24),Q2 (5.47 to 9.48)
E01002505,Hillingdon 026D,Hillingdon,Q1 (147500.00 to 420000.00),Q4 (173.00 to 9206.00),Q4 (56.00 to 1283.00),Q4 (29.24 to 59.01),Q2 (5.47 to 9.48)
E01002506,Hillingdon 027E,Hillingdon,Q1 (147500.00 to 420000.00),Q4 (173.00 to 9206.00),Q4 (56.00 to 1283.00),Q4 (29.24 to 59.01),Q3 (9.48 to 16.97)
E01002507,Hillingdon 027F,Hillingdon,Q3 (520000.00 to 683000.00),Q3 (114.00 to 173.00),Q3 (38.00 to 56.00),Q3 (20.12 to 29.24),Q1 (0.19 to 5.47)
E01002508,Hillingdon 026E,Hillingdon,Q2 (420000.00 to 520000.00),Q3 (114.00 to 173.00),Q3 (38.00 to 56.00),Q4 (29.24 to 59.01),Q3 (9.48 to 16.97)
E01002509,Hillingdon 017D,Hillingdon,Q4 (683000.00 to 6425000.00),Q1 (2.00 to 79.00),Q1 (0.00 to 24.00),Q1 (2.33 to 12.31),Q1 (0.19 to 5.47)
E01002511,Hillingdon 017E,Hillingdon,Q2 (420000.00 to 520000.00),Q2 (79.00 to 114.00),Q2 (24.00 to 38.00),Q3 (20.12 to 29.24),Q1 (0.19 to 5.47)
E01002512,Hillingdon 013C,Hillingdon,Q3 (520000.00 to 683000.00),Q3 (114.00 to 173.00),Q3 (38.00 to 56.00),Q1 (2.33 to 12.31),Q1 (0.19 to 5.47)
E01002513,Hillingdon 013D,Hillingdon,Q3 (520000.00 to 683000.00),Q1 (2.00 to 79.00),Q2 (24.00 to 38.00),Q1 (2.33 to 12.31),Q2 (5.47 to 9.48)
E01002514,Hillingdon 015C,Hillingdon,Q1 (147500.00 to 420000.00),Q4 (173.00 to 9206.00),Q4 (56.00 to 1283.00),Q2 (12.31 to 20.12),Q3 (9.48 to 16.97)
E01002515,Hillingdon 015D,Hillingdon,Q1 (147500.00 to 420000.00),Q1 (2.00 to 79.00),Q2 (24.00 to 38.00),Q3 (20.12 to 29.24),Q2 (5.47 to 9.48)
E01002516,Hillingdon 013E,Hillingdon,Q4 (683000.00 to 6425000.00),Q1 (2.00 to 79.00),Q1 (0.00 to 24.00),Q1 (2.33 to 12.31),Q1 (0.19 to 5.47)
E01002518,Hillingdon 022C,Hillingdon,Q3 (520000.00 to 683000.00),Q2 (79.00 to 114.00),Q3 (38.00 to 56.00),Q1 (2.33 to 12.31),Q1 (0.19 to 5.47)
E01002519,Hillingdon 022D,Hillingdon,Q1 (147500.00 to 420000.00),Q3 (114.00 to 173.00),Q3 (38.00 to 56.00),Q4 (29.24 to 59.01),Q1 (0.19 to 5.47)
E01002520,Hillingdon 016B,Hillingdon,Q1 (147500.00 to 420000.00),Q4 (173.00 to 9206.00),Q4 (56.00 to 1283.00),Q2 (12.31 to 20.12),Q1 (0.19 to 5.47)
E01002521,Hillingdon 016C,Hillingdon,Q1 (147500.00 to 420000.00),Q4 (173.00 to 9206.00),Q4 (56.00 to 1283.00),Q3 (20.12 to 29.24),Q3 (9.48 to 16.97)
E01002523,Hillingdon 016D,Hillingdon,Q2 (420000.00 to 520000.00),Q2 (79.00 to 114.00),Q2 (24.00 to 38.00),Q2 (12.31 to 20.12),Q2 (5.47 to 9.48)
E01002525,Hillingdon 029B,Hillingdon,Q2 (420000.00 to 520000.00),Q3 (114.00 to 173.00),Q3 (38.00 to 56.00),Q2 (12.31 to 20.12),Q2 (5.47 to 9.48)
E01002526,Hillingdon 028C,Hillingdon,Q1 (147500.00 to 420000.00),Q4 (173.00 to 9206.00),Q4 (56.00 to 1283.00),Q3 (20.12 to 29.24),Q1 (0.19 to 5.47)
E01002527,Hillingdon 031D,Hillingdon,Q1 (147500.00 to 420000.00),Q3 (114.00 to 173.00),Q3 (38.00 to 56.00),Q3 (20.12 to 29.24),Q1 (0.19 to 5.47)
E01002528,Hillingdon 028D,Hillingdon,Q2 (420000.00 to 520000.00),Q3 (114.00 to 173.00),Q4 (56.00 to 1283.00),Q4 (29.24 to 59.01),Q1 (0.19 to 5.47)
E01002529,Hillingdon 029C,Hillingdon,Q1 (147500.00 to 420000.00),Q4 (173.00 to 9206.00),Q4 (56.00 to 1283.00),Q3 (20.12 to 29.24),Q3 (9.48 to 16.97)
E01002530,Hillingdon 029D,Hillingdon,Q2 (420000.00 to 520000.00),Q3 (114.00 to 173.00),Q3 (38.00 to 56.00),Q4 (29.24 to 59.01),Q1 (0.19 to 5.47)
E01002531,Hillingdon 029E,Hillingdon,Q3 (520000.00 to 683000.00),Q3 (114.00 to 173.00),Q3 (38.00 to 56.00),Q2 (12.31 to 20.12),Q2 (5.47 to 9.48)
E01002532,Hillingdon 028E,Hillingdon,Q1 (147500.00 to 420000.00),Q2 (79.00 to 114.00),Q3 (38.00 to 56.00),Q3 (20.12 to 29.24),Q1 (0.19 to 5.47)
E01002533,Hillingdon 005A,Hillingdon,Q2 (420000.00 to 520000.00),Q1 (2.00 to 79.00),Q1 (0.00 to 24.00),Q2 (12.31 to 20.12),Q1 (0.19 to 5.47)
E01002534,Hillingdon 005B,Hillingdon,Q4 (683000.00 to 6425000.00),Q1 (2.00 to 79.00),Q1 (0.00 to 24.00),Q1 (2.33 to 12.31),Q2 (5.47 to 9.48)
E01002535,Hillingdon 007E,Hillingdon,Q2 (420000.00 to 520000.00),Q4 (173.00 to 9206.00),Q4 (56.00 to 1283.00),Q1 (2.33 to 12.31),Q3 (9.48 to 16.97)
E01002536,Hillingdon 009D,Hillingdon,Q1 (147500.00 to 420000.00),Q1 (2.00 to 79.00),Q1 (0.00 to 24.00),Q1 (2.33 to 12.31),Q2 (5.47 to 9.48)
E01002537,Hillingdon 009E,Hillingdon,Q1 (147500.00 to 420000.00),Q1 (2.00 to 79.00),Q1 (0.00 to 24.00),Q1 (2.33 to 12.31),Q2 (5.47 to 9.48)
E01002538,Hillingdon 005C,Hillingdon,Q1 (147500.00 to 420000.00),Q3 (114.00 to 173.00),Q3 (38.00 to 56.00),Q1 (2.33 to 12.31),Q1 (0.19 to 5.47)
E01002539,Hillingdon 005D,Hillingdon,Q4 (683000.00 to 6425000.00),Q1 (2.00 to 79.00),Q1 (0.00 to 24.00),Q1 (2.33 to 12.31),Q1 (0.19 to 5.47)
E01002540,Hillingdon 020C,Hillingdon,Q1 (147500.00 to 420000.00),Q4 (173.00 to 9206.00),Q4 (56.00 to 1283.00),Q3 (20.12 to 29.24),Q1 (0.19 to 5.47)
E01002541,Hillingdon 023A,Hillingdon,Q1 (147500.00 to 420000.00),Q2 (79.00 to 114.00),Q3 (38.00 to 56.00),Q2 (12.31 to 20.12),Q1 (0.19 to 5.47)
E01002542,Hillingdon 020D,Hillingdon,Q1 (147500.00 to 420000.00),Q4 (173.00 to 9206.00),Q4 (56.00 to 1283.00),Q4 (29.24 to 59.01),Q1 (0.19 to 5.47)
E01002543,Hillingdon 020E,Hillingdon,Q1 (147500.00 to 420000.00),Q2 (79.00 to 114.00),Q3 (38.00 to 56.00),Q4 (29.24 to 59.01),Q1 (0.19 to 5.47)
E01002544,Hillingdon 023B,Hillingdon,Q1 (147500.00 to 420000.00),Q4 (173.00 to 9206.00),Q2 (24.00 to 38.00),Q2 (12.31 to 20.12),Q1 (0.19 to 5.47)
E01002546,Hillingdon 023D,Hillingdon,Q2 (420000.00 to 520000.00),Q1 (2.00 to 79.00),Q2 (24.00 to 38.00),Q2 (12.31 to 20.12),Q1 (0.19 to 5.47)
E01002547,Hillingdon 023E,Hillingdon,Q1 (147500.00 to 420000.00),Q2 (79.00 to 114.00),Q3 (38.00 to 56.00),Q3 (20.12 to 29.24),Q1 (0.19 to 5.47)
E01002548,Hillingdon 025A,Hillingdon,Q2 (420000.00 to 520000.00),Q3 (114.00 to 173.00),Q3 (38.00 to 56.00),Q4 (29.24 to 59.01),Q1 (0.19 to 5.47)
E01002549,Hillingdon 025B,Hillingdon,Q2 (420000.00 to 520000.00),Q2 (79.00 to 114.00),Q3 (38.00 to 56.00),Q3 (20.12 to 29.24),Q1 (0.19 to 5.47)
E01002550,Hillingdon 022E,Hillingdon,Q1 (147500.00 to 420000.00),Q2 (79.00 to 114.00),Q3 (38.00 to 56.00),Q4 (29.24 to 59.01),Q1 (0.19 to 5.47)
E01002551,Hillingdon 025C,Hillingdon,Q2 (420000.00 to 520000.00),Q3 (114.00 to 173.00),Q4 (56.00 to 1283.00),Q3 (20.12 to 29.24),Q2 (5.47 to 9.48)
E01002552,Hillingdon 025D,Hillingdon,Q2 (420000.00 to 520000.00),Q3 (114.00 to 173.00),Q3 (38.00 to 56.00),Q4 (29.24 to 59.01),Q2 (5.47 to 9.48)
E01002553,Hillingdon 025E,Hillingdon,Q2 (420000.00 to 520000.00),Q3 (114.00 to 173.00),Q3 (38.00 to 56.00),Q4 (29.24 to 59.01),Q1 (0.19 to 5.47)
E01002554,Hillingdon 022F,Hillingdon,Q1 (147500.00 to 420000.00),Q4 (173.00 to 9206.00),Q4 (56.00 to 1283.00),Q3 (20.12 to 29.24),Q1 (0.19 to 5.47)
E01002555,Hounslow 022A,Hounslow,Q1 (147500.00 to 420000.00),Q2 (79.00 to 114.00),Q3 (38.00 to 56.00),Q2 (12.31 to 20.12),Q1 (0.19 to 5.47)
E01002556,Hounslow 022B,Hounslow,Q1 (147500.00 to 420000.00),Q2 (79.00 to 114.00),Q3 (38.00 to 56.00),Q2 (12.31 to 20.12),Q1 (0.19 to 5.47)
E01002557,Hounslow 023A,Hounslow,Q1 (147500.00 to 420000.00),Q3 (114.00 to 173.00),Q3 (38.00 to 56.00),Q3 (20.12 to 29.24),Q1 (0.19 to 5.47)
E01002558,Hounslow 023B,Hounslow,Q2 (420000.00 to 520000.00),Q4 (173.00 to 9206.00),Q4 (56.00 to 1283.00),Q3 (20.12 to 29.24),Q1 (0.19 to 5.47)
E01002559,Hounslow 023C,Hounslow,Q1 (147500.00 to 420000.00),Q4 (173.00 to 9206.00),Q4 (56.00 to 1283.00),Q3 (20.12 to 29.24),Q1 (0.19 to 5.47)
E01002560,Hounslow 023D,Hounslow,Q2 (420000.00 to 520000.00),Q3 (114.00 to 173.00),Q4 (56.00 to 1283.00),Q3 (20.12 to 29.24),Q1 (0.19 to 5.47)
E01002561,Hounslow 023E,Hounslow,Q1 (147500.00 to 420000.00),Q2 (79.00 to 114.00),Q2 (24.00 to 38.00),Q4 (29.24 to 59.01),Q1 (0.19 to 5.47)
E01002562,Hounslow 003A,Hounslow,Q4 (683000.00 to 6425000.00),Q4 (173.00 to 9206.00),Q3 (38.00 to 56.00),Q4 (29.24 to 59.01),Q1 (0.19 to 5.47)
E01002563,Hounslow 006A,Hounslow,Q4 (683000.00 to 6425000.00),Q2 (79.00 to 114.00),Q3 (38.00 to 56.00),Q2 (12.31 to 20.12),Q2 (5.47 to 9.48)
E01002564,Hounslow 003B,Hounslow,Q3 (520000.00 to 683000.00),Q4 (173.00 to 9206.00),Q4 (56.00 to 1283.00),Q4 (29.24 to 59.01),Q2 (5.47 to 9.48)
E01002565,Hounslow 006B,Hounslow,Q2 (420000.00 to 520000.00),Q3 (114.00 to 173.00),Q3 (38.00 to 56.00),Q2 (12.31 to 20.12),Q2 (5.47 to 9.48)
E01002566,Hounslow 003C,Hounslow,Q2 (420000.00 to 520000.00),Q1 (2.00 to 79.00),Q2 (24.00 to 38.00),Q4 (29.24 to 59.01),Q3 (9.48 to 16.97)
E01002567,Hounslow 006C,Hounslow,Q3 (520000.00 to 683000.00),Q2 (79.00 to 114.00),Q3 (38.00 to 56.00),Q3 (20.12 to 29.24),Q3 (9.48 to 16.97)
E01002568,Hounslow 003D,Hounslow,Q1 (147500.00 to 420000.00),Q3 (114.00 to 173.00),Q3 (38.00 to 56.00),Q4 (29.24 to 59.01),Q3 (9.48 to 16.97)
E01002569,Hounslow 001A,Hounslow,Q4 (683000.00 to 6425000.00),Q3 (114.00 to 173.00),Q3 (38.00 to 56.00),Q1 (2.33 to 12.31),Q2 (5.47 to 9.48)
E01002570,Hounslow 001B,Hounslow,Q4 (683000.00 to 6425000.00),Q4 (173.00 to 9206.00),Q3 (38.00 to 56.00),Q2 (12.31 to 20.12),Q4 (16.97 to 121.89)
E01002571,Hounslow 007A,Hounslow,Q4 (683000.00 to 6425000.00),Q1 (2.00 to 79.00),Q1 (0.00 to 24.00),Q1 (2.33 to 12.31),Q1 (0.19 to 5.47)
E01002572,Hounslow 007B,Hounslow,Q2 (420000.00 to 520000.00),Q4 (173.00 to 9206.00),Q4 (56.00 to 1283.00),Q4 (29.24 to 59.01),Q1 (0.19 to 5.47)
E01002573,Hounslow 001C,Hounslow,Q4 (683000.00 to 6425000.00),Q3 (114.00 to 173.00),Q3 (38.00 to 56.00),Q1 (2.33 to 12.31),Q3 (9.48 to 16.97)
E01002574,Hounslow 001D,Hounslow,Q4 (683000.00 to 6425000.00),Q3 (114.00 to 173.00),Q2 (24.00 to 38.00),Q1 (2.33 to 12.31),Q4 (16.97 to 121.89)
E01002575,Hounslow 001E,Hounslow,Q4 (683000.00 to 6425000.00),Q3 (114.00 to 173.00),Q1 (0.00 to 24.00),Q1 (2.33 to 12.31),Q3 (9.48 to 16.97)
E01002576,Hounslow 008A,Hounslow,Q4 (683000.00 to 6425000.00),Q1 (2.00 to 79.00),Q2 (24.00 to 38.00),Q3 (20.12 to 29.24),Q2 (5.47 to 9.48)
E01002577,Hounslow 007C,Hounslow,Q4 (683000.00 to 6425000.00),Q3 (114.00 to 173.00),Q2 (24.00 to 38.00),Q1 (2.33 to 12.31),Q1 (0.19 to 5.47)
E01002578,Hounslow 007D,Hounslow,Q4 (683000.00 to 6425000.00),Q3 (114.00 to 173.00),Q3 (38.00 to 56.00),Q1 (2.33 to 12.31),Q2 (5.47 to 9.48)
E01002579,Hounslow 008B,Hounslow,Q3 (520000.00 to 683000.00),Q1 (2.00 to 79.00),Q1 (0.00 to 24.00),Q1 (2.33 to 12.31),Q1 (0.19 to 5.47)
E01002580,Hounslow 008C,Hounslow,Q4 (683000.00 to 6425000.00),Q3 (114.00 to 173.00),Q3 (38.00 to 56.00),Q3 (20.12 to 29.24),Q3 (9.48 to 16.97)
E01002581,Hounslow 008D,Hounslow,Q2 (420000.00 to 520000.00),Q1 (2.00 to 79.00),Q1 (0.00 to 24.00),Q1 (2.33 to 12.31),Q2 (5.47 to 9.48)
E01002582,Hounslow 008E,Hounslow,Q4 (683000.00 to 6425000.00),Q2 (79.00 to 114.00),Q1 (0.00 to 24.00),Q1 (2.33 to 12.31),Q1 (0.19 to 5.47)
E01002583,Hounslow 013A,Hounslow,Q3 (520000.00 to 683000.00),Q3 (114.00 to 173.00),Q3 (38.00 to 56.00),Q3 (20.12 to 29.24),Q2 (5.47 to 9.48)
E01002584,Hounslow 013B,Hounslow,Q2 (420000.00 to 520000.00),Q4 (173.00 to 9206.00),Q4 (56.00 to 1283.00),Q2 (12.31 to 20.12),Q2 (5.47 to 9.48)
E01002585,Hounslow 013C,Hounslow,Q1 (147500.00 to 420000.00),Q2 (79.00 to 114.00),Q2 (24.00 to 38.00),Q3 (20.12 to 29.24),Q2 (5.47 to 9.48)
E01002586,Hounslow 013D,Hounslow,Q2 (420000.00 to 520000.00),Q2 (79.00 to 114.00),Q3 (38.00 to 56.00),Q2 (12.31 to 20.12),Q1 (0.19 to 5.47)
E01002587,Hounslow 016A,Hounslow,Q2 (420000.00 to 520000.00),Q4 (173.00 to 9206.00),Q4 (56.00 to 1283.00),Q3 (20.12 to 29.24),Q2 (5.47 to 9.48)
E01002589,Hounslow 013E,Hounslow,Q1 (147500.00 to 420000.00),Q4 (173.00 to 9206.00),Q4 (56.00 to 1283.00),Q3 (20.12 to 29.24),Q1 (0.19 to 5.47)
E01002590,Hounslow 022C,Hounslow,Q2 (420000.00 to 520000.00),Q4 (173.00 to 9206.00),Q4 (56.00 to 1283.00),Q2 (12.31 to 20.12),Q2 (5.47 to 9.48)
E01002591,Hounslow 024A,Hounslow,Q2 (420000.00 to 520000.00),Q2 (79.00 to 114.00),Q3 (38.00 to 56.00),Q3 (20.12 to 29.24),Q1 (0.19 to 5.47)
E01002592,Hounslow 022D,Hounslow,Q1 (147500.00 to 420000.00),Q4 (173.00 to 9206.00),Q4 (56.00 to 1283.00),Q3 (20.12 to 29.24),Q2 (5.47 to 9.48)
E01002593,Hounslow 024B,Hounslow,Q1 (147500.00 to 420000.00),Q4 (173.00 to 9206.00),Q4 (56.00 to 1283.00),Q3 (20.12 to 29.24),Q3 (9.48 to 16.97)
E01002594,Hounslow 024C,Hounslow,Q2 (420000.00 to 520000.00),Q3 (114.00 to 173.00),Q4 (56.00 to 1283.00),Q3 (20.12 to 29.24),Q3 (9.48 to 16.97)
E01002595,Hounslow 022E,Hounslow,Q2 (420000.00 to 520000.00),Q3 (114.00 to 173.00),Q3 (38.00 to 56.00),Q3 (20.12 to 29.24),Q2 (5.47 to 9.48)
E01002596,Hounslow 027A,Hounslow,Q1 (147500.00 to 420000.00),Q4 (173.00 to 9206.00),Q4 (56.00 to 1283.00),Q3 (20.12 to 29.24),Q1 (0.19 to 5.47)
E01002598,Hounslow 025B,Hounslow,Q2 (420000.00 to 520000.00),Q4 (173.00 to 9206.00),Q4 (56.00 to 1283.00),Q3 (20.12 to 29.24),Q2 (5.47 to 9.48)
E01002599,Hounslow 025C,Hounslow,Q1 (147500.00 to 420000.00),Q2 (79.00 to 114.00),Q2 (24.00 to 38.00),Q3 (20.12 to 29.24),Q1 (0.19 to 5.47)
E01002600,Hounslow 025D,Hounslow,Q1 (147500.00 to 420000.00),Q1 (2.00 to 79.00),Q2 (24.00 to 38.00),Q3 (20.12 to 29.24),Q1 (0.19 to 5.47)
E01002601,Hounslow 027B,Hounslow,Q1 (147500.00 to 420000.00),Q2 (79.00 to 114.00),Q2 (24.00 to 38.00),Q2 (12.31 to 20.12),Q1 (0.19 to 5.47)
E01002602,Hounslow 027C,Hounslow,Q1 (147500.00 to 420000.00),Q1 (2.00 to 79.00),Q3 (38.00 to 56.00),Q2 (12.31 to 20.12),Q1 (0.19 to 5.47)
E01002603,Hounslow 025E,Hounslow,Q2 (420000.00 to 520000.00),Q3 (114.00 to 173.00),Q4 (56.00 to 1283.00),Q3 (20.12 to 29.24),Q1 (0.19 to 5.47)
E01002604,Hounslow 026A,Hounslow,Q1 (147500.00 to 420000.00),Q3 (114.00 to 173.00),Q4 (56.00 to 1283.00),Q4 (29.24 to 59.01),Q1 (0.19 to 5.47)
E01002605,Hounslow 026B,Hounslow,Q1 (147500.00 to 420000.00),Q4 (173.00 to 9206.00),Q4 (56.00 to 1283.00),Q4 (29.24 to 59.01),Q2 (5.47 to 9.48)
E01002606,Hounslow 026C,Hounslow,Q1 (147500.00 to 420000.00),Q2 (79.00 to 114.00),Q3 (38.00 to 56.00),Q4 (29.24 to 59.01),Q1 (0.19 to 5.47)
E01002607,Hounslow 026D,Hounslow,Q1 (147500.00 to 420000.00),Q4 (173.00 to 9206.00),Q4 (56.00 to 1283.00),Q3 (20.12 to 29.24),Q2 (5.47 to 9.48)
E01002608,Hounslow 028A,Hounslow,Q2 (420000.00 to 520000.00),Q4 (173.00 to 9206.00),Q4 (56.00 to 1283.00),Q4 (29.24 to 59.01),Q2 (5.47 to 9.48)
E01002609,Hounslow 028B,Hounslow,Q2 (420000.00 to 520000.00),Q2 (79.00 to 114.00),Q3 (38.00 to 56.00),Q2 (12.31 to 20.12),Q2 (5.47 to 9.48)
E01002610,Hounslow 028C,Hounslow,Q2 (420000.00 to 520000.00),Q3 (114.00 to 173.00),Q4 (56.00 to 1283.00),Q3 (20.12 to 29.24),Q1 (0.19 to 5.47)
E01002611,Hounslow 024D,Hounslow,Q2 (420000.00 to 520000.00),Q4 (173.00 to 9206.00),Q4 (56.00 to 1283.00),Q3 (20.12 to 29.24),Q1 (0.19 to 5.47)
E01002612,Hounslow 024E,Hounslow,Q2 (420000.00 to 520000.00),Q4 (173.00 to 9206.00),Q4 (56.00 to 1283.00),Q3 (20.12 to 29.24),Q3 (9.48 to 16.97)
E01002613,Hounslow 024F,Hounslow,Q2 (420000.00 to 520000.00),Q2 (79.00 to 114.00),Q3 (38.00 to 56.00),Q2 (12.31 to 20.12),Q2 (5.47 to 9.48)
E01002614,Hounslow 027D,Hounslow,Q1 (147500.00 to 420000.00),Q4 (173.00 to 9206.00),Q4 (56.00 to 1283.00),Q2 (12.31 to 20.12),Q1 (0.19 to 5.47)
E01002615,Hounslow 026E,Hounslow,Q1 (147500.00 to 420000.00),Q4 (173.00 to 9206.00),Q4 (56.00 to 1283.00),Q4 (29.24 to 59.01),Q1 (0.19 to 5.47)
E01002616,Hounslow 027E,Hounslow,Q2 (420000.00 to 520000.00),Q2 (79.00 to 114.00),Q2 (24.00 to 38.00),Q2 (12.31 to 20.12),Q1 (0.19 to 5.47)
E01002617,Hounslow 028D,Hounslow,Q2 (420000.00 to 520000.00),Q1 (2.00 to 79.00),Q1 (0.00 to 24.00),Q2 (12.31 to 20.12),Q1 (0.19 to 5.47)
E01002618,Hounslow 011A,Hounslow,Q3 (520000.00 to 683000.00),Q1 (2.00 to 79.00),Q1 (0.00 to 24.00),Q2 (12.31 to 20.12),Q1 (0.19 to 5.47)
E01002619,Hounslow 010A,Hounslow,Q3 (520000.00 to 683000.00),Q2 (79.00 to 114.00),Q2 (24.00 to 38.00),Q2 (12.31 to 20.12),Q2 (5.47 to 9.48)
E01002620,Hounslow 004A,Hounslow,Q1 (147500.00 to 420000.00),Q4 (173.00 to 9206.00),Q4 (56.00 to 1283.00),Q3 (20.12 to 29.24),Q2 (5.47 to 9.48)
E01002621,Hounslow 011B,Hounslow,Q2 (420000.00 to 520000.00),Q3 (114.00 to 173.00),Q3 (38.00 to 56.00),Q2 (12.31 to 20.12),Q1 (0.19 to 5.47)
E01002622,Hounslow 010B,Hounslow,Q3 (520000.00 to 683000.00),Q2 (79.00 to 114.00),Q2 (24.00 to 38.00),Q3 (20.12 to 29.24),Q3 (9.48 to 16.97)
E01002623,Hounslow 011C,Hounslow,Q2 (420000.00 to 520000.00),Q2 (79.00 to 114.00),Q3 (38.00 to 56.00),Q3 (20.12 to 29.24),Q3 (9.48 to 16.97)
E01002624,Hounslow 017A,Hounslow,Q1 (147500.00 to 420000.00),Q4 (173.00 to 9206.00),Q4 (56.00 to 1283.00),Q3 (20.12 to 29.24),Q3 (9.48 to 16.97)
E01002625,Hounslow 004B,Hounslow,Q3 (520000.00 to 683000.00),Q2 (79.00 to 114.00),Q2 (24.00 to 38.00),Q2 (12.31 to 20.12),Q1 (0.19 to 5.47)
E01002626,Hounslow 004C,Hounslow,Q3 (520000.00 to 683000.00),Q3 (114.00 to 173.00),Q2 (24.00 to 38.00),Q2 (12.31 to 20.12),Q1 (0.19 to 5.47)
E01002627,Hounslow 004D,Hounslow,Q1 (147500.00 to 420000.00),Q2 (79.00 to 114.00),Q3 (38.00 to 56.00),Q3 (20.12 to 29.24),Q1 (0.19 to 5.47)
E01002628,Hounslow 011D,Hounslow,Q4 (683000.00 to 6425000.00),Q2 (79.00 to 114.00),Q3 (38.00 to 56.00),Q2 (12.31 to 20.12),Q1 (0.19 to 5.47)
E01002629,Hounslow 011E,Hounslow,Q4 (683000.00 to 6425000.00),Q3 (114.00 to 173.00),Q3 (38.00 to 56.00),Q3 (20.12 to 29.24),Q2 (5.47 to 9.48)
E01002630,Hounslow 012A,Hounslow,Q1 (147500.00 to 420000.00),Q3 (114.00 to 173.00),Q3 (38.00 to 56.00),Q2 (12.31 to 20.12),Q3 (9.48 to 16.97)
E01002631,Hounslow 004E,Hounslow,Q1 (147500.00 to 420000.00),Q2 (79.00 to 114.00),Q3 (38.00 to 56.00),Q3 (20.12 to 29.24),Q1 (0.19 to 5.47)
E01002632,Hounslow 010C,Hounslow,Q1 (147500.00 to 420000.00),Q4 (173.00 to 9206.00),Q3 (38.00 to 56.00),Q2 (12.31 to 20.12),Q1 (0.19 to 5.47)
E01002633,Hounslow 005A,Hounslow,Q1 (147500.00 to 420000.00),Q4 (173.00 to 9206.00),Q4 (56.00 to 1283.00),Q4 (29.24 to 59.01),Q1 (0.19 to 5.47)
E01002634,Hounslow 005B,Hounslow,Q1 (147500.00 to 420000.00),Q3 (114.00 to 173.00),Q3 (38.00 to 56.00),Q4 (29.24 to 59.01),Q1 (0.19 to 5.47)
E01002635,Hounslow 010D,Hounslow,Q3 (520000.00 to 683000.00),Q3 (114.00 to 173.00),Q3 (38.00 to 56.00),Q3 (20.12 to 29.24),Q1 (0.19 to 5.47)
E01002636,Hounslow 010E,Hounslow,Q2 (420000.00 to 520000.00),Q2 (79.00 to 114.00),Q3 (38.00 to 56.00),Q2 (12.31 to 20.12),Q1 (0.19 to 5.47)
E01002637,Hounslow 005C,Hounslow,Q1 (147500.00 to 420000.00),Q4 (173.00 to 9206.00),Q4 (56.00 to 1283.00),Q4 (29.24 to 59.01),Q1 (0.19 to 5.47)
E01002638,Hounslow 005D,Hounslow,Q2 (420000.00 to 520000.00),Q3 (114.00 to 173.00),Q3 (38.00 to 56.00),Q4 (29.24 to 59.01),Q1 (0.19 to 5.47)
E01002639,Hounslow 012B,Hounslow,Q2 (420000.00 to 520000.00),Q2 (79.00 to 114.00),Q3 (38.00 to 56.00),Q2 (12.31 to 20.12),Q3 (9.48 to 16.97)
E01002640,Hounslow 012C,Hounslow,Q2 (420000.00 to 520000.00),Q3 (114.00 to 173.00),Q3 (38.00 to 56.00),Q2 (12.31 to 20.12),Q4 (16.97 to 121.89)
E01002641,Hounslow 018A,Hounslow,Q1 (147500.00 to 420000.00),Q4 (173.00 to 9206.00),Q4 (56.00 to 1283.00),Q3 (20.12 to 29.24),Q4 (16.97 to 121.89)
E01002642,Hounslow 015A,Hounslow,Q1 (147500.00 to 420000.00),Q4 (173.00 to 9206.00),Q4 (56.00 to 1283.00),Q3 (20.12 to 29.24),Q4 (16.97 to 121.89)
E01002643,Hounslow 015B,Hounslow,Q1 (147500.00 to 420000.00),Q4 (173.00 to 9206.00),Q4 (56.00 to 1283.00),Q3 (20.12 to 29.24),Q3 (9.48 to 16.97)
E01002645,Hounslow 015C,Hounslow,Q2 (420000.00 to 520000.00),Q4 (173.00 to 9206.00),Q4 (56.00 to 1283.00),Q3 (20.12 to 29.24),Q4 (16.97 to 121.89)
E01002646,Hounslow 017B,Hounslow,Q2 (420000.00 to 520000.00),Q3 (114.00 to 173.00),Q4 (56.00 to 1283.00),Q4 (29.24 to 59.01),Q2 (5.47 to 9.48)
E01002647,Hounslow 021A,Hounslow,Q1 (147500.00 to 420000.00),Q2 (79.00 to 114.00),Q3 (38.00 to 56.00),Q3 (20.12 to 29.24),Q1 (0.19 to 5.47)
E01002648,Hounslow 018C,Hounslow,Q1 (147500.00 to 420000.00),Q1 (2.00 to 79.00),Q2 (24.00 to 38.00),Q2 (12.31 to 20.12),Q4 (16.97 to 121.89)
E01002649,Hounslow 018D,Hounslow,Q1 (147500.00 to 420000.00),Q4 (173.00 to 9206.00),Q4 (56.00 to 1283.00),Q3 (20.12 to 29.24),Q3 (9.48 to 16.97)
E01002650,Hounslow 021B,Hounslow,Q1 (147500.00 to 420000.00),Q4 (173.00 to 9206.00),Q4 (56.00 to 1283.00),Q3 (20.12 to 29.24),Q1 (0.19 to 5.47)
E01002651,Hounslow 021C,Hounslow,Q2 (420000.00 to 520000.00),Q2 (79.00 to 114.00),Q3 (38.00 to 56.00),Q2 (12.31 to 20.12),Q2 (5.47 to 9.48)
E01002652,Hounslow 021D,Hounslow,Q2 (420000.00 to 520000.00),Q3 (114.00 to 173.00),Q4 (56.00 to 1283.00),Q2 (12.31 to 20.12),Q1 (0.19 to 5.47)
E01002653,Hounslow 019A,Hounslow,Q3 (520000.00 to 683000.00),Q1 (2.00 to 79.00),Q1 (0.00 to 24.00),Q2 (12.31 to 20.12),Q1 (0.19 to 5.47)
E01002654,Hounslow 019B,Hounslow,Q2 (420000.00 to 520000.00),Q1 (2.00 to 79.00),Q2 (24.00 to 38.00),Q2 (12.31 to 20.12),Q1 (0.19 to 5.47)
E01002655,Hounslow 019C,Hounslow,Q3 (520000.00 to 683000.00),Q2 (79.00 to 114.00),Q2 (24.00 to 38.00),Q2 (12.31 to 20.12),Q2 (5.47 to 9.48)
E01002656,Hounslow 019D,Hounslow,Q3 (520000.00 to 683000.00),Q1 (2.00 to 79.00),Q2 (24.00 to 38.00),Q2 (12.31 to 20.12),Q1 (0.19 to 5.47)
E01002657,Hounslow 018E,Hounslow,Q3 (520000.00 to 683000.00),Q2 (79.00 to 114.00),Q1 (0.00 to 24.00),Q1 (2.33 to 12.31),Q2 (5.47 to 9.48)
E01002658,Hounslow 015D,Hounslow,Q3 (520000.00 to 683000.00),Q1 (2.00 to 79.00),Q1 (0.00 to 24.00),Q1 (2.33 to 12.31),Q2 (5.47 to 9.48)
E01002659,Hounslow 019E,Hounslow,Q3 (520000.00 to 683000.00),Q1 (2.00 to 79.00),Q3 (38.00 to 56.00),Q2 (12.31 to 20.12),Q1 (0.19 to 5.47)
E01002660,Hounslow 016C,Hounslow,Q2 (420000.00 to 520000.00),Q2 (79.00 to 114.00),Q2 (24.00 to 38.00),Q2 (12.31 to 20.12),Q3 (9.48 to 16.97)
E01002661,Hounslow 016D,Hounslow,Q2 (420000.00 to 520000.00),Q4 (173.00 to 9206.00),Q4 (56.00 to 1283.00),Q2 (12.31 to 20.12),Q3 (9.48 to 16.97)
E01002662,Hounslow 017C,Hounslow,Q1 (147500.00 to 420000.00),Q4 (173.00 to 9206.00),Q4 (56.00 to 1283.00),Q2 (12.31 to 20.12),Q4 (16.97 to 121.89)
E01002663,Hounslow 017D,Hounslow,Q1 (147500.00 to 420000.00),Q2 (79.00 to 114.00),Q2 (24.00 to 38.00),Q3 (20.12 to 29.24),Q3 (9.48 to 16.97)
E01002664,Hounslow 017E,Hounslow,Q1 (147500.00 to 420000.00),Q3 (114.00 to 173.00),Q3 (38.00 to 56.00),Q3 (20.12 to 29.24),Q4 (16.97 to 121.89)
E01002665,Hounslow 016E,Hounslow,Q2 (420000.00 to 520000.00),Q3 (114.00 to 173.00),Q3 (38.00 to 56.00),Q3 (20.12 to 29.24),Q2 (5.47 to 9.48)
E01002666,Hounslow 021E,Hounslow,Q1 (147500.00 to 420000.00),Q2 (79.00 to 114.00),Q2 (24.00 to 38.00),Q2 (12.31 to 20.12),Q2 (5.47 to 9.48)
E01002667,Hounslow 020A,Hounslow,Q3 (520000.00 to 683000.00),Q3 (114.00 to 173.00),Q3 (38.00 to 56.00),Q3 (20.12 to 29.24),Q1 (0.19 to 5.47)
E01002668,Hounslow 014A,Hounslow,Q1 (147500.00 to 420000.00),Q3 (114.00 to 173.00),Q4 (56.00 to 1283.00),Q2 (12.31 to 20.12),Q2 (5.47 to 9.48)
E01002669,Hounslow 014B,Hounslow,Q2 (420000.00 to 520000.00),Q2 (79.00 to 114.00),Q3 (38.00 to 56.00),Q4 (29.24 to 59.01),Q1 (0.19 to 5.47)
E01002670,Hounslow 020B,Hounslow,Q3 (520000.00 to 683000.00),Q2 (79.00 to 114.00),Q2 (24.00 to 38.00),Q2 (12.31 to 20.12),Q1 (0.19 to 5.47)
E01002671,Hounslow 020C,Hounslow,Q4 (683000.00 to 6425000.00),Q1 (2.00 to 79.00),Q1 (0.00 to 24.00),Q2 (12.31 to 20.12),Q1 (0.19 to 5.47)
E01002672,Hounslow 020D,Hounslow,Q1 (147500.00 to 420000.00),Q3 (114.00 to 173.00),Q3 (38.00 to 56.00),Q3 (20.12 to 29.24),Q1 (0.19 to 5.47)
E01002674,Hounslow 012D,Hounslow,Q2 (420000.00 to 520000.00),Q1 (2.00 to 79.00),Q2 (24.00 to 38.00),Q2 (12.31 to 20.12),Q2 (5.47 to 9.48)
E01002675,Hounslow 009A,Hounslow,Q3 (520000.00 to 683000.00),Q1 (2.00 to 79.00),Q2 (24.00 to 38.00),Q2 (12.31 to 20.12),Q3 (9.48 to 16.97)
E01002676,Hounslow 012E,Hounslow,Q4 (683000.00 to 6425000.00),Q3 (114.00 to 173.00),Q3 (38.00 to 56.00),Q2 (12.31 to 20.12),Q1 (0.19 to 5.47)
E01002677,Hounslow 015E,Hounslow,Q1 (147500.00 to 420000.00),Q3 (114.00 to 173.00),Q3 (38.00 to 56.00),Q2 (12.31 to 20.12),Q3 (9.48 to 16.97)
E01002678,Hounslow 009B,Hounslow,Q1 (147500.00 to 420000.00),Q4 (173.00 to 9206.00),Q4 (56.00 to 1283.00),Q1 (2.33 to 12.31),Q1 (0.19 to 5.47)
E01002679,Hounslow 009C,Hounslow,Q1 (147500.00 to 420000.00),Q3 (114.00 to 173.00),Q3 (38.00 to 56.00),Q2 (12.31 to 20.12),Q2 (5.47 to 9.48)
E01002680,Hounslow 009D,Hounslow,Q3 (520000.00 to 683000.00),Q3 (114.00 to 173.00),Q3 (38.00 to 56.00),Q2 (12.31 to 20.12),Q3 (9.48 to 16.97)
E01002681,Hounslow 014C,Hounslow,Q1 (147500.00 to 420000.00),Q4 (173.00 to 9206.00),Q4 (56.00 to 1283.00),Q3 (20.12 to 29.24),Q3 (9.48 to 16.97)
E01002682,Hounslow 014D,Hounslow,Q2 (420000.00 to 520000.00),Q3 (114.00 to 173.00),Q3 (38.00 to 56.00),Q2 (12.31 to 20.12),Q3 (9.48 to 16.97)
E01002683,Hounslow 014E,Hounslow,Q3 (520000.00 to 683000.00),Q1 (2.00 to 79.00),Q2 (24.00 to 38.00),Q1 (2.33 to 12.31),Q3 (9.48 to 16.97)
E01002684,Hounslow 006D,Hounslow,Q2 (420000.00 to 520000.00),Q3 (114.00 to 173.00),Q3 (38.00 to 56.00),Q3 (20.12 to 29.24),Q3 (9.48 to 16.97)
E01002686,Hounslow 006E,Hounslow,Q3 (520000.00 to 683000.00),Q4 (173.00 to 9206.00),Q4 (56.00 to 1283.00),Q4 (29.24 to 59.01),Q1 (0.19 to 5.47)
E01002687,Hounslow 029A,Hounslow,Q4 (683000.00 to 6425000.00),Q1 (2.00 to 79.00),Q1 (0.00 to 24.00),Q1 (2.33 to 12.31),Q3 (9.48 to 16.97)
E01002689,Hounslow 007E,Hounslow,Q4 (683000.00 to 6425000.00),Q2 (79.00 to 114.00),Q2 (24.00 to 38.00),Q2 (12.31 to 20.12),Q3 (9.48 to 16.97)
E01002690,Hounslow 007F,Hounslow,Q4 (683000.00 to 6425000.00),Q1 (2.00 to 79.00),Q1 (0.00 to 24.00),Q1 (2.33 to 12.31),Q3 (9.48 to 16.97)
E01002691,Hounslow 029B,Hounslow,Q4 (683000.00 to 6425000.00),Q3 (114.00 to 173.00),Q3 (38.00 to 56.00),Q1 (2.33 to 12.31),Q3 (9.48 to 16.97)
E01002692,Hounslow 029C,Hounslow,Q3 (520000.00 to 683000.00),Q4 (173.00 to 9206.00),Q3 (38.00 to 56.00),Q2 (12.31 to 20.12),Q3 (9.48 to 16.97)
E01002693,Hounslow 029D,Hounslow,Q3 (520000.00 to 683000.00),Q4 (173.00 to 9206.00),Q4 (56.00 to 1283.00),Q2 (12.31 to 20.12),Q4 (16.97 to 121.89)
E01002694,Islington 019A,Islington,Q1 (147500.00 to 420000.00),Q2 (79.00 to 114.00),Q2 (24.00 to 38.00),Q4 (29.24 to 59.01),Q3 (9.48 to 16.97)
E01002695,Islington 021A,Islington,Q3 (520000.00 to 683000.00),Q4 (173.00 to 9206.00),Q4 (56.00 to 1283.00),Q3 (20.12 to 29.24),Q4 (16.97 to 121.89)
E01002696,Islington 020A,Islington,Q4 (683000.00 to 6425000.00),Q4 (173.00 to 9206.00),Q4 (56.00 to 1283.00),Q3 (20.12 to 29.24),Q4 (16.97 to 121.89)
E01002697,Islington 019B,Islington,Q3 (520000.00 to 683000.00),Q4 (173.00 to 9206.00),Q4 (56.00 to 1283.00),Q4 (29.24 to 59.01),Q4 (16.97 to 121.89)
E01002698,Islington 017A,Islington,Q3 (520000.00 to 683000.00),Q3 (114.00 to 173.00),Q3 (38.00 to 56.00),Q2 (12.31 to 20.12),Q4 (16.97 to 121.89)
E01002699,Islington 017B,Islington,Q4 (683000.00 to 6425000.00),Q2 (79.00 to 114.00),Q2 (24.00 to 38.00),Q2 (12.31 to 20.12),Q3 (9.48 to 16.97)
E01002700,Islington 017C,Islington,Q4 (683000.00 to 6425000.00),Q2 (79.00 to 114.00),Q1 (0.00 to 24.00),Q2 (12.31 to 20.12),Q2 (5.47 to 9.48)
E01002701,Islington 023A,Islington,Q3 (520000.00 to 683000.00),Q4 (173.00 to 9206.00),Q3 (38.00 to 56.00),Q3 (20.12 to 29.24),Q4 (16.97 to 121.89)
E01002702,Islington 023B,Islington,Q4 (683000.00 to 6425000.00),Q4 (173.00 to 9206.00),Q4 (56.00 to 1283.00),Q4 (29.24 to 59.01),Q4 (16.97 to 121.89)
E01002703,Islington 023C,Islington,Q4 (683000.00 to 6425000.00),Q4 (173.00 to 9206.00),Q4 (56.00 to 1283.00),Q3 (20.12 to 29.24),Q4 (16.97 to 121.89)
E01002704,Islington 023D,Islington,Q4 (683000.00 to 6425000.00),Q4 (173.00 to 9206.00),Q4 (56.00 to 1283.00),Q3 (20.12 to 29.24),Q4 (16.97 to 121.89)
E01002706,Islington 023E,Islington,Q3 (520000.00 to 683000.00),Q4 (173.00 to 9206.00),Q3 (38.00 to 56.00),Q3 (20.12 to 29.24),Q4 (16.97 to 121.89)
E01002707,Islington 022B,Islington,Q4 (683000.00 to 6425000.00),Q4 (173.00 to 9206.00),Q4 (56.00 to 1283.00),Q3 (20.12 to 29.24),Q4 (16.97 to 121.89)
E01002708,Islington 015A,Islington,Q2 (420000.00 to 520000.00),Q4 (173.00 to 9206.00),Q4 (56.00 to 1283.00),Q4 (29.24 to 59.01),Q3 (9.48 to 16.97)
E01002709,Islington 019C,Islington,Q2 (420000.00 to 520000.00),Q3 (114.00 to 173.00),Q3 (38.00 to 56.00),Q4 (29.24 to 59.01),Q4 (16.97 to 121.89)
E01002710,Islington 019D,Islington,Q3 (520000.00 to 683000.00),Q3 (114.00 to 173.00),Q3 (38.00 to 56.00),Q4 (29.24 to 59.01),Q4 (16.97 to 121.89)
E01002711,Islington 021B,Islington,Q4 (683000.00 to 6425000.00),Q4 (173.00 to 9206.00),Q4 (56.00 to 1283.00),Q3 (20.12 to 29.24),Q4 (16.97 to 121.89)
E01002712,Islington 015B,Islington,Q2 (420000.00 to 520000.00),Q4 (173.00 to 9206.00),Q4 (56.00 to 1283.00),Q3 (20.12 to 29.24),Q4 (16.97 to 121.89)
E01002713,Islington 015C,Islington,Q2 (420000.00 to 520000.00),Q4 (173.00 to 9206.00),Q4 (56.00 to 1283.00),Q4 (29.24 to 59.01),Q4 (16.97 to 121.89)
E01002714,Islington 017D,Islington,Q4 (683000.00 to 6425000.00),Q3 (114.00 to 173.00),Q3 (38.00 to 56.00),Q2 (12.31 to 20.12),Q3 (9.48 to 16.97)
E01002715,Islington 019E,Islington,Q2 (420000.00 to 520000.00),Q3 (114.00 to 173.00),Q3 (38.00 to 56.00),Q4 (29.24 to 59.01),Q3 (9.48 to 16.97)
E01002716,Islington 014A,Islington,Q3 (520000.00 to 683000.00),Q4 (173.00 to 9206.00),Q4 (56.00 to 1283.00),Q4 (29.24 to 59.01),Q4 (16.97 to 121.89)
E01002717,Islington 016A,Islington,Q3 (520000.00 to 683000.00),Q2 (79.00 to 114.00),Q2 (24.00 to 38.00),Q3 (20.12 to 29.24),Q4 (16.97 to 121.89)
E01002718,Islington 014B,Islington,Q3 (520000.00 to 683000.00),Q3 (114.00 to 173.00),Q1 (0.00 to 24.00),Q2 (12.31 to 20.12),Q4 (16.97 to 121.89)
E01002719,Islington 016B,Islington,Q4 (683000.00 to 6425000.00),Q3 (114.00 to 173.00),Q2 (24.00 to 38.00),Q2 (12.31 to 20.12),Q4 (16.97 to 121.89)
E01002720,Islington 016C,Islington,Q2 (420000.00 to 520000.00),Q4 (173.00 to 9206.00),Q4 (56.00 to 1283.00),Q4 (29.24 to 59.01),Q4 (16.97 to 121.89)
E01002721,Islington 014C,Islington,Q4 (683000.00 to 6425000.00),Q3 (114.00 to 173.00),Q3 (38.00 to 56.00),Q3 (20.12 to 29.24),Q4 (16.97 to 121.89)
E01002722,Islington 018A,Islington,Q3 (520000.00 to 683000.00),Q3 (114.00 to 173.00),Q3 (38.00 to 56.00),Q4 (29.24 to 59.01),Q4 (16.97 to 121.89)
E01002723,Islington 022C,Islington,Q3 (520000.00 to 683000.00),Q3 (114.00 to 173.00),Q3 (38.00 to 56.00),Q3 (20.12 to 29.24),Q4 (16.97 to 121.89)
E01002724,Islington 022D,Islington,Q4 (683000.00 to 6425000.00),Q4 (173.00 to 9206.00),Q4 (56.00 to 1283.00),Q2 (12.31 to 20.12),Q4 (16.97 to 121.89)
E01002725,Islington 022E,Islington,Q4 (683000.00 to 6425000.00),Q2 (79.00 to 114.00),Q3 (38.00 to 56.00),Q3 (20.12 to 29.24),Q4 (16.97 to 121.89)
E01002726,Islington 022F,Islington,Q4 (683000.00 to 6425000.00),Q4 (173.00 to 9206.00),Q2 (24.00 to 38.00),Q3 (20.12 to 29.24),Q4 (16.97 to 121.89)
E01002727,Islington 021C,Islington,Q4 (683000.00 to 6425000.00),Q4 (173.00 to 9206.00),Q3 (38.00 to 56.00),Q3 (20.12 to 29.24),Q4 (16.97 to 121.89)
E01002728,Islington 021D,Islington,Q3 (520000.00 to 683000.00),Q3 (114.00 to 173.00),Q3 (38.00 to 56.00),Q3 (20.12 to 29.24),Q4 (16.97 to 121.89)
E01002729,Islington 021E,Islington,Q4 (683000.00 to 6425000.00),Q3 (114.00 to 173.00),Q3 (38.00 to 56.00),Q4 (29.24 to 59.01),Q4 (16.97 to 121.89)
E01002730,Islington 007A,Islington,Q2 (420000.00 to 520000.00),Q4 (173.00 to 9206.00),Q4 (56.00 to 1283.00),Q4 (29.24 to 59.01),Q4 (16.97 to 121.89)
E01002731,Islington 007B,Islington,Q2 (420000.00 to 520000.00),Q4 (173.00 to 9206.00),Q4 (56.00 to 1283.00),Q3 (20.12 to 29.24),Q4 (16.97 to 121.89)
E01002732,Islington 005A,Islington,Q2 (420000.00 to 520000.00),Q4 (173.00 to 9206.00),Q4 (56.00 to 1283.00),Q4 (29.24 to 59.01),Q4 (16.97 to 121.89)
E01002733,Islington 007C,Islington,Q2 (420000.00 to 520000.00),Q2 (79.00 to 114.00),Q1 (0.00 to 24.00),Q2 (12.31 to 20.12),Q4 (16.97 to 121.89)
E01002734,Islington 005B,Islington,Q4 (683000.00 to 6425000.00),Q4 (173.00 to 9206.00),Q4 (56.00 to 1283.00),Q4 (29.24 to 59.01),Q4 (16.97 to 121.89)
E01002735,Islington 003A,Islington,Q4 (683000.00 to 6425000.00),Q4 (173.00 to 9206.00),Q4 (56.00 to 1283.00),Q4 (29.24 to 59.01),Q4 (16.97 to 121.89)
E01002736,Islington 005C,Islington,Q3 (520000.00 to 683000.00),Q3 (114.00 to 173.00),Q3 (38.00 to 56.00),Q4 (29.24 to 59.01),Q4 (16.97 to 121.89)
E01002737,Islington 005D,Islington,Q2 (420000.00 to 520000.00),Q3 (114.00 to 173.00),Q3 (38.00 to 56.00),Q4 (29.24 to 59.01),Q3 (9.48 to 16.97)
E01002738,Islington 009A,Islington,Q4 (683000.00 to 6425000.00),Q4 (173.00 to 9206.00),Q4 (56.00 to 1283.00),Q3 (20.12 to 29.24),Q4 (16.97 to 121.89)
E01002739,Islington 013A,Islington,Q4 (683000.00 to 6425000.00),Q4 (173.00 to 9206.00),Q3 (38.00 to 56.00),Q2 (12.31 to 20.12),Q4 (16.97 to 121.89)
E01002740,Islington 013B,Islington,Q4 (683000.00 to 6425000.00),Q4 (173.00 to 9206.00),Q3 (38.00 to 56.00),Q2 (12.31 to 20.12),Q4 (16.97 to 121.89)
E01002741,Islington 009B,Islington,Q2 (420000.00 to 520000.00),Q3 (114.00 to 173.00),Q3 (38.00 to 56.00),Q4 (29.24 to 59.01),Q3 (9.48 to 16.97)
E01002742,Islington 006A,Islington,Q4 (683000.00 to 6425000.00),Q2 (79.00 to 114.00),Q1 (0.00 to 24.00),Q2 (12.31 to 20.12),Q4 (16.97 to 121.89)
E01002743,Islington 009C,Islington,Q3 (520000.00 to 683000.00),Q2 (79.00 to 114.00),Q1 (0.00 to 24.00),Q2 (12.31 to 20.12),Q3 (9.48 to 16.97)
E01002744,Islington 009D,Islington,Q3 (520000.00 to 683000.00),Q3 (114.00 to 173.00),Q3 (38.00 to 56.00),Q2 (12.31 to 20.12),Q3 (9.48 to 16.97)
E01002745,Islington 013C,Islington,Q4 (683000.00 to 6425000.00),Q3 (114.00 to 173.00),Q2 (24.00 to 38.00),Q2 (12.31 to 20.12),Q4 (16.97 to 121.89)
E01002747,Islington 006B,Islington,Q4 (683000.00 to 6425000.00),Q4 (173.00 to 9206.00),Q3 (38.00 to 56.00),Q2 (12.31 to 20.12),Q4 (16.97 to 121.89)
E01002748,Islington 006C,Islington,Q4 (683000.00 to 6425000.00),Q4 (173.00 to 9206.00),Q4 (56.00 to 1283.00),Q4 (29.24 to 59.01),Q4 (16.97 to 121.89)
E01002749,Islington 006D,Islington,Q4 (683000.00 to 6425000.00),Q2 (79.00 to 114.00),Q3 (38.00 to 56.00),Q3 (20.12 to 29.24),Q4 (16.97 to 121.89)
E01002751,Islington 005E,Islington,Q3 (520000.00 to 683000.00),Q3 (114.00 to 173.00),Q3 (38.00 to 56.00),Q4 (29.24 to 59.01),Q4 (16.97 to 121.89)
E01002752,Islington 009E,Islington,Q4 (683000.00 to 6425000.00),Q1 (2.00 to 79.00),Q2 (24.00 to 38.00),Q3 (20.12 to 29.24),Q4 (16.97 to 121.89)
E01002753,Islington 002A,Islington,Q4 (683000.00 to 6425000.00),Q2 (79.00 to 114.00),Q2 (24.00 to 38.00),Q4 (29.24 to 59.01),Q3 (9.48 to 16.97)
E01002754,Islington 002B,Islington,Q4 (683000.00 to 6425000.00),Q1 (2.00 to 79.00),Q1 (0.00 to 24.00),Q2 (12.31 to 20.12),Q4 (16.97 to 121.89)
E01002755,Islington 001A,Islington,Q2 (420000.00 to 520000.00),Q2 (79.00 to 114.00),Q2 (24.00 to 38.00),Q4 (29.24 to 59.01),Q3 (9.48 to 16.97)
E01002756,Islington 001B,Islington,Q3 (520000.00 to 683000.00),Q2 (79.00 to 114.00),Q2 (24.00 to 38.00),Q3 (20.12 to 29.24),Q3 (9.48 to 16.97)
E01002757,Islington 002C,Islington,Q4 (683000.00 to 6425000.00),Q1 (2.00 to 79.00),Q1 (0.00 to 24.00),Q3 (20.12 to 29.24),Q2 (5.47 to 9.48)
E01002758,Islington 001C,Islington,Q1 (147500.00 to 420000.00),Q4 (173.00 to 9206.00),Q4 (56.00 to 1283.00),Q4 (29.24 to 59.01),Q3 (9.48 to 16.97)
E01002759,Islington 002D,Islington,Q4 (683000.00 to 6425000.00),Q1 (2.00 to 79.00),Q1 (0.00 to 24.00),Q3 (20.12 to 29.24),Q4 (16.97 to 121.89)
E01002760,Islington 002E,Islington,Q1 (147500.00 to 420000.00),Q3 (114.00 to 173.00),Q3 (38.00 to 56.00),Q4 (29.24 to 59.01),Q3 (9.48 to 16.97)
E01002762,Islington 011C,Islington,Q3 (520000.00 to 683000.00),Q3 (114.00 to 173.00),Q3 (38.00 to 56.00),Q3 (20.12 to 29.24),Q4 (16.97 to 121.89)
E01002763,Islington 007D,Islington,Q1 (147500.00 to 420000.00),Q4 (173.00 to 9206.00),Q3 (38.00 to 56.00),Q4 (29.24 to 59.01),Q4 (16.97 to 121.89)
E01002764,Islington 010A,Islington,Q3 (520000.00 to 683000.00),Q3 (114.00 to 173.00),Q2 (24.00 to 38.00),Q4 (29.24 to 59.01),Q4 (16.97 to 121.89)
E01002765,Islington 015D,Islington,Q2 (420000.00 to 520000.00),Q4 (173.00 to 9206.00),Q4 (56.00 to 1283.00),Q3 (20.12 to 29.24),Q4 (16.97 to 121.89)
E01002766,Islington 015E,Islington,Q4 (683000.00 to 6425000.00),Q4 (173.00 to 9206.00),Q3 (38.00 to 56.00),Q4 (29.24 to 59.01),Q3 (9.48 to 16.97)
E01002767,Islington 011D,Islington,Q4 (683000.00 to 6425000.00),Q4 (173.00 to 9206.00),Q3 (38.00 to 56.00),Q4 (29.24 to 59.01),Q4 (16.97 to 121.89)
E01002768,Islington 004A,Islington,Q2 (420000.00 to 520000.00),Q3 (114.00 to 173.00),Q3 (38.00 to 56.00),Q4 (29.24 to 59.01),Q4 (16.97 to 121.89)
E01002769,Islington 008A,Islington,Q3 (520000.00 to 683000.00),Q3 (114.00 to 173.00),Q2 (24.00 to 38.00),Q2 (12.31 to 20.12),Q3 (9.48 to 16.97)
E01002770,Islington 004B,Islington,Q3 (520000.00 to 683000.00),Q4 (173.00 to 9206.00),Q4 (56.00 to 1283.00),Q4 (29.24 to 59.01),Q4 (16.97 to 121.89)
E01002771,Islington 004C,Islington,Q4 (683000.00 to 6425000.00),Q2 (79.00 to 114.00),Q2 (24.00 to 38.00),Q3 (20.12 to 29.24),Q4 (16.97 to 121.89)
E01002772,Islington 002F,Islington,Q2 (420000.00 to 520000.00),Q4 (173.00 to 9206.00),Q4 (56.00 to 1283.00),Q3 (20.12 to 29.24),Q4 (16.97 to 121.89)
E01002773,Islington 004D,Islington,Q1 (147500.00 to 420000.00),Q3 (114.00 to 173.00),Q3 (38.00 to 56.00),Q4 (29.24 to 59.01),Q4 (16.97 to 121.89)
E01002774,Islington 004E,Islington,Q3 (520000.00 to 683000.00),Q4 (173.00 to 9206.00),Q4 (56.00 to 1283.00),Q4 (29.24 to 59.01),Q4 (16.97 to 121.89)
E01002775,Islington 014D,Islington,Q4 (683000.00 to 6425000.00),Q3 (114.00 to 173.00),Q2 (24.00 to 38.00),Q3 (20.12 to 29.24),Q4 (16.97 to 121.89)
E01002776,Islington 014E,Islington,Q3 (520000.00 to 683000.00),Q3 (114.00 to 173.00),Q3 (38.00 to 56.00),Q4 (29.24 to 59.01),Q4 (16.97 to 121.89)
E01002777,Islington 012A,Islington,Q4 (683000.00 to 6425000.00),Q3 (114.00 to 173.00),Q3 (38.00 to 56.00),Q3 (20.12 to 29.24),Q4 (16.97 to 121.89)
E01002778,Islington 012B,Islington,Q2 (420000.00 to 520000.00),Q3 (114.00 to 173.00),Q4 (56.00 to 1283.00),Q4 (29.24 to 59.01),Q4 (16.97 to 121.89)
E01002779,Islington 012C,Islington,Q3 (520000.00 to 683000.00),Q4 (173.00 to 9206.00),Q2 (24.00 to 38.00),Q2 (12.31 to 20.12),Q4 (16.97 to 121.89)
E01002780,Islington 014F,Islington,Q4 (683000.00 to 6425000.00),Q2 (79.00 to 114.00),Q2 (24.00 to 38.00),Q3 (20.12 to 29.24),Q4 (16.97 to 121.89)
E01002781,Islington 012D,Islington,Q3 (520000.00 to 683000.00),Q2 (79.00 to 114.00),Q3 (38.00 to 56.00),Q3 (20.12 to 29.24),Q4 (16.97 to 121.89)
E01002782,Islington 012E,Islington,Q2 (420000.00 to 520000.00),Q3 (114.00 to 173.00),Q3 (38.00 to 56.00),Q4 (29.24 to 59.01),Q4 (16.97 to 121.89)
E01002783,Islington 010B,Islington,Q2 (420000.00 to 520000.00),Q4 (173.00 to 9206.00),Q4 (56.00 to 1283.00),Q4 (29.24 to 59.01),Q3 (9.48 to 16.97)
E01002784,Islington 010C,Islington,Q3 (520000.00 to 683000.00),Q3 (114.00 to 173.00),Q3 (38.00 to 56.00),Q4 (29.24 to 59.01),Q3 (9.48 to 16.97)
E01002785,Islington 008B,Islington,Q4 (683000.00 to 6425000.00),Q3 (114.00 to 173.00),Q3 (38.00 to 56.00),Q2 (12.31 to 20.12),Q3 (9.48 to 16.97)
E01002786,Islington 010D,Islington,Q3 (520000.00 to 683000.00),Q4 (173.00 to 9206.00),Q4 (56.00 to 1283.00),Q4 (29.24 to 59.01),Q4 (16.97 to 121.89)
E01002787,Islington 010E,Islington,Q2 (420000.00 to 520000.00),Q2 (79.00 to 114.00),Q2 (24.00 to 38.00),Q4 (29.24 to 59.01),Q4 (16.97 to 121.89)
E01002788,Islington 008C,Islington,Q3 (520000.00 to 683000.00),Q3 (114.00 to 173.00),Q3 (38.00 to 56.00),Q2 (12.31 to 20.12),Q3 (9.48 to 16.97)
E01002789,Islington 008D,Islington,Q3 (520000.00 to 683000.00),Q2 (79.00 to 114.00),Q2 (24.00 to 38.00),Q2 (12.31 to 20.12),Q3 (9.48 to 16.97)
E01002790,Islington 016D,Islington,Q4 (683000.00 to 6425000.00),Q3 (114.00 to 173.00),Q3 (38.00 to 56.00),Q4 (29.24 to 59.01),Q4 (16.97 to 121.89)
E01002791,Islington 016E,Islington,Q3 (520000.00 to 683000.00),Q4 (173.00 to 9206.00),Q4 (56.00 to 1283.00),Q2 (12.31 to 20.12),Q4 (16.97 to 121.89)
E01002792,Islington 017E,Islington,Q4 (683000.00 to 6425000.00),Q4 (173.00 to 9206.00),Q2 (24.00 to 38.00),Q2 (12.31 to 20.12),Q4 (16.97 to 121.89)
E01002793,Islington 016F,Islington,Q3 (520000.00 to 683000.00),Q4 (173.00 to 9206.00),Q4 (56.00 to 1283.00),Q4 (29.24 to 59.01),Q4 (16.97 to 121.89)
E01002794,Islington 020B,Islington,Q4 (683000.00 to 6425000.00),Q4 (173.00 to 9206.00),Q4 (56.00 to 1283.00),Q3 (20.12 to 29.24),Q4 (16.97 to 121.89)
E01002795,Islington 013D,Islington,Q3 (520000.00 to 683000.00),Q4 (173.00 to 9206.00),Q4 (56.00 to 1283.00),Q3 (20.12 to 29.24),Q4 (16.97 to 121.89)
E01002796,Islington 013E,Islington,Q4 (683000.00 to 6425000.00),Q2 (79.00 to 114.00),Q1 (0.00 to 24.00),Q3 (20.12 to 29.24),Q4 (16.97 to 121.89)
E01002797,Islington 018B,Islington,Q3 (520000.00 to 683000.00),Q4 (173.00 to 9206.00),Q4 (56.00 to 1283.00),Q4 (29.24 to 59.01),Q4 (16.97 to 121.89)
E01002798,Islington 018C,Islington,Q4 (683000.00 to 6425000.00),Q4 (173.00 to 9206.00),Q3 (38.00 to 56.00),Q3 (20.12 to 29.24),Q3 (9.48 to 16.97)
E01002799,Islington 018D,Islington,Q3 (520000.00 to 683000.00),Q3 (114.00 to 173.00),Q4 (56.00 to 1283.00),Q4 (29.24 to 59.01),Q4 (16.97 to 121.89)
E01002800,Islington 018E,Islington,Q3 (520000.00 to 683000.00),Q3 (114.00 to 173.00),Q4 (56.00 to 1283.00),Q4 (29.24 to 59.01),Q3 (9.48 to 16.97)
E01002801,Islington 020C,Islington,Q4 (683000.00 to 6425000.00),Q4 (173.00 to 9206.00),Q3 (38.00 to 56.00),Q2 (12.31 to 20.12),Q4 (16.97 to 121.89)
E01002802,Islington 020D,Islington,Q4 (683000.00 to 6425000.00),Q3 (114.00 to 173.00),Q2 (24.00 to 38.00),Q3 (20.12 to 29.24),Q4 (16.97 to 121.89)
E01002803,Islington 020E,Islington,Q4 (683000.00 to 6425000.00),Q4 (173.00 to 9206.00),Q4 (56.00 to 1283.00),Q3 (20.12 to 29.24),Q4 (16.97 to 121.89)
E01002804,Islington 001D,Islington,Q3 (520000.00 to 683000.00),Q3 (114.00 to 173.00),Q3 (38.00 to 56.00),Q4 (29.24 to 59.01),Q3 (9.48 to 16.97)
E01002805,Islington 003B,Islington,Q3 (520000.00 to 683000.00),Q4 (173.00 to 9206.00),Q3 (38.00 to 56.00),Q3 (20.12 to 29.24),Q4 (16.97 to 121.89)
E01002806,Islington 003C,Islington,Q4 (683000.00 to 6425000.00),Q3 (114.00 to 173.00),Q3 (38.00 to 56.00),Q3 (20.12 to 29.24),Q4 (16.97 to 121.89)
E01002807,Islington 001E,Islington,Q2 (420000.00 to 520000.00),Q3 (114.00 to 173.00),Q3 (38.00 to 56.00),Q4 (29.24 to 59.01),Q3 (9.48 to 16.97)
E01002808,Islington 003D,Islington,Q2 (420000.00 to 520000.00),Q3 (114.00 to 173.00),Q3 (38.00 to 56.00),Q3 (20.12 to 29.24),Q3 (9.48 to 16.97)
E01002809,Islington 003E,Islington,Q3 (520000.00 to 683000.00),Q3 (114.00 to 173.00),Q3 (38.00 to 56.00),Q4 (29.24 to 59.01),Q4 (16.97 to 121.89)
E01002810,Islington 003F,Islington,Q2 (420000.00 to 520000.00),Q4 (173.00 to 9206.00),Q4 (56.00 to 1283.00),Q4 (29.24 to 59.01),Q3 (9.48 to 16.97)
E01002811,Islington 001F,Islington,Q2 (420000.00 to 520000.00),Q2 (79.00 to 114.00),Q2 (24.00 to 38.00),Q4 (29.24 to 59.01),Q3 (9.48 to 16.97)
E01002812,Kensington and Chelsea 013A,Kensington and Chelsea,Q4 (683000.00 to 6425000.00),Q1 (2.00 to 79.00),Q1 (0.00 to 24.00),Q1 (2.33 to 12.31),Q4 (16.97 to 121.89)
E01002813,Kensington and Chelsea 011A,Kensington and Chelsea,Q4 (683000.00 to 6425000.00),Q2 (79.00 to 114.00),Q2 (24.00 to 38.00),Q1 (2.33 to 12.31),Q4 (16.97 to 121.89)
E01002814,Kensington and Chelsea 015A,Kensington and Chelsea,Q4 (683000.00 to 6425000.00),Q4 (173.00 to 9206.00),Q4 (56.00 to 1283.00),Q3 (20.12 to 29.24),Q4 (16.97 to 121.89)
E01002815,Kensington and Chelsea 011B,Kensington and Chelsea,Q4 (683000.00 to 6425000.00),Q1 (2.00 to 79.00),Q1 (0.00 to 24.00),Q2 (12.31 to 20.12),Q4 (16.97 to 121.89)
E01002816,Kensington and Chelsea 011C,Kensington and Chelsea,Q4 (683000.00 to 6425000.00),Q3 (114.00 to 173.00),Q2 (24.00 to 38.00),Q1 (2.33 to 12.31),Q4 (16.97 to 121.89)
E01002817,Kensington and Chelsea 011D,Kensington and Chelsea,Q4 (683000.00 to 6425000.00),Q3 (114.00 to 173.00),Q3 (38.00 to 56.00),Q1 (2.33 to 12.31),Q4 (16.97 to 121.89)
E01002818,Kensington and Chelsea 012A,Kensington and Chelsea,Q4 (683000.00 to 6425000.00),Q4 (173.00 to 9206.00),Q4 (56.00 to 1283.00),Q2 (12.31 to 20.12),Q4 (16.97 to 121.89)
E01002819,Kensington and Chelsea 012B,Kensington and Chelsea,Q4 (683000.00 to 6425000.00),Q4 (173.00 to 9206.00),Q4 (56.00 to 1283.00),Q1 (2.33 to 12.31),Q4 (16.97 to 121.89)
E01002820,Kensington and Chelsea 016A,Kensington and Chelsea,Q4 (683000.00 to 6425000.00),Q4 (173.00 to 9206.00),Q2 (24.00 to 38.00),Q1 (2.33 to 12.31),Q4 (16.97 to 121.89)
E01002821,Kensington and Chelsea 014A,Kensington and Chelsea,Q4 (683000.00 to 6425000.00),Q4 (173.00 to 9206.00),Q2 (24.00 to 38.00),Q1 (2.33 to 12.31),Q4 (16.97 to 121.89)
E01002822,Kensington and Chelsea 016B,Kensington and Chelsea,Q4 (683000.00 to 6425000.00),Q4 (173.00 to 9206.00),Q2 (24.00 to 38.00),Q2 (12.31 to 20.12),Q4 (16.97 to 121.89)
E01002823,Kensington and Chelsea 014B,Kensington and Chelsea,Q4 (683000.00 to 6425000.00),Q3 (114.00 to 173.00),Q3 (38.00 to 56.00),Q3 (20.12 to 29.24),Q4 (16.97 to 121.89)
E01002824,Kensington and Chelsea 008A,Kensington and Chelsea,Q4 (683000.00 to 6425000.00),Q1 (2.00 to 79.00),Q1 (0.00 to 24.00),Q1 (2.33 to 12.31),Q4 (16.97 to 121.89)
E01002825,Kensington and Chelsea 008B,Kensington and Chelsea,Q4 (683000.00 to 6425000.00),Q4 (173.00 to 9206.00),Q4 (56.00 to 1283.00),Q1 (2.33 to 12.31),Q4 (16.97 to 121.89)
E01002826,Kensington and Chelsea 008C,Kensington and Chelsea,Q4 (683000.00 to 6425000.00),Q4 (173.00 to 9206.00),Q3 (38.00 to 56.00),Q1 (2.33 to 12.31),Q4 (16.97 to 121.89)
E01002827,Kensington and Chelsea 008D,Kensington and Chelsea,Q4 (683000.00 to 6425000.00),Q4 (173.00 to 9206.00),Q3 (38.00 to 56.00),Q1 (2.33 to 12.31),Q4 (16.97 to 121.89)
E01002828,Kensington and Chelsea 008E,Kensington and Chelsea,Q4 (683000.00 to 6425000.00),Q3 (114.00 to 173.00),Q1 (0.00 to 24.00),Q2 (12.31 to 20.12),Q4 (16.97 to 121.89)
E01002829,Kensington and Chelsea 004A,Kensington and Chelsea,Q4 (683000.00 to 6425000.00),Q4 (173.00 to 9206.00),Q4 (56.00 to 1283.00),Q4 (29.24 to 59.01),Q4 (16.97 to 121.89)
E01002830,Kensington and Chelsea 004B,Kensington and Chelsea,Q4 (683000.00 to 6425000.00),Q4 (173.00 to 9206.00),Q4 (56.00 to 1283.00),Q4 (29.24 to 59.01),Q3 (9.48 to 16.97)
E01002831,Kensington and Chelsea 004C,Kensington and Chelsea,Q4 (683000.00 to 6425000.00),Q4 (173.00 to 9206.00),Q4 (56.00 to 1283.00),Q4 (29.24 to 59.01),Q4 (16.97 to 121.89)
E01002832,Kensington and Chelsea 004D,Kensington and Chelsea,Q4 (683000.00 to 6425000.00),Q4 (173.00 to 9206.00),Q3 (38.00 to 56.00),Q4 (29.24 to 59.01),Q4 (16.97 to 121.89)
E01002833,Kensington and Chelsea 007A,Kensington and Chelsea,Q4 (683000.00 to 6425000.00),Q4 (173.00 to 9206.00),Q3 (38.00 to 56.00),Q2 (12.31 to 20.12),Q4 (16.97 to 121.89)
E01002834,Kensington and Chelsea 013B,Kensington and Chelsea,Q4 (683000.00 to 6425000.00),Q1 (2.00 to 79.00),Q1 (0.00 to 24.00),Q2 (12.31 to 20.12),Q4 (16.97 to 121.89)
E01002835,Kensington and Chelsea 016C,Kensington and Chelsea,Q4 (683000.00 to 6425000.00),Q4 (173.00 to 9206.00),Q4 (56.00 to 1283.00),Q1 (2.33 to 12.31),Q4 (16.97 to 121.89)
E01002836,Kensington and Chelsea 016D,Kensington and Chelsea,Q4 (683000.00 to 6425000.00),Q3 (114.00 to 173.00),Q1 (0.00 to 24.00),Q1 (2.33 to 12.31),Q4 (16.97 to 121.89)
E01002837,Kensington and Chelsea 016E,Kensington and Chelsea,Q4 (683000.00 to 6425000.00),Q1 (2.00 to 79.00),Q1 (0.00 to 24.00),Q2 (12.31 to 20.12),Q4 (16.97 to 121.89)
E01002838,Kensington and Chelsea 020A,Kensington and Chelsea,Q4 (683000.00 to 6425000.00),Q2 (79.00 to 114.00),Q1 (0.00 to 24.00),Q1 (2.33 to 12.31),Q4 (16.97 to 121.89)
E01002839,Kensington and Chelsea 013C,Kensington and Chelsea,Q4 (683000.00 to 6425000.00),Q3 (114.00 to 173.00),Q2 (24.00 to 38.00),Q3 (20.12 to 29.24),Q4 (16.97 to 121.89)
E01002840,Kensington and Chelsea 021A,Kensington and Chelsea,Q3 (520000.00 to 683000.00),Q3 (114.00 to 173.00),Q3 (38.00 to 56.00),Q4 (29.24 to 59.01),Q4 (16.97 to 121.89)
E01002841,Kensington and Chelsea 021B,Kensington and Chelsea,Q4 (683000.00 to 6425000.00),Q4 (173.00 to 9206.00),Q3 (38.00 to 56.00),Q3 (20.12 to 29.24),Q3 (9.48 to 16.97)
E01002843,Kensington and Chelsea 021D,Kensington and Chelsea,Q3 (520000.00 to 683000.00),Q4 (173.00 to 9206.00),Q4 (56.00 to 1283.00),Q4 (29.24 to 59.01),Q4 (16.97 to 121.89)
E01002844,Kensington and Chelsea 019A,Kensington and Chelsea,Q4 (683000.00 to 6425000.00),Q3 (114.00 to 173.00),Q2 (24.00 to 38.00),Q2 (12.31 to 20.12),Q3 (9.48 to 16.97)
E01002845,Kensington and Chelsea 019B,Kensington and Chelsea,Q4 (683000.00 to 6425000.00),Q2 (79.00 to 114.00),Q2 (24.00 to 38.00),Q3 (20.12 to 29.24),Q4 (16.97 to 121.89)
E01002846,Kensington and Chelsea 017A,Kensington and Chelsea,Q3 (520000.00 to 683000.00),Q3 (114.00 to 173.00),Q3 (38.00 to 56.00),Q4 (29.24 to 59.01),Q4 (16.97 to 121.89)
E01002847,Kensington and Chelsea 015B,Kensington and Chelsea,Q4 (683000.00 to 6425000.00),Q3 (114.00 to 173.00),Q3 (38.00 to 56.00),Q3 (20.12 to 29.24),Q4 (16.97 to 121.89)
E01002848,Kensington and Chelsea 015C,Kensington and Chelsea,Q4 (683000.00 to 6425000.00),Q3 (114.00 to 173.00),Q1 (0.00 to 24.00),Q4 (29.24 to 59.01),Q4 (16.97 to 121.89)
E01002849,Kensington and Chelsea 017B,Kensington and Chelsea,Q4 (683000.00 to 6425000.00),Q3 (114.00 to 173.00),Q3 (38.00 to 56.00),Q2 (12.31 to 20.12),Q4 (16.97 to 121.89)
E01002850,Kensington and Chelsea 013D,Kensington and Chelsea,Q4 (683000.00 to 6425000.00),Q4 (173.00 to 9206.00),Q4 (56.00 to 1283.00),Q3 (20.12 to 29.24),Q4 (16.97 to 121.89)
E01002851,Kensington and Chelsea 015D,Kensington and Chelsea,Q4 (683000.00 to 6425000.00),Q4 (173.00 to 9206.00),Q4 (56.00 to 1283.00),Q4 (29.24 to 59.01),Q4 (16.97 to 121.89)
E01002852,Kensington and Chelsea 001A,Kensington and Chelsea,Q2 (420000.00 to 520000.00),Q4 (173.00 to 9206.00),Q4 (56.00 to 1283.00),Q4 (29.24 to 59.01),Q3 (9.48 to 16.97)
E01002853,Kensington and Chelsea 001B,Kensington and Chelsea,Q3 (520000.00 to 683000.00),Q2 (79.00 to 114.00),Q2 (24.00 to 38.00),Q4 (29.24 to 59.01),Q3 (9.48 to 16.97)
E01002854,Kensington and Chelsea 001C,Kensington and Chelsea,Q3 (520000.00 to 683000.00),Q3 (114.00 to 173.00),Q3 (38.00 to 56.00),Q4 (29.24 to 59.01),Q4 (16.97 to 121.89)
E01002855,Kensington and Chelsea 001D,Kensington and Chelsea,Q3 (520000.00 to 683000.00),Q4 (173.00 to 9206.00),Q4 (56.00 to 1283.00),Q4 (29.24 to 59.01),Q3 (9.48 to 16.97)
E01002856,Kensington and Chelsea 004E,Kensington and Chelsea,Q4 (683000.00 to 6425000.00),Q4 (173.00 to 9206.00),Q4 (56.00 to 1283.00),Q4 (29.24 to 59.01),Q4 (16.97 to 121.89)
E01002857,Kensington and Chelsea 001E,Kensington and Chelsea,Q2 (420000.00 to 520000.00),Q4 (173.00 to 9206.00),Q4 (56.00 to 1283.00),Q4 (29.24 to 59.01),Q3 (9.48 to 16.97)
E01002858,Kensington and Chelsea 014C,Kensington and Chelsea,Q3 (520000.00 to 683000.00),Q2 (79.00 to 114.00),Q1 (0.00 to 24.00),Q3 (20.12 to 29.24),Q4 (16.97 to 121.89)
E01002859,Kensington and Chelsea 012C,Kensington and Chelsea,Q4 (683000.00 to 6425000.00),Q4 (173.00 to 9206.00),Q2 (24.00 to 38.00),Q1 (2.33 to 12.31),Q4 (16.97 to 121.89)
E01002860,Kensington and Chelsea 012D,Kensington and Chelsea,Q4 (683000.00 to 6425000.00),Q3 (114.00 to 173.00),Q2 (24.00 to 38.00),Q1 (2.33 to 12.31),Q4 (16.97 to 121.89)
E01002861,Kensington and Chelsea 014D,Kensington and Chelsea,Q4 (683000.00 to 6425000.00),Q4 (173.00 to 9206.00),Q1 (0.00 to 24.00),Q2 (12.31 to 20.12),Q4 (16.97 to 121.89)
E01002862,Kensington and Chelsea 014E,Kensington and Chelsea,Q3 (520000.00 to 683000.00),Q3 (114.00 to 173.00),Q2 (24.00 to 38.00),Q3 (20.12 to 29.24),Q4 (16.97 to 121.89)
E01002863,Kensington and Chelsea 012E,Kensington and Chelsea,Q4 (683000.00 to 6425000.00),Q2 (79.00 to 114.00),Q1 (0.00 to 24.00),Q1 (2.33 to 12.31),Q4 (16.97 to 121.89)
E01002864,Kensington and Chelsea 009A,Kensington and Chelsea,Q4 (683000.00 to 6425000.00),Q3 (114.00 to 173.00),Q1 (0.00 to 24.00),Q1 (2.33 to 12.31),Q3 (9.48 to 16.97)
E01002865,Kensington and Chelsea 011E,Kensington and Chelsea,Q4 (683000.00 to 6425000.00),Q4 (173.00 to 9206.00),Q1 (0.00 to 24.00),Q1 (2.33 to 12.31),Q4 (16.97 to 121.89)
E01002866,Kensington and Chelsea 009B,Kensington and Chelsea,Q4 (683000.00 to 6425000.00),Q3 (114.00 to 173.00),Q2 (24.00 to 38.00),Q3 (20.12 to 29.24),Q4 (16.97 to 121.89)
E01002867,Kensington and Chelsea 009C,Kensington and Chelsea,Q4 (683000.00 to 6425000.00),Q4 (173.00 to 9206.00),Q4 (56.00 to 1283.00),Q3 (20.12 to 29.24),Q4 (16.97 to 121.89)
E01002868,Kensington and Chelsea 009D,Kensington and Chelsea,Q4 (683000.00 to 6425000.00),Q2 (79.00 to 114.00),Q1 (0.00 to 24.00),Q1 (2.33 to 12.31),Q4 (16.97 to 121.89)
E01002869,Kensington and Chelsea 009E,Kensington and Chelsea,Q4 (683000.00 to 6425000.00),Q3 (114.00 to 173.00),Q2 (24.00 to 38.00),Q2 (12.31 to 20.12),Q4 (16.97 to 121.89)
E01002871,Kensington and Chelsea 007B,Kensington and Chelsea,Q4 (683000.00 to 6425000.00),Q4 (173.00 to 9206.00),Q2 (24.00 to 38.00),Q1 (2.33 to 12.31),Q4 (16.97 to 121.89)
E01002872,Kensington and Chelsea 005B,Kensington and Chelsea,Q4 (683000.00 to 6425000.00),Q2 (79.00 to 114.00),Q2 (24.00 to 38.00),Q4 (29.24 to 59.01),Q3 (9.48 to 16.97)
E01002873,Kensington and Chelsea 007C,Kensington and Chelsea,Q4 (683000.00 to 6425000.00),Q3 (114.00 to 173.00),Q1 (0.00 to 24.00),Q2 (12.31 to 20.12),Q4 (16.97 to 121.89)
E01002874,Kensington and Chelsea 007D,Kensington and Chelsea,Q4 (683000.00 to 6425000.00),Q2 (79.00 to 114.00),Q2 (24.00 to 38.00),Q2 (12.31 to 20.12),Q4 (16.97 to 121.89)
E01002875,Kensington and Chelsea 007E,Kensington and Chelsea,Q4 (683000.00 to 6425000.00),Q2 (79.00 to 114.00),Q1 (0.00 to 24.00),Q2 (12.31 to 20.12),Q4 (16.97 to 121.89)
E01002876,Kensington and Chelsea 003A,Kensington and Chelsea,Q4 (683000.00 to 6425000.00),Q2 (79.00 to 114.00),Q2 (24.00 to 38.00),Q3 (20.12 to 29.24),Q2 (5.47 to 9.48)
E01002877,Kensington and Chelsea 003B,Kensington and Chelsea,Q3 (520000.00 to 683000.00),Q4 (173.00 to 9206.00),Q3 (38.00 to 56.00),Q4 (29.24 to 59.01),Q3 (9.48 to 16.97)
E01002878,Kensington and Chelsea 003C,Kensington and Chelsea,Q4 (683000.00 to 6425000.00),Q4 (173.00 to 9206.00),Q4 (56.00 to 1283.00),Q4 (29.24 to 59.01),Q4 (16.97 to 121.89)
E01002879,Kensington and Chelsea 005C,Kensington and Chelsea,Q3 (520000.00 to 683000.00),Q3 (114.00 to 173.00),Q2 (24.00 to 38.00),Q4 (29.24 to 59.01),Q3 (9.48 to 16.97)
E01002881,Kensington and Chelsea 005E,Kensington and Chelsea,Q4 (683000.00 to 6425000.00),Q2 (79.00 to 114.00),Q3 (38.00 to 56.00),Q4 (29.24 to 59.01),Q2 (5.47 to 9.48)
E01002882,Kensington and Chelsea 006A,Kensington and Chelsea,Q4 (683000.00 to 6425000.00),Q3 (114.00 to 173.00),Q1 (0.00 to 24.00),Q2 (12.31 to 20.12),Q4 (16.97 to 121.89)
E01002883,Kensington and Chelsea 006B,Kensington and Chelsea,Q4 (683000.00 to 6425000.00),Q4 (173.00 to 9206.00),Q4 (56.00 to 1283.00),Q1 (2.33 to 12.31),Q4 (16.97 to 121.89)
E01002884,Kensington and Chelsea 006C,Kensington and Chelsea,Q4 (683000.00 to 6425000.00),Q4 (173.00 to 9206.00),Q3 (38.00 to 56.00),Q3 (20.12 to 29.24),Q4 (16.97 to 121.89)
E01002885,Kensington and Chelsea 006D,Kensington and Chelsea,Q4 (683000.00 to 6425000.00),Q3 (114.00 to 173.00),Q2 (24.00 to 38.00),Q2 (12.31 to 20.12),Q4 (16.97 to 121.89)
E01002886,Kensington and Chelsea 006E,Kensington and Chelsea,Q4 (683000.00 to 6425000.00),Q3 (114.00 to 173.00),Q2 (24.00 to 38.00),Q2 (12.31 to 20.12),Q4 (16.97 to 121.89)
E01002887,Kensington and Chelsea 010A,Kensington and Chelsea,Q4 (683000.00 to 6425000.00),Q3 (114.00 to 173.00),Q2 (24.00 to 38.00),Q2 (12.31 to 20.12),Q4 (16.97 to 121.89)
E01002888,Kensington and Chelsea 013E,Kensington and Chelsea,Q4 (683000.00 to 6425000.00),Q3 (114.00 to 173.00),Q3 (38.00 to 56.00),Q1 (2.33 to 12.31),Q4 (16.97 to 121.89)
E01002889,Kensington and Chelsea 010B,Kensington and Chelsea,Q4 (683000.00 to 6425000.00),Q4 (173.00 to 9206.00),Q4 (56.00 to 1283.00),Q1 (2.33 to 12.31),Q4 (16.97 to 121.89)
E01002890,Kensington and Chelsea 010C,Kensington and Chelsea,Q4 (683000.00 to 6425000.00),Q2 (79.00 to 114.00),Q1 (0.00 to 24.00),Q1 (2.33 to 12.31),Q4 (16.97 to 121.89)
E01002891,Kensington and Chelsea 010D,Kensington and Chelsea,Q4 (683000.00 to 6425000.00),Q2 (79.00 to 114.00),Q1 (0.00 to 24.00),Q1 (2.33 to 12.31),Q4 (16.97 to 121.89)
E01002892,Kensington and Chelsea 010E,Kensington and Chelsea,Q4 (683000.00 to 6425000.00),Q3 (114.00 to 173.00),Q1 (0.00 to 24.00),Q1 (2.33 to 12.31),Q4 (16.97 to 121.89)
E01002893,Kensington and Chelsea 017C,Kensington and Chelsea,Q4 (683000.00 to 6425000.00),Q2 (79.00 to 114.00),Q1 (0.00 to 24.00),Q3 (20.12 to 29.24),Q4 (16.97 to 121.89)
E01002894,Kensington and Chelsea 017D,Kensington and Chelsea,Q4 (683000.00 to 6425000.00),Q4 (173.00 to 9206.00),Q4 (56.00 to 1283.00),Q2 (12.31 to 20.12),Q4 (16.97 to 121.89)
E01002895,Kensington and Chelsea 020B,Kensington and Chelsea,Q4 (683000.00 to 6425000.00),Q2 (79.00 to 114.00),Q1 (0.00 to 24.00),Q1 (2.33 to 12.31),Q3 (9.48 to 16.97)
E01002896,Kensington and Chelsea 020C,Kensington and Chelsea,Q4 (683000.00 to 6425000.00),Q2 (79.00 to 114.00),Q1 (0.00 to 24.00),Q1 (2.33 to 12.31),Q4 (16.97 to 121.89)
E01002897,Kensington and Chelsea 020D,Kensington and Chelsea,Q3 (520000.00 to 683000.00),Q3 (114.00 to 173.00),Q3 (38.00 to 56.00),Q2 (12.31 to 20.12),Q4 (16.97 to 121.89)
E01002898,Kensington and Chelsea 017E,Kensington and Chelsea,Q4 (683000.00 to 6425000.00),Q1 (2.00 to 79.00),Q1 (0.00 to 24.00),Q1 (2.33 to 12.31),Q4 (16.97 to 121.89)
E01002899,Kensington and Chelsea 018A,Kensington and Chelsea,Q4 (683000.00 to 6425000.00),Q3 (114.00 to 173.00),Q2 (24.00 to 38.00),Q3 (20.12 to 29.24),Q3 (9.48 to 16.97)
E01002900,Kensington and Chelsea 018B,Kensington and Chelsea,Q4 (683000.00 to 6425000.00),Q2 (79.00 to 114.00),Q1 (0.00 to 24.00),Q1 (2.33 to 12.31),Q2 (5.47 to 9.48)
E01002901,Kensington and Chelsea 018C,Kensington and Chelsea,Q4 (683000.00 to 6425000.00),Q1 (2.00 to 79.00),Q1 (0.00 to 24.00),Q2 (12.31 to 20.12),Q4 (16.97 to 121.89)
E01002902,Kensington and Chelsea 018D,Kensington and Chelsea,Q4 (683000.00 to 6425000.00),Q4 (173.00 to 9206.00),Q3 (38.00 to 56.00),Q1 (2.33 to 12.31),Q4 (16.97 to 121.89)
E01002903,Kensington and Chelsea 018E,Kensington and Chelsea,Q4 (683000.00 to 6425000.00),Q4 (173.00 to 9206.00),Q2 (24.00 to 38.00),Q1 (2.33 to 12.31),Q4 (16.97 to 121.89)
E01002905,Kensington and Chelsea 002B,Kensington and Chelsea,Q3 (520000.00 to 683000.00),Q3 (114.00 to 173.00),Q3 (38.00 to 56.00),Q4 (29.24 to 59.01),Q3 (9.48 to 16.97)
E01002906,Kensington and Chelsea 002C,Kensington and Chelsea,Q4 (683000.00 to 6425000.00),Q4 (173.00 to 9206.00),Q4 (56.00 to 1283.00),Q4 (29.24 to 59.01),Q3 (9.48 to 16.97)
E01002908,Kensington and Chelsea 003D,Kensington and Chelsea,Q4 (683000.00 to 6425000.00),Q2 (79.00 to 114.00),Q2 (24.00 to 38.00),Q3 (20.12 to 29.24),Q2 (5.47 to 9.48)
E01002909,Kensington and Chelsea 003E,Kensington and Chelsea,Q4 (683000.00 to 6425000.00),Q4 (173.00 to 9206.00),Q4 (56.00 to 1283.00),Q4 (29.24 to 59.01),Q4 (16.97 to 121.89)
E01002910,Kensington and Chelsea 019C,Kensington and Chelsea,Q4 (683000.00 to 6425000.00),Q2 (79.00 to 114.00),Q1 (0.00 to 24.00),Q2 (12.31 to 20.12),Q4 (16.97 to 121.89)
E01002911,Kensington and Chelsea 019D,Kensington and Chelsea,Q4 (683000.00 to 6425000.00),Q4 (173.00 to 9206.00),Q1 (0.00 to 24.00),Q2 (12.31 to 20.12),Q4 (16.97 to 121.89)
E01002912,Kensington and Chelsea 020E,Kensington and Chelsea,Q4 (683000.00 to 6425000.00),Q4 (173.00 to 9206.00),Q4 (56.00 to 1283.00),Q2 (12.31 to 20.12),Q4 (16.97 to 121.89)
E01002913,Kensington and Chelsea 021E,Kensington and Chelsea,Q4 (683000.00 to 6425000.00),Q3 (114.00 to 173.00),Q3 (38.00 to 56.00),Q2 (12.31 to 20.12),Q4 (16.97 to 121.89)
E01002914,Kensington and Chelsea 019E,Kensington and Chelsea,Q4 (683000.00 to 6425000.00),Q4 (173.00 to 9206.00),Q2 (24.00 to 38.00),Q1 (2.33 to 12.31),Q4 (16.97 to 121.89)
E01002915,Kingston upon Thames 014A,Kingston upon Thames,Q3 (520000.00 to 683000.00),Q1 (2.00 to 79.00),Q1 (0.00 to 24.00),Q1 (2.33 to 12.31),Q1 (0.19 to 5.47)
E01002916,Kingston upon Thames 014B,Kingston upon Thames,Q4 (683000.00 to 6425000.00),Q1 (2.00 to 79.00),Q1 (0.00 to 24.00),Q1 (2.33 to 12.31),Q2 (5.47 to 9.48)
E01002917,Kingston upon Thames 014C,Kingston upon Thames,Q4 (683000.00 to 6425000.00),Q1 (2.00 to 79.00),Q1 (0.00 to 24.00),Q1 (2.33 to 12.31),Q1 (0.19 to 5.47)
E01002918,Kingston upon Thames 017A,Kingston upon Thames,Q2 (420000.00 to 520000.00),Q1 (2.00 to 79.00),Q1 (0.00 to 24.00),Q1 (2.33 to 12.31),Q1 (0.19 to 5.47)
E01002919,Kingston upon Thames 017B,Kingston upon Thames,Q1 (147500.00 to 420000.00),Q4 (173.00 to 9206.00),Q3 (38.00 to 56.00),Q2 (12.31 to 20.12),Q1 (0.19 to 5.47)
E01002920,Kingston upon Thames 014D,Kingston upon Thames,Q4 (683000.00 to 6425000.00),Q1 (2.00 to 79.00),Q1 (0.00 to 24.00),Q1 (2.33 to 12.31),Q1 (0.19 to 5.47)
E01002921,Kingston upon Thames 011A,Kingston upon Thames,Q1 (147500.00 to 420000.00),Q1 (2.00 to 79.00),Q2 (24.00 to 38.00),Q2 (12.31 to 20.12),Q3 (9.48 to 16.97)
E01002922,Kingston upon Thames 010A,Kingston upon Thames,Q1 (147500.00 to 420000.00),Q1 (2.00 to 79.00),Q1 (0.00 to 24.00),Q1 (2.33 to 12.31),Q1 (0.19 to 5.47)
E01002923,Kingston upon Thames 013A,Kingston upon Thames,Q1 (147500.00 to 420000.00),Q3 (114.00 to 173.00),Q4 (56.00 to 1283.00),Q4 (29.24 to 59.01),Q3 (9.48 to 16.97)
E01002924,Kingston upon Thames 014E,Kingston upon Thames,Q4 (683000.00 to 6425000.00),Q1 (2.00 to 79.00),Q1 (0.00 to 24.00),Q1 (2.33 to 12.31),Q1 (0.19 to 5.47)
E01002925,Kingston upon Thames 013B,Kingston upon Thames,Q1 (147500.00 to 420000.00),Q2 (79.00 to 114.00),Q2 (24.00 to 38.00),Q1 (2.33 to 12.31),Q2 (5.47 to 9.48)
E01002926,Kingston upon Thames 010B,Kingston upon Thames,Q4 (683000.00 to 6425000.00),Q1 (2.00 to 79.00),Q2 (24.00 to 38.00),Q1 (2.33 to 12.31),Q1 (0.19 to 5.47)
E01002927,Kingston upon Thames 008A,Kingston upon Thames,Q3 (520000.00 to 683000.00),Q1 (2.00 to 79.00),Q1 (0.00 to 24.00),Q2 (12.31 to 20.12),Q1 (0.19 to 5.47)
E01002928,Kingston upon Thames 008B,Kingston upon Thames,Q3 (520000.00 to 683000.00),Q2 (79.00 to 114.00),Q3 (38.00 to 56.00),Q2 (12.31 to 20.12),Q2 (5.47 to 9.48)
E01002929,Kingston upon Thames 007A,Kingston upon Thames,Q4 (683000.00 to 6425000.00),Q2 (79.00 to 114.00),Q1 (0.00 to 24.00),Q1 (2.33 to 12.31),Q2 (5.47 to 9.48)
E01002930,Kingston upon Thames 007B,Kingston upon Thames,Q3 (520000.00 to 683000.00),Q4 (173.00 to 9206.00),Q4 (56.00 to 1283.00),Q1 (2.33 to 12.31),Q3 (9.48 to 16.97)
E01002931,Kingston upon Thames 007C,Kingston upon Thames,Q4 (683000.00 to 6425000.00),Q2 (79.00 to 114.00),Q1 (0.00 to 24.00),Q1 (2.33 to 12.31),Q2 (5.47 to 9.48)
E01002932,Kingston upon Thames 006A,Kingston upon Thames,Q1 (147500.00 to 420000.00),Q3 (114.00 to 173.00),Q4 (56.00 to 1283.00),Q3 (20.12 to 29.24),Q1 (0.19 to 5.47)
E01002933,Kingston upon Thames 004A,Kingston upon Thames,Q3 (520000.00 to 683000.00),Q1 (2.00 to 79.00),Q2 (24.00 to 38.00),Q2 (12.31 to 20.12),Q3 (9.48 to 16.97)
E01002934,Kingston upon Thames 004B,Kingston upon Thames,Q4 (683000.00 to 6425000.00),Q1 (2.00 to 79.00),Q1 (0.00 to 24.00),Q1 (2.33 to 12.31),Q1 (0.19 to 5.47)
E01002935,Kingston upon Thames 003A,Kingston upon Thames,Q3 (520000.00 to 683000.00),Q2 (79.00 to 114.00),Q2 (24.00 to 38.00),Q1 (2.33 to 12.31),Q3 (9.48 to 16.97)
E01002937,Kingston upon Thames 004D,Kingston upon Thames,Q4 (683000.00 to 6425000.00),Q1 (2.00 to 79.00),Q1 (0.00 to 24.00),Q1 (2.33 to 12.31),Q3 (9.48 to 16.97)
E01002938,Kingston upon Thames 003B,Kingston upon Thames,Q4 (683000.00 to 6425000.00),Q1 (2.00 to 79.00),Q2 (24.00 to 38.00),Q1 (2.33 to 12.31),Q1 (0.19 to 5.47)
E01002939,Kingston upon Thames 018A,Kingston upon Thames,Q2 (420000.00 to 520000.00),Q2 (79.00 to 114.00),Q2 (24.00 to 38.00),Q2 (12.31 to 20.12),Q2 (5.47 to 9.48)
E01002940,Kingston upon Thames 020A,Kingston upon Thames,Q2 (420000.00 to 520000.00),Q1 (2.00 to 79.00),Q1 (0.00 to 24.00),Q2 (12.31 to 20.12),Q2 (5.47 to 9.48)
E01002941,Kingston upon Thames 018B,Kingston upon Thames,Q2 (420000.00 to 520000.00),Q2 (79.00 to 114.00),Q2 (24.00 to 38.00),Q1 (2.33 to 12.31),Q1 (0.19 to 5.47)
E01002942,Kingston upon Thames 018C,Kingston upon Thames,Q3 (520000.00 to 683000.00),Q1 (2.00 to 79.00),Q1 (0.00 to 24.00),Q1 (2.33 to 12.31),Q2 (5.47 to 9.48)
E01002943,Kingston upon Thames 020B,Kingston upon Thames,Q2 (420000.00 to 520000.00),Q2 (79.00 to 114.00),Q3 (38.00 to 56.00),Q2 (12.31 to 20.12),Q1 (0.19 to 5.47)
E01002944,Kingston upon Thames 019A,Kingston upon Thames,Q2 (420000.00 to 520000.00),Q1 (2.00 to 79.00),Q1 (0.00 to 24.00),Q2 (12.31 to 20.12),Q1 (0.19 to 5.47)
E01002945,Kingston upon Thames 019B,Kingston upon Thames,Q2 (420000.00 to 520000.00),Q1 (2.00 to 79.00),Q2 (24.00 to 38.00),Q1 (2.33 to 12.31),Q1 (0.19 to 5.47)
E01002946,Kingston upon Thames 019C,Kingston upon Thames,Q2 (420000.00 to 520000.00),Q1 (2.00 to 79.00),Q1 (0.00 to 24.00),Q1 (2.33 to 12.31),Q1 (0.19 to 5.47)
E01002947,Kingston upon Thames 019D,Kingston upon Thames,Q2 (420000.00 to 520000.00),Q1 (2.00 to 79.00),Q1 (0.00 to 24.00),Q1 (2.33 to 12.31),Q2 (5.47 to 9.48)
E01002948,Kingston upon Thames 020C,Kingston upon Thames,Q2 (420000.00 to 520000.00),Q4 (173.00 to 9206.00),Q3 (38.00 to 56.00),Q2 (12.31 to 20.12),Q1 (0.19 to 5.47)
E01002949,Kingston upon Thames 020D,Kingston upon Thames,Q3 (520000.00 to 683000.00),Q1 (2.00 to 79.00),Q1 (0.00 to 24.00),Q1 (2.33 to 12.31),Q1 (0.19 to 5.47)
E01002950,Kingston upon Thames 020E,Kingston upon Thames,Q1 (147500.00 to 420000.00),Q1 (2.00 to 79.00),Q2 (24.00 to 38.00),Q2 (12.31 to 20.12),Q1 (0.19 to 5.47)
E01002951,Kingston upon Thames 003C,Kingston upon Thames,Q4 (683000.00 to 6425000.00),Q1 (2.00 to 79.00),Q1 (0.00 to 24.00),Q1 (2.33 to 12.31),Q2 (5.47 to 9.48)
E01002952,Kingston upon Thames 002A,Kingston upon Thames,Q4 (683000.00 to 6425000.00),Q1 (2.00 to 79.00),Q1 (0.00 to 24.00),Q1 (2.33 to 12.31),Q1 (0.19 to 5.47)
E01002953,Kingston upon Thames 002B,Kingston upon Thames,Q4 (683000.00 to 6425000.00),Q1 (2.00 to 79.00),Q1 (0.00 to 24.00),Q1 (2.33 to 12.31),Q1 (0.19 to 5.47)
E01002954,Kingston upon Thames 003D,Kingston upon Thames,Q1 (147500.00 to 420000.00),Q4 (173.00 to 9206.00),Q4 (56.00 to 1283.00),Q1 (2.33 to 12.31),Q3 (9.48 to 16.97)
E01002955,Kingston upon Thames 002C,Kingston upon Thames,Q4 (683000.00 to 6425000.00),Q1 (2.00 to 79.00),Q2 (24.00 to 38.00),Q2 (12.31 to 20.12),Q1 (0.19 to 5.47)
E01002956,Kingston upon Thames 002D,Kingston upon Thames,Q4 (683000.00 to 6425000.00),Q1 (2.00 to 79.00),Q1 (0.00 to 24.00),Q1 (2.33 to 12.31),Q1 (0.19 to 5.47)
E01002957,Kingston upon Thames 003E,Kingston upon Thames,Q1 (147500.00 to 420000.00),Q2 (79.00 to 114.00),Q3 (38.00 to 56.00),Q2 (12.31 to 20.12),Q1 (0.19 to 5.47)
E01002958,Kingston upon Thames 008C,Kingston upon Thames,Q3 (520000.00 to 683000.00),Q1 (2.00 to 79.00),Q1 (0.00 to 24.00),Q1 (2.33 to 12.31),Q2 (5.47 to 9.48)
E01002959,Kingston upon Thames 002E,Kingston upon Thames,Q4 (683000.00 to 6425000.00),Q1 (2.00 to 79.00),Q1 (0.00 to 24.00),Q1 (2.33 to 12.31),Q1 (0.19 to 5.47)
E01002960,Kingston upon Thames 006B,Kingston upon Thames,Q4 (683000.00 to 6425000.00),Q1 (2.00 to 79.00),Q1 (0.00 to 24.00),Q1 (2.33 to 12.31),Q2 (5.47 to 9.48)
E01002961,Kingston upon Thames 008D,Kingston upon Thames,Q4 (683000.00 to 6425000.00),Q1 (2.00 to 79.00),Q1 (0.00 to 24.00),Q1 (2.33 to 12.31),Q1 (0.19 to 5.47)
E01002962,Kingston upon Thames 006C,Kingston upon Thames,Q3 (520000.00 to 683000.00),Q1 (2.00 to 79.00),Q3 (38.00 to 56.00),Q2 (12.31 to 20.12),Q1 (0.19 to 5.47)
E01002963,Kingston upon Thames 007D,Kingston upon Thames,Q2 (420000.00 to 520000.00),Q1 (2.00 to 79.00),Q1 (0.00 to 24.00),Q1 (2.33 to 12.31),Q3 (9.48 to 16.97)
E01002964,Kingston upon Thames 005A,Kingston upon Thames,Q3 (520000.00 to 683000.00),Q4 (173.00 to 9206.00),Q4 (56.00 to 1283.00),Q2 (12.31 to 20.12),Q4 (16.97 to 121.89)
E01002965,Kingston upon Thames 009A,Kingston upon Thames,Q3 (520000.00 to 683000.00),Q4 (173.00 to 9206.00),Q4 (56.00 to 1283.00),Q2 (12.31 to 20.12),Q3 (9.48 to 16.97)
E01002966,Kingston upon Thames 010C,Kingston upon Thames,Q4 (683000.00 to 6425000.00),Q2 (79.00 to 114.00),Q2 (24.00 to 38.00),Q1 (2.33 to 12.31),Q1 (0.19 to 5.47)
E01002967,Kingston upon Thames 009B,Kingston upon Thames,Q3 (520000.00 to 683000.00),Q1 (2.00 to 79.00),Q1 (0.00 to 24.00),Q1 (2.33 to 12.31),Q3 (9.48 to 16.97)
E01002968,Kingston upon Thames 009C,Kingston upon Thames,Q3 (520000.00 to 683000.00),Q4 (173.00 to 9206.00),Q4 (56.00 to 1283.00),Q2 (12.31 to 20.12),Q4 (16.97 to 121.89)
E01002970,Kingston upon Thames 006D,Kingston upon Thames,Q2 (420000.00 to 520000.00),Q2 (79.00 to 114.00),Q3 (38.00 to 56.00),Q3 (20.12 to 29.24),Q2 (5.47 to 9.48)
E01002971,Kingston upon Thames 005C,Kingston upon Thames,Q3 (520000.00 to 683000.00),Q3 (114.00 to 173.00),Q2 (24.00 to 38.00),Q2 (12.31 to 20.12),Q2 (5.47 to 9.48)
E01002972,Kingston upon Thames 005D,Kingston upon Thames,Q1 (147500.00 to 420000.00),Q3 (114.00 to 173.00),Q4 (56.00 to 1283.00),Q2 (12.31 to 20.12),Q4 (16.97 to 121.89)
E01002973,Kingston upon Thames 006E,Kingston upon Thames,Q2 (420000.00 to 520000.00),Q2 (79.00 to 114.00),Q3 (38.00 to 56.00),Q3 (20.12 to 29.24),Q1 (0.19 to 5.47)
E01002974,Kingston upon Thames 005E,Kingston upon Thames,Q4 (683000.00 to 6425000.00),Q2 (79.00 to 114.00),Q2 (24.00 to 38.00),Q2 (12.31 to 20.12),Q3 (9.48 to 16.97)
E01002975,Kingston upon Thames 012A,Kingston upon Thames,Q4 (683000.00 to 6425000.00),Q2 (79.00 to 114.00),Q2 (24.00 to 38.00),Q1 (2.33 to 12.31),Q2 (5.47 to 9.48)
E01002976,Kingston upon Thames 015A,Kingston upon Thames,Q3 (520000.00 to 683000.00),Q1 (2.00 to 79.00),Q1 (0.00 to 24.00),Q1 (2.33 to 12.31),Q1 (0.19 to 5.47)
E01002977,Kingston upon Thames 012B,Kingston upon Thames,Q1 (147500.00 to 420000.00),Q2 (79.00 to 114.00),Q2 (24.00 to 38.00),Q2 (12.31 to 20.12),Q2 (5.47 to 9.48)
E01002978,Kingston upon Thames 015B,Kingston upon Thames,Q4 (683000.00 to 6425000.00),Q1 (2.00 to 79.00),Q2 (24.00 to 38.00),Q1 (2.33 to 12.31),Q3 (9.48 to 16.97)
E01002979,Kingston upon Thames 015C,Kingston upon Thames,Q4 (683000.00 to 6425000.00),Q1 (2.00 to 79.00),Q1 (0.00 to 24.00),Q1 (2.33 to 12.31),Q2 (5.47 to 9.48)
E01002980,Kingston upon Thames 012C,Kingston upon Thames,Q4 (683000.00 to 6425000.00),Q1 (2.00 to 79.00),Q1 (0.00 to 24.00),Q1 (2.33 to 12.31),Q2 (5.47 to 9.48)
E01002981,Kingston upon Thames 012D,Kingston upon Thames,Q4 (683000.00 to 6425000.00),Q1 (2.00 to 79.00),Q1 (0.00 to 24.00),Q1 (2.33 to 12.31),Q1 (0.19 to 5.47)
E01002982,Kingston upon Thames 015D,Kingston upon Thames,Q3 (520000.00 to 683000.00),Q1 (2.00 to 79.00),Q1 (0.00 to 24.00),Q2 (12.31 to 20.12),Q2 (5.47 to 9.48)
E01002983,Kingston upon Thames 015E,Kingston upon Thames,Q4 (683000.00 to 6425000.00),Q1 (2.00 to 79.00),Q1 (0.00 to 24.00),Q1 (2.33 to 12.31),Q2 (5.47 to 9.48)
E01002984,Kingston upon Thames 012E,Kingston upon Thames,Q3 (520000.00 to 683000.00),Q1 (2.00 to 79.00),Q2 (24.00 to 38.00),Q2 (12.31 to 20.12),Q3 (9.48 to 16.97)
E01002985,Kingston upon Thames 007E,Kingston upon Thames,Q3 (520000.00 to 683000.00),Q1 (2.00 to 79.00),Q2 (24.00 to 38.00),Q1 (2.33 to 12.31),Q3 (9.48 to 16.97)
E01002986,Kingston upon Thames 008E,Kingston upon Thames,Q3 (520000.00 to 683000.00),Q1 (2.00 to 79.00),Q1 (0.00 to 24.00),Q2 (12.31 to 20.12),Q1 (0.19 to 5.47)
E01002987,Kingston upon Thames 011B,Kingston upon Thames,Q1 (147500.00 to 420000.00),Q4 (173.00 to 9206.00),Q4 (56.00 to 1283.00),Q2 (12.31 to 20.12),Q4 (16.97 to 121.89)
E01002988,Kingston upon Thames 011C,Kingston upon Thames,Q3 (520000.00 to 683000.00),Q1 (2.00 to 79.00),Q2 (24.00 to 38.00),Q1 (2.33 to 12.31),Q3 (9.48 to 16.97)
E01002989,Kingston upon Thames 011D,Kingston upon Thames,Q3 (520000.00 to 683000.00),Q1 (2.00 to 79.00),Q1 (0.00 to 24.00),Q1 (2.33 to 12.31),Q3 (9.48 to 16.97)
E01002990,Kingston upon Thames 009D,Kingston upon Thames,Q2 (420000.00 to 520000.00),Q1 (2.00 to 79.00),Q1 (0.00 to 24.00),Q1 (2.33 to 12.31),Q4 (16.97 to 121.89)
E01002991,Kingston upon Thames 009E,Kingston upon Thames,Q1 (147500.00 to 420000.00),Q1 (2.00 to 79.00),Q1 (0.00 to 24.00),Q1 (2.33 to 12.31),Q2 (5.47 to 9.48)
E01002992,Kingston upon Thames 010D,Kingston upon Thames,Q4 (683000.00 to 6425000.00),Q1 (2.00 to 79.00),Q1 (0.00 to 24.00),Q1 (2.33 to 12.31),Q1 (0.19 to 5.47)
E01002993,Kingston upon Thames 013C,Kingston upon Thames,Q1 (147500.00 to 420000.00),Q1 (2.00 to 79.00),Q1 (0.00 to 24.00),Q1 (2.33 to 12.31),Q3 (9.48 to 16.97)
E01002994,Kingston upon Thames 016A,Kingston upon Thames,Q1 (147500.00 to 420000.00),Q1 (2.00 to 79.00),Q1 (0.00 to 24.00),Q1 (2.33 to 12.31),Q1 (0.19 to 5.47)
E01002995,Kingston upon Thames 013D,Kingston upon Thames,Q2 (420000.00 to 520000.00),Q1 (2.00 to 79.00),Q1 (0.00 to 24.00),Q1 (2.33 to 12.31),Q2 (5.47 to 9.48)
E01002996,Kingston upon Thames 016B,Kingston upon Thames,Q3 (520000.00 to 683000.00),Q1 (2.00 to 79.00),Q1 (0.00 to 24.00),Q1 (2.33 to 12.31),Q2 (5.47 to 9.48)
E01002997,Kingston upon Thames 016C,Kingston upon Thames,Q4 (683000.00 to 6425000.00),Q1 (2.00 to 79.00),Q1 (0.00 to 24.00),Q1 (2.33 to 12.31),Q2 (5.47 to 9.48)
E01002998,Kingston upon Thames 016D,Kingston upon Thames,Q3 (520000.00 to 683000.00),Q1 (2.00 to 79.00),Q1 (0.00 to 24.00),Q2 (12.31 to 20.12),Q1 (0.19 to 5.47)
E01002999,Kingston upon Thames 013E,Kingston upon Thames,Q1 (147500.00 to 420000.00),Q2 (79.00 to 114.00),Q2 (24.00 to 38.00),Q2 (12.31 to 20.12),Q3 (9.48 to 16.97)
E01003000,Kingston upon Thames 017C,Kingston upon Thames,Q3 (520000.00 to 683000.00),Q3 (114.00 to 173.00),Q2 (24.00 to 38.00),Q2 (12.31 to 20.12),Q1 (0.19 to 5.47)
E01003001,Kingston upon Thames 017D,Kingston upon Thames,Q2 (420000.00 to 520000.00),Q2 (79.00 to 114.00),Q1 (0.00 to 24.00),Q2 (12.31 to 20.12),Q2 (5.47 to 9.48)
E01003002,Kingston upon Thames 016E,Kingston upon Thames,Q2 (420000.00 to 520000.00),Q3 (114.00 to 173.00),Q3 (38.00 to 56.00),Q2 (12.31 to 20.12),Q1 (0.19 to 5.47)
E01003003,Kingston upon Thames 017E,Kingston upon Thames,Q3 (520000.00 to 683000.00),Q4 (173.00 to 9206.00),Q4 (56.00 to 1283.00),Q2 (12.31 to 20.12),Q2 (5.47 to 9.48)
E01003004,Kingston upon Thames 018D,Kingston upon Thames,Q3 (520000.00 to 683000.00),Q1 (2.00 to 79.00),Q1 (0.00 to 24.00),Q1 (2.33 to 12.31),Q1 (0.19 to 5.47)
E01003005,Kingston upon Thames 018E,Kingston upon Thames,Q2 (420000.00 to 520000.00),Q1 (2.00 to 79.00),Q1 (0.00 to 24.00),Q1 (2.33 to 12.31),Q1 (0.19 to 5.47)
E01003006,Kingston upon Thames 001A,Kingston upon Thames,Q4 (683000.00 to 6425000.00),Q1 (2.00 to 79.00),Q1 (0.00 to 24.00),Q1 (2.33 to 12.31),Q1 (0.19 to 5.47)
E01003007,Kingston upon Thames 001B,Kingston upon Thames,Q4 (683000.00 to 6425000.00),Q1 (2.00 to 79.00),Q1 (0.00 to 24.00),Q1 (2.33 to 12.31),Q1 (0.19 to 5.47)
E01003008,Kingston upon Thames 001C,Kingston upon Thames,Q4 (683000.00 to 6425000.00),Q1 (2.00 to 79.00),Q1 (0.00 to 24.00),Q1 (2.33 to 12.31),Q1 (0.19 to 5.47)
E01003009,Kingston upon Thames 001D,Kingston upon Thames,Q2 (420000.00 to 520000.00),Q1 (2.00 to 79.00),Q1 (0.00 to 24.00),Q1 (2.33 to 12.31),Q1 (0.19 to 5.47)
E01003010,Kingston upon Thames 001E,Kingston upon Thames,Q4 (683000.00 to 6425000.00),Q1 (2.00 to 79.00),Q1 (0.00 to 24.00),Q1 (2.33 to 12.31),Q1 (0.19 to 5.47)
E01003011,Kingston upon Thames 004E,Kingston upon Thames,Q3 (520000.00 to 683000.00),Q2 (79.00 to 114.00),Q1 (0.00 to 24.00),Q1 (2.33 to 12.31),Q1 (0.19 to 5.47)
E01003013,Lambeth 036A,Lambeth,Q3 (520000.00 to 683000.00),Q4 (173.00 to 9206.00),Q4 (56.00 to 1283.00),Q1 (2.33 to 12.31),Q4 (16.97 to 121.89)
E01003014,Lambeth 036B,Lambeth,Q4 (683000.00 to 6425000.00),Q4 (173.00 to 9206.00),Q4 (56.00 to 1283.00),Q3 (20.12 to 29.24),Q4 (16.97 to 121.89)
E01003015,Lambeth 002A,Lambeth,Q1 (147500.00 to 420000.00),Q2 (79.00 to 114.00),Q2 (24.00 to 38.00),Q3 (20.12 to 29.24),Q4 (16.97 to 121.89)
E01003016,Lambeth 036C,Lambeth,Q4 (683000.00 to 6425000.00),Q4 (173.00 to 9206.00),Q3 (38.00 to 56.00),Q2 (12.31 to 20.12),Q4 (16.97 to 121.89)
E01003017,Lambeth 036D,Lambeth,Q4 (683000.00 to 6425000.00),Q4 (173.00 to 9206.00),Q4 (56.00 to 1283.00),Q3 (20.12 to 29.24),Q4 (16.97 to 121.89)
E01003018,Lambeth 020A,Lambeth,Q3 (520000.00 to 683000.00),Q4 (173.00 to 9206.00),Q4 (56.00 to 1283.00),Q3 (20.12 to 29.24),Q4 (16.97 to 121.89)
E01003019,Lambeth 015A,Lambeth,Q3 (520000.00 to 683000.00),Q3 (114.00 to 173.00),Q2 (24.00 to 38.00),Q2 (12.31 to 20.12),Q3 (9.48 to 16.97)
E01003020,Lambeth 016A,Lambeth,Q4 (683000.00 to 6425000.00),Q4 (173.00 to 9206.00),Q4 (56.00 to 1283.00),Q3 (20.12 to 29.24),Q4 (16.97 to 121.89)
E01003021,Lambeth 021A,Lambeth,Q3 (520000.00 to 683000.00),Q4 (173.00 to 9206.00),Q4 (56.00 to 1283.00),Q4 (29.24 to 59.01),Q3 (9.48 to 16.97)
E01003022,Lambeth 021B,Lambeth,Q2 (420000.00 to 520000.00),Q2 (79.00 to 114.00),Q2 (24.00 to 38.00),Q3 (20.12 to 29.24),Q3 (9.48 to 16.97)
E01003023,Lambeth 021C,Lambeth,Q2 (420000.00 to 520000.00),Q4 (173.00 to 9206.00),Q3 (38.00 to 56.00),Q2 (12.31 to 20.12),Q4 (16.97 to 121.89)
E01003024,Lambeth 021D,Lambeth,Q1 (147500.00 to 420000.00),Q3 (114.00 to 173.00),Q3 (38.00 to 56.00),Q4 (29.24 to 59.01),Q4 (16.97 to 121.89)
E01003025,Lambeth 021E,Lambeth,Q2 (420000.00 to 520000.00),Q2 (79.00 to 114.00),Q2 (24.00 to 38.00),Q3 (20.12 to 29.24),Q3 (9.48 to 16.97)
E01003026,Lambeth 019A,Lambeth,Q4 (683000.00 to 6425000.00),Q3 (114.00 to 173.00),Q2 (24.00 to 38.00),Q2 (12.31 to 20.12),Q4 (16.97 to 121.89)
E01003027,Lambeth 019B,Lambeth,Q4 (683000.00 to 6425000.00),Q1 (2.00 to 79.00),Q1 (0.00 to 24.00),Q1 (2.33 to 12.31),Q3 (9.48 to 16.97)
E01003028,Lambeth 019C,Lambeth,Q4 (683000.00 to 6425000.00),Q2 (79.00 to 114.00),Q1 (0.00 to 24.00),Q2 (12.31 to 20.12),Q2 (5.47 to 9.48)
E01003029,Lambeth 017A,Lambeth,Q3 (520000.00 to 683000.00),Q3 (114.00 to 173.00),Q2 (24.00 to 38.00),Q2 (12.31 to 20.12),Q3 (9.48 to 16.97)
E01003030,Lambeth 019D,Lambeth,Q4 (683000.00 to 6425000.00),Q3 (114.00 to 173.00),Q3 (38.00 to 56.00),Q2 (12.31 to 20.12),Q4 (16.97 to 121.89)
E01003031,Lambeth 023A,Lambeth,Q2 (420000.00 to 520000.00),Q1 (2.00 to 79.00),Q1 (0.00 to 24.00),Q3 (20.12 to 29.24),Q3 (9.48 to 16.97)
E01003032,Lambeth 017B,Lambeth,Q2 (420000.00 to 520000.00),Q4 (173.00 to 9206.00),Q4 (56.00 to 1283.00),Q4 (29.24 to 59.01),Q4 (16.97 to 121.89)
E01003033,Lambeth 019E,Lambeth,Q4 (683000.00 to 6425000.00),Q1 (2.00 to 79.00),Q1 (0.00 to 24.00),Q2 (12.31 to 20.12),Q3 (9.48 to 16.97)
E01003034,Lambeth 012A,Lambeth,Q3 (520000.00 to 683000.00),Q2 (79.00 to 114.00),Q1 (0.00 to 24.00),Q2 (12.31 to 20.12),Q3 (9.48 to 16.97)
E01003035,Lambeth 012B,Lambeth,Q2 (420000.00 to 520000.00),Q4 (173.00 to 9206.00),Q4 (56.00 to 1283.00),Q3 (20.12 to 29.24),Q4 (16.97 to 121.89)
E01003036,Lambeth 012C,Lambeth,Q4 (683000.00 to 6425000.00),Q2 (79.00 to 114.00),Q2 (24.00 to 38.00),Q3 (20.12 to 29.24),Q3 (9.48 to 16.97)
E01003037,Lambeth 013A,Lambeth,Q2 (420000.00 to 520000.00),Q4 (173.00 to 9206.00),Q4 (56.00 to 1283.00),Q4 (29.24 to 59.01),Q3 (9.48 to 16.97)
E01003038,Lambeth 013B,Lambeth,Q4 (683000.00 to 6425000.00),Q2 (79.00 to 114.00),Q1 (0.00 to 24.00),Q2 (12.31 to 20.12),Q4 (16.97 to 121.89)
E01003039,Lambeth 013C,Lambeth,Q4 (683000.00 to 6425000.00),Q4 (173.00 to 9206.00),Q3 (38.00 to 56.00),Q1 (2.33 to 12.31),Q4 (16.97 to 121.89)
E01003040,Lambeth 013D,Lambeth,Q3 (520000.00 to 683000.00),Q1 (2.00 to 79.00),Q1 (0.00 to 24.00),Q3 (20.12 to 29.24),Q4 (16.97 to 121.89)
E01003041,Lambeth 017C,Lambeth,Q3 (520000.00 to 683000.00),Q4 (173.00 to 9206.00),Q4 (56.00 to 1283.00),Q4 (29.24 to 59.01),Q4 (16.97 to 121.89)
E01003042,Lambeth 013E,Lambeth,Q3 (520000.00 to 683000.00),Q1 (2.00 to 79.00),Q2 (24.00 to 38.00),Q3 (20.12 to 29.24),Q4 (16.97 to 121.89)
E01003043,Lambeth 018A,Lambeth,Q4 (683000.00 to 6425000.00),Q1 (2.00 to 79.00),Q1 (0.00 to 24.00),Q3 (20.12 to 29.24),Q4 (16.97 to 121.89)
E01003044,Lambeth 018B,Lambeth,Q1 (147500.00 to 420000.00),Q1 (2.00 to 79.00),Q2 (24.00 to 38.00),Q4 (29.24 to 59.01),Q3 (9.48 to 16.97)
E01003045,Lambeth 011A,Lambeth,Q2 (420000.00 to 520000.00),Q3 (114.00 to 173.00),Q3 (38.00 to 56.00),Q4 (29.24 to 59.01),Q4 (16.97 to 121.89)
E01003046,Lambeth 009A,Lambeth,Q2 (420000.00 to 520000.00),Q2 (79.00 to 114.00),Q2 (24.00 to 38.00),Q4 (29.24 to 59.01),Q3 (9.48 to 16.97)
E01003047,Lambeth 011B,Lambeth,Q3 (520000.00 to 683000.00),Q4 (173.00 to 9206.00),Q4 (56.00 to 1283.00),Q4 (29.24 to 59.01),Q4 (16.97 to 121.89)
E01003048,Lambeth 009B,Lambeth,Q1 (147500.00 to 420000.00),Q3 (114.00 to 173.00),Q3 (38.00 to 56.00),Q4 (29.24 to 59.01),Q4 (16.97 to 121.89)
E01003049,Lambeth 011C,Lambeth,Q3 (520000.00 to 683000.00),Q3 (114.00 to 173.00),Q4 (56.00 to 1283.00),Q4 (29.24 to 59.01),Q4 (16.97 to 121.89)
E01003050,Lambeth 016B,Lambeth,Q3 (520000.00 to 683000.00),Q4 (173.00 to 9206.00),Q4 (56.00 to 1283.00),Q3 (20.12 to 29.24),Q4 (16.97 to 121.89)
E01003051,Lambeth 018C,Lambeth,Q3 (520000.00 to 683000.00),Q4 (173.00 to 9206.00),Q4 (56.00 to 1283.00),Q4 (29.24 to 59.01),Q4 (16.97 to 121.89)
E01003052,Lambeth 016C,Lambeth,Q3 (520000.00 to 683000.00),Q4 (173.00 to 9206.00),Q4 (56.00 to 1283.00),Q4 (29.24 to 59.01),Q4 (16.97 to 121.89)
E01003053,Lambeth 015B,Lambeth,Q4 (683000.00 to 6425000.00),Q3 (114.00 to 173.00),Q3 (38.00 to 56.00),Q3 (20.12 to 29.24),Q4 (16.97 to 121.89)
E01003054,Lambeth 015C,Lambeth,Q3 (520000.00 to 683000.00),Q3 (114.00 to 173.00),Q3 (38.00 to 56.00),Q3 (20.12 to 29.24),Q4 (16.97 to 121.89)
E01003055,Lambeth 016D,Lambeth,Q3 (520000.00 to 683000.00),Q4 (173.00 to 9206.00),Q4 (56.00 to 1283.00),Q4 (29.24 to 59.01),Q4 (16.97 to 121.89)
E01003056,Lambeth 015D,Lambeth,Q3 (520000.00 to 683000.00),Q3 (114.00 to 173.00),Q3 (38.00 to 56.00),Q4 (29.24 to 59.01),Q4 (16.97 to 121.89)
E01003057,Lambeth 017D,Lambeth,Q3 (520000.00 to 683000.00),Q3 (114.00 to 173.00),Q3 (38.00 to 56.00),Q4 (29.24 to 59.01),Q4 (16.97 to 121.89)
E01003058,Lambeth 015E,Lambeth,Q3 (520000.00 to 683000.00),Q3 (114.00 to 173.00),Q3 (38.00 to 56.00),Q3 (20.12 to 29.24),Q4 (16.97 to 121.89)
E01003059,Lambeth 011D,Lambeth,Q2 (420000.00 to 520000.00),Q3 (114.00 to 173.00),Q3 (38.00 to 56.00),Q4 (29.24 to 59.01),Q4 (16.97 to 121.89)
E01003060,Lambeth 011E,Lambeth,Q2 (420000.00 to 520000.00),Q3 (114.00 to 173.00),Q2 (24.00 to 38.00),Q4 (29.24 to 59.01),Q4 (16.97 to 121.89)
E01003061,Lambeth 011F,Lambeth,Q2 (420000.00 to 520000.00),Q4 (173.00 to 9206.00),Q4 (56.00 to 1283.00),Q4 (29.24 to 59.01),Q4 (16.97 to 121.89)
E01003062,Lambeth 033A,Lambeth,Q1 (147500.00 to 420000.00),Q4 (173.00 to 9206.00),Q4 (56.00 to 1283.00),Q3 (20.12 to 29.24),Q4 (16.97 to 121.89)
E01003063,Lambeth 033B,Lambeth,Q2 (420000.00 to 520000.00),Q2 (79.00 to 114.00),Q2 (24.00 to 38.00),Q4 (29.24 to 59.01),Q3 (9.48 to 16.97)
E01003064,Lambeth 028A,Lambeth,Q3 (520000.00 to 683000.00),Q2 (79.00 to 114.00),Q1 (0.00 to 24.00),Q2 (12.31 to 20.12),Q2 (5.47 to 9.48)
E01003065,Lambeth 031A,Lambeth,Q2 (420000.00 to 520000.00),Q2 (79.00 to 114.00),Q2 (24.00 to 38.00),Q4 (29.24 to 59.01),Q2 (5.47 to 9.48)
E01003066,Lambeth 028B,Lambeth,Q2 (420000.00 to 520000.00),Q3 (114.00 to 173.00),Q3 (38.00 to 56.00),Q4 (29.24 to 59.01),Q3 (9.48 to 16.97)
E01003067,Lambeth 033C,Lambeth,Q4 (683000.00 to 6425000.00),Q2 (79.00 to 114.00),Q1 (0.00 to 24.00),Q3 (20.12 to 29.24),Q3 (9.48 to 16.97)
E01003068,Lambeth 031B,Lambeth,Q2 (420000.00 to 520000.00),Q2 (79.00 to 114.00),Q3 (38.00 to 56.00),Q3 (20.12 to 29.24),Q2 (5.47 to 9.48)
E01003069,Lambeth 033D,Lambeth,Q3 (520000.00 to 683000.00),Q2 (79.00 to 114.00),Q2 (24.00 to 38.00),Q4 (29.24 to 59.01),Q2 (5.47 to 9.48)
E01003070,Lambeth 033E,Lambeth,Q2 (420000.00 to 520000.00),Q2 (79.00 to 114.00),Q2 (24.00 to 38.00),Q4 (29.24 to 59.01),Q2 (5.47 to 9.48)
E01003071,Lambeth 018D,Lambeth,Q3 (520000.00 to 683000.00),Q3 (114.00 to 173.00),Q2 (24.00 to 38.00),Q2 (12.31 to 20.12),Q4 (16.97 to 121.89)
E01003072,Lambeth 014A,Lambeth,Q4 (683000.00 to 6425000.00),Q1 (2.00 to 79.00),Q1 (0.00 to 24.00),Q2 (12.31 to 20.12),Q3 (9.48 to 16.97)
E01003073,Lambeth 014B,Lambeth,Q3 (520000.00 to 683000.00),Q3 (114.00 to 173.00),Q2 (24.00 to 38.00),Q4 (29.24 to 59.01),Q3 (9.48 to 16.97)
E01003074,Lambeth 018E,Lambeth,Q3 (520000.00 to 683000.00),Q4 (173.00 to 9206.00),Q4 (56.00 to 1283.00),Q3 (20.12 to 29.24),Q3 (9.48 to 16.97)
E01003075,Lambeth 009C,Lambeth,Q2 (420000.00 to 520000.00),Q2 (79.00 to 114.00),Q3 (38.00 to 56.00),Q4 (29.24 to 59.01),Q3 (9.48 to 16.97)
E01003076,Lambeth 014C,Lambeth,Q2 (420000.00 to 520000.00),Q4 (173.00 to 9206.00),Q4 (56.00 to 1283.00),Q2 (12.31 to 20.12),Q3 (9.48 to 16.97)
E01003077,Lambeth 014D,Lambeth,Q2 (420000.00 to 520000.00),Q2 (79.00 to 114.00),Q2 (24.00 to 38.00),Q2 (12.31 to 20.12),Q3 (9.48 to 16.97)
E01003078,Lambeth 014E,Lambeth,Q4 (683000.00 to 6425000.00),Q2 (79.00 to 114.00),Q1 (0.00 to 24.00),Q1 (2.33 to 12.31),Q3 (9.48 to 16.97)
E01003079,Lambeth 027A,Lambeth,Q1 (147500.00 to 420000.00),Q4 (173.00 to 9206.00),Q4 (56.00 to 1283.00),Q4 (29.24 to 59.01),Q3 (9.48 to 16.97)
E01003080,Lambeth 027B,Lambeth,Q3 (520000.00 to 683000.00),Q2 (79.00 to 114.00),Q2 (24.00 to 38.00),Q2 (12.31 to 20.12),Q3 (9.48 to 16.97)
E01003081,Lambeth 028C,Lambeth,Q2 (420000.00 to 520000.00),Q4 (173.00 to 9206.00),Q4 (56.00 to 1283.00),Q4 (29.24 to 59.01),Q4 (16.97 to 121.89)
E01003082,Lambeth 031C,Lambeth,Q2 (420000.00 to 520000.00),Q3 (114.00 to 173.00),Q3 (38.00 to 56.00),Q4 (29.24 to 59.01),Q3 (9.48 to 16.97)
E01003083,Lambeth 030A,Lambeth,Q4 (683000.00 to 6425000.00),Q1 (2.00 to 79.00),Q1 (0.00 to 24.00),Q2 (12.31 to 20.12),Q2 (5.47 to 9.48)
E01003084,Lambeth 030B,Lambeth,Q2 (420000.00 to 520000.00),Q2 (79.00 to 114.00),Q3 (38.00 to 56.00),Q2 (12.31 to 20.12),Q4 (16.97 to 121.89)
E01003085,Lambeth 030C,Lambeth,Q4 (683000.00 to 6425000.00),Q2 (79.00 to 114.00),Q2 (24.00 to 38.00),Q2 (12.31 to 20.12),Q3 (9.48 to 16.97)
E01003086,Lambeth 031D,Lambeth,Q2 (420000.00 to 520000.00),Q2 (79.00 to 114.00),Q3 (38.00 to 56.00),Q4 (29.24 to 59.01),Q2 (5.47 to 9.48)
E01003087,Lambeth 031E,Lambeth,Q1 (147500.00 to 420000.00),Q3 (114.00 to 173.00),Q3 (38.00 to 56.00),Q4 (29.24 to 59.01),Q2 (5.47 to 9.48)
E01003088,Lambeth 010A,Lambeth,Q4 (683000.00 to 6425000.00),Q3 (114.00 to 173.00),Q2 (24.00 to 38.00),Q4 (29.24 to 59.01),Q4 (16.97 to 121.89)
E01003089,Lambeth 008A,Lambeth,Q1 (147500.00 to 420000.00),Q3 (114.00 to 173.00),Q3 (38.00 to 56.00),Q4 (29.24 to 59.01),Q3 (9.48 to 16.97)
E01003090,Lambeth 012D,Lambeth,Q3 (520000.00 to 683000.00),Q4 (173.00 to 9206.00),Q4 (56.00 to 1283.00),Q3 (20.12 to 29.24),Q4 (16.97 to 121.89)
E01003091,Lambeth 008B,Lambeth,Q2 (420000.00 to 520000.00),Q1 (2.00 to 79.00),Q2 (24.00 to 38.00),Q3 (20.12 to 29.24),Q3 (9.48 to 16.97)
E01003092,Lambeth 008C,Lambeth,Q2 (420000.00 to 520000.00),Q3 (114.00 to 173.00),Q3 (38.00 to 56.00),Q4 (29.24 to 59.01),Q3 (9.48 to 16.97)
E01003093,Lambeth 010B,Lambeth,Q1 (147500.00 to 420000.00),Q4 (173.00 to 9206.00),Q4 (56.00 to 1283.00),Q4 (29.24 to 59.01),Q4 (16.97 to 121.89)
E01003094,Lambeth 010C,Lambeth,Q3 (520000.00 to 683000.00),Q1 (2.00 to 79.00),Q1 (0.00 to 24.00),Q4 (29.24 to 59.01),Q4 (16.97 to 121.89)
E01003095,Lambeth 012E,Lambeth,Q3 (520000.00 to 683000.00),Q2 (79.00 to 114.00),Q1 (0.00 to 24.00),Q2 (12.31 to 20.12),Q4 (16.97 to 121.89)
E01003096,Lambeth 010D,Lambeth,Q2 (420000.00 to 520000.00),Q4 (173.00 to 9206.00),Q4 (56.00 to 1283.00),Q3 (20.12 to 29.24),Q4 (16.97 to 121.89)
E01003097,Lambeth 006A,Lambeth,Q1 (147500.00 to 420000.00),Q2 (79.00 to 114.00),Q1 (0.00 to 24.00),Q4 (29.24 to 59.01),Q4 (16.97 to 121.89)
E01003098,Lambeth 005A,Lambeth,Q4 (683000.00 to 6425000.00),Q1 (2.00 to 79.00),Q1 (0.00 to 24.00),Q3 (20.12 to 29.24),Q4 (16.97 to 121.89)
E01003099,Lambeth 005B,Lambeth,Q1 (147500.00 to 420000.00),Q4 (173.00 to 9206.00),Q4 (56.00 to 1283.00),Q3 (20.12 to 29.24),Q4 (16.97 to 121.89)
E01003100,Lambeth 005C,Lambeth,Q3 (520000.00 to 683000.00),Q3 (114.00 to 173.00),Q2 (24.00 to 38.00),Q2 (12.31 to 20.12),Q4 (16.97 to 121.89)
E01003101,Lambeth 003A,Lambeth,Q2 (420000.00 to 520000.00),Q3 (114.00 to 173.00),Q2 (24.00 to 38.00),Q3 (20.12 to 29.24),Q4 (16.97 to 121.89)
E01003102,Lambeth 004A,Lambeth,Q3 (520000.00 to 683000.00),Q4 (173.00 to 9206.00),Q4 (56.00 to 1283.00),Q3 (20.12 to 29.24),Q4 (16.97 to 121.89)
E01003104,Lambeth 004C,Lambeth,Q2 (420000.00 to 520000.00),Q2 (79.00 to 114.00),Q2 (24.00 to 38.00),Q3 (20.12 to 29.24),Q4 (16.97 to 121.89)
E01003105,Lambeth 003B,Lambeth,Q2 (420000.00 to 520000.00),Q3 (114.00 to 173.00),Q2 (24.00 to 38.00),Q4 (29.24 to 59.01),Q4 (16.97 to 121.89)
E01003106,Lambeth 003C,Lambeth,Q3 (520000.00 to 683000.00),Q3 (114.00 to 173.00),Q3 (38.00 to 56.00),Q3 (20.12 to 29.24),Q4 (16.97 to 121.89)
E01003107,Lambeth 003D,Lambeth,Q4 (683000.00 to 6425000.00),Q3 (114.00 to 173.00),Q2 (24.00 to 38.00),Q2 (12.31 to 20.12),Q4 (16.97 to 121.89)
E01003108,Lambeth 002B,Lambeth,Q1 (147500.00 to 420000.00),Q3 (114.00 to 173.00),Q3 (38.00 to 56.00),Q4 (29.24 to 59.01),Q4 (16.97 to 121.89)
E01003109,Lambeth 003E,Lambeth,Q3 (520000.00 to 683000.00),Q3 (114.00 to 173.00),Q2 (24.00 to 38.00),Q3 (20.12 to 29.24),Q4 (16.97 to 121.89)
E01003110,Lambeth 002C,Lambeth,Q4 (683000.00 to 6425000.00),Q3 (114.00 to 173.00),Q3 (38.00 to 56.00),Q2 (12.31 to 20.12),Q4 (16.97 to 121.89)
E01003111,Lambeth 002D,Lambeth,Q3 (520000.00 to 683000.00),Q2 (79.00 to 114.00),Q3 (38.00 to 56.00),Q4 (29.24 to 59.01),Q3 (9.48 to 16.97)
E01003112,Lambeth 002E,Lambeth,Q4 (683000.00 to 6425000.00),Q3 (114.00 to 173.00),Q3 (38.00 to 56.00),Q4 (29.24 to 59.01),Q4 (16.97 to 121.89)
E01003113,Lambeth 032A,Lambeth,Q2 (420000.00 to 520000.00),Q2 (79.00 to 114.00),Q3 (38.00 to 56.00),Q3 (20.12 to 29.24),Q4 (16.97 to 121.89)
E01003114,Lambeth 032B,Lambeth,Q2 (420000.00 to 520000.00),Q4 (173.00 to 9206.00),Q4 (56.00 to 1283.00),Q3 (20.12 to 29.24),Q4 (16.97 to 121.89)
E01003115,Lambeth 034A,Lambeth,Q2 (420000.00 to 520000.00),Q3 (114.00 to 173.00),Q3 (38.00 to 56.00),Q3 (20.12 to 29.24),Q4 (16.97 to 121.89)
E01003116,Lambeth 029A,Lambeth,Q4 (683000.00 to 6425000.00),Q2 (79.00 to 114.00),Q1 (0.00 to 24.00),Q3 (20.12 to 29.24),Q3 (9.48 to 16.97)
E01003117,Lambeth 029B,Lambeth,Q2 (420000.00 to 520000.00),Q4 (173.00 to 9206.00),Q2 (24.00 to 38.00),Q3 (20.12 to 29.24),Q4 (16.97 to 121.89)
E01003118,Lambeth 029C,Lambeth,Q3 (520000.00 to 683000.00),Q4 (173.00 to 9206.00),Q4 (56.00 to 1283.00),Q3 (20.12 to 29.24),Q4 (16.97 to 121.89)
E01003119,Lambeth 032C,Lambeth,Q2 (420000.00 to 520000.00),Q3 (114.00 to 173.00),Q4 (56.00 to 1283.00),Q3 (20.12 to 29.24),Q4 (16.97 to 121.89)
E01003120,Lambeth 032D,Lambeth,Q1 (147500.00 to 420000.00),Q4 (173.00 to 9206.00),Q4 (56.00 to 1283.00),Q4 (29.24 to 59.01),Q4 (16.97 to 121.89)
E01003121,Lambeth 006B,Lambeth,Q2 (420000.00 to 520000.00),Q2 (79.00 to 114.00),Q2 (24.00 to 38.00),Q4 (29.24 to 59.01),Q3 (9.48 to 16.97)
E01003122,Lambeth 004D,Lambeth,Q2 (420000.00 to 520000.00),Q3 (114.00 to 173.00),Q3 (38.00 to 56.00),Q3 (20.12 to 29.24),Q3 (9.48 to 16.97)
E01003123,Lambeth 006C,Lambeth,Q3 (520000.00 to 683000.00),Q2 (79.00 to 114.00),Q1 (0.00 to 24.00),Q2 (12.31 to 20.12),Q4 (16.97 to 121.89)
E01003124,Lambeth 006D,Lambeth,Q2 (420000.00 to 520000.00),Q1 (2.00 to 79.00),Q1 (0.00 to 24.00),Q4 (29.24 to 59.01),Q4 (16.97 to 121.89)
E01003125,Lambeth 006E,Lambeth,Q1 (147500.00 to 420000.00),Q2 (79.00 to 114.00),Q3 (38.00 to 56.00),Q4 (29.24 to 59.01),Q4 (16.97 to 121.89)
E01003126,Lambeth 008D,Lambeth,Q1 (147500.00 to 420000.00),Q3 (114.00 to 173.00),Q3 (38.00 to 56.00),Q3 (20.12 to 29.24),Q4 (16.97 to 121.89)
E01003127,Lambeth 010E,Lambeth,Q4 (683000.00 to 6425000.00),Q3 (114.00 to 173.00),Q3 (38.00 to 56.00),Q3 (20.12 to 29.24),Q4 (16.97 to 121.89)
E01003128,Lambeth 008E,Lambeth,Q1 (147500.00 to 420000.00),Q4 (173.00 to 9206.00),Q3 (38.00 to 56.00),Q4 (29.24 to 59.01),Q4 (16.97 to 121.89)
E01003129,Lambeth 004E,Lambeth,Q4 (683000.00 to 6425000.00),Q3 (114.00 to 173.00),Q3 (38.00 to 56.00),Q3 (20.12 to 29.24),Q4 (16.97 to 121.89)
E01003130,Lambeth 026A,Lambeth,Q3 (520000.00 to 683000.00),Q3 (114.00 to 173.00),Q2 (24.00 to 38.00),Q2 (12.31 to 20.12),Q4 (16.97 to 121.89)
E01003131,Lambeth 026B,Lambeth,Q2 (420000.00 to 520000.00),Q4 (173.00 to 9206.00),Q4 (56.00 to 1283.00),Q2 (12.31 to 20.12),Q4 (16.97 to 121.89)
E01003132,Lambeth 024A,Lambeth,Q2 (420000.00 to 520000.00),Q2 (79.00 to 114.00),Q3 (38.00 to 56.00),Q4 (29.24 to 59.01),Q2 (5.47 to 9.48)
E01003133,Lambeth 027C,Lambeth,Q3 (520000.00 to 683000.00),Q4 (173.00 to 9206.00),Q3 (38.00 to 56.00),Q3 (20.12 to 29.24),Q4 (16.97 to 121.89)
E01003134,Lambeth 027D,Lambeth,Q3 (520000.00 to 683000.00),Q2 (79.00 to 114.00),Q2 (24.00 to 38.00),Q2 (12.31 to 20.12),Q3 (9.48 to 16.97)
E01003135,Lambeth 026C,Lambeth,Q3 (520000.00 to 683000.00),Q2 (79.00 to 114.00),Q2 (24.00 to 38.00),Q4 (29.24 to 59.01),Q4 (16.97 to 121.89)
E01003136,Lambeth 022A,Lambeth,Q2 (420000.00 to 520000.00),Q2 (79.00 to 114.00),Q2 (24.00 to 38.00),Q3 (20.12 to 29.24),Q4 (16.97 to 121.89)
E01003137,Lambeth 022B,Lambeth,Q1 (147500.00 to 420000.00),Q3 (114.00 to 173.00),Q3 (38.00 to 56.00),Q4 (29.24 to 59.01),Q4 (16.97 to 121.89)
E01003138,Lambeth 026D,Lambeth,Q3 (520000.00 to 683000.00),Q2 (79.00 to 114.00),Q1 (0.00 to 24.00),Q1 (2.33 to 12.31),Q3 (9.48 to 16.97)
E01003139,Lambeth 035A,Lambeth,Q3 (520000.00 to 683000.00),Q2 (79.00 to 114.00),Q2 (24.00 to 38.00),Q2 (12.31 to 20.12),Q3 (9.48 to 16.97)
E01003140,Lambeth 035B,Lambeth,Q2 (420000.00 to 520000.00),Q1 (2.00 to 79.00),Q1 (0.00 to 24.00),Q2 (12.31 to 20.12),Q3 (9.48 to 16.97)
E01003141,Lambeth 034B,Lambeth,Q3 (520000.00 to 683000.00),Q2 (79.00 to 114.00),Q3 (38.00 to 56.00),Q3 (20.12 to 29.24),Q3 (9.48 to 16.97)
E01003142,Lambeth 035C,Lambeth,Q3 (520000.00 to 683000.00),Q2 (79.00 to 114.00),Q2 (24.00 to 38.00),Q2 (12.31 to 20.12),Q3 (9.48 to 16.97)
E01003143,Lambeth 035D,Lambeth,Q3 (520000.00 to 683000.00),Q1 (2.00 to 79.00),Q2 (24.00 to 38.00),Q3 (20.12 to 29.24),Q2 (5.47 to 9.48)
E01003144,Lambeth 034C,Lambeth,Q4 (683000.00 to 6425000.00),Q3 (114.00 to 173.00),Q2 (24.00 to 38.00),Q2 (12.31 to 20.12),Q3 (9.48 to 16.97)
E01003145,Lambeth 034D,Lambeth,Q2 (420000.00 to 520000.00),Q3 (114.00 to 173.00),Q3 (38.00 to 56.00),Q3 (20.12 to 29.24),Q4 (16.97 to 121.89)
E01003146,Lambeth 035E,Lambeth,Q3 (520000.00 to 683000.00),Q2 (79.00 to 114.00),Q1 (0.00 to 24.00),Q3 (20.12 to 29.24),Q3 (9.48 to 16.97)
E01003147,Lambeth 034E,Lambeth,Q3 (520000.00 to 683000.00),Q3 (114.00 to 173.00),Q3 (38.00 to 56.00),Q3 (20.12 to 29.24),Q3 (9.48 to 16.97)
E01003148,Lambeth 032E,Lambeth,Q3 (520000.00 to 683000.00),Q2 (79.00 to 114.00),Q2 (24.00 to 38.00),Q2 (12.31 to 20.12),Q3 (9.48 to 16.97)
E01003149,Lambeth 030D,Lambeth,Q3 (520000.00 to 683000.00),Q2 (79.00 to 114.00),Q1 (0.00 to 24.00),Q2 (12.31 to 20.12),Q1 (0.19 to 5.47)
E01003150,Lambeth 032F,Lambeth,Q1 (147500.00 to 420000.00),Q3 (114.00 to 173.00),Q4 (56.00 to 1283.00),Q3 (20.12 to 29.24),Q4 (16.97 to 121.89)
E01003151,Lambeth 026E,Lambeth,Q1 (147500.00 to 420000.00),Q2 (79.00 to 114.00),Q3 (38.00 to 56.00),Q4 (29.24 to 59.01),Q4 (16.97 to 121.89)
E01003152,Lambeth 027E,Lambeth,Q2 (420000.00 to 520000.00),Q3 (114.00 to 173.00),Q3 (38.00 to 56.00),Q2 (12.31 to 20.12),Q3 (9.48 to 16.97)
E01003153,Lambeth 029D,Lambeth,Q1 (147500.00 to 420000.00),Q4 (173.00 to 9206.00),Q3 (38.00 to 56.00),Q2 (12.31 to 20.12),Q4 (16.97 to 121.89)
E01003154,Lambeth 030E,Lambeth,Q1 (147500.00 to 420000.00),Q2 (79.00 to 114.00),Q3 (38.00 to 56.00),Q3 (20.12 to 29.24),Q1 (0.19 to 5.47)
E01003155,Lambeth 029E,Lambeth,Q3 (520000.00 to 683000.00),Q2 (79.00 to 114.00),Q1 (0.00 to 24.00),Q2 (12.31 to 20.12),Q4 (16.97 to 121.89)
E01003156,Lambeth 023B,Lambeth,Q3 (520000.00 to 683000.00),Q2 (79.00 to 114.00),Q1 (0.00 to 24.00),Q2 (12.31 to 20.12),Q2 (5.47 to 9.48)
E01003157,Lambeth 023C,Lambeth,Q4 (683000.00 to 6425000.00),Q2 (79.00 to 114.00),Q2 (24.00 to 38.00),Q2 (12.31 to 20.12),Q3 (9.48 to 16.97)
E01003158,Lambeth 023D,Lambeth,Q4 (683000.00 to 6425000.00),Q1 (2.00 to 79.00),Q1 (0.00 to 24.00),Q1 (2.33 to 12.31),Q2 (5.47 to 9.48)
E01003159,Lambeth 022C,Lambeth,Q3 (520000.00 to 683000.00),Q3 (114.00 to 173.00),Q2 (24.00 to 38.00),Q4 (29.24 to 59.01),Q2 (5.47 to 9.48)
E01003160,Lambeth 022D,Lambeth,Q1 (147500.00 to 420000.00),Q1 (2.00 to 79.00),Q1 (0.00 to 24.00),Q4 (29.24 to 59.01),Q3 (9.48 to 16.97)
E01003161,Lambeth 023E,Lambeth,Q3 (520000.00 to 683000.00),Q2 (79.00 to 114.00),Q1 (0.00 to 24.00),Q2 (12.31 to 20.12),Q3 (9.48 to 16.97)
E01003162,Lambeth 022E,Lambeth,Q1 (147500.00 to 420000.00),Q2 (79.00 to 114.00),Q2 (24.00 to 38.00),Q3 (20.12 to 29.24),Q3 (9.48 to 16.97)
E01003163,Lambeth 023F,Lambeth,Q4 (683000.00 to 6425000.00),Q1 (2.00 to 79.00),Q1 (0.00 to 24.00),Q2 (12.31 to 20.12),Q3 (9.48 to 16.97)
E01003164,Lambeth 025A,Lambeth,Q2 (420000.00 to 520000.00),Q3 (114.00 to 173.00),Q3 (38.00 to 56.00),Q3 (20.12 to 29.24),Q4 (16.97 to 121.89)
E01003165,Lambeth 025B,Lambeth,Q3 (520000.00 to 683000.00),Q2 (79.00 to 114.00),Q1 (0.00 to 24.00),Q3 (20.12 to 29.24),Q3 (9.48 to 16.97)
E01003166,Lambeth 028D,Lambeth,Q2 (420000.00 to 520000.00),Q4 (173.00 to 9206.00),Q4 (56.00 to 1283.00),Q2 (12.31 to 20.12),Q4 (16.97 to 121.89)
E01003167,Lambeth 028E,Lambeth,Q4 (683000.00 to 6425000.00),Q2 (79.00 to 114.00),Q2 (24.00 to 38.00),Q2 (12.31 to 20.12),Q4 (16.97 to 121.89)
E01003168,Lambeth 025C,Lambeth,Q3 (520000.00 to 683000.00),Q3 (114.00 to 173.00),Q2 (24.00 to 38.00),Q4 (29.24 to 59.01),Q3 (9.48 to 16.97)
E01003169,Lambeth 025D,Lambeth,Q2 (420000.00 to 520000.00),Q4 (173.00 to 9206.00),Q4 (56.00 to 1283.00),Q3 (20.12 to 29.24),Q4 (16.97 to 121.89)
E01003170,Lambeth 025E,Lambeth,Q4 (683000.00 to 6425000.00),Q2 (79.00 to 114.00),Q1 (0.00 to 24.00),Q2 (12.31 to 20.12),Q3 (9.48 to 16.97)
E01003171,Lambeth 020B,Lambeth,Q3 (520000.00 to 683000.00),Q1 (2.00 to 79.00),Q1 (0.00 to 24.00),Q3 (20.12 to 29.24),Q3 (9.48 to 16.97)
E01003172,Lambeth 024B,Lambeth,Q2 (420000.00 to 520000.00),Q3 (114.00 to 173.00),Q2 (24.00 to 38.00),Q4 (29.24 to 59.01),Q2 (5.47 to 9.48)
E01003173,Lambeth 020C,Lambeth,Q4 (683000.00 to 6425000.00),Q2 (79.00 to 114.00),Q2 (24.00 to 38.00),Q2 (12.31 to 20.12),Q3 (9.48 to 16.97)
E01003174,Lambeth 024C,Lambeth,Q1 (147500.00 to 420000.00),Q3 (114.00 to 173.00),Q3 (38.00 to 56.00),Q4 (29.24 to 59.01),Q4 (16.97 to 121.89)
E01003175,Lambeth 024D,Lambeth,Q4 (683000.00 to 6425000.00),Q2 (79.00 to 114.00),Q3 (38.00 to 56.00),Q4 (29.24 to 59.01),Q2 (5.47 to 9.48)
E01003176,Lambeth 016E,Lambeth,Q1 (147500.00 to 420000.00),Q4 (173.00 to 9206.00),Q4 (56.00 to 1283.00),Q4 (29.24 to 59.01),Q4 (16.97 to 121.89)
E01003177,Lambeth 020D,Lambeth,Q2 (420000.00 to 520000.00),Q3 (114.00 to 173.00),Q2 (24.00 to 38.00),Q3 (20.12 to 29.24),Q4 (16.97 to 121.89)
E01003178,Lambeth 020E,Lambeth,Q3 (520000.00 to 683000.00),Q2 (79.00 to 114.00),Q2 (24.00 to 38.00),Q3 (20.12 to 29.24),Q4 (16.97 to 121.89)
E01003179,Lambeth 024E,Lambeth,Q1 (147500.00 to 420000.00),Q3 (114.00 to 173.00),Q4 (56.00 to 1283.00),Q4 (29.24 to 59.01),Q2 (5.47 to 9.48)
E01003180,Lambeth 005D,Lambeth,Q3 (520000.00 to 683000.00),Q2 (79.00 to 114.00),Q2 (24.00 to 38.00),Q3 (20.12 to 29.24),Q2 (5.47 to 9.48)
E01003181,Lambeth 007A,Lambeth,Q3 (520000.00 to 683000.00),Q2 (79.00 to 114.00),Q2 (24.00 to 38.00),Q4 (29.24 to 59.01),Q4 (16.97 to 121.89)
E01003182,Lambeth 009D,Lambeth,Q4 (683000.00 to 6425000.00),Q3 (114.00 to 173.00),Q3 (38.00 to 56.00),Q3 (20.12 to 29.24),Q2 (5.47 to 9.48)
E01003183,Lambeth 005E,Lambeth,Q3 (520000.00 to 683000.00),Q3 (114.00 to 173.00),Q3 (38.00 to 56.00),Q3 (20.12 to 29.24),Q4 (16.97 to 121.89)
E01003184,Lambeth 007B,Lambeth,Q1 (147500.00 to 420000.00),Q2 (79.00 to 114.00),Q2 (24.00 to 38.00),Q4 (29.24 to 59.01),Q3 (9.48 to 16.97)
E01003185,Lambeth 007C,Lambeth,Q3 (520000.00 to 683000.00),Q3 (114.00 to 173.00),Q2 (24.00 to 38.00),Q3 (20.12 to 29.24),Q4 (16.97 to 121.89)
E01003186,Lambeth 007D,Lambeth,Q3 (520000.00 to 683000.00),Q4 (173.00 to 9206.00),Q4 (56.00 to 1283.00),Q2 (12.31 to 20.12),Q4 (16.97 to 121.89)
E01003187,Lambeth 007E,Lambeth,Q2 (420000.00 to 520000.00),Q3 (114.00 to 173.00),Q3 (38.00 to 56.00),Q4 (29.24 to 59.01),Q2 (5.47 to 9.48)
E01003188,Lambeth 009E,Lambeth,Q2 (420000.00 to 520000.00),Q2 (79.00 to 114.00),Q3 (38.00 to 56.00),Q4 (29.24 to 59.01),Q3 (9.48 to 16.97)
E01003189,Lewisham 034A,Lewisham,Q1 (147500.00 to 420000.00),Q3 (114.00 to 173.00),Q4 (56.00 to 1283.00),Q4 (29.24 to 59.01),Q2 (5.47 to 9.48)
E01003190,Lewisham 034B,Lewisham,Q1 (147500.00 to 420000.00),Q4 (173.00 to 9206.00),Q4 (56.00 to 1283.00),Q4 (29.24 to 59.01),Q3 (9.48 to 16.97)
E01003191,Lewisham 034C,Lewisham,Q1 (147500.00 to 420000.00),Q3 (114.00 to 173.00),Q3 (38.00 to 56.00),Q4 (29.24 to 59.01),Q2 (5.47 to 9.48)
E01003192,Lewisham 034D,Lewisham,Q1 (147500.00 to 420000.00),Q4 (173.00 to 9206.00),Q4 (56.00 to 1283.00),Q4 (29.24 to 59.01),Q1 (0.19 to 5.47)
E01003193,Lewisham 029A,Lewisham,Q2 (420000.00 to 520000.00),Q4 (173.00 to 9206.00),Q4 (56.00 to 1283.00),Q4 (29.24 to 59.01),Q2 (5.47 to 9.48)
E01003194,Lewisham 029B,Lewisham,Q2 (420000.00 to 520000.00),Q3 (114.00 to 173.00),Q4 (56.00 to 1283.00),Q4 (29.24 to 59.01),Q3 (9.48 to 16.97)
E01003195,Lewisham 029C,Lewisham,Q1 (147500.00 to 420000.00),Q2 (79.00 to 114.00),Q2 (24.00 to 38.00),Q3 (20.12 to 29.24),Q1 (0.19 to 5.47)
E01003196,Lewisham 029D,Lewisham,Q1 (147500.00 to 420000.00),Q4 (173.00 to 9206.00),Q4 (56.00 to 1283.00),Q4 (29.24 to 59.01),Q2 (5.47 to 9.48)
E01003197,Lewisham 029E,Lewisham,Q2 (420000.00 to 520000.00),Q3 (114.00 to 173.00),Q4 (56.00 to 1283.00),Q4 (29.24 to 59.01),Q2 (5.47 to 9.48)
E01003198,Lewisham 009A,Lewisham,Q4 (683000.00 to 6425000.00),Q2 (79.00 to 114.00),Q2 (24.00 to 38.00),Q2 (12.31 to 20.12),Q3 (9.48 to 16.97)
E01003199,Lewisham 007A,Lewisham,Q3 (520000.00 to 683000.00),Q4 (173.00 to 9206.00),Q4 (56.00 to 1283.00),Q2 (12.31 to 20.12),Q4 (16.97 to 121.89)
E01003200,Lewisham 009B,Lewisham,Q4 (683000.00 to 6425000.00),Q4 (173.00 to 9206.00),Q2 (24.00 to 38.00),Q1 (2.33 to 12.31),Q3 (9.48 to 16.97)
E01003201,Lewisham 007B,Lewisham,Q2 (420000.00 to 520000.00),Q3 (114.00 to 173.00),Q3 (38.00 to 56.00),Q3 (20.12 to 29.24),Q4 (16.97 to 121.89)
E01003202,Lewisham 009C,Lewisham,Q4 (683000.00 to 6425000.00),Q1 (2.00 to 79.00),Q2 (24.00 to 38.00),Q1 (2.33 to 12.31),Q4 (16.97 to 121.89)
E01003203,Lewisham 009D,Lewisham,Q1 (147500.00 to 420000.00),Q4 (173.00 to 9206.00),Q4 (56.00 to 1283.00),Q3 (20.12 to 29.24),Q3 (9.48 to 16.97)
E01003204,Lewisham 007C,Lewisham,Q2 (420000.00 to 520000.00),Q3 (114.00 to 173.00),Q4 (56.00 to 1283.00),Q3 (20.12 to 29.24),Q3 (9.48 to 16.97)
E01003206,Lewisham 007E,Lewisham,Q3 (520000.00 to 683000.00),Q1 (2.00 to 79.00),Q2 (24.00 to 38.00),Q2 (12.31 to 20.12),Q4 (16.97 to 121.89)
E01003207,Lewisham 005A,Lewisham,Q1 (147500.00 to 420000.00),Q4 (173.00 to 9206.00),Q4 (56.00 to 1283.00),Q4 (29.24 to 59.01),Q4 (16.97 to 121.89)
E01003209,Lewisham 005B,Lewisham,Q1 (147500.00 to 420000.00),Q3 (114.00 to 173.00),Q3 (38.00 to 56.00),Q3 (20.12 to 29.24),Q4 (16.97 to 121.89)
E01003210,Lewisham 005C,Lewisham,Q3 (520000.00 to 683000.00),Q3 (114.00 to 173.00),Q3 (38.00 to 56.00),Q3 (20.12 to 29.24),Q4 (16.97 to 121.89)
E01003211,Lewisham 008B,Lewisham,Q2 (420000.00 to 520000.00),Q3 (114.00 to 173.00),Q2 (24.00 to 38.00),Q3 (20.12 to 29.24),Q4 (16.97 to 121.89)
E01003212,Lewisham 005D,Lewisham,Q3 (520000.00 to 683000.00),Q3 (114.00 to 173.00),Q3 (38.00 to 56.00),Q3 (20.12 to 29.24),Q4 (16.97 to 121.89)
E01003213,Lewisham 008C,Lewisham,Q3 (520000.00 to 683000.00),Q3 (114.00 to 173.00),Q3 (38.00 to 56.00),Q3 (20.12 to 29.24),Q3 (9.48 to 16.97)
E01003214,Lewisham 008D,Lewisham,Q2 (420000.00 to 520000.00),Q4 (173.00 to 9206.00),Q3 (38.00 to 56.00),Q3 (20.12 to 29.24),Q4 (16.97 to 121.89)
E01003215,Lewisham 005E,Lewisham,Q1 (147500.00 to 420000.00),Q4 (173.00 to 9206.00),Q4 (56.00 to 1283.00),Q3 (20.12 to 29.24),Q4 (16.97 to 121.89)
E01003216,Lewisham 025A,Lewisham,Q2 (420000.00 to 520000.00),Q2 (79.00 to 114.00),Q2 (24.00 to 38.00),Q3 (20.12 to 29.24),Q3 (9.48 to 16.97)
E01003217,Lewisham 022A,Lewisham,Q3 (520000.00 to 683000.00),Q2 (79.00 to 114.00),Q2 (24.00 to 38.00),Q3 (20.12 to 29.24),Q2 (5.47 to 9.48)
E01003218,Lewisham 022B,Lewisham,Q3 (520000.00 to 683000.00),Q1 (2.00 to 79.00),Q1 (0.00 to 24.00),Q2 (12.31 to 20.12),Q2 (5.47 to 9.48)
E01003219,Lewisham 025B,Lewisham,Q3 (520000.00 to 683000.00),Q2 (79.00 to 114.00),Q2 (24.00 to 38.00),Q2 (12.31 to 20.12),Q1 (0.19 to 5.47)
E01003220,Lewisham 022C,Lewisham,Q3 (520000.00 to 683000.00),Q2 (79.00 to 114.00),Q2 (24.00 to 38.00),Q3 (20.12 to 29.24),Q2 (5.47 to 9.48)
E01003221,Lewisham 025C,Lewisham,Q2 (420000.00 to 520000.00),Q4 (173.00 to 9206.00),Q4 (56.00 to 1283.00),Q4 (29.24 to 59.01),Q3 (9.48 to 16.97)
E01003222,Lewisham 022D,Lewisham,Q3 (520000.00 to 683000.00),Q2 (79.00 to 114.00),Q2 (24.00 to 38.00),Q3 (20.12 to 29.24),Q2 (5.47 to 9.48)
E01003223,Lewisham 025D,Lewisham,Q3 (520000.00 to 683000.00),Q3 (114.00 to 173.00),Q3 (38.00 to 56.00),Q2 (12.31 to 20.12),Q3 (9.48 to 16.97)
E01003224,Lewisham 022E,Lewisham,Q3 (520000.00 to 683000.00),Q3 (114.00 to 173.00),Q3 (38.00 to 56.00),Q3 (20.12 to 29.24),Q2 (5.47 to 9.48)
E01003225,Lewisham 015A,Lewisham,Q4 (683000.00 to 6425000.00),Q3 (114.00 to 173.00),Q3 (38.00 to 56.00),Q1 (2.33 to 12.31),Q2 (5.47 to 9.48)
E01003226,Lewisham 019A,Lewisham,Q3 (520000.00 to 683000.00),Q2 (79.00 to 114.00),Q3 (38.00 to 56.00),Q2 (12.31 to 20.12),Q4 (16.97 to 121.89)
E01003227,Lewisham 019B,Lewisham,Q4 (683000.00 to 6425000.00),Q1 (2.00 to 79.00),Q1 (0.00 to 24.00),Q2 (12.31 to 20.12),Q3 (9.48 to 16.97)
E01003228,Lewisham 019C,Lewisham,Q4 (683000.00 to 6425000.00),Q2 (79.00 to 114.00),Q1 (0.00 to 24.00),Q2 (12.31 to 20.12),Q3 (9.48 to 16.97)
E01003229,Lewisham 019D,Lewisham,Q2 (420000.00 to 520000.00),Q4 (173.00 to 9206.00),Q4 (56.00 to 1283.00),Q4 (29.24 to 59.01),Q2 (5.47 to 9.48)
E01003230,Lewisham 019E,Lewisham,Q2 (420000.00 to 520000.00),Q3 (114.00 to 173.00),Q4 (56.00 to 1283.00),Q3 (20.12 to 29.24),Q2 (5.47 to 9.48)
E01003231,Lewisham 015B,Lewisham,Q3 (520000.00 to 683000.00),Q4 (173.00 to 9206.00),Q3 (38.00 to 56.00),Q3 (20.12 to 29.24),Q3 (9.48 to 16.97)
E01003232,Lewisham 015C,Lewisham,Q4 (683000.00 to 6425000.00),Q2 (79.00 to 114.00),Q2 (24.00 to 38.00),Q1 (2.33 to 12.31),Q3 (9.48 to 16.97)
E01003233,Lewisham 015D,Lewisham,Q4 (683000.00 to 6425000.00),Q1 (2.00 to 79.00),Q1 (0.00 to 24.00),Q2 (12.31 to 20.12),Q3 (9.48 to 16.97)
E01003235,Lewisham 038A,Lewisham,Q2 (420000.00 to 520000.00),Q3 (114.00 to 173.00),Q3 (38.00 to 56.00),Q3 (20.12 to 29.24),Q1 (0.19 to 5.47)
E01003236,Lewisham 037A,Lewisham,Q2 (420000.00 to 520000.00),Q3 (114.00 to 173.00),Q4 (56.00 to 1283.00),Q4 (29.24 to 59.01),Q4 (16.97 to 121.89)
E01003237,Lewisham 037B,Lewisham,Q1 (147500.00 to 420000.00),Q4 (173.00 to 9206.00),Q4 (56.00 to 1283.00),Q4 (29.24 to 59.01),Q3 (9.48 to 16.97)
E01003238,Lewisham 037C,Lewisham,Q1 (147500.00 to 420000.00),Q3 (114.00 to 173.00),Q3 (38.00 to 56.00),Q4 (29.24 to 59.01),Q3 (9.48 to 16.97)
E01003239,Lewisham 037D,Lewisham,Q1 (147500.00 to 420000.00),Q2 (79.00 to 114.00),Q2 (24.00 to 38.00),Q4 (29.24 to 59.01),Q1 (0.19 to 5.47)
E01003240,Lewisham 038B,Lewisham,Q1 (147500.00 to 420000.00),Q3 (114.00 to 173.00),Q3 (38.00 to 56.00),Q4 (29.24 to 59.01),Q2 (5.47 to 9.48)
E01003241,Lewisham 038C,Lewisham,Q3 (520000.00 to 683000.00),Q3 (114.00 to 173.00),Q2 (24.00 to 38.00),Q4 (29.24 to 59.01),Q3 (9.48 to 16.97)
E01003243,Lewisham 038D,Lewisham,Q1 (147500.00 to 420000.00),Q4 (173.00 to 9206.00),Q3 (38.00 to 56.00),Q4 (29.24 to 59.01),Q2 (5.47 to 9.48)
E01003244,Lewisham 001A,Lewisham,Q3 (520000.00 to 683000.00),Q3 (114.00 to 173.00),Q3 (38.00 to 56.00),Q3 (20.12 to 29.24),Q1 (0.19 to 5.47)
E01003246,Lewisham 002A,Lewisham,Q3 (520000.00 to 683000.00),Q4 (173.00 to 9206.00),Q4 (56.00 to 1283.00),Q4 (29.24 to 59.01),Q2 (5.47 to 9.48)
E01003247,Lewisham 001C,Lewisham,Q2 (420000.00 to 520000.00),Q3 (114.00 to 173.00),Q2 (24.00 to 38.00),Q2 (12.31 to 20.12),Q3 (9.48 to 16.97)
E01003248,Lewisham 002B,Lewisham,Q1 (147500.00 to 420000.00),Q3 (114.00 to 173.00),Q3 (38.00 to 56.00),Q4 (29.24 to 59.01),Q2 (5.47 to 9.48)
E01003249,Lewisham 001D,Lewisham,Q1 (147500.00 to 420000.00),Q3 (114.00 to 173.00),Q3 (38.00 to 56.00),Q3 (20.12 to 29.24),Q1 (0.19 to 5.47)
E01003250,Lewisham 001E,Lewisham,Q2 (420000.00 to 520000.00),Q4 (173.00 to 9206.00),Q4 (56.00 to 1283.00),Q4 (29.24 to 59.01),Q2 (5.47 to 9.48)
E01003251,Lewisham 002C,Lewisham,Q1 (147500.00 to 420000.00),Q3 (114.00 to 173.00),Q3 (38.00 to 56.00),Q3 (20.12 to 29.24),Q2 (5.47 to 9.48)
E01003252,Lewisham 002D,Lewisham,Q1 (147500.00 to 420000.00),Q2 (79.00 to 114.00),Q3 (38.00 to 56.00),Q4 (29.24 to 59.01),Q3 (9.48 to 16.97)
E01003253,Lewisham 002E,Lewisham,Q1 (147500.00 to 420000.00),Q4 (173.00 to 9206.00),Q3 (38.00 to 56.00),Q4 (29.24 to 59.01),Q4 (16.97 to 121.89)
E01003254,Lewisham 021A,Lewisham,Q3 (520000.00 to 683000.00),Q2 (79.00 to 114.00),Q2 (24.00 to 38.00),Q1 (2.33 to 12.31),Q3 (9.48 to 16.97)
E01003255,Lewisham 021B,Lewisham,Q1 (147500.00 to 420000.00),Q4 (173.00 to 9206.00),Q4 (56.00 to 1283.00),Q2 (12.31 to 20.12),Q4 (16.97 to 121.89)
E01003256,Lewisham 028A,Lewisham,Q3 (520000.00 to 683000.00),Q4 (173.00 to 9206.00),Q4 (56.00 to 1283.00),Q4 (29.24 to 59.01),Q3 (9.48 to 16.97)
E01003257,Lewisham 028B,Lewisham,Q2 (420000.00 to 520000.00),Q2 (79.00 to 114.00),Q2 (24.00 to 38.00),Q3 (20.12 to 29.24),Q3 (9.48 to 16.97)
E01003258,Lewisham 028C,Lewisham,Q2 (420000.00 to 520000.00),Q2 (79.00 to 114.00),Q2 (24.00 to 38.00),Q4 (29.24 to 59.01),Q2 (5.47 to 9.48)
E01003259,Lewisham 028D,Lewisham,Q2 (420000.00 to 520000.00),Q3 (114.00 to 173.00),Q3 (38.00 to 56.00),Q3 (20.12 to 29.24),Q2 (5.47 to 9.48)
E01003260,Lewisham 021C,Lewisham,Q4 (683000.00 to 6425000.00),Q3 (114.00 to 173.00),Q3 (38.00 to 56.00),Q2 (12.31 to 20.12),Q2 (5.47 to 9.48)
E01003261,Lewisham 021D,Lewisham,Q3 (520000.00 to 683000.00),Q2 (79.00 to 114.00),Q1 (0.00 to 24.00),Q2 (12.31 to 20.12),Q3 (9.48 to 16.97)
E01003262,Lewisham 021E,Lewisham,Q2 (420000.00 to 520000.00),Q2 (79.00 to 114.00),Q2 (24.00 to 38.00),Q2 (12.31 to 20.12),Q3 (9.48 to 16.97)
E01003263,Lewisham 023A,Lewisham,Q1 (147500.00 to 420000.00),Q3 (114.00 to 173.00),Q3 (38.00 to 56.00),Q3 (20.12 to 29.24),Q3 (9.48 to 16.97)
E01003264,Lewisham 031A,Lewisham,Q1 (147500.00 to 420000.00),Q3 (114.00 to 173.00),Q2 (24.00 to 38.00),Q3 (20.12 to 29.24),Q3 (9.48 to 16.97)
E01003265,Lewisham 031B,Lewisham,Q1 (147500.00 to 420000.00),Q3 (114.00 to 173.00),Q4 (56.00 to 1283.00),Q4 (29.24 to 59.01),Q3 (9.48 to 16.97)
E01003266,Lewisham 031C,Lewisham,Q1 (147500.00 to 420000.00),Q2 (79.00 to 114.00),Q3 (38.00 to 56.00),Q4 (29.24 to 59.01),Q2 (5.47 to 9.48)
E01003267,Lewisham 031D,Lewisham,Q1 (147500.00 to 420000.00),Q2 (79.00 to 114.00),Q2 (24.00 to 38.00),Q4 (29.24 to 59.01),Q1 (0.19 to 5.47)
E01003268,Lewisham 023B,Lewisham,Q2 (420000.00 to 520000.00),Q3 (114.00 to 173.00),Q3 (38.00 to 56.00),Q3 (20.12 to 29.24),Q2 (5.47 to 9.48)
E01003269,Lewisham 023C,Lewisham,Q3 (520000.00 to 683000.00),Q1 (2.00 to 79.00),Q1 (0.00 to 24.00),Q3 (20.12 to 29.24),Q2 (5.47 to 9.48)
E01003270,Lewisham 023D,Lewisham,Q2 (420000.00 to 520000.00),Q2 (79.00 to 114.00),Q2 (24.00 to 38.00),Q1 (2.33 to 12.31),Q1 (0.19 to 5.47)
E01003271,Lewisham 023E,Lewisham,Q3 (520000.00 to 683000.00),Q1 (2.00 to 79.00),Q1 (0.00 to 24.00),Q1 (2.33 to 12.31),Q1 (0.19 to 5.47)
E01003272,Lewisham 014A,Lewisham,Q2 (420000.00 to 520000.00),Q3 (114.00 to 173.00),Q2 (24.00 to 38.00),Q2 (12.31 to 20.12),Q3 (9.48 to 16.97)
E01003273,Lewisham 011A,Lewisham,Q4 (683000.00 to 6425000.00),Q1 (2.00 to 79.00),Q2 (24.00 to 38.00),Q2 (12.31 to 20.12),Q4 (16.97 to 121.89)
E01003274,Lewisham 014B,Lewisham,Q3 (520000.00 to 683000.00),Q3 (114.00 to 173.00),Q3 (38.00 to 56.00),Q2 (12.31 to 20.12),Q3 (9.48 to 16.97)
E01003275,Lewisham 014C,Lewisham,Q3 (520000.00 to 683000.00),Q2 (79.00 to 114.00),Q3 (38.00 to 56.00),Q4 (29.24 to 59.01),Q2 (5.47 to 9.48)
E01003276,Lewisham 014D,Lewisham,Q4 (683000.00 to 6425000.00),Q2 (79.00 to 114.00),Q3 (38.00 to 56.00),Q3 (20.12 to 29.24),Q3 (9.48 to 16.97)
E01003277,Lewisham 011B,Lewisham,Q3 (520000.00 to 683000.00),Q1 (2.00 to 79.00),Q1 (0.00 to 24.00),Q3 (20.12 to 29.24),Q3 (9.48 to 16.97)
E01003278,Lewisham 011C,Lewisham,Q2 (420000.00 to 520000.00),Q3 (114.00 to 173.00),Q4 (56.00 to 1283.00),Q3 (20.12 to 29.24),Q4 (16.97 to 121.89)
E01003279,Lewisham 011D,Lewisham,Q4 (683000.00 to 6425000.00),Q1 (2.00 to 79.00),Q1 (0.00 to 24.00),Q2 (12.31 to 20.12),Q4 (16.97 to 121.89)
E01003280,Lewisham 016A,Lewisham,Q2 (420000.00 to 520000.00),Q2 (79.00 to 114.00),Q4 (56.00 to 1283.00),Q3 (20.12 to 29.24),Q3 (9.48 to 16.97)
E01003281,Lewisham 016B,Lewisham,Q3 (520000.00 to 683000.00),Q2 (79.00 to 114.00),Q1 (0.00 to 24.00),Q2 (12.31 to 20.12),Q2 (5.47 to 9.48)
E01003282,Lewisham 013A,Lewisham,Q2 (420000.00 to 520000.00),Q3 (114.00 to 173.00),Q3 (38.00 to 56.00),Q3 (20.12 to 29.24),Q3 (9.48 to 16.97)
E01003283,Lewisham 013B,Lewisham,Q4 (683000.00 to 6425000.00),Q2 (79.00 to 114.00),Q2 (24.00 to 38.00),Q1 (2.33 to 12.31),Q3 (9.48 to 16.97)
E01003284,Lewisham 013C,Lewisham,Q3 (520000.00 to 683000.00),Q3 (114.00 to 173.00),Q3 (38.00 to 56.00),Q2 (12.31 to 20.12),Q2 (5.47 to 9.48)
E01003285,Lewisham 016C,Lewisham,Q1 (147500.00 to 420000.00),Q3 (114.00 to 173.00),Q2 (24.00 to 38.00),Q2 (12.31 to 20.12),Q3 (9.48 to 16.97)
E01003286,Lewisham 013D,Lewisham,Q2 (420000.00 to 520000.00),Q4 (173.00 to 9206.00),Q4 (56.00 to 1283.00),Q4 (29.24 to 59.01),Q3 (9.48 to 16.97)
E01003287,Lewisham 016D,Lewisham,Q4 (683000.00 to 6425000.00),Q2 (79.00 to 114.00),Q1 (0.00 to 24.00),Q2 (12.31 to 20.12),Q3 (9.48 to 16.97)
E01003288,Lewisham 012A,Lewisham,Q1 (147500.00 to 420000.00),Q4 (173.00 to 9206.00),Q4 (56.00 to 1283.00),Q4 (29.24 to 59.01),Q4 (16.97 to 121.89)
E01003290,Lewisham 012C,Lewisham,Q1 (147500.00 to 420000.00),Q4 (173.00 to 9206.00),Q4 (56.00 to 1283.00),Q4 (29.24 to 59.01),Q3 (9.48 to 16.97)
E01003291,Lewisham 012D,Lewisham,Q1 (147500.00 to 420000.00),Q4 (173.00 to 9206.00),Q4 (56.00 to 1283.00),Q4 (29.24 to 59.01),Q4 (16.97 to 121.89)
E01003292,Lewisham 017A,Lewisham,Q3 (520000.00 to 683000.00),Q4 (173.00 to 9206.00),Q4 (56.00 to 1283.00),Q3 (20.12 to 29.24),Q3 (9.48 to 16.97)
E01003293,Lewisham 017B,Lewisham,Q2 (420000.00 to 520000.00),Q3 (114.00 to 173.00),Q3 (38.00 to 56.00),Q3 (20.12 to 29.24),Q3 (9.48 to 16.97)
E01003295,Lewisham 017D,Lewisham,Q2 (420000.00 to 520000.00),Q3 (114.00 to 173.00),Q3 (38.00 to 56.00),Q4 (29.24 to 59.01),Q3 (9.48 to 16.97)
E01003296,Lewisham 012E,Lewisham,Q1 (147500.00 to 420000.00),Q4 (173.00 to 9206.00),Q4 (56.00 to 1283.00),Q3 (20.12 to 29.24),Q4 (16.97 to 121.89)
E01003297,Lewisham 003A,Lewisham,Q1 (147500.00 to 420000.00),Q4 (173.00 to 9206.00),Q3 (38.00 to 56.00),Q4 (29.24 to 59.01),Q1 (0.19 to 5.47)
E01003298,Lewisham 039A,Lewisham,Q1 (147500.00 to 420000.00),Q1 (2.00 to 79.00),Q1 (0.00 to 24.00),Q4 (29.24 to 59.01),Q1 (0.19 to 5.47)
E01003299,Lewisham 003B,Lewisham,Q3 (520000.00 to 683000.00),Q4 (173.00 to 9206.00),Q4 (56.00 to 1283.00),Q4 (29.24 to 59.01),Q4 (16.97 to 121.89)
E01003300,Lewisham 039B,Lewisham,Q2 (420000.00 to 520000.00),Q3 (114.00 to 173.00),Q3 (38.00 to 56.00),Q4 (29.24 to 59.01),Q4 (16.97 to 121.89)
E01003301,Lewisham 003C,Lewisham,Q1 (147500.00 to 420000.00),Q4 (173.00 to 9206.00),Q4 (56.00 to 1283.00),Q3 (20.12 to 29.24),Q4 (16.97 to 121.89)
E01003302,Lewisham 003D,Lewisham,Q1 (147500.00 to 420000.00),Q3 (114.00 to 173.00),Q4 (56.00 to 1283.00),Q4 (29.24 to 59.01),Q2 (5.47 to 9.48)
E01003303,Lewisham 039C,Lewisham,Q2 (420000.00 to 520000.00),Q4 (173.00 to 9206.00),Q4 (56.00 to 1283.00),Q4 (29.24 to 59.01),Q4 (16.97 to 121.89)
E01003304,Lewisham 039D,Lewisham,Q1 (147500.00 to 420000.00),Q4 (173.00 to 9206.00),Q4 (56.00 to 1283.00),Q4 (29.24 to 59.01),Q4 (16.97 to 121.89)
E01003305,Lewisham 003E,Lewisham,Q2 (420000.00 to 520000.00),Q3 (114.00 to 173.00),Q4 (56.00 to 1283.00),Q4 (29.24 to 59.01),Q3 (9.48 to 16.97)
E01003307,Lewisham 024A,Lewisham,Q3 (520000.00 to 683000.00),Q1 (2.00 to 79.00),Q1 (0.00 to 24.00),Q2 (12.31 to 20.12),Q2 (5.47 to 9.48)
E01003308,Lewisham 024B,Lewisham,Q2 (420000.00 to 520000.00),Q3 (114.00 to 173.00),Q3 (38.00 to 56.00),Q3 (20.12 to 29.24),Q3 (9.48 to 16.97)
E01003309,Lewisham 027A,Lewisham,Q2 (420000.00 to 520000.00),Q3 (114.00 to 173.00),Q3 (38.00 to 56.00),Q4 (29.24 to 59.01),Q3 (9.48 to 16.97)
E01003310,Lewisham 027B,Lewisham,Q1 (147500.00 to 420000.00),Q3 (114.00 to 173.00),Q3 (38.00 to 56.00),Q4 (29.24 to 59.01),Q3 (9.48 to 16.97)
E01003311,Lewisham 027C,Lewisham,Q3 (520000.00 to 683000.00),Q2 (79.00 to 114.00),Q1 (0.00 to 24.00),Q2 (12.31 to 20.12),Q2 (5.47 to 9.48)
E01003312,Lewisham 027D,Lewisham,Q3 (520000.00 to 683000.00),Q3 (114.00 to 173.00),Q1 (0.00 to 24.00),Q2 (12.31 to 20.12),Q2 (5.47 to 9.48)
E01003313,Lewisham 027E,Lewisham,Q1 (147500.00 to 420000.00),Q3 (114.00 to 173.00),Q3 (38.00 to 56.00),Q4 (29.24 to 59.01),Q2 (5.47 to 9.48)
E01003314,Lewisham 024C,Lewisham,Q3 (520000.00 to 683000.00),Q1 (2.00 to 79.00),Q1 (0.00 to 24.00),Q2 (12.31 to 20.12),Q2 (5.47 to 9.48)
E01003315,Lewisham 024D,Lewisham,Q2 (420000.00 to 520000.00),Q2 (79.00 to 114.00),Q2 (24.00 to 38.00),Q3 (20.12 to 29.24),Q3 (9.48 to 16.97)
E01003316,Lewisham 024E,Lewisham,Q3 (520000.00 to 683000.00),Q2 (79.00 to 114.00),Q1 (0.00 to 24.00),Q2 (12.31 to 20.12),Q2 (5.47 to 9.48)
E01003317,Lewisham 020A,Lewisham,Q1 (147500.00 to 420000.00),Q4 (173.00 to 9206.00),Q4 (56.00 to 1283.00),Q3 (20.12 to 29.24),Q3 (9.48 to 16.97)
E01003318,Lewisham 020B,Lewisham,Q1 (147500.00 to 420000.00),Q4 (173.00 to 9206.00),Q4 (56.00 to 1283.00),Q4 (29.24 to 59.01),Q4 (16.97 to 121.89)
E01003319,Lewisham 018A,Lewisham,Q1 (147500.00 to 420000.00),Q4 (173.00 to 9206.00),Q4 (56.00 to 1283.00),Q4 (29.24 to 59.01),Q4 (16.97 to 121.89)
E01003320,Lewisham 018B,Lewisham,Q1 (147500.00 to 420000.00),Q4 (173.00 to 9206.00),Q3 (38.00 to 56.00),Q4 (29.24 to 59.01),Q2 (5.47 to 9.48)
E01003321,Lewisham 020C,Lewisham,Q2 (420000.00 to 520000.00),Q4 (173.00 to 9206.00),Q4 (56.00 to 1283.00),Q4 (29.24 to 59.01),Q4 (16.97 to 121.89)
E01003322,Lewisham 020D,Lewisham,Q4 (683000.00 to 6425000.00),Q3 (114.00 to 173.00),Q3 (38.00 to 56.00),Q3 (20.12 to 29.24),Q3 (9.48 to 16.97)
E01003323,Lewisham 018C,Lewisham,Q2 (420000.00 to 520000.00),Q2 (79.00 to 114.00),Q2 (24.00 to 38.00),Q4 (29.24 to 59.01),Q3 (9.48 to 16.97)
E01003324,Lewisham 020E,Lewisham,Q2 (420000.00 to 520000.00),Q4 (173.00 to 9206.00),Q4 (56.00 to 1283.00),Q4 (29.24 to 59.01),Q4 (16.97 to 121.89)
E01003325,Lewisham 018D,Lewisham,Q3 (520000.00 to 683000.00),Q3 (114.00 to 173.00),Q4 (56.00 to 1283.00),Q4 (29.24 to 59.01),Q4 (16.97 to 121.89)
E01003326,Lewisham 035A,Lewisham,Q3 (520000.00 to 683000.00),Q3 (114.00 to 173.00),Q3 (38.00 to 56.00),Q3 (20.12 to 29.24),Q3 (9.48 to 16.97)
E01003327,Lewisham 035B,Lewisham,Q3 (520000.00 to 683000.00),Q4 (173.00 to 9206.00),Q3 (38.00 to 56.00),Q2 (12.31 to 20.12),Q4 (16.97 to 121.89)
E01003328,Lewisham 035C,Lewisham,Q1 (147500.00 to 420000.00),Q2 (79.00 to 114.00),Q2 (24.00 to 38.00),Q3 (20.12 to 29.24),Q4 (16.97 to 121.89)
E01003329,Lewisham 033A,Lewisham,Q2 (420000.00 to 520000.00),Q3 (114.00 to 173.00),Q3 (38.00 to 56.00),Q2 (12.31 to 20.12),Q3 (9.48 to 16.97)
E01003330,Lewisham 033B,Lewisham,Q2 (420000.00 to 520000.00),Q2 (79.00 to 114.00),Q3 (38.00 to 56.00),Q4 (29.24 to 59.01),Q2 (5.47 to 9.48)
E01003331,Lewisham 033C,Lewisham,Q2 (420000.00 to 520000.00),Q2 (79.00 to 114.00),Q2 (24.00 to 38.00),Q3 (20.12 to 29.24),Q3 (9.48 to 16.97)
E01003332,Lewisham 033D,Lewisham,Q1 (147500.00 to 420000.00),Q2 (79.00 to 114.00),Q2 (24.00 to 38.00),Q3 (20.12 to 29.24),Q2 (5.47 to 9.48)
E01003333,Lewisham 035D,Lewisham,Q3 (520000.00 to 683000.00),Q3 (114.00 to 173.00),Q3 (38.00 to 56.00),Q3 (20.12 to 29.24),Q2 (5.47 to 9.48)
E01003334,Lewisham 033E,Lewisham,Q1 (147500.00 to 420000.00),Q4 (173.00 to 9206.00),Q4 (56.00 to 1283.00),Q3 (20.12 to 29.24),Q4 (16.97 to 121.89)
E01003335,Lewisham 035E,Lewisham,Q3 (520000.00 to 683000.00),Q3 (114.00 to 173.00),Q4 (56.00 to 1283.00),Q4 (29.24 to 59.01),Q3 (9.48 to 16.97)
E01003336,Lewisham 010A,Lewisham,Q3 (520000.00 to 683000.00),Q3 (114.00 to 173.00),Q3 (38.00 to 56.00),Q4 (29.24 to 59.01),Q3 (9.48 to 16.97)
E01003337,Lewisham 010B,Lewisham,Q1 (147500.00 to 420000.00),Q3 (114.00 to 173.00),Q3 (38.00 to 56.00),Q4 (29.24 to 59.01),Q3 (9.48 to 16.97)
E01003338,Lewisham 006A,Lewisham,Q1 (147500.00 to 420000.00),Q4 (173.00 to 9206.00),Q3 (38.00 to 56.00),Q4 (29.24 to 59.01),Q4 (16.97 to 121.89)
E01003339,Lewisham 006B,Lewisham,Q2 (420000.00 to 520000.00),Q3 (114.00 to 173.00),Q3 (38.00 to 56.00),Q3 (20.12 to 29.24),Q4 (16.97 to 121.89)
E01003340,Lewisham 006C,Lewisham,Q3 (520000.00 to 683000.00),Q3 (114.00 to 173.00),Q2 (24.00 to 38.00),Q2 (12.31 to 20.12),Q4 (16.97 to 121.89)
E01003341,Lewisham 006D,Lewisham,Q4 (683000.00 to 6425000.00),Q1 (2.00 to 79.00),Q1 (0.00 to 24.00),Q3 (20.12 to 29.24),Q4 (16.97 to 121.89)
E01003342,Lewisham 010C,Lewisham,Q2 (420000.00 to 520000.00),Q2 (79.00 to 114.00),Q2 (24.00 to 38.00),Q2 (12.31 to 20.12),Q3 (9.48 to 16.97)
E01003343,Lewisham 006E,Lewisham,Q4 (683000.00 to 6425000.00),Q2 (79.00 to 114.00),Q1 (0.00 to 24.00),Q3 (20.12 to 29.24),Q3 (9.48 to 16.97)
E01003344,Lewisham 010D,Lewisham,Q2 (420000.00 to 520000.00),Q2 (79.00 to 114.00),Q2 (24.00 to 38.00),Q2 (12.31 to 20.12),Q4 (16.97 to 121.89)
E01003345,Lewisham 010E,Lewisham,Q2 (420000.00 to 520000.00),Q2 (79.00 to 114.00),Q3 (38.00 to 56.00),Q2 (12.31 to 20.12),Q4 (16.97 to 121.89)
E01003346,Lewisham 026A,Lewisham,Q2 (420000.00 to 520000.00),Q3 (114.00 to 173.00),Q4 (56.00 to 1283.00),Q4 (29.24 to 59.01),Q1 (0.19 to 5.47)
E01003347,Lewisham 030A,Lewisham,Q1 (147500.00 to 420000.00),Q3 (114.00 to 173.00),Q4 (56.00 to 1283.00),Q4 (29.24 to 59.01),Q1 (0.19 to 5.47)
E01003348,Lewisham 030B,Lewisham,Q1 (147500.00 to 420000.00),Q3 (114.00 to 173.00),Q3 (38.00 to 56.00),Q3 (20.12 to 29.24),Q2 (5.47 to 9.48)
E01003349,Lewisham 026B,Lewisham,Q1 (147500.00 to 420000.00),Q2 (79.00 to 114.00),Q2 (24.00 to 38.00),Q4 (29.24 to 59.01),Q3 (9.48 to 16.97)
E01003350,Lewisham 030C,Lewisham,Q2 (420000.00 to 520000.00),Q3 (114.00 to 173.00),Q3 (38.00 to 56.00),Q4 (29.24 to 59.01),Q1 (0.19 to 5.47)
E01003351,Lewisham 026C,Lewisham,Q1 (147500.00 to 420000.00),Q3 (114.00 to 173.00),Q3 (38.00 to 56.00),Q4 (29.24 to 59.01),Q2 (5.47 to 9.48)
E01003352,Lewisham 030D,Lewisham,Q2 (420000.00 to 520000.00),Q3 (114.00 to 173.00),Q4 (56.00 to 1283.00),Q4 (29.24 to 59.01),Q3 (9.48 to 16.97)
E01003353,Lewisham 030E,Lewisham,Q2 (420000.00 to 520000.00),Q3 (114.00 to 173.00),Q3 (38.00 to 56.00),Q3 (20.12 to 29.24),Q2 (5.47 to 9.48)
E01003354,Lewisham 026D,Lewisham,Q1 (147500.00 to 420000.00),Q2 (79.00 to 114.00),Q3 (38.00 to 56.00),Q3 (20.12 to 29.24),Q1 (0.19 to 5.47)
E01003355,Merton 009A,Merton,Q3 (520000.00 to 683000.00),Q1 (2.00 to 79.00),Q1 (0.00 to 24.00),Q1 (2.33 to 12.31),Q4 (16.97 to 121.89)
E01003356,Merton 009B,Merton,Q4 (683000.00 to 6425000.00),Q2 (79.00 to 114.00),Q2 (24.00 to 38.00),Q1 (2.33 to 12.31),Q3 (9.48 to 16.97)
E01003357,Merton 012A,Merton,Q3 (520000.00 to 683000.00),Q4 (173.00 to 9206.00),Q4 (56.00 to 1283.00),Q3 (20.12 to 29.24),Q3 (9.48 to 16.97)
E01003358,Merton 009C,Merton,Q3 (520000.00 to 683000.00),Q2 (79.00 to 114.00),Q3 (38.00 to 56.00),Q1 (2.33 to 12.31),Q4 (16.97 to 121.89)
E01003359,Merton 006A,Merton,Q4 (683000.00 to 6425000.00),Q3 (114.00 to 173.00),Q3 (38.00 to 56.00),Q2 (12.31 to 20.12),Q3 (9.48 to 16.97)
E01003360,Merton 006B,Merton,Q4 (683000.00 to 6425000.00),Q3 (114.00 to 173.00),Q3 (38.00 to 56.00),Q1 (2.33 to 12.31),Q4 (16.97 to 121.89)
E01003361,Merton 015A,Merton,Q4 (683000.00 to 6425000.00),Q1 (2.00 to 79.00),Q1 (0.00 to 24.00),Q1 (2.33 to 12.31),Q2 (5.47 to 9.48)
E01003362,Merton 021A,Merton,Q4 (683000.00 to 6425000.00),Q1 (2.00 to 79.00),Q1 (0.00 to 24.00),Q1 (2.33 to 12.31),Q1 (0.19 to 5.47)
E01003363,Merton 021B,Merton,Q3 (520000.00 to 683000.00),Q2 (79.00 to 114.00),Q2 (24.00 to 38.00),Q1 (2.33 to 12.31),Q2 (5.47 to 9.48)
E01003364,Merton 021C,Merton,Q4 (683000.00 to 6425000.00),Q1 (2.00 to 79.00),Q1 (0.00 to 24.00),Q1 (2.33 to 12.31),Q1 (0.19 to 5.47)
E01003365,Merton 021D,Merton,Q4 (683000.00 to 6425000.00),Q1 (2.00 to 79.00),Q1 (0.00 to 24.00),Q1 (2.33 to 12.31),Q3 (9.48 to 16.97)
E01003366,Merton 016A,Merton,Q3 (520000.00 to 683000.00),Q3 (114.00 to 173.00),Q2 (24.00 to 38.00),Q2 (12.31 to 20.12),Q2 (5.47 to 9.48)
E01003367,Merton 005A,Merton,Q2 (420000.00 to 520000.00),Q3 (114.00 to 173.00),Q3 (38.00 to 56.00),Q2 (12.31 to 20.12),Q3 (9.48 to 16.97)
E01003368,Merton 008A,Merton,Q2 (420000.00 to 520000.00),Q1 (2.00 to 79.00),Q2 (24.00 to 38.00),Q2 (12.31 to 20.12),Q2 (5.47 to 9.48)
E01003369,Merton 005B,Merton,Q2 (420000.00 to 520000.00),Q1 (2.00 to 79.00),Q1 (0.00 to 24.00),Q1 (2.33 to 12.31),Q4 (16.97 to 121.89)
E01003370,Merton 005C,Merton,Q1 (147500.00 to 420000.00),Q3 (114.00 to 173.00),Q2 (24.00 to 38.00),Q2 (12.31 to 20.12),Q4 (16.97 to 121.89)
E01003371,Merton 005D,Merton,Q4 (683000.00 to 6425000.00),Q1 (2.00 to 79.00),Q1 (0.00 to 24.00),Q2 (12.31 to 20.12),Q3 (9.48 to 16.97)
E01003372,Merton 008B,Merton,Q1 (147500.00 to 420000.00),Q2 (79.00 to 114.00),Q3 (38.00 to 56.00),Q3 (20.12 to 29.24),Q3 (9.48 to 16.97)
E01003373,Merton 018A,Merton,Q1 (147500.00 to 420000.00),Q3 (114.00 to 173.00),Q3 (38.00 to 56.00),Q4 (29.24 to 59.01),Q2 (5.47 to 9.48)
E01003374,Merton 022A,Merton,Q1 (147500.00 to 420000.00),Q4 (173.00 to 9206.00),Q4 (56.00 to 1283.00),Q4 (29.24 to 59.01),Q3 (9.48 to 16.97)
E01003375,Merton 022B,Merton,Q2 (420000.00 to 520000.00),Q4 (173.00 to 9206.00),Q4 (56.00 to 1283.00),Q2 (12.31 to 20.12),Q2 (5.47 to 9.48)
E01003376,Merton 012B,Merton,Q2 (420000.00 to 520000.00),Q2 (79.00 to 114.00),Q3 (38.00 to 56.00),Q3 (20.12 to 29.24),Q2 (5.47 to 9.48)
E01003377,Merton 012C,Merton,Q1 (147500.00 to 420000.00),Q2 (79.00 to 114.00),Q4 (56.00 to 1283.00),Q4 (29.24 to 59.01),Q2 (5.47 to 9.48)
E01003378,Merton 018B,Merton,Q2 (420000.00 to 520000.00),Q3 (114.00 to 173.00),Q3 (38.00 to 56.00),Q2 (12.31 to 20.12),Q2 (5.47 to 9.48)
E01003379,Merton 018C,Merton,Q1 (147500.00 to 420000.00),Q4 (173.00 to 9206.00),Q4 (56.00 to 1283.00),Q4 (29.24 to 59.01),Q3 (9.48 to 16.97)
E01003380,Merton 011A,Merton,Q4 (683000.00 to 6425000.00),Q1 (2.00 to 79.00),Q1 (0.00 to 24.00),Q1 (2.33 to 12.31),Q2 (5.47 to 9.48)
E01003381,Merton 016B,Merton,Q4 (683000.00 to 6425000.00),Q1 (2.00 to 79.00),Q1 (0.00 to 24.00),Q1 (2.33 to 12.31),Q4 (16.97 to 121.89)
E01003382,Merton 011B,Merton,Q4 (683000.00 to 6425000.00),Q1 (2.00 to 79.00),Q1 (0.00 to 24.00),Q1 (2.33 to 12.31),Q3 (9.48 to 16.97)
E01003383,Merton 009D,Merton,Q4 (683000.00 to 6425000.00),Q4 (173.00 to 9206.00),Q4 (56.00 to 1283.00),Q1 (2.33 to 12.31),Q4 (16.97 to 121.89)
E01003384,Merton 009E,Merton,Q3 (520000.00 to 683000.00),Q1 (2.00 to 79.00),Q1 (0.00 to 24.00),Q1 (2.33 to 12.31),Q4 (16.97 to 121.89)
E01003385,Merton 011C,Merton,Q4 (683000.00 to 6425000.00),Q1 (2.00 to 79.00),Q1 (0.00 to 24.00),Q1 (2.33 to 12.31),Q3 (9.48 to 16.97)
E01003386,Merton 013A,Merton,Q1 (147500.00 to 420000.00),Q2 (79.00 to 114.00),Q3 (38.00 to 56.00),Q2 (12.31 to 20.12),Q3 (9.48 to 16.97)
E01003387,Merton 014A,Merton,Q1 (147500.00 to 420000.00),Q3 (114.00 to 173.00),Q4 (56.00 to 1283.00),Q4 (29.24 to 59.01),Q2 (5.47 to 9.48)
E01003388,Merton 013B,Merton,Q1 (147500.00 to 420000.00),Q2 (79.00 to 114.00),Q2 (24.00 to 38.00),Q3 (20.12 to 29.24),Q4 (16.97 to 121.89)
E01003389,Merton 013C,Merton,Q2 (420000.00 to 520000.00),Q4 (173.00 to 9206.00),Q4 (56.00 to 1283.00),Q3 (20.12 to 29.24),Q3 (9.48 to 16.97)
E01003390,Merton 018D,Merton,Q1 (147500.00 to 420000.00),Q4 (173.00 to 9206.00),Q4 (56.00 to 1283.00),Q4 (29.24 to 59.01),Q4 (16.97 to 121.89)
E01003391,Merton 014B,Merton,Q2 (420000.00 to 520000.00),Q2 (79.00 to 114.00),Q4 (56.00 to 1283.00),Q4 (29.24 to 59.01),Q2 (5.47 to 9.48)
E01003392,Merton 013D,Merton,Q2 (420000.00 to 520000.00),Q1 (2.00 to 79.00),Q1 (0.00 to 24.00),Q2 (12.31 to 20.12),Q3 (9.48 to 16.97)
E01003393,Merton 008C,Merton,Q2 (420000.00 to 520000.00),Q2 (79.00 to 114.00),Q2 (24.00 to 38.00),Q2 (12.31 to 20.12),Q3 (9.48 to 16.97)
E01003394,Merton 007A,Merton,Q3 (520000.00 to 683000.00),Q2 (79.00 to 114.00),Q3 (38.00 to 56.00),Q2 (12.31 to 20.12),Q2 (5.47 to 9.48)
E01003395,Merton 007B,Merton,Q3 (520000.00 to 683000.00),Q1 (2.00 to 79.00),Q2 (24.00 to 38.00),Q1 (2.33 to 12.31),Q2 (5.47 to 9.48)
E01003396,Merton 007C,Merton,Q4 (683000.00 to 6425000.00),Q1 (2.00 to 79.00),Q1 (0.00 to 24.00),Q1 (2.33 to 12.31),Q4 (16.97 to 121.89)
E01003397,Merton 007D,Merton,Q3 (520000.00 to 683000.00),Q2 (79.00 to 114.00),Q2 (24.00 to 38.00),Q2 (12.31 to 20.12),Q3 (9.48 to 16.97)
E01003398,Merton 007E,Merton,Q3 (520000.00 to 683000.00),Q3 (114.00 to 173.00),Q3 (38.00 to 56.00),Q2 (12.31 to 20.12),Q1 (0.19 to 5.47)
E01003399,Merton 011D,Merton,Q3 (520000.00 to 683000.00),Q1 (2.00 to 79.00),Q1 (0.00 to 24.00),Q1 (2.33 to 12.31),Q3 (9.48 to 16.97)
E01003400,Merton 003A,Merton,Q4 (683000.00 to 6425000.00),Q1 (2.00 to 79.00),Q2 (24.00 to 38.00),Q1 (2.33 to 12.31),Q4 (16.97 to 121.89)
E01003401,Merton 004A,Merton,Q4 (683000.00 to 6425000.00),Q3 (114.00 to 173.00),Q3 (38.00 to 56.00),Q1 (2.33 to 12.31),Q4 (16.97 to 121.89)
E01003402,Merton 004B,Merton,Q4 (683000.00 to 6425000.00),Q3 (114.00 to 173.00),Q1 (0.00 to 24.00),Q1 (2.33 to 12.31),Q4 (16.97 to 121.89)
E01003403,Merton 004C,Merton,Q4 (683000.00 to 6425000.00),Q1 (2.00 to 79.00),Q1 (0.00 to 24.00),Q1 (2.33 to 12.31),Q3 (9.48 to 16.97)
E01003404,Merton 004D,Merton,Q3 (520000.00 to 683000.00),Q1 (2.00 to 79.00),Q1 (0.00 to 24.00),Q1 (2.33 to 12.31),Q2 (5.47 to 9.48)
E01003405,Merton 018E,Merton,Q1 (147500.00 to 420000.00),Q3 (114.00 to 173.00),Q4 (56.00 to 1283.00),Q3 (20.12 to 29.24),Q2 (5.47 to 9.48)
E01003406,Merton 008D,Merton,Q1 (147500.00 to 420000.00),Q1 (2.00 to 79.00),Q1 (0.00 to 24.00),Q3 (20.12 to 29.24),Q1 (0.19 to 5.47)
E01003407,Merton 008E,Merton,Q1 (147500.00 to 420000.00),Q2 (79.00 to 114.00),Q2 (24.00 to 38.00),Q1 (2.33 to 12.31),Q2 (5.47 to 9.48)
E01003408,Merton 012D,Merton,Q1 (147500.00 to 420000.00),Q2 (79.00 to 114.00),Q2 (24.00 to 38.00),Q1 (2.33 to 12.31),Q2 (5.47 to 9.48)
E01003409,Merton 013E,Merton,Q2 (420000.00 to 520000.00),Q3 (114.00 to 173.00),Q3 (38.00 to 56.00),Q3 (20.12 to 29.24),Q3 (9.48 to 16.97)
E01003410,Merton 012E,Merton,Q1 (147500.00 to 420000.00),Q2 (79.00 to 114.00),Q3 (38.00 to 56.00),Q3 (20.12 to 29.24),Q1 (0.19 to 5.47)
E01003411,Merton 014C,Merton,Q2 (420000.00 to 520000.00),Q2 (79.00 to 114.00),Q3 (38.00 to 56.00),Q2 (12.31 to 20.12),Q2 (5.47 to 9.48)
E01003412,Merton 014D,Merton,Q2 (420000.00 to 520000.00),Q2 (79.00 to 114.00),Q3 (38.00 to 56.00),Q3 (20.12 to 29.24),Q2 (5.47 to 9.48)
E01003413,Merton 017A,Merton,Q1 (147500.00 to 420000.00),Q3 (114.00 to 173.00),Q3 (38.00 to 56.00),Q2 (12.31 to 20.12),Q2 (5.47 to 9.48)
E01003414,Merton 017B,Merton,Q3 (520000.00 to 683000.00),Q2 (79.00 to 114.00),Q3 (38.00 to 56.00),Q2 (12.31 to 20.12),Q2 (5.47 to 9.48)
E01003415,Merton 017C,Merton,Q2 (420000.00 to 520000.00),Q3 (114.00 to 173.00),Q3 (38.00 to 56.00),Q2 (12.31 to 20.12),Q2 (5.47 to 9.48)
E01003416,Merton 017D,Merton,Q2 (420000.00 to 520000.00),Q2 (79.00 to 114.00),Q2 (24.00 to 38.00),Q2 (12.31 to 20.12),Q1 (0.19 to 5.47)
E01003417,Merton 025A,Merton,Q2 (420000.00 to 520000.00),Q1 (2.00 to 79.00),Q1 (0.00 to 24.00),Q1 (2.33 to 12.31),Q2 (5.47 to 9.48)
E01003418,Merton 025B,Merton,Q3 (520000.00 to 683000.00),Q1 (2.00 to 79.00),Q1 (0.00 to 24.00),Q1 (2.33 to 12.31),Q1 (0.19 to 5.47)
E01003419,Merton 025C,Merton,Q2 (420000.00 to 520000.00),Q2 (79.00 to 114.00),Q1 (0.00 to 24.00),Q1 (2.33 to 12.31),Q1 (0.19 to 5.47)
E01003420,Merton 025D,Merton,Q2 (420000.00 to 520000.00),Q1 (2.00 to 79.00),Q1 (0.00 to 24.00),Q1 (2.33 to 12.31),Q1 (0.19 to 5.47)
E01003421,Merton 021E,Merton,Q2 (420000.00 to 520000.00),Q1 (2.00 to 79.00),Q1 (0.00 to 24.00),Q1 (2.33 to 12.31),Q1 (0.19 to 5.47)
E01003422,Merton 025E,Merton,Q3 (520000.00 to 683000.00),Q1 (2.00 to 79.00),Q1 (0.00 to 24.00),Q1 (2.33 to 12.31),Q1 (0.19 to 5.47)
E01003423,Merton 011E,Merton,Q2 (420000.00 to 520000.00),Q2 (79.00 to 114.00),Q2 (24.00 to 38.00),Q1 (2.33 to 12.31),Q3 (9.48 to 16.97)
E01003424,Merton 015B,Merton,Q4 (683000.00 to 6425000.00),Q1 (2.00 to 79.00),Q1 (0.00 to 24.00),Q1 (2.33 to 12.31),Q2 (5.47 to 9.48)
E01003425,Merton 015C,Merton,Q4 (683000.00 to 6425000.00),Q1 (2.00 to 79.00),Q1 (0.00 to 24.00),Q1 (2.33 to 12.31),Q2 (5.47 to 9.48)
E01003426,Merton 015D,Merton,Q4 (683000.00 to 6425000.00),Q1 (2.00 to 79.00),Q1 (0.00 to 24.00),Q1 (2.33 to 12.31),Q4 (16.97 to 121.89)
E01003427,Merton 023A,Merton,Q1 (147500.00 to 420000.00),Q4 (173.00 to 9206.00),Q4 (56.00 to 1283.00),Q2 (12.31 to 20.12),Q4 (16.97 to 121.89)
E01003428,Merton 015E,Merton,Q3 (520000.00 to 683000.00),Q1 (2.00 to 79.00),Q1 (0.00 to 24.00),Q1 (2.33 to 12.31),Q3 (9.48 to 16.97)
E01003429,Merton 019A,Merton,Q2 (420000.00 to 520000.00),Q2 (79.00 to 114.00),Q3 (38.00 to 56.00),Q2 (12.31 to 20.12),Q1 (0.19 to 5.47)
E01003430,Merton 019B,Merton,Q1 (147500.00 to 420000.00),Q3 (114.00 to 173.00),Q4 (56.00 to 1283.00),Q4 (29.24 to 59.01),Q2 (5.47 to 9.48)
E01003431,Merton 019C,Merton,Q1 (147500.00 to 420000.00),Q2 (79.00 to 114.00),Q3 (38.00 to 56.00),Q4 (29.24 to 59.01),Q2 (5.47 to 9.48)
E01003432,Merton 019D,Merton,Q2 (420000.00 to 520000.00),Q1 (2.00 to 79.00),Q2 (24.00 to 38.00),Q4 (29.24 to 59.01),Q1 (0.19 to 5.47)
E01003433,Merton 019E,Merton,Q1 (147500.00 to 420000.00),Q2 (79.00 to 114.00),Q2 (24.00 to 38.00),Q2 (12.31 to 20.12),Q2 (5.47 to 9.48)
E01003434,Merton 017E,Merton,Q2 (420000.00 to 520000.00),Q1 (2.00 to 79.00),Q1 (0.00 to 24.00),Q2 (12.31 to 20.12),Q2 (5.47 to 9.48)
E01003435,Merton 014E,Merton,Q1 (147500.00 to 420000.00),Q3 (114.00 to 173.00),Q3 (38.00 to 56.00),Q2 (12.31 to 20.12),Q2 (5.47 to 9.48)
E01003436,Merton 023B,Merton,Q2 (420000.00 to 520000.00),Q2 (79.00 to 114.00),Q3 (38.00 to 56.00),Q3 (20.12 to 29.24),Q2 (5.47 to 9.48)
E01003437,Merton 022C,Merton,Q3 (520000.00 to 683000.00),Q3 (114.00 to 173.00),Q2 (24.00 to 38.00),Q2 (12.31 to 20.12),Q2 (5.47 to 9.48)
E01003438,Merton 024A,Merton,Q1 (147500.00 to 420000.00),Q3 (114.00 to 173.00),Q3 (38.00 to 56.00),Q3 (20.12 to 29.24),Q2 (5.47 to 9.48)
E01003439,Merton 023C,Merton,Q2 (420000.00 to 520000.00),Q4 (173.00 to 9206.00),Q4 (56.00 to 1283.00),Q3 (20.12 to 29.24),Q4 (16.97 to 121.89)
E01003440,Merton 022D,Merton,Q1 (147500.00 to 420000.00),Q2 (79.00 to 114.00),Q3 (38.00 to 56.00),Q3 (20.12 to 29.24),Q2 (5.47 to 9.48)
E01003441,Merton 022E,Merton,Q2 (420000.00 to 520000.00),Q2 (79.00 to 114.00),Q3 (38.00 to 56.00),Q3 (20.12 to 29.24),Q2 (5.47 to 9.48)
E01003442,Merton 010A,Merton,Q4 (683000.00 to 6425000.00),Q1 (2.00 to 79.00),Q1 (0.00 to 24.00),Q1 (2.33 to 12.31),Q2 (5.47 to 9.48)
E01003443,Merton 010B,Merton,Q4 (683000.00 to 6425000.00),Q1 (2.00 to 79.00),Q2 (24.00 to 38.00),Q1 (2.33 to 12.31),Q4 (16.97 to 121.89)
E01003444,Merton 010C,Merton,Q4 (683000.00 to 6425000.00),Q1 (2.00 to 79.00),Q1 (0.00 to 24.00),Q1 (2.33 to 12.31),Q3 (9.48 to 16.97)
E01003445,Merton 010D,Merton,Q4 (683000.00 to 6425000.00),Q1 (2.00 to 79.00),Q1 (0.00 to 24.00),Q1 (2.33 to 12.31),Q2 (5.47 to 9.48)
E01003446,Merton 016C,Merton,Q4 (683000.00 to 6425000.00),Q3 (114.00 to 173.00),Q3 (38.00 to 56.00),Q1 (2.33 to 12.31),Q4 (16.97 to 121.89)
E01003447,Merton 016D,Merton,Q1 (147500.00 to 420000.00),Q3 (114.00 to 173.00),Q3 (38.00 to 56.00),Q3 (20.12 to 29.24),Q2 (5.47 to 9.48)
E01003448,Merton 023D,Merton,Q1 (147500.00 to 420000.00),Q2 (79.00 to 114.00),Q3 (38.00 to 56.00),Q3 (20.12 to 29.24),Q2 (5.47 to 9.48)
E01003449,Merton 024B,Merton,Q2 (420000.00 to 520000.00),Q1 (2.00 to 79.00),Q1 (0.00 to 24.00),Q2 (12.31 to 20.12),Q2 (5.47 to 9.48)
E01003450,Merton 024C,Merton,Q1 (147500.00 to 420000.00),Q3 (114.00 to 173.00),Q3 (38.00 to 56.00),Q3 (20.12 to 29.24),Q3 (9.48 to 16.97)
E01003451,Merton 024D,Merton,Q3 (520000.00 to 683000.00),Q2 (79.00 to 114.00),Q1 (0.00 to 24.00),Q2 (12.31 to 20.12),Q2 (5.47 to 9.48)
E01003452,Merton 024E,Merton,Q1 (147500.00 to 420000.00),Q3 (114.00 to 173.00),Q4 (56.00 to 1283.00),Q3 (20.12 to 29.24),Q2 (5.47 to 9.48)
E01003453,Merton 023E,Merton,Q2 (420000.00 to 520000.00),Q4 (173.00 to 9206.00),Q3 (38.00 to 56.00),Q3 (20.12 to 29.24),Q3 (9.48 to 16.97)
E01003454,Merton 003B,Merton,Q4 (683000.00 to 6425000.00),Q1 (2.00 to 79.00),Q1 (0.00 to 24.00),Q1 (2.33 to 12.31),Q4 (16.97 to 121.89)
E01003455,Merton 005E,Merton,Q2 (420000.00 to 520000.00),Q1 (2.00 to 79.00),Q1 (0.00 to 24.00),Q1 (2.33 to 12.31),Q1 (0.19 to 5.47)
E01003456,Merton 003C,Merton,Q3 (520000.00 to 683000.00),Q4 (173.00 to 9206.00),Q4 (56.00 to 1283.00),Q2 (12.31 to 20.12),Q4 (16.97 to 121.89)
E01003457,Merton 006C,Merton,Q4 (683000.00 to 6425000.00),Q1 (2.00 to 79.00),Q1 (0.00 to 24.00),Q1 (2.33 to 12.31),Q3 (9.48 to 16.97)
E01003458,Merton 006D,Merton,Q4 (683000.00 to 6425000.00),Q1 (2.00 to 79.00),Q1 (0.00 to 24.00),Q1 (2.33 to 12.31),Q3 (9.48 to 16.97)
E01003459,Merton 006E,Merton,Q2 (420000.00 to 520000.00),Q3 (114.00 to 173.00),Q3 (38.00 to 56.00),Q2 (12.31 to 20.12),Q3 (9.48 to 16.97)
E01003460,Merton 002A,Merton,Q4 (683000.00 to 6425000.00),Q3 (114.00 to 173.00),Q2 (24.00 to 38.00),Q1 (2.33 to 12.31),Q1 (0.19 to 5.47)
E01003461,Merton 004E,Merton,Q4 (683000.00 to 6425000.00),Q2 (79.00 to 114.00),Q2 (24.00 to 38.00),Q1 (2.33 to 12.31),Q3 (9.48 to 16.97)
E01003462,Merton 002B,Merton,Q4 (683000.00 to 6425000.00),Q1 (2.00 to 79.00),Q1 (0.00 to 24.00),Q1 (2.33 to 12.31),Q1 (0.19 to 5.47)
E01003463,Merton 010E,Merton,Q4 (683000.00 to 6425000.00),Q1 (2.00 to 79.00),Q1 (0.00 to 24.00),Q1 (2.33 to 12.31),Q1 (0.19 to 5.47)
E01003464,Merton 002C,Merton,Q4 (683000.00 to 6425000.00),Q2 (79.00 to 114.00),Q1 (0.00 to 24.00),Q1 (2.33 to 12.31),Q1 (0.19 to 5.47)
E01003465,Merton 002D,Merton,Q4 (683000.00 to 6425000.00),Q1 (2.00 to 79.00),Q1 (0.00 to 24.00),Q1 (2.33 to 12.31),Q1 (0.19 to 5.47)
E01003466,Merton 020A,Merton,Q4 (683000.00 to 6425000.00),Q1 (2.00 to 79.00),Q1 (0.00 to 24.00),Q1 (2.33 to 12.31),Q2 (5.47 to 9.48)
E01003467,Merton 020B,Merton,Q4 (683000.00 to 6425000.00),Q1 (2.00 to 79.00),Q1 (0.00 to 24.00),Q1 (2.33 to 12.31),Q1 (0.19 to 5.47)
E01003468,Merton 020C,Merton,Q3 (520000.00 to 683000.00),Q1 (2.00 to 79.00),Q1 (0.00 to 24.00),Q1 (2.33 to 12.31),Q1 (0.19 to 5.47)
E01003469,Merton 020D,Merton,Q1 (147500.00 to 420000.00),Q4 (173.00 to 9206.00),Q2 (24.00 to 38.00),Q2 (12.31 to 20.12),Q2 (5.47 to 9.48)
E01003470,Merton 020E,Merton,Q3 (520000.00 to 683000.00),Q2 (79.00 to 114.00),Q2 (24.00 to 38.00),Q1 (2.33 to 12.31),Q2 (5.47 to 9.48)
E01003471,Merton 016E,Merton,Q4 (683000.00 to 6425000.00),Q4 (173.00 to 9206.00),Q3 (38.00 to 56.00),Q1 (2.33 to 12.31),Q3 (9.48 to 16.97)
E01003472,Merton 001A,Merton,Q4 (683000.00 to 6425000.00),Q1 (2.00 to 79.00),Q1 (0.00 to 24.00),Q1 (2.33 to 12.31),Q2 (5.47 to 9.48)
E01003473,Merton 001B,Merton,Q4 (683000.00 to 6425000.00),Q1 (2.00 to 79.00),Q1 (0.00 to 24.00),Q1 (2.33 to 12.31),Q2 (5.47 to 9.48)
E01003474,Merton 001C,Merton,Q4 (683000.00 to 6425000.00),Q1 (2.00 to 79.00),Q1 (0.00 to 24.00),Q1 (2.33 to 12.31),Q1 (0.19 to 5.47)
E01003475,Merton 001D,Merton,Q2 (420000.00 to 520000.00),Q4 (173.00 to 9206.00),Q3 (38.00 to 56.00),Q2 (12.31 to 20.12),Q2 (5.47 to 9.48)
E01003476,Merton 003D,Merton,Q4 (683000.00 to 6425000.00),Q1 (2.00 to 79.00),Q2 (24.00 to 38.00),Q1 (2.33 to 12.31),Q3 (9.48 to 16.97)
E01003477,Merton 003E,Merton,Q4 (683000.00 to 6425000.00),Q2 (79.00 to 114.00),Q2 (24.00 to 38.00),Q1 (2.33 to 12.31),Q2 (5.47 to 9.48)
E01003478,Merton 001E,Merton,Q4 (683000.00 to 6425000.00),Q2 (79.00 to 114.00),Q1 (0.00 to 24.00),Q1 (2.33 to 12.31),Q2 (5.47 to 9.48)
E01003479,Newham 035A,Newham,Q1 (147500.00 to 420000.00),Q2 (79.00 to 114.00),Q4 (56.00 to 1283.00),Q4 (29.24 to 59.01),Q1 (0.19 to 5.47)
E01003480,Newham 033A,Newham,Q2 (420000.00 to 520000.00),Q3 (114.00 to 173.00),Q2 (24.00 to 38.00),Q3 (20.12 to 29.24),Q3 (9.48 to 16.97)
E01003481,Newham 035B,Newham,Q1 (147500.00 to 420000.00),Q3 (114.00 to 173.00),Q3 (38.00 to 56.00),Q3 (20.12 to 29.24),Q2 (5.47 to 9.48)
E01003482,Newham 033B,Newham,Q2 (420000.00 to 520000.00),Q4 (173.00 to 9206.00),Q4 (56.00 to 1283.00),Q3 (20.12 to 29.24),Q1 (0.19 to 5.47)
E01003483,Newham 032A,Newham,Q1 (147500.00 to 420000.00),Q2 (79.00 to 114.00),Q2 (24.00 to 38.00),Q4 (29.24 to 59.01),Q1 (0.19 to 5.47)
E01003484,Newham 032B,Newham,Q1 (147500.00 to 420000.00),Q1 (2.00 to 79.00),Q2 (24.00 to 38.00),Q3 (20.12 to 29.24),Q2 (5.47 to 9.48)
E01003485,Newham 035C,Newham,Q2 (420000.00 to 520000.00),Q1 (2.00 to 79.00),Q1 (0.00 to 24.00),Q3 (20.12 to 29.24),Q1 (0.19 to 5.47)
E01003488,Newham 019A,Newham,Q1 (147500.00 to 420000.00),Q3 (114.00 to 173.00),Q3 (38.00 to 56.00),Q4 (29.24 to 59.01),Q3 (9.48 to 16.97)
E01003489,Newham 019B,Newham,Q2 (420000.00 to 520000.00),Q4 (173.00 to 9206.00),Q4 (56.00 to 1283.00),Q4 (29.24 to 59.01),Q4 (16.97 to 121.89)
E01003490,Newham 019C,Newham,Q2 (420000.00 to 520000.00),Q3 (114.00 to 173.00),Q4 (56.00 to 1283.00),Q4 (29.24 to 59.01),Q3 (9.48 to 16.97)
E01003491,Newham 022A,Newham,Q1 (147500.00 to 420000.00),Q4 (173.00 to 9206.00),Q4 (56.00 to 1283.00),Q4 (29.24 to 59.01),Q4 (16.97 to 121.89)
E01003492,Newham 025A,Newham,Q2 (420000.00 to 520000.00),Q2 (79.00 to 114.00),Q2 (24.00 to 38.00),Q3 (20.12 to 29.24),Q3 (9.48 to 16.97)
E01003493,Newham 025B,Newham,Q2 (420000.00 to 520000.00),Q4 (173.00 to 9206.00),Q4 (56.00 to 1283.00),Q3 (20.12 to 29.24),Q3 (9.48 to 16.97)
E01003494,Newham 025C,Newham,Q2 (420000.00 to 520000.00),Q2 (79.00 to 114.00),Q1 (0.00 to 24.00),Q3 (20.12 to 29.24),Q3 (9.48 to 16.97)
E01003495,Newham 025D,Newham,Q2 (420000.00 to 520000.00),Q2 (79.00 to 114.00),Q2 (24.00 to 38.00),Q2 (12.31 to 20.12),Q2 (5.47 to 9.48)
E01003496,Newham 027A,Newham,Q1 (147500.00 to 420000.00),Q2 (79.00 to 114.00),Q2 (24.00 to 38.00),Q3 (20.12 to 29.24),Q4 (16.97 to 121.89)
E01003497,Newham 034A,Newham,Q2 (420000.00 to 520000.00),Q4 (173.00 to 9206.00),Q4 (56.00 to 1283.00),Q4 (29.24 to 59.01),Q3 (9.48 to 16.97)
E01003498,Newham 027B,Newham,Q1 (147500.00 to 420000.00),Q3 (114.00 to 173.00),Q4 (56.00 to 1283.00),Q4 (29.24 to 59.01),Q2 (5.47 to 9.48)
E01003499,Newham 030A,Newham,Q1 (147500.00 to 420000.00),Q4 (173.00 to 9206.00),Q4 (56.00 to 1283.00),Q4 (29.24 to 59.01),Q3 (9.48 to 16.97)
E01003500,Newham 027C,Newham,Q1 (147500.00 to 420000.00),Q4 (173.00 to 9206.00),Q3 (38.00 to 56.00),Q4 (29.24 to 59.01),Q3 (9.48 to 16.97)
E01003501,Newham 030B,Newham,Q2 (420000.00 to 520000.00),Q3 (114.00 to 173.00),Q3 (38.00 to 56.00),Q4 (29.24 to 59.01),Q3 (9.48 to 16.97)
E01003502,Newham 030C,Newham,Q1 (147500.00 to 420000.00),Q4 (173.00 to 9206.00),Q4 (56.00 to 1283.00),Q4 (29.24 to 59.01),Q4 (16.97 to 121.89)
E01003503,Newham 030D,Newham,Q1 (147500.00 to 420000.00),Q4 (173.00 to 9206.00),Q4 (56.00 to 1283.00),Q4 (29.24 to 59.01),Q4 (16.97 to 121.89)
E01003506,Newham 034D,Newham,Q2 (420000.00 to 520000.00),Q3 (114.00 to 173.00),Q2 (24.00 to 38.00),Q4 (29.24 to 59.01),Q2 (5.47 to 9.48)
E01003507,Newham 031A,Newham,Q1 (147500.00 to 420000.00),Q4 (173.00 to 9206.00),Q4 (56.00 to 1283.00),Q4 (29.24 to 59.01),Q3 (9.48 to 16.97)
E01003508,Newham 031B,Newham,Q1 (147500.00 to 420000.00),Q4 (173.00 to 9206.00),Q3 (38.00 to 56.00),Q4 (29.24 to 59.01),Q3 (9.48 to 16.97)
E01003509,Newham 031C,Newham,Q1 (147500.00 to 420000.00),Q3 (114.00 to 173.00),Q3 (38.00 to 56.00),Q4 (29.24 to 59.01),Q3 (9.48 to 16.97)
E01003511,Newham 036A,Newham,Q1 (147500.00 to 420000.00),Q2 (79.00 to 114.00),Q2 (24.00 to 38.00),Q4 (29.24 to 59.01),Q1 (0.19 to 5.47)
E01003512,Newham 036B,Newham,Q1 (147500.00 to 420000.00),Q3 (114.00 to 173.00),Q3 (38.00 to 56.00),Q4 (29.24 to 59.01),Q3 (9.48 to 16.97)
E01003513,Newham 035D,Newham,Q2 (420000.00 to 520000.00),Q4 (173.00 to 9206.00),Q2 (24.00 to 38.00),Q3 (20.12 to 29.24),Q1 (0.19 to 5.47)
E01003514,Newham 036C,Newham,Q2 (420000.00 to 520000.00),Q2 (79.00 to 114.00),Q3 (38.00 to 56.00),Q4 (29.24 to 59.01),Q2 (5.47 to 9.48)
E01003515,Newham 036D,Newham,Q1 (147500.00 to 420000.00),Q4 (173.00 to 9206.00),Q4 (56.00 to 1283.00),Q4 (29.24 to 59.01),Q3 (9.48 to 16.97)
E01003516,Newham 032C,Newham,Q2 (420000.00 to 520000.00),Q3 (114.00 to 173.00),Q3 (38.00 to 56.00),Q4 (29.24 to 59.01),Q3 (9.48 to 16.97)
E01003517,Newham 036E,Newham,Q1 (147500.00 to 420000.00),Q3 (114.00 to 173.00),Q3 (38.00 to 56.00),Q4 (29.24 to 59.01),Q2 (5.47 to 9.48)
E01003518,Newham 032D,Newham,Q2 (420000.00 to 520000.00),Q1 (2.00 to 79.00),Q2 (24.00 to 38.00),Q3 (20.12 to 29.24),Q1 (0.19 to 5.47)
E01003519,Newham 032E,Newham,Q2 (420000.00 to 520000.00),Q2 (79.00 to 114.00),Q2 (24.00 to 38.00),Q4 (29.24 to 59.01),Q2 (5.47 to 9.48)
E01003520,Newham 018A,Newham,Q2 (420000.00 to 520000.00),Q4 (173.00 to 9206.00),Q4 (56.00 to 1283.00),Q3 (20.12 to 29.24),Q4 (16.97 to 121.89)
E01003521,Newham 018B,Newham,Q1 (147500.00 to 420000.00),Q4 (173.00 to 9206.00),Q4 (56.00 to 1283.00),Q3 (20.12 to 29.24),Q4 (16.97 to 121.89)
E01003522,Newham 018C,Newham,Q1 (147500.00 to 420000.00),Q1 (2.00 to 79.00),Q2 (24.00 to 38.00),Q4 (29.24 to 59.01),Q3 (9.48 to 16.97)
E01003523,Newham 024A,Newham,Q2 (420000.00 to 520000.00),Q4 (173.00 to 9206.00),Q4 (56.00 to 1283.00),Q4 (29.24 to 59.01),Q4 (16.97 to 121.89)
E01003524,Newham 019D,Newham,Q2 (420000.00 to 520000.00),Q2 (79.00 to 114.00),Q3 (38.00 to 56.00),Q3 (20.12 to 29.24),Q3 (9.48 to 16.97)
E01003525,Newham 018D,Newham,Q1 (147500.00 to 420000.00),Q4 (173.00 to 9206.00),Q4 (56.00 to 1283.00),Q4 (29.24 to 59.01),Q4 (16.97 to 121.89)
E01003526,Newham 018E,Newham,Q1 (147500.00 to 420000.00),Q3 (114.00 to 173.00),Q3 (38.00 to 56.00),Q4 (29.24 to 59.01),Q4 (16.97 to 121.89)
E01003527,Newham 024B,Newham,Q2 (420000.00 to 520000.00),Q2 (79.00 to 114.00),Q2 (24.00 to 38.00),Q2 (12.31 to 20.12),Q2 (5.47 to 9.48)
E01003528,Newham 005A,Newham,Q2 (420000.00 to 520000.00),Q1 (2.00 to 79.00),Q1 (0.00 to 24.00),Q4 (29.24 to 59.01),Q1 (0.19 to 5.47)
E01003529,Newham 010A,Newham,Q2 (420000.00 to 520000.00),Q3 (114.00 to 173.00),Q3 (38.00 to 56.00),Q3 (20.12 to 29.24),Q4 (16.97 to 121.89)
E01003530,Newham 010B,Newham,Q2 (420000.00 to 520000.00),Q1 (2.00 to 79.00),Q2 (24.00 to 38.00),Q3 (20.12 to 29.24),Q3 (9.48 to 16.97)
E01003531,Newham 010C,Newham,Q3 (520000.00 to 683000.00),Q4 (173.00 to 9206.00),Q4 (56.00 to 1283.00),Q3 (20.12 to 29.24),Q4 (16.97 to 121.89)
E01003532,Newham 010D,Newham,Q2 (420000.00 to 520000.00),Q2 (79.00 to 114.00),Q2 (24.00 to 38.00),Q3 (20.12 to 29.24),Q4 (16.97 to 121.89)
E01003533,Newham 011A,Newham,Q2 (420000.00 to 520000.00),Q2 (79.00 to 114.00),Q3 (38.00 to 56.00),Q3 (20.12 to 29.24),Q3 (9.48 to 16.97)
E01003534,Newham 010E,Newham,Q2 (420000.00 to 520000.00),Q3 (114.00 to 173.00),Q3 (38.00 to 56.00),Q3 (20.12 to 29.24),Q3 (9.48 to 16.97)
E01003535,Newham 023A,Newham,Q1 (147500.00 to 420000.00),Q3 (114.00 to 173.00),Q3 (38.00 to 56.00),Q4 (29.24 to 59.01),Q1 (0.19 to 5.47)
E01003536,Newham 023B,Newham,Q1 (147500.00 to 420000.00),Q2 (79.00 to 114.00),Q3 (38.00 to 56.00),Q4 (29.24 to 59.01),Q1 (0.19 to 5.47)
E01003537,Newham 024C,Newham,Q2 (420000.00 to 520000.00),Q3 (114.00 to 173.00),Q4 (56.00 to 1283.00),Q3 (20.12 to 29.24),Q2 (5.47 to 9.48)
E01003538,Newham 029A,Newham,Q1 (147500.00 to 420000.00),Q3 (114.00 to 173.00),Q4 (56.00 to 1283.00),Q4 (29.24 to 59.01),Q2 (5.47 to 9.48)
E01003539,Newham 029B,Newham,Q2 (420000.00 to 520000.00),Q3 (114.00 to 173.00),Q4 (56.00 to 1283.00),Q3 (20.12 to 29.24),Q1 (0.19 to 5.47)
E01003540,Newham 029C,Newham,Q1 (147500.00 to 420000.00),Q3 (114.00 to 173.00),Q3 (38.00 to 56.00),Q4 (29.24 to 59.01),Q2 (5.47 to 9.48)
E01003541,Newham 029D,Newham,Q1 (147500.00 to 420000.00),Q2 (79.00 to 114.00),Q3 (38.00 to 56.00),Q3 (20.12 to 29.24),Q1 (0.19 to 5.47)
E01003542,Newham 024D,Newham,Q2 (420000.00 to 520000.00),Q3 (114.00 to 173.00),Q3 (38.00 to 56.00),Q4 (29.24 to 59.01),Q2 (5.47 to 9.48)
E01003543,Newham 001A,Newham,Q3 (520000.00 to 683000.00),Q4 (173.00 to 9206.00),Q4 (56.00 to 1283.00),Q3 (20.12 to 29.24),Q3 (9.48 to 16.97)
E01003544,Newham 001B,Newham,Q2 (420000.00 to 520000.00),Q4 (173.00 to 9206.00),Q4 (56.00 to 1283.00),Q3 (20.12 to 29.24),Q2 (5.47 to 9.48)
E01003545,Newham 006A,Newham,Q3 (520000.00 to 683000.00),Q3 (114.00 to 173.00),Q3 (38.00 to 56.00),Q3 (20.12 to 29.24),Q2 (5.47 to 9.48)
E01003546,Newham 001C,Newham,Q2 (420000.00 to 520000.00),Q2 (79.00 to 114.00),Q2 (24.00 to 38.00),Q4 (29.24 to 59.01),Q3 (9.48 to 16.97)
E01003547,Newham 007A,Newham,Q4 (683000.00 to 6425000.00),Q2 (79.00 to 114.00),Q1 (0.00 to 24.00),Q2 (12.31 to 20.12),Q2 (5.47 to 9.48)
E01003548,Newham 006B,Newham,Q3 (520000.00 to 683000.00),Q3 (114.00 to 173.00),Q3 (38.00 to 56.00),Q3 (20.12 to 29.24),Q2 (5.47 to 9.48)
E01003549,Newham 006C,Newham,Q2 (420000.00 to 520000.00),Q3 (114.00 to 173.00),Q3 (38.00 to 56.00),Q3 (20.12 to 29.24),Q3 (9.48 to 16.97)
E01003550,Newham 001D,Newham,Q4 (683000.00 to 6425000.00),Q2 (79.00 to 114.00),Q2 (24.00 to 38.00),Q3 (20.12 to 29.24),Q3 (9.48 to 16.97)
E01003551,Newham 009A,Newham,Q2 (420000.00 to 520000.00),Q3 (114.00 to 173.00),Q3 (38.00 to 56.00),Q4 (29.24 to 59.01),Q2 (5.47 to 9.48)
E01003552,Newham 016A,Newham,Q2 (420000.00 to 520000.00),Q3 (114.00 to 173.00),Q3 (38.00 to 56.00),Q4 (29.24 to 59.01),Q1 (0.19 to 5.47)
E01003553,Newham 009B,Newham,Q1 (147500.00 to 420000.00),Q4 (173.00 to 9206.00),Q4 (56.00 to 1283.00),Q4 (29.24 to 59.01),Q3 (9.48 to 16.97)
E01003554,Newham 009C,Newham,Q3 (520000.00 to 683000.00),Q2 (79.00 to 114.00),Q1 (0.00 to 24.00),Q3 (20.12 to 29.24),Q2 (5.47 to 9.48)
E01003555,Newham 007B,Newham,Q4 (683000.00 to 6425000.00),Q2 (79.00 to 114.00),Q1 (0.00 to 24.00),Q3 (20.12 to 29.24),Q3 (9.48 to 16.97)
E01003556,Newham 008A,Newham,Q1 (147500.00 to 420000.00),Q4 (173.00 to 9206.00),Q4 (56.00 to 1283.00),Q4 (29.24 to 59.01),Q4 (16.97 to 121.89)
E01003557,Newham 006D,Newham,Q3 (520000.00 to 683000.00),Q3 (114.00 to 173.00),Q3 (38.00 to 56.00),Q4 (29.24 to 59.01),Q3 (9.48 to 16.97)
E01003558,Newham 008B,Newham,Q1 (147500.00 to 420000.00),Q4 (173.00 to 9206.00),Q4 (56.00 to 1283.00),Q4 (29.24 to 59.01),Q3 (9.48 to 16.97)
E01003559,Newham 009D,Newham,Q1 (147500.00 to 420000.00),Q4 (173.00 to 9206.00),Q3 (38.00 to 56.00),Q3 (20.12 to 29.24),Q4 (16.97 to 121.89)
E01003560,Newham 011B,Newham,Q2 (420000.00 to 520000.00),Q2 (79.00 to 114.00),Q2 (24.00 to 38.00),Q3 (20.12 to 29.24),Q2 (5.47 to 9.48)
E01003561,Newham 007C,Newham,Q2 (420000.00 to 520000.00),Q2 (79.00 to 114.00),Q2 (24.00 to 38.00),Q3 (20.12 to 29.24),Q3 (9.48 to 16.97)
E01003562,Newham 014A,Newham,Q2 (420000.00 to 520000.00),Q2 (79.00 to 114.00),Q2 (24.00 to 38.00),Q3 (20.12 to 29.24),Q3 (9.48 to 16.97)
E01003563,Newham 011C,Newham,Q2 (420000.00 to 520000.00),Q2 (79.00 to 114.00),Q3 (38.00 to 56.00),Q3 (20.12 to 29.24),Q1 (0.19 to 5.47)
E01003564,Newham 014B,Newham,Q2 (420000.00 to 520000.00),Q3 (114.00 to 173.00),Q2 (24.00 to 38.00),Q3 (20.12 to 29.24),Q3 (9.48 to 16.97)
E01003565,Newham 014C,Newham,Q2 (420000.00 to 520000.00),Q1 (2.00 to 79.00),Q1 (0.00 to 24.00),Q3 (20.12 to 29.24),Q3 (9.48 to 16.97)
E01003566,Newham 014D,Newham,Q1 (147500.00 to 420000.00),Q4 (173.00 to 9206.00),Q4 (56.00 to 1283.00),Q4 (29.24 to 59.01),Q4 (16.97 to 121.89)
E01003567,Newham 007D,Newham,Q2 (420000.00 to 520000.00),Q3 (114.00 to 173.00),Q3 (38.00 to 56.00),Q4 (29.24 to 59.01),Q3 (9.48 to 16.97)
E01003568,Newham 017A,Newham,Q2 (420000.00 to 520000.00),Q2 (79.00 to 114.00),Q2 (24.00 to 38.00),Q3 (20.12 to 29.24),Q3 (9.48 to 16.97)
E01003569,Newham 017B,Newham,Q1 (147500.00 to 420000.00),Q4 (173.00 to 9206.00),Q4 (56.00 to 1283.00),Q3 (20.12 to 29.24),Q4 (16.97 to 121.89)
E01003570,Newham 008C,Newham,Q3 (520000.00 to 683000.00),Q4 (173.00 to 9206.00),Q4 (56.00 to 1283.00),Q4 (29.24 to 59.01),Q3 (9.48 to 16.97)
E01003571,Newham 008D,Newham,Q1 (147500.00 to 420000.00),Q3 (114.00 to 173.00),Q3 (38.00 to 56.00),Q3 (20.12 to 29.24),Q3 (9.48 to 16.97)
E01003572,Newham 008E,Newham,Q3 (520000.00 to 683000.00),Q2 (79.00 to 114.00),Q2 (24.00 to 38.00),Q3 (20.12 to 29.24),Q2 (5.47 to 9.48)
E01003573,Newham 017C,Newham,Q2 (420000.00 to 520000.00),Q3 (114.00 to 173.00),Q2 (24.00 to 38.00),Q3 (20.12 to 29.24),Q3 (9.48 to 16.97)
E01003574,Newham 017D,Newham,Q2 (420000.00 to 520000.00),Q3 (114.00 to 173.00),Q4 (56.00 to 1283.00),Q4 (29.24 to 59.01),Q2 (5.47 to 9.48)
E01003575,Newham 005B,Newham,Q2 (420000.00 to 520000.00),Q2 (79.00 to 114.00),Q2 (24.00 to 38.00),Q4 (29.24 to 59.01),Q1 (0.19 to 5.47)
E01003576,Newham 002A,Newham,Q1 (147500.00 to 420000.00),Q4 (173.00 to 9206.00),Q3 (38.00 to 56.00),Q4 (29.24 to 59.01),Q3 (9.48 to 16.97)
E01003577,Newham 005C,Newham,Q1 (147500.00 to 420000.00),Q3 (114.00 to 173.00),Q3 (38.00 to 56.00),Q4 (29.24 to 59.01),Q2 (5.47 to 9.48)
E01003578,Newham 003A,Newham,Q1 (147500.00 to 420000.00),Q4 (173.00 to 9206.00),Q4 (56.00 to 1283.00),Q3 (20.12 to 29.24),Q1 (0.19 to 5.47)
E01003579,Newham 004A,Newham,Q2 (420000.00 to 520000.00),Q1 (2.00 to 79.00),Q2 (24.00 to 38.00),Q3 (20.12 to 29.24),Q2 (5.47 to 9.48)
E01003580,Newham 005D,Newham,Q1 (147500.00 to 420000.00),Q2 (79.00 to 114.00),Q2 (24.00 to 38.00),Q4 (29.24 to 59.01),Q1 (0.19 to 5.47)
E01003581,Newham 002B,Newham,Q2 (420000.00 to 520000.00),Q2 (79.00 to 114.00),Q3 (38.00 to 56.00),Q3 (20.12 to 29.24),Q2 (5.47 to 9.48)
E01003582,Newham 002C,Newham,Q1 (147500.00 to 420000.00),Q2 (79.00 to 114.00),Q3 (38.00 to 56.00),Q4 (29.24 to 59.01),Q1 (0.19 to 5.47)
E01003583,Newham 002D,Newham,Q1 (147500.00 to 420000.00),Q2 (79.00 to 114.00),Q2 (24.00 to 38.00),Q3 (20.12 to 29.24),Q1 (0.19 to 5.47)
E01003584,Newham 003B,Newham,Q3 (520000.00 to 683000.00),Q2 (79.00 to 114.00),Q2 (24.00 to 38.00),Q4 (29.24 to 59.01),Q2 (5.47 to 9.48)
E01003585,Newham 004B,Newham,Q2 (420000.00 to 520000.00),Q2 (79.00 to 114.00),Q3 (38.00 to 56.00),Q3 (20.12 to 29.24),Q3 (9.48 to 16.97)
E01003586,Newham 003C,Newham,Q2 (420000.00 to 520000.00),Q3 (114.00 to 173.00),Q3 (38.00 to 56.00),Q4 (29.24 to 59.01),Q3 (9.48 to 16.97)
E01003587,Newham 004C,Newham,Q1 (147500.00 to 420000.00),Q4 (173.00 to 9206.00),Q4 (56.00 to 1283.00),Q3 (20.12 to 29.24),Q3 (9.48 to 16.97)
E01003588,Newham 011D,Newham,Q1 (147500.00 to 420000.00),Q1 (2.00 to 79.00),Q1 (0.00 to 24.00),Q3 (20.12 to 29.24),Q3 (9.48 to 16.97)
E01003589,Newham 011E,Newham,Q2 (420000.00 to 520000.00),Q2 (79.00 to 114.00),Q3 (38.00 to 56.00),Q3 (20.12 to 29.24),Q3 (9.48 to 16.97)
E01003590,Newham 003D,Newham,Q2 (420000.00 to 520000.00),Q3 (114.00 to 173.00),Q3 (38.00 to 56.00),Q4 (29.24 to 59.01),Q3 (9.48 to 16.97)
E01003591,Newham 004D,Newham,Q1 (147500.00 to 420000.00),Q4 (173.00 to 9206.00),Q4 (56.00 to 1283.00),Q4 (29.24 to 59.01),Q4 (16.97 to 121.89)
E01003592,Newham 022B,Newham,Q2 (420000.00 to 520000.00),Q3 (114.00 to 173.00),Q3 (38.00 to 56.00),Q4 (29.24 to 59.01),Q3 (9.48 to 16.97)
E01003593,Newham 027D,Newham,Q2 (420000.00 to 520000.00),Q3 (114.00 to 173.00),Q3 (38.00 to 56.00),Q4 (29.24 to 59.01),Q3 (9.48 to 16.97)
E01003594,Newham 026A,Newham,Q3 (520000.00 to 683000.00),Q2 (79.00 to 114.00),Q2 (24.00 to 38.00),Q3 (20.12 to 29.24),Q3 (9.48 to 16.97)
E01003595,Newham 026B,Newham,Q1 (147500.00 to 420000.00),Q2 (79.00 to 114.00),Q2 (24.00 to 38.00),Q4 (29.24 to 59.01),Q4 (16.97 to 121.89)
E01003596,Newham 016B,Newham,Q1 (147500.00 to 420000.00),Q2 (79.00 to 114.00),Q2 (24.00 to 38.00),Q3 (20.12 to 29.24),Q3 (9.48 to 16.97)
E01003597,Newham 016C,Newham,Q1 (147500.00 to 420000.00),Q2 (79.00 to 114.00),Q3 (38.00 to 56.00),Q3 (20.12 to 29.24),Q3 (9.48 to 16.97)
E01003598,Newham 021A,Newham,Q1 (147500.00 to 420000.00),Q3 (114.00 to 173.00),Q3 (38.00 to 56.00),Q4 (29.24 to 59.01),Q3 (9.48 to 16.97)
E01003599,Newham 022C,Newham,Q2 (420000.00 to 520000.00),Q3 (114.00 to 173.00),Q3 (38.00 to 56.00),Q4 (29.24 to 59.01),Q3 (9.48 to 16.97)
E01003600,Newham 021B,Newham,Q2 (420000.00 to 520000.00),Q3 (114.00 to 173.00),Q2 (24.00 to 38.00),Q4 (29.24 to 59.01),Q4 (16.97 to 121.89)
E01003601,Newham 028A,Newham,Q2 (420000.00 to 520000.00),Q4 (173.00 to 9206.00),Q4 (56.00 to 1283.00),Q4 (29.24 to 59.01),Q3 (9.48 to 16.97)
E01003602,Newham 026C,Newham,Q2 (420000.00 to 520000.00),Q3 (114.00 to 173.00),Q3 (38.00 to 56.00),Q3 (20.12 to 29.24),Q4 (16.97 to 121.89)
E01003603,Newham 028B,Newham,Q1 (147500.00 to 420000.00),Q4 (173.00 to 9206.00),Q4 (56.00 to 1283.00),Q3 (20.12 to 29.24),Q2 (5.47 to 9.48)
E01003604,Newham 031D,Newham,Q1 (147500.00 to 420000.00),Q4 (173.00 to 9206.00),Q3 (38.00 to 56.00),Q4 (29.24 to 59.01),Q3 (9.48 to 16.97)
E01003605,Newham 028C,Newham,Q2 (420000.00 to 520000.00),Q3 (114.00 to 173.00),Q4 (56.00 to 1283.00),Q4 (29.24 to 59.01),Q4 (16.97 to 121.89)
E01003606,Newham 022D,Newham,Q1 (147500.00 to 420000.00),Q4 (173.00 to 9206.00),Q4 (56.00 to 1283.00),Q3 (20.12 to 29.24),Q4 (16.97 to 121.89)
E01003607,Newham 026D,Newham,Q1 (147500.00 to 420000.00),Q3 (114.00 to 173.00),Q4 (56.00 to 1283.00),Q4 (29.24 to 59.01),Q4 (16.97 to 121.89)
E01003608,Newham 028D,Newham,Q1 (147500.00 to 420000.00),Q2 (79.00 to 114.00),Q2 (24.00 to 38.00),Q3 (20.12 to 29.24),Q3 (9.48 to 16.97)
E01003609,Newham 037A,Newham,Q1 (147500.00 to 420000.00),Q4 (173.00 to 9206.00),Q4 (56.00 to 1283.00),Q3 (20.12 to 29.24),Q2 (5.47 to 9.48)
E01003611,Newham 037C,Newham,Q1 (147500.00 to 420000.00),Q3 (114.00 to 173.00),Q3 (38.00 to 56.00),Q4 (29.24 to 59.01),Q2 (5.47 to 9.48)
E01003615,Newham 013C,Newham,Q1 (147500.00 to 420000.00),Q3 (114.00 to 173.00),Q2 (24.00 to 38.00),Q3 (20.12 to 29.24),Q3 (9.48 to 16.97)
E01003616,Newham 012A,Newham,Q2 (420000.00 to 520000.00),Q4 (173.00 to 9206.00),Q4 (56.00 to 1283.00),Q4 (29.24 to 59.01),Q4 (16.97 to 121.89)
E01003617,Newham 012B,Newham,Q2 (420000.00 to 520000.00),Q4 (173.00 to 9206.00),Q4 (56.00 to 1283.00),Q4 (29.24 to 59.01),Q4 (16.97 to 121.89)
E01003618,Newham 012C,Newham,Q2 (420000.00 to 520000.00),Q4 (173.00 to 9206.00),Q4 (56.00 to 1283.00),Q3 (20.12 to 29.24),Q4 (16.97 to 121.89)
E01003619,Newham 012D,Newham,Q1 (147500.00 to 420000.00),Q4 (173.00 to 9206.00),Q4 (56.00 to 1283.00),Q4 (29.24 to 59.01),Q4 (16.97 to 121.89)
E01003621,Newham 023C,Newham,Q1 (147500.00 to 420000.00),Q2 (79.00 to 114.00),Q3 (38.00 to 56.00),Q3 (20.12 to 29.24),Q3 (9.48 to 16.97)
E01003622,Newham 023D,Newham,Q2 (420000.00 to 520000.00),Q4 (173.00 to 9206.00),Q4 (56.00 to 1283.00),Q4 (29.24 to 59.01),Q2 (5.47 to 9.48)
E01003623,Newham 023E,Newham,Q1 (147500.00 to 420000.00),Q2 (79.00 to 114.00),Q2 (24.00 to 38.00),Q4 (29.24 to 59.01),Q1 (0.19 to 5.47)
E01003624,Newham 024E,Newham,Q1 (147500.00 to 420000.00),Q2 (79.00 to 114.00),Q2 (24.00 to 38.00),Q4 (29.24 to 59.01),Q3 (9.48 to 16.97)
E01003625,Newham 015A,Newham,Q2 (420000.00 to 520000.00),Q2 (79.00 to 114.00),Q2 (24.00 to 38.00),Q3 (20.12 to 29.24),Q1 (0.19 to 5.47)
E01003627,Newham 015C,Newham,Q1 (147500.00 to 420000.00),Q1 (2.00 to 79.00),Q1 (0.00 to 24.00),Q3 (20.12 to 29.24),Q3 (9.48 to 16.97)
E01003628,Newham 015D,Newham,Q2 (420000.00 to 520000.00),Q1 (2.00 to 79.00),Q1 (0.00 to 24.00),Q3 (20.12 to 29.24),Q3 (9.48 to 16.97)
E01003629,Newham 015E,Newham,Q1 (147500.00 to 420000.00),Q2 (79.00 to 114.00),Q3 (38.00 to 56.00),Q3 (20.12 to 29.24),Q4 (16.97 to 121.89)
E01003630,Newham 021C,Newham,Q2 (420000.00 to 520000.00),Q3 (114.00 to 173.00),Q4 (56.00 to 1283.00),Q4 (29.24 to 59.01),Q4 (16.97 to 121.89)
E01003631,Newham 020A,Newham,Q2 (420000.00 to 520000.00),Q3 (114.00 to 173.00),Q3 (38.00 to 56.00),Q3 (20.12 to 29.24),Q4 (16.97 to 121.89)
E01003632,Newham 020B,Newham,Q2 (420000.00 to 520000.00),Q2 (79.00 to 114.00),Q1 (0.00 to 24.00),Q3 (20.12 to 29.24),Q4 (16.97 to 121.89)
E01003634,Newham 020D,Newham,Q2 (420000.00 to 520000.00),Q2 (79.00 to 114.00),Q2 (24.00 to 38.00),Q4 (29.24 to 59.01),Q4 (16.97 to 121.89)
E01003635,Newham 016D,Newham,Q3 (520000.00 to 683000.00),Q2 (79.00 to 114.00),Q3 (38.00 to 56.00),Q3 (20.12 to 29.24),Q2 (5.47 to 9.48)
E01003636,Newham 020E,Newham,Q1 (147500.00 to 420000.00),Q4 (173.00 to 9206.00),Q4 (56.00 to 1283.00),Q4 (29.24 to 59.01),Q4 (16.97 to 121.89)
E01003637,Newham 021D,Newham,Q3 (520000.00 to 683000.00),Q1 (2.00 to 79.00),Q3 (38.00 to 56.00),Q3 (20.12 to 29.24),Q4 (16.97 to 121.89)
E01003638,Redbridge 017A,Redbridge,Q1 (147500.00 to 420000.00),Q3 (114.00 to 173.00),Q3 (38.00 to 56.00),Q2 (12.31 to 20.12),Q2 (5.47 to 9.48)
E01003639,Redbridge 013A,Redbridge,Q1 (147500.00 to 420000.00),Q3 (114.00 to 173.00),Q2 (24.00 to 38.00),Q3 (20.12 to 29.24),Q1 (0.19 to 5.47)
E01003640,Redbridge 013B,Redbridge,Q2 (420000.00 to 520000.00),Q3 (114.00 to 173.00),Q3 (38.00 to 56.00),Q2 (12.31 to 20.12),Q1 (0.19 to 5.47)
E01003641,Redbridge 013C,Redbridge,Q3 (520000.00 to 683000.00),Q3 (114.00 to 173.00),Q2 (24.00 to 38.00),Q2 (12.31 to 20.12),Q2 (5.47 to 9.48)
E01003642,Redbridge 013D,Redbridge,Q3 (520000.00 to 683000.00),Q3 (114.00 to 173.00),Q4 (56.00 to 1283.00),Q2 (12.31 to 20.12),Q1 (0.19 to 5.47)
E01003643,Redbridge 017B,Redbridge,Q2 (420000.00 to 520000.00),Q1 (2.00 to 79.00),Q1 (0.00 to 24.00),Q1 (2.33 to 12.31),Q2 (5.47 to 9.48)
E01003644,Redbridge 017C,Redbridge,Q2 (420000.00 to 520000.00),Q1 (2.00 to 79.00),Q1 (0.00 to 24.00),Q2 (12.31 to 20.12),Q2 (5.47 to 9.48)
E01003645,Redbridge 017D,Redbridge,Q2 (420000.00 to 520000.00),Q4 (173.00 to 9206.00),Q4 (56.00 to 1283.00),Q2 (12.31 to 20.12),Q3 (9.48 to 16.97)
E01003646,Redbridge 012A,Redbridge,Q3 (520000.00 to 683000.00),Q4 (173.00 to 9206.00),Q3 (38.00 to 56.00),Q2 (12.31 to 20.12),Q3 (9.48 to 16.97)
E01003647,Redbridge 015A,Redbridge,Q3 (520000.00 to 683000.00),Q3 (114.00 to 173.00),Q3 (38.00 to 56.00),Q2 (12.31 to 20.12),Q3 (9.48 to 16.97)
E01003648,Redbridge 012B,Redbridge,Q3 (520000.00 to 683000.00),Q1 (2.00 to 79.00),Q1 (0.00 to 24.00),Q1 (2.33 to 12.31),Q1 (0.19 to 5.47)
E01003649,Redbridge 012C,Redbridge,Q3 (520000.00 to 683000.00),Q1 (2.00 to 79.00),Q1 (0.00 to 24.00),Q1 (2.33 to 12.31),Q1 (0.19 to 5.47)
E01003650,Redbridge 015B,Redbridge,Q2 (420000.00 to 520000.00),Q2 (79.00 to 114.00),Q1 (0.00 to 24.00),Q2 (12.31 to 20.12),Q2 (5.47 to 9.48)
E01003651,Redbridge 012D,Redbridge,Q3 (520000.00 to 683000.00),Q1 (2.00 to 79.00),Q1 (0.00 to 24.00),Q1 (2.33 to 12.31),Q3 (9.48 to 16.97)
E01003652,Redbridge 015C,Redbridge,Q3 (520000.00 to 683000.00),Q1 (2.00 to 79.00),Q1 (0.00 to 24.00),Q1 (2.33 to 12.31),Q2 (5.47 to 9.48)
E01003653,Redbridge 015D,Redbridge,Q2 (420000.00 to 520000.00),Q4 (173.00 to 9206.00),Q3 (38.00 to 56.00),Q2 (12.31 to 20.12),Q3 (9.48 to 16.97)
E01003654,Redbridge 004A,Redbridge,Q3 (520000.00 to 683000.00),Q1 (2.00 to 79.00),Q1 (0.00 to 24.00),Q2 (12.31 to 20.12),Q2 (5.47 to 9.48)
E01003655,Redbridge 004B,Redbridge,Q3 (520000.00 to 683000.00),Q1 (2.00 to 79.00),Q1 (0.00 to 24.00),Q1 (2.33 to 12.31),Q3 (9.48 to 16.97)
E01003656,Redbridge 005A,Redbridge,Q1 (147500.00 to 420000.00),Q3 (114.00 to 173.00),Q3 (38.00 to 56.00),Q3 (20.12 to 29.24),Q1 (0.19 to 5.47)
E01003657,Redbridge 005B,Redbridge,Q1 (147500.00 to 420000.00),Q4 (173.00 to 9206.00),Q3 (38.00 to 56.00),Q2 (12.31 to 20.12),Q1 (0.19 to 5.47)
E01003658,Redbridge 004C,Redbridge,Q2 (420000.00 to 520000.00),Q3 (114.00 to 173.00),Q3 (38.00 to 56.00),Q3 (20.12 to 29.24),Q2 (5.47 to 9.48)
E01003659,Redbridge 005C,Redbridge,Q3 (520000.00 to 683000.00),Q1 (2.00 to 79.00),Q1 (0.00 to 24.00),Q1 (2.33 to 12.31),Q1 (0.19 to 5.47)
E01003660,Redbridge 004D,Redbridge,Q3 (520000.00 to 683000.00),Q1 (2.00 to 79.00),Q2 (24.00 to 38.00),Q1 (2.33 to 12.31),Q1 (0.19 to 5.47)
E01003661,Redbridge 019A,Redbridge,Q2 (420000.00 to 520000.00),Q2 (79.00 to 114.00),Q2 (24.00 to 38.00),Q2 (12.31 to 20.12),Q3 (9.48 to 16.97)
E01003662,Redbridge 019B,Redbridge,Q1 (147500.00 to 420000.00),Q4 (173.00 to 9206.00),Q4 (56.00 to 1283.00),Q2 (12.31 to 20.12),Q3 (9.48 to 16.97)
E01003663,Redbridge 019C,Redbridge,Q2 (420000.00 to 520000.00),Q2 (79.00 to 114.00),Q2 (24.00 to 38.00),Q2 (12.31 to 20.12),Q2 (5.47 to 9.48)
E01003664,Redbridge 019D,Redbridge,Q2 (420000.00 to 520000.00),Q2 (79.00 to 114.00),Q2 (24.00 to 38.00),Q2 (12.31 to 20.12),Q1 (0.19 to 5.47)
E01003665,Redbridge 019E,Redbridge,Q2 (420000.00 to 520000.00),Q1 (2.00 to 79.00),Q1 (0.00 to 24.00),Q1 (2.33 to 12.31),Q1 (0.19 to 5.47)
E01003666,Redbridge 019F,Redbridge,Q1 (147500.00 to 420000.00),Q4 (173.00 to 9206.00),Q4 (56.00 to 1283.00),Q3 (20.12 to 29.24),Q1 (0.19 to 5.47)
E01003668,Redbridge 007A,Redbridge,Q1 (147500.00 to 420000.00),Q3 (114.00 to 173.00),Q1 (0.00 to 24.00),Q1 (2.33 to 12.31),Q3 (9.48 to 16.97)
E01003669,Redbridge 007B,Redbridge,Q2 (420000.00 to 520000.00),Q2 (79.00 to 114.00),Q1 (0.00 to 24.00),Q1 (2.33 to 12.31),Q1 (0.19 to 5.47)
E01003670,Redbridge 007C,Redbridge,Q4 (683000.00 to 6425000.00),Q1 (2.00 to 79.00),Q2 (24.00 to 38.00),Q1 (2.33 to 12.31),Q1 (0.19 to 5.47)
E01003671,Redbridge 007D,Redbridge,Q4 (683000.00 to 6425000.00),Q1 (2.00 to 79.00),Q1 (0.00 to 24.00),Q1 (2.33 to 12.31),Q1 (0.19 to 5.47)
E01003672,Redbridge 007E,Redbridge,Q1 (147500.00 to 420000.00),Q2 (79.00 to 114.00),Q1 (0.00 to 24.00),Q2 (12.31 to 20.12),Q2 (5.47 to 9.48)
E01003673,Redbridge 007F,Redbridge,Q2 (420000.00 to 520000.00),Q2 (79.00 to 114.00),Q2 (24.00 to 38.00),Q1 (2.33 to 12.31),Q2 (5.47 to 9.48)
E01003674,Redbridge 007G,Redbridge,Q1 (147500.00 to 420000.00),Q4 (173.00 to 9206.00),Q4 (56.00 to 1283.00),Q1 (2.33 to 12.31),Q3 (9.48 to 16.97)
E01003675,Redbridge 036A,Redbridge,Q2 (420000.00 to 520000.00),Q2 (79.00 to 114.00),Q1 (0.00 to 24.00),Q2 (12.31 to 20.12),Q3 (9.48 to 16.97)
E01003676,Redbridge 036B,Redbridge,Q3 (520000.00 to 683000.00),Q2 (79.00 to 114.00),Q2 (24.00 to 38.00),Q1 (2.33 to 12.31),Q3 (9.48 to 16.97)
E01003677,Redbridge 036C,Redbridge,Q4 (683000.00 to 6425000.00),Q3 (114.00 to 173.00),Q2 (24.00 to 38.00),Q1 (2.33 to 12.31),Q1 (0.19 to 5.47)
E01003678,Redbridge 036D,Redbridge,Q4 (683000.00 to 6425000.00),Q1 (2.00 to 79.00),Q1 (0.00 to 24.00),Q1 (2.33 to 12.31),Q1 (0.19 to 5.47)
E01003679,Redbridge 036E,Redbridge,Q3 (520000.00 to 683000.00),Q2 (79.00 to 114.00),Q2 (24.00 to 38.00),Q1 (2.33 to 12.31),Q1 (0.19 to 5.47)
E01003680,Redbridge 036F,Redbridge,Q3 (520000.00 to 683000.00),Q3 (114.00 to 173.00),Q1 (0.00 to 24.00),Q1 (2.33 to 12.31),Q1 (0.19 to 5.47)
E01003681,Redbridge 036G,Redbridge,Q1 (147500.00 to 420000.00),Q3 (114.00 to 173.00),Q3 (38.00 to 56.00),Q2 (12.31 to 20.12),Q1 (0.19 to 5.47)
E01003682,Redbridge 036H,Redbridge,Q3 (520000.00 to 683000.00),Q1 (2.00 to 79.00),Q2 (24.00 to 38.00),Q1 (2.33 to 12.31),Q1 (0.19 to 5.47)
E01003683,Redbridge 030A,Redbridge,Q2 (420000.00 to 520000.00),Q3 (114.00 to 173.00),Q3 (38.00 to 56.00),Q3 (20.12 to 29.24),Q1 (0.19 to 5.47)
E01003684,Redbridge 030B,Redbridge,Q2 (420000.00 to 520000.00),Q2 (79.00 to 114.00),Q2 (24.00 to 38.00),Q2 (12.31 to 20.12),Q1 (0.19 to 5.47)
E01003685,Redbridge 030C,Redbridge,Q1 (147500.00 to 420000.00),Q3 (114.00 to 173.00),Q3 (38.00 to 56.00),Q3 (20.12 to 29.24),Q2 (5.47 to 9.48)
E01003686,Redbridge 030D,Redbridge,Q2 (420000.00 to 520000.00),Q3 (114.00 to 173.00),Q3 (38.00 to 56.00),Q3 (20.12 to 29.24),Q3 (9.48 to 16.97)
E01003688,Redbridge 030F,Redbridge,Q1 (147500.00 to 420000.00),Q4 (173.00 to 9206.00),Q4 (56.00 to 1283.00),Q3 (20.12 to 29.24),Q2 (5.47 to 9.48)
E01003689,Redbridge 030G,Redbridge,Q2 (420000.00 to 520000.00),Q4 (173.00 to 9206.00),Q4 (56.00 to 1283.00),Q4 (29.24 to 59.01),Q4 (16.97 to 121.89)
E01003690,Redbridge 035A,Redbridge,Q3 (520000.00 to 683000.00),Q4 (173.00 to 9206.00),Q4 (56.00 to 1283.00),Q2 (12.31 to 20.12),Q3 (9.48 to 16.97)
E01003691,Redbridge 035B,Redbridge,Q2 (420000.00 to 520000.00),Q1 (2.00 to 79.00),Q1 (0.00 to 24.00),Q2 (12.31 to 20.12),Q1 (0.19 to 5.47)
E01003692,Redbridge 035C,Redbridge,Q4 (683000.00 to 6425000.00),Q3 (114.00 to 173.00),Q3 (38.00 to 56.00),Q2 (12.31 to 20.12),Q4 (16.97 to 121.89)
E01003693,Redbridge 035D,Redbridge,Q4 (683000.00 to 6425000.00),Q1 (2.00 to 79.00),Q1 (0.00 to 24.00),Q2 (12.31 to 20.12),Q1 (0.19 to 5.47)
E01003694,Redbridge 035E,Redbridge,Q3 (520000.00 to 683000.00),Q2 (79.00 to 114.00),Q3 (38.00 to 56.00),Q2 (12.31 to 20.12),Q3 (9.48 to 16.97)
E01003695,Redbridge 035F,Redbridge,Q1 (147500.00 to 420000.00),Q2 (79.00 to 114.00),Q3 (38.00 to 56.00),Q3 (20.12 to 29.24),Q3 (9.48 to 16.97)
E01003696,Redbridge 035G,Redbridge,Q3 (520000.00 to 683000.00),Q2 (79.00 to 114.00),Q1 (0.00 to 24.00),Q1 (2.33 to 12.31),Q3 (9.48 to 16.97)
E01003697,Redbridge 035H,Redbridge,Q3 (520000.00 to 683000.00),Q4 (173.00 to 9206.00),Q3 (38.00 to 56.00),Q2 (12.31 to 20.12),Q3 (9.48 to 16.97)
E01003698,Redbridge 006A,Redbridge,Q3 (520000.00 to 683000.00),Q1 (2.00 to 79.00),Q1 (0.00 to 24.00),Q2 (12.31 to 20.12),Q2 (5.47 to 9.48)
E01003699,Redbridge 006B,Redbridge,Q2 (420000.00 to 520000.00),Q3 (114.00 to 173.00),Q2 (24.00 to 38.00),Q2 (12.31 to 20.12),Q2 (5.47 to 9.48)
E01003700,Redbridge 006C,Redbridge,Q3 (520000.00 to 683000.00),Q4 (173.00 to 9206.00),Q4 (56.00 to 1283.00),Q2 (12.31 to 20.12),Q2 (5.47 to 9.48)
E01003701,Redbridge 006D,Redbridge,Q3 (520000.00 to 683000.00),Q4 (173.00 to 9206.00),Q3 (38.00 to 56.00),Q2 (12.31 to 20.12),Q3 (9.48 to 16.97)
E01003702,Redbridge 006E,Redbridge,Q1 (147500.00 to 420000.00),Q2 (79.00 to 114.00),Q2 (24.00 to 38.00),Q2 (12.31 to 20.12),Q2 (5.47 to 9.48)
E01003703,Redbridge 006F,Redbridge,Q4 (683000.00 to 6425000.00),Q2 (79.00 to 114.00),Q2 (24.00 to 38.00),Q2 (12.31 to 20.12),Q1 (0.19 to 5.47)
E01003704,Redbridge 006G,Redbridge,Q2 (420000.00 to 520000.00),Q4 (173.00 to 9206.00),Q4 (56.00 to 1283.00),Q2 (12.31 to 20.12),Q3 (9.48 to 16.97)
E01003705,Redbridge 010A,Redbridge,Q2 (420000.00 to 520000.00),Q4 (173.00 to 9206.00),Q3 (38.00 to 56.00),Q2 (12.31 to 20.12),Q3 (9.48 to 16.97)
E01003706,Redbridge 010B,Redbridge,Q1 (147500.00 to 420000.00),Q1 (2.00 to 79.00),Q2 (24.00 to 38.00),Q2 (12.31 to 20.12),Q1 (0.19 to 5.47)
E01003707,Redbridge 008A,Redbridge,Q3 (520000.00 to 683000.00),Q1 (2.00 to 79.00),Q1 (0.00 to 24.00),Q2 (12.31 to 20.12),Q1 (0.19 to 5.47)
E01003708,Redbridge 008B,Redbridge,Q2 (420000.00 to 520000.00),Q2 (79.00 to 114.00),Q3 (38.00 to 56.00),Q3 (20.12 to 29.24),Q1 (0.19 to 5.47)
E01003709,Redbridge 008C,Redbridge,Q3 (520000.00 to 683000.00),Q1 (2.00 to 79.00),Q1 (0.00 to 24.00),Q1 (2.33 to 12.31),Q1 (0.19 to 5.47)
E01003710,Redbridge 008D,Redbridge,Q3 (520000.00 to 683000.00),Q1 (2.00 to 79.00),Q2 (24.00 to 38.00),Q1 (2.33 to 12.31),Q1 (0.19 to 5.47)
E01003711,Redbridge 010C,Redbridge,Q3 (520000.00 to 683000.00),Q3 (114.00 to 173.00),Q3 (38.00 to 56.00),Q2 (12.31 to 20.12),Q2 (5.47 to 9.48)
E01003712,Redbridge 010D,Redbridge,Q2 (420000.00 to 520000.00),Q1 (2.00 to 79.00),Q2 (24.00 to 38.00),Q4 (29.24 to 59.01),Q1 (0.19 to 5.47)
E01003713,Redbridge 034A,Redbridge,Q3 (520000.00 to 683000.00),Q1 (2.00 to 79.00),Q2 (24.00 to 38.00),Q2 (12.31 to 20.12),Q3 (9.48 to 16.97)
E01003714,Redbridge 034B,Redbridge,Q2 (420000.00 to 520000.00),Q3 (114.00 to 173.00),Q3 (38.00 to 56.00),Q2 (12.31 to 20.12),Q3 (9.48 to 16.97)
E01003715,Redbridge 034C,Redbridge,Q3 (520000.00 to 683000.00),Q3 (114.00 to 173.00),Q3 (38.00 to 56.00),Q2 (12.31 to 20.12),Q3 (9.48 to 16.97)
E01003716,Redbridge 034D,Redbridge,Q1 (147500.00 to 420000.00),Q3 (114.00 to 173.00),Q3 (38.00 to 56.00),Q3 (20.12 to 29.24),Q2 (5.47 to 9.48)
E01003718,Redbridge 034E,Redbridge,Q2 (420000.00 to 520000.00),Q3 (114.00 to 173.00),Q3 (38.00 to 56.00),Q2 (12.31 to 20.12),Q3 (9.48 to 16.97)
E01003719,Redbridge 034F,Redbridge,Q2 (420000.00 to 520000.00),Q4 (173.00 to 9206.00),Q4 (56.00 to 1283.00),Q3 (20.12 to 29.24),Q2 (5.47 to 9.48)
E01003720,Redbridge 002A,Redbridge,Q1 (147500.00 to 420000.00),Q4 (173.00 to 9206.00),Q3 (38.00 to 56.00),Q4 (29.24 to 59.01),Q1 (0.19 to 5.47)
E01003721,Redbridge 003A,Redbridge,Q2 (420000.00 to 520000.00),Q3 (114.00 to 173.00),Q3 (38.00 to 56.00),Q2 (12.31 to 20.12),Q2 (5.47 to 9.48)
E01003722,Redbridge 002B,Redbridge,Q1 (147500.00 to 420000.00),Q2 (79.00 to 114.00),Q3 (38.00 to 56.00),Q3 (20.12 to 29.24),Q1 (0.19 to 5.47)
E01003723,Redbridge 002C,Redbridge,Q2 (420000.00 to 520000.00),Q3 (114.00 to 173.00),Q4 (56.00 to 1283.00),Q3 (20.12 to 29.24),Q1 (0.19 to 5.47)
E01003724,Redbridge 003B,Redbridge,Q3 (520000.00 to 683000.00),Q1 (2.00 to 79.00),Q2 (24.00 to 38.00),Q2 (12.31 to 20.12),Q1 (0.19 to 5.47)
E01003725,Redbridge 003C,Redbridge,Q1 (147500.00 to 420000.00),Q1 (2.00 to 79.00),Q2 (24.00 to 38.00),Q3 (20.12 to 29.24),Q2 (5.47 to 9.48)
E01003726,Redbridge 002D,Redbridge,Q1 (147500.00 to 420000.00),Q3 (114.00 to 173.00),Q3 (38.00 to 56.00),Q4 (29.24 to 59.01),Q1 (0.19 to 5.47)
E01003727,Redbridge 003D,Redbridge,Q1 (147500.00 to 420000.00),Q2 (79.00 to 114.00),Q2 (24.00 to 38.00),Q4 (29.24 to 59.01),Q1 (0.19 to 5.47)
E01003728,Redbridge 032A,Redbridge,Q1 (147500.00 to 420000.00),Q4 (173.00 to 9206.00),Q4 (56.00 to 1283.00),Q3 (20.12 to 29.24),Q4 (16.97 to 121.89)
E01003729,Redbridge 032B,Redbridge,Q1 (147500.00 to 420000.00),Q4 (173.00 to 9206.00),Q4 (56.00 to 1283.00),Q4 (29.24 to 59.01),Q3 (9.48 to 16.97)
E01003730,Redbridge 032C,Redbridge,Q2 (420000.00 to 520000.00),Q2 (79.00 to 114.00),Q3 (38.00 to 56.00),Q3 (20.12 to 29.24),Q2 (5.47 to 9.48)
E01003731,Redbridge 033A,Redbridge,Q2 (420000.00 to 520000.00),Q2 (79.00 to 114.00),Q2 (24.00 to 38.00),Q3 (20.12 to 29.24),Q1 (0.19 to 5.47)
E01003732,Redbridge 032D,Redbridge,Q1 (147500.00 to 420000.00),Q3 (114.00 to 173.00),Q3 (38.00 to 56.00),Q4 (29.24 to 59.01),Q1 (0.19 to 5.47)
E01003733,Redbridge 032E,Redbridge,Q2 (420000.00 to 520000.00),Q3 (114.00 to 173.00),Q4 (56.00 to 1283.00),Q3 (20.12 to 29.24),Q2 (5.47 to 9.48)
E01003734,Redbridge 033B,Redbridge,Q2 (420000.00 to 520000.00),Q4 (173.00 to 9206.00),Q4 (56.00 to 1283.00),Q3 (20.12 to 29.24),Q3 (9.48 to 16.97)
E01003735,Redbridge 033C,Redbridge,Q1 (147500.00 to 420000.00),Q3 (114.00 to 173.00),Q3 (38.00 to 56.00),Q4 (29.24 to 59.01),Q1 (0.19 to 5.47)
E01003736,Redbridge 033D,Redbridge,Q2 (420000.00 to 520000.00),Q1 (2.00 to 79.00),Q1 (0.00 to 24.00),Q3 (20.12 to 29.24),Q3 (9.48 to 16.97)
E01003737,Redbridge 031A,Redbridge,Q4 (683000.00 to 6425000.00),Q2 (79.00 to 114.00),Q2 (24.00 to 38.00),Q2 (12.31 to 20.12),Q1 (0.19 to 5.47)
E01003738,Redbridge 031B,Redbridge,Q3 (520000.00 to 683000.00),Q3 (114.00 to 173.00),Q4 (56.00 to 1283.00),Q2 (12.31 to 20.12),Q2 (5.47 to 9.48)
E01003739,Redbridge 031C,Redbridge,Q2 (420000.00 to 520000.00),Q3 (114.00 to 173.00),Q4 (56.00 to 1283.00),Q2 (12.31 to 20.12),Q1 (0.19 to 5.47)
E01003740,Redbridge 031D,Redbridge,Q2 (420000.00 to 520000.00),Q3 (114.00 to 173.00),Q4 (56.00 to 1283.00),Q2 (12.31 to 20.12),Q1 (0.19 to 5.47)
E01003741,Redbridge 031E,Redbridge,Q1 (147500.00 to 420000.00),Q2 (79.00 to 114.00),Q2 (24.00 to 38.00),Q2 (12.31 to 20.12),Q2 (5.47 to 9.48)
E01003742,Redbridge 031F,Redbridge,Q2 (420000.00 to 520000.00),Q3 (114.00 to 173.00),Q4 (56.00 to 1283.00),Q2 (12.31 to 20.12),Q2 (5.47 to 9.48)
E01003743,Redbridge 031G,Redbridge,Q2 (420000.00 to 520000.00),Q3 (114.00 to 173.00),Q3 (38.00 to 56.00),Q3 (20.12 to 29.24),Q2 (5.47 to 9.48)
E01003744,Redbridge 001A,Redbridge,Q4 (683000.00 to 6425000.00),Q1 (2.00 to 79.00),Q1 (0.00 to 24.00),Q1 (2.33 to 12.31),Q1 (0.19 to 5.47)
E01003745,Redbridge 001B,Redbridge,Q4 (683000.00 to 6425000.00),Q1 (2.00 to 79.00),Q1 (0.00 to 24.00),Q1 (2.33 to 12.31),Q1 (0.19 to 5.47)
E01003746,Redbridge 001C,Redbridge,Q3 (520000.00 to 683000.00),Q1 (2.00 to 79.00),Q1 (0.00 to 24.00),Q1 (2.33 to 12.31),Q1 (0.19 to 5.47)
E01003747,Redbridge 001D,Redbridge,Q4 (683000.00 to 6425000.00),Q1 (2.00 to 79.00),Q1 (0.00 to 24.00),Q1 (2.33 to 12.31),Q2 (5.47 to 9.48)
E01003748,Redbridge 001E,Redbridge,Q4 (683000.00 to 6425000.00),Q3 (114.00 to 173.00),Q1 (0.00 to 24.00),Q1 (2.33 to 12.31),Q2 (5.47 to 9.48)
E01003749,Redbridge 001F,Redbridge,Q3 (520000.00 to 683000.00),Q1 (2.00 to 79.00),Q1 (0.00 to 24.00),Q1 (2.33 to 12.31),Q3 (9.48 to 16.97)
E01003750,Redbridge 001G,Redbridge,Q1 (147500.00 to 420000.00),Q3 (114.00 to 173.00),Q2 (24.00 to 38.00),Q1 (2.33 to 12.31),Q2 (5.47 to 9.48)
E01003751,Redbridge 020A,Redbridge,Q2 (420000.00 to 520000.00),Q3 (114.00 to 173.00),Q3 (38.00 to 56.00),Q2 (12.31 to 20.12),Q1 (0.19 to 5.47)
E01003752,Redbridge 023A,Redbridge,Q3 (520000.00 to 683000.00),Q3 (114.00 to 173.00),Q3 (38.00 to 56.00),Q2 (12.31 to 20.12),Q3 (9.48 to 16.97)
E01003753,Redbridge 020B,Redbridge,Q1 (147500.00 to 420000.00),Q1 (2.00 to 79.00),Q2 (24.00 to 38.00),Q2 (12.31 to 20.12),Q3 (9.48 to 16.97)
E01003754,Redbridge 020C,Redbridge,Q3 (520000.00 to 683000.00),Q1 (2.00 to 79.00),Q2 (24.00 to 38.00),Q2 (12.31 to 20.12),Q2 (5.47 to 9.48)
E01003755,Redbridge 023B,Redbridge,Q2 (420000.00 to 520000.00),Q3 (114.00 to 173.00),Q2 (24.00 to 38.00),Q2 (12.31 to 20.12),Q3 (9.48 to 16.97)
E01003756,Redbridge 023C,Redbridge,Q3 (520000.00 to 683000.00),Q3 (114.00 to 173.00),Q4 (56.00 to 1283.00),Q2 (12.31 to 20.12),Q2 (5.47 to 9.48)
E01003757,Redbridge 020D,Redbridge,Q1 (147500.00 to 420000.00),Q3 (114.00 to 173.00),Q3 (38.00 to 56.00),Q3 (20.12 to 29.24),Q2 (5.47 to 9.48)
E01003758,Redbridge 023D,Redbridge,Q1 (147500.00 to 420000.00),Q4 (173.00 to 9206.00),Q3 (38.00 to 56.00),Q3 (20.12 to 29.24),Q2 (5.47 to 9.48)
E01003759,Redbridge 009A,Redbridge,Q4 (683000.00 to 6425000.00),Q1 (2.00 to 79.00),Q1 (0.00 to 24.00),Q1 (2.33 to 12.31),Q2 (5.47 to 9.48)
E01003760,Redbridge 009B,Redbridge,Q1 (147500.00 to 420000.00),Q2 (79.00 to 114.00),Q2 (24.00 to 38.00),Q2 (12.31 to 20.12),Q1 (0.19 to 5.47)
E01003761,Redbridge 009C,Redbridge,Q1 (147500.00 to 420000.00),Q3 (114.00 to 173.00),Q3 (38.00 to 56.00),Q4 (29.24 to 59.01),Q1 (0.19 to 5.47)
E01003762,Redbridge 009D,Redbridge,Q3 (520000.00 to 683000.00),Q2 (79.00 to 114.00),Q1 (0.00 to 24.00),Q2 (12.31 to 20.12),Q1 (0.19 to 5.47)
E01003763,Redbridge 009E,Redbridge,Q3 (520000.00 to 683000.00),Q3 (114.00 to 173.00),Q1 (0.00 to 24.00),Q1 (2.33 to 12.31),Q1 (0.19 to 5.47)
E01003764,Redbridge 009F,Redbridge,Q4 (683000.00 to 6425000.00),Q2 (79.00 to 114.00),Q2 (24.00 to 38.00),Q2 (12.31 to 20.12),Q2 (5.47 to 9.48)
E01003765,Redbridge 009G,Redbridge,Q3 (520000.00 to 683000.00),Q3 (114.00 to 173.00),Q1 (0.00 to 24.00),Q1 (2.33 to 12.31),Q3 (9.48 to 16.97)
E01003766,Redbridge 024A,Redbridge,Q1 (147500.00 to 420000.00),Q2 (79.00 to 114.00),Q2 (24.00 to 38.00),Q2 (12.31 to 20.12),Q2 (5.47 to 9.48)
E01003767,Redbridge 024B,Redbridge,Q1 (147500.00 to 420000.00),Q4 (173.00 to 9206.00),Q4 (56.00 to 1283.00),Q3 (20.12 to 29.24),Q3 (9.48 to 16.97)
E01003768,Redbridge 024C,Redbridge,Q4 (683000.00 to 6425000.00),Q4 (173.00 to 9206.00),Q4 (56.00 to 1283.00),Q4 (29.24 to 59.01),Q2 (5.47 to 9.48)
E01003769,Redbridge 022A,Redbridge,Q2 (420000.00 to 520000.00),Q4 (173.00 to 9206.00),Q4 (56.00 to 1283.00),Q3 (20.12 to 29.24),Q3 (9.48 to 16.97)
E01003770,Redbridge 022B,Redbridge,Q2 (420000.00 to 520000.00),Q4 (173.00 to 9206.00),Q4 (56.00 to 1283.00),Q2 (12.31 to 20.12),Q1 (0.19 to 5.47)
E01003771,Redbridge 022C,Redbridge,Q2 (420000.00 to 520000.00),Q4 (173.00 to 9206.00),Q4 (56.00 to 1283.00),Q2 (12.31 to 20.12),Q2 (5.47 to 9.48)
E01003772,Redbridge 024D,Redbridge,Q2 (420000.00 to 520000.00),Q2 (79.00 to 114.00),Q2 (24.00 to 38.00),Q2 (12.31 to 20.12),Q1 (0.19 to 5.47)
E01003773,Redbridge 022D,Redbridge,Q2 (420000.00 to 520000.00),Q3 (114.00 to 173.00),Q3 (38.00 to 56.00),Q2 (12.31 to 20.12),Q3 (9.48 to 16.97)
E01003774,Redbridge 014A,Redbridge,Q3 (520000.00 to 683000.00),Q1 (2.00 to 79.00),Q1 (0.00 to 24.00),Q1 (2.33 to 12.31),Q3 (9.48 to 16.97)
E01003775,Redbridge 014B,Redbridge,Q3 (520000.00 to 683000.00),Q1 (2.00 to 79.00),Q1 (0.00 to 24.00),Q1 (2.33 to 12.31),Q2 (5.47 to 9.48)
E01003776,Redbridge 014C,Redbridge,Q2 (420000.00 to 520000.00),Q3 (114.00 to 173.00),Q3 (38.00 to 56.00),Q3 (20.12 to 29.24),Q3 (9.48 to 16.97)
E01003777,Redbridge 014D,Redbridge,Q3 (520000.00 to 683000.00),Q3 (114.00 to 173.00),Q1 (0.00 to 24.00),Q1 (2.33 to 12.31),Q4 (16.97 to 121.89)
E01003778,Redbridge 014E,Redbridge,Q2 (420000.00 to 520000.00),Q4 (173.00 to 9206.00),Q3 (38.00 to 56.00),Q1 (2.33 to 12.31),Q4 (16.97 to 121.89)
E01003779,Redbridge 014F,Redbridge,Q3 (520000.00 to 683000.00),Q1 (2.00 to 79.00),Q1 (0.00 to 24.00),Q2 (12.31 to 20.12),Q3 (9.48 to 16.97)
E01003780,Redbridge 014G,Redbridge,Q4 (683000.00 to 6425000.00),Q1 (2.00 to 79.00),Q1 (0.00 to 24.00),Q1 (2.33 to 12.31),Q1 (0.19 to 5.47)
E01003781,Redbridge 026A,Redbridge,Q1 (147500.00 to 420000.00),Q4 (173.00 to 9206.00),Q4 (56.00 to 1283.00),Q2 (12.31 to 20.12),Q4 (16.97 to 121.89)
E01003782,Redbridge 026B,Redbridge,Q1 (147500.00 to 420000.00),Q2 (79.00 to 114.00),Q2 (24.00 to 38.00),Q3 (20.12 to 29.24),Q4 (16.97 to 121.89)
E01003783,Redbridge 029A,Redbridge,Q1 (147500.00 to 420000.00),Q4 (173.00 to 9206.00),Q4 (56.00 to 1283.00),Q4 (29.24 to 59.01),Q4 (16.97 to 121.89)
E01003784,Redbridge 029B,Redbridge,Q1 (147500.00 to 420000.00),Q2 (79.00 to 114.00),Q3 (38.00 to 56.00),Q2 (12.31 to 20.12),Q2 (5.47 to 9.48)
E01003785,Redbridge 029C,Redbridge,Q1 (147500.00 to 420000.00),Q4 (173.00 to 9206.00),Q4 (56.00 to 1283.00),Q3 (20.12 to 29.24),Q3 (9.48 to 16.97)
E01003786,Redbridge 026C,Redbridge,Q2 (420000.00 to 520000.00),Q1 (2.00 to 79.00),Q1 (0.00 to 24.00),Q2 (12.31 to 20.12),Q1 (0.19 to 5.47)
E01003787,Redbridge 026D,Redbridge,Q3 (520000.00 to 683000.00),Q1 (2.00 to 79.00),Q1 (0.00 to 24.00),Q2 (12.31 to 20.12),Q2 (5.47 to 9.48)
E01003788,Redbridge 029D,Redbridge,Q1 (147500.00 to 420000.00),Q4 (173.00 to 9206.00),Q4 (56.00 to 1283.00),Q3 (20.12 to 29.24),Q4 (16.97 to 121.89)
E01003789,Redbridge 018A,Redbridge,Q4 (683000.00 to 6425000.00),Q1 (2.00 to 79.00),Q1 (0.00 to 24.00),Q1 (2.33 to 12.31),Q3 (9.48 to 16.97)
E01003790,Redbridge 027A,Redbridge,Q4 (683000.00 to 6425000.00),Q1 (2.00 to 79.00),Q2 (24.00 to 38.00),Q2 (12.31 to 20.12),Q1 (0.19 to 5.47)
E01003791,Redbridge 027B,Redbridge,Q4 (683000.00 to 6425000.00),Q1 (2.00 to 79.00),Q1 (0.00 to 24.00),Q2 (12.31 to 20.12),Q2 (5.47 to 9.48)
E01003792,Redbridge 027C,Redbridge,Q4 (683000.00 to 6425000.00),Q1 (2.00 to 79.00),Q1 (0.00 to 24.00),Q1 (2.33 to 12.31),Q1 (0.19 to 5.47)
E01003793,Redbridge 027D,Redbridge,Q1 (147500.00 to 420000.00),Q2 (79.00 to 114.00),Q2 (24.00 to 38.00),Q3 (20.12 to 29.24),Q1 (0.19 to 5.47)
E01003794,Redbridge 018B,Redbridge,Q4 (683000.00 to 6425000.00),Q2 (79.00 to 114.00),Q2 (24.00 to 38.00),Q1 (2.33 to 12.31),Q1 (0.19 to 5.47)
E01003795,Redbridge 018C,Redbridge,Q4 (683000.00 to 6425000.00),Q2 (79.00 to 114.00),Q2 (24.00 to 38.00),Q1 (2.33 to 12.31),Q1 (0.19 to 5.47)
E01003796,Redbridge 018D,Redbridge,Q4 (683000.00 to 6425000.00),Q1 (2.00 to 79.00),Q1 (0.00 to 24.00),Q1 (2.33 to 12.31),Q2 (5.47 to 9.48)
E01003797,Richmond upon Thames 001A,Richmond upon Thames,Q4 (683000.00 to 6425000.00),Q1 (2.00 to 79.00),Q1 (0.00 to 24.00),Q1 (2.33 to 12.31),Q2 (5.47 to 9.48)
E01003798,Richmond upon Thames 001B,Richmond upon Thames,Q4 (683000.00 to 6425000.00),Q2 (79.00 to 114.00),Q1 (0.00 to 24.00),Q1 (2.33 to 12.31),Q2 (5.47 to 9.48)
E01003799,Richmond upon Thames 001C,Richmond upon Thames,Q4 (683000.00 to 6425000.00),Q2 (79.00 to 114.00),Q1 (0.00 to 24.00),Q1 (2.33 to 12.31),Q2 (5.47 to 9.48)
E01003800,Richmond upon Thames 001D,Richmond upon Thames,Q4 (683000.00 to 6425000.00),Q1 (2.00 to 79.00),Q1 (0.00 to 24.00),Q2 (12.31 to 20.12),Q3 (9.48 to 16.97)
E01003801,Richmond upon Thames 001E,Richmond upon Thames,Q4 (683000.00 to 6425000.00),Q1 (2.00 to 79.00),Q1 (0.00 to 24.00),Q1 (2.33 to 12.31),Q2 (5.47 to 9.48)
E01003802,Richmond upon Thames 001F,Richmond upon Thames,Q4 (683000.00 to 6425000.00),Q1 (2.00 to 79.00),Q1 (0.00 to 24.00),Q1 (2.33 to 12.31),Q1 (0.19 to 5.47)
E01003803,Richmond upon Thames 001G,Richmond upon Thames,Q4 (683000.00 to 6425000.00),Q2 (79.00 to 114.00),Q2 (24.00 to 38.00),Q3 (20.12 to 29.24),Q2 (5.47 to 9.48)
E01003804,Richmond upon Thames 005A,Richmond upon Thames,Q4 (683000.00 to 6425000.00),Q1 (2.00 to 79.00),Q2 (24.00 to 38.00),Q1 (2.33 to 12.31),Q2 (5.47 to 9.48)
E01003805,Richmond upon Thames 012A,Richmond upon Thames,Q4 (683000.00 to 6425000.00),Q1 (2.00 to 79.00),Q1 (0.00 to 24.00),Q1 (2.33 to 12.31),Q1 (0.19 to 5.47)
E01003806,Richmond upon Thames 012B,Richmond upon Thames,Q4 (683000.00 to 6425000.00),Q1 (2.00 to 79.00),Q1 (0.00 to 24.00),Q1 (2.33 to 12.31),Q1 (0.19 to 5.47)
E01003807,Richmond upon Thames 005B,Richmond upon Thames,Q2 (420000.00 to 520000.00),Q4 (173.00 to 9206.00),Q3 (38.00 to 56.00),Q1 (2.33 to 12.31),Q3 (9.48 to 16.97)
E01003808,Richmond upon Thames 005C,Richmond upon Thames,Q4 (683000.00 to 6425000.00),Q2 (79.00 to 114.00),Q1 (0.00 to 24.00),Q1 (2.33 to 12.31),Q3 (9.48 to 16.97)
E01003809,Richmond upon Thames 005D,Richmond upon Thames,Q4 (683000.00 to 6425000.00),Q2 (79.00 to 114.00),Q1 (0.00 to 24.00),Q1 (2.33 to 12.31),Q1 (0.19 to 5.47)
E01003810,Richmond upon Thames 019A,Richmond upon Thames,Q4 (683000.00 to 6425000.00),Q1 (2.00 to 79.00),Q1 (0.00 to 24.00),Q1 (2.33 to 12.31),Q3 (9.48 to 16.97)
E01003811,Richmond upon Thames 018A,Richmond upon Thames,Q4 (683000.00 to 6425000.00),Q1 (2.00 to 79.00),Q1 (0.00 to 24.00),Q1 (2.33 to 12.31),Q2 (5.47 to 9.48)
E01003812,Richmond upon Thames 018B,Richmond upon Thames,Q4 (683000.00 to 6425000.00),Q2 (79.00 to 114.00),Q2 (24.00 to 38.00),Q1 (2.33 to 12.31),Q3 (9.48 to 16.97)
E01003813,Richmond upon Thames 019B,Richmond upon Thames,Q4 (683000.00 to 6425000.00),Q1 (2.00 to 79.00),Q1 (0.00 to 24.00),Q1 (2.33 to 12.31),Q1 (0.19 to 5.47)
E01003814,Richmond upon Thames 019C,Richmond upon Thames,Q4 (683000.00 to 6425000.00),Q1 (2.00 to 79.00),Q1 (0.00 to 24.00),Q1 (2.33 to 12.31),Q2 (5.47 to 9.48)
E01003815,Richmond upon Thames 019D,Richmond upon Thames,Q3 (520000.00 to 683000.00),Q3 (114.00 to 173.00),Q2 (24.00 to 38.00),Q1 (2.33 to 12.31),Q1 (0.19 to 5.47)
E01003816,Richmond upon Thames 012C,Richmond upon Thames,Q4 (683000.00 to 6425000.00),Q2 (79.00 to 114.00),Q1 (0.00 to 24.00),Q1 (2.33 to 12.31),Q1 (0.19 to 5.47)
E01003817,Richmond upon Thames 012D,Richmond upon Thames,Q3 (520000.00 to 683000.00),Q3 (114.00 to 173.00),Q3 (38.00 to 56.00),Q1 (2.33 to 12.31),Q1 (0.19 to 5.47)
E01003818,Richmond upon Thames 017A,Richmond upon Thames,Q3 (520000.00 to 683000.00),Q1 (2.00 to 79.00),Q2 (24.00 to 38.00),Q1 (2.33 to 12.31),Q1 (0.19 to 5.47)
E01003819,Richmond upon Thames 017B,Richmond upon Thames,Q4 (683000.00 to 6425000.00),Q2 (79.00 to 114.00),Q3 (38.00 to 56.00),Q3 (20.12 to 29.24),Q1 (0.19 to 5.47)
E01003820,Richmond upon Thames 017C,Richmond upon Thames,Q4 (683000.00 to 6425000.00),Q2 (79.00 to 114.00),Q2 (24.00 to 38.00),Q1 (2.33 to 12.31),Q1 (0.19 to 5.47)
E01003821,Richmond upon Thames 008A,Richmond upon Thames,Q4 (683000.00 to 6425000.00),Q2 (79.00 to 114.00),Q3 (38.00 to 56.00),Q1 (2.33 to 12.31),Q1 (0.19 to 5.47)
E01003822,Richmond upon Thames 023A,Richmond upon Thames,Q4 (683000.00 to 6425000.00),Q1 (2.00 to 79.00),Q1 (0.00 to 24.00),Q1 (2.33 to 12.31),Q1 (0.19 to 5.47)
E01003823,Richmond upon Thames 023B,Richmond upon Thames,Q4 (683000.00 to 6425000.00),Q3 (114.00 to 173.00),Q2 (24.00 to 38.00),Q1 (2.33 to 12.31),Q1 (0.19 to 5.47)
E01003824,Richmond upon Thames 023C,Richmond upon Thames,Q4 (683000.00 to 6425000.00),Q1 (2.00 to 79.00),Q1 (0.00 to 24.00),Q1 (2.33 to 12.31),Q2 (5.47 to 9.48)
E01003825,Richmond upon Thames 023D,Richmond upon Thames,Q4 (683000.00 to 6425000.00),Q1 (2.00 to 79.00),Q1 (0.00 to 24.00),Q1 (2.33 to 12.31),Q1 (0.19 to 5.47)
E01003826,Richmond upon Thames 023E,Richmond upon Thames,Q2 (420000.00 to 520000.00),Q2 (79.00 to 114.00),Q3 (38.00 to 56.00),Q3 (20.12 to 29.24),Q1 (0.19 to 5.47)
E01003827,Richmond upon Thames 023F,Richmond upon Thames,Q3 (520000.00 to 683000.00),Q2 (79.00 to 114.00),Q2 (24.00 to 38.00),Q1 (2.33 to 12.31),Q1 (0.19 to 5.47)
E01003828,Richmond upon Thames 020A,Richmond upon Thames,Q3 (520000.00 to 683000.00),Q1 (2.00 to 79.00),Q2 (24.00 to 38.00),Q1 (2.33 to 12.31),Q1 (0.19 to 5.47)
E01003829,Richmond upon Thames 020B,Richmond upon Thames,Q2 (420000.00 to 520000.00),Q4 (173.00 to 9206.00),Q4 (56.00 to 1283.00),Q3 (20.12 to 29.24),Q1 (0.19 to 5.47)
E01003830,Richmond upon Thames 020C,Richmond upon Thames,Q3 (520000.00 to 683000.00),Q1 (2.00 to 79.00),Q1 (0.00 to 24.00),Q1 (2.33 to 12.31),Q1 (0.19 to 5.47)
E01003831,Richmond upon Thames 020D,Richmond upon Thames,Q2 (420000.00 to 520000.00),Q1 (2.00 to 79.00),Q1 (0.00 to 24.00),Q1 (2.33 to 12.31),Q1 (0.19 to 5.47)
E01003832,Richmond upon Thames 020E,Richmond upon Thames,Q1 (147500.00 to 420000.00),Q2 (79.00 to 114.00),Q3 (38.00 to 56.00),Q4 (29.24 to 59.01),Q1 (0.19 to 5.47)
E01003833,Richmond upon Thames 020F,Richmond upon Thames,Q2 (420000.00 to 520000.00),Q3 (114.00 to 173.00),Q3 (38.00 to 56.00),Q2 (12.31 to 20.12),Q1 (0.19 to 5.47)
E01003834,Richmond upon Thames 022A,Richmond upon Thames,Q2 (420000.00 to 520000.00),Q2 (79.00 to 114.00),Q2 (24.00 to 38.00),Q1 (2.33 to 12.31),Q2 (5.47 to 9.48)
E01003835,Richmond upon Thames 022B,Richmond upon Thames,Q4 (683000.00 to 6425000.00),Q1 (2.00 to 79.00),Q1 (0.00 to 24.00),Q1 (2.33 to 12.31),Q1 (0.19 to 5.47)
E01003836,Richmond upon Thames 022C,Richmond upon Thames,Q3 (520000.00 to 683000.00),Q1 (2.00 to 79.00),Q1 (0.00 to 24.00),Q2 (12.31 to 20.12),Q2 (5.47 to 9.48)
E01003837,Richmond upon Thames 022D,Richmond upon Thames,Q3 (520000.00 to 683000.00),Q2 (79.00 to 114.00),Q2 (24.00 to 38.00),Q1 (2.33 to 12.31),Q1 (0.19 to 5.47)
E01003838,Richmond upon Thames 022E,Richmond upon Thames,Q4 (683000.00 to 6425000.00),Q1 (2.00 to 79.00),Q1 (0.00 to 24.00),Q1 (2.33 to 12.31),Q2 (5.47 to 9.48)
E01003839,Richmond upon Thames 022F,Richmond upon Thames,Q2 (420000.00 to 520000.00),Q3 (114.00 to 173.00),Q4 (56.00 to 1283.00),Q2 (12.31 to 20.12),Q3 (9.48 to 16.97)
E01003840,Richmond upon Thames 013A,Richmond upon Thames,Q3 (520000.00 to 683000.00),Q2 (79.00 to 114.00),Q2 (24.00 to 38.00),Q2 (12.31 to 20.12),Q1 (0.19 to 5.47)
E01003841,Richmond upon Thames 013B,Richmond upon Thames,Q1 (147500.00 to 420000.00),Q4 (173.00 to 9206.00),Q4 (56.00 to 1283.00),Q3 (20.12 to 29.24),Q1 (0.19 to 5.47)
E01003842,Richmond upon Thames 013C,Richmond upon Thames,Q2 (420000.00 to 520000.00),Q2 (79.00 to 114.00),Q3 (38.00 to 56.00),Q3 (20.12 to 29.24),Q1 (0.19 to 5.47)
E01003843,Richmond upon Thames 013D,Richmond upon Thames,Q3 (520000.00 to 683000.00),Q2 (79.00 to 114.00),Q2 (24.00 to 38.00),Q2 (12.31 to 20.12),Q1 (0.19 to 5.47)
E01003844,Richmond upon Thames 013E,Richmond upon Thames,Q4 (683000.00 to 6425000.00),Q3 (114.00 to 173.00),Q3 (38.00 to 56.00),Q1 (2.33 to 12.31),Q2 (5.47 to 9.48)
E01003845,Richmond upon Thames 013F,Richmond upon Thames,Q3 (520000.00 to 683000.00),Q2 (79.00 to 114.00),Q1 (0.00 to 24.00),Q1 (2.33 to 12.31),Q1 (0.19 to 5.47)
E01003846,Richmond upon Thames 002A,Richmond upon Thames,Q4 (683000.00 to 6425000.00),Q1 (2.00 to 79.00),Q1 (0.00 to 24.00),Q1 (2.33 to 12.31),Q2 (5.47 to 9.48)
E01003847,Richmond upon Thames 002B,Richmond upon Thames,Q3 (520000.00 to 683000.00),Q3 (114.00 to 173.00),Q1 (0.00 to 24.00),Q1 (2.33 to 12.31),Q1 (0.19 to 5.47)
E01003848,Richmond upon Thames 004A,Richmond upon Thames,Q4 (683000.00 to 6425000.00),Q1 (2.00 to 79.00),Q1 (0.00 to 24.00),Q1 (2.33 to 12.31),Q3 (9.48 to 16.97)
E01003849,Richmond upon Thames 002C,Richmond upon Thames,Q4 (683000.00 to 6425000.00),Q1 (2.00 to 79.00),Q1 (0.00 to 24.00),Q1 (2.33 to 12.31),Q2 (5.47 to 9.48)
E01003851,Richmond upon Thames 002D,Richmond upon Thames,Q4 (683000.00 to 6425000.00),Q2 (79.00 to 114.00),Q1 (0.00 to 24.00),Q1 (2.33 to 12.31),Q2 (5.47 to 9.48)
E01003852,Richmond upon Thames 003A,Richmond upon Thames,Q4 (683000.00 to 6425000.00),Q2 (79.00 to 114.00),Q1 (0.00 to 24.00),Q2 (12.31 to 20.12),Q3 (9.48 to 16.97)
E01003853,Richmond upon Thames 003B,Richmond upon Thames,Q4 (683000.00 to 6425000.00),Q1 (2.00 to 79.00),Q1 (0.00 to 24.00),Q1 (2.33 to 12.31),Q2 (5.47 to 9.48)
E01003854,Richmond upon Thames 003C,Richmond upon Thames,Q4 (683000.00 to 6425000.00),Q3 (114.00 to 173.00),Q1 (0.00 to 24.00),Q1 (2.33 to 12.31),Q3 (9.48 to 16.97)
E01003855,Richmond upon Thames 003D,Richmond upon Thames,Q4 (683000.00 to 6425000.00),Q3 (114.00 to 173.00),Q4 (56.00 to 1283.00),Q2 (12.31 to 20.12),Q1 (0.19 to 5.47)
E01003856,Richmond upon Thames 003E,Richmond upon Thames,Q3 (520000.00 to 683000.00),Q1 (2.00 to 79.00),Q1 (0.00 to 24.00),Q1 (2.33 to 12.31),Q2 (5.47 to 9.48)
E01003857,Richmond upon Thames 003F,Richmond upon Thames,Q4 (683000.00 to 6425000.00),Q1 (2.00 to 79.00),Q1 (0.00 to 24.00),Q1 (2.33 to 12.31),Q2 (5.47 to 9.48)
E01003858,Richmond upon Thames 003G,Richmond upon Thames,Q4 (683000.00 to 6425000.00),Q2 (79.00 to 114.00),Q1 (0.00 to 24.00),Q1 (2.33 to 12.31),Q2 (5.47 to 9.48)
E01003859,Richmond upon Thames 005E,Richmond upon Thames,Q4 (683000.00 to 6425000.00),Q1 (2.00 to 79.00),Q1 (0.00 to 24.00),Q1 (2.33 to 12.31),Q2 (5.47 to 9.48)
E01003860,Richmond upon Thames 002E,Richmond upon Thames,Q4 (683000.00 to 6425000.00),Q3 (114.00 to 173.00),Q2 (24.00 to 38.00),Q1 (2.33 to 12.31),Q2 (5.47 to 9.48)
E01003861,Richmond upon Thames 004C,Richmond upon Thames,Q3 (520000.00 to 683000.00),Q1 (2.00 to 79.00),Q1 (0.00 to 24.00),Q1 (2.33 to 12.31),Q4 (16.97 to 121.89)
E01003862,Richmond upon Thames 004D,Richmond upon Thames,Q4 (683000.00 to 6425000.00),Q3 (114.00 to 173.00),Q3 (38.00 to 56.00),Q2 (12.31 to 20.12),Q3 (9.48 to 16.97)
E01003863,Richmond upon Thames 004E,Richmond upon Thames,Q4 (683000.00 to 6425000.00),Q1 (2.00 to 79.00),Q1 (0.00 to 24.00),Q2 (12.31 to 20.12),Q3 (9.48 to 16.97)
E01003864,Richmond upon Thames 002F,Richmond upon Thames,Q3 (520000.00 to 683000.00),Q1 (2.00 to 79.00),Q1 (0.00 to 24.00),Q1 (2.33 to 12.31),Q3 (9.48 to 16.97)
E01003865,Richmond upon Thames 004F,Richmond upon Thames,Q4 (683000.00 to 6425000.00),Q1 (2.00 to 79.00),Q2 (24.00 to 38.00),Q1 (2.33 to 12.31),Q2 (5.47 to 9.48)
E01003866,Richmond upon Thames 007A,Richmond upon Thames,Q4 (683000.00 to 6425000.00),Q1 (2.00 to 79.00),Q1 (0.00 to 24.00),Q1 (2.33 to 12.31),Q2 (5.47 to 9.48)
E01003867,Richmond upon Thames 011A,Richmond upon Thames,Q4 (683000.00 to 6425000.00),Q3 (114.00 to 173.00),Q4 (56.00 to 1283.00),Q1 (2.33 to 12.31),Q2 (5.47 to 9.48)
E01003868,Richmond upon Thames 007B,Richmond upon Thames,Q4 (683000.00 to 6425000.00),Q1 (2.00 to 79.00),Q1 (0.00 to 24.00),Q1 (2.33 to 12.31),Q3 (9.48 to 16.97)
E01003869,Richmond upon Thames 011B,Richmond upon Thames,Q3 (520000.00 to 683000.00),Q2 (79.00 to 114.00),Q2 (24.00 to 38.00),Q1 (2.33 to 12.31),Q3 (9.48 to 16.97)
E01003870,Richmond upon Thames 011C,Richmond upon Thames,Q4 (683000.00 to 6425000.00),Q2 (79.00 to 114.00),Q2 (24.00 to 38.00),Q1 (2.33 to 12.31),Q2 (5.47 to 9.48)
E01003871,Richmond upon Thames 007C,Richmond upon Thames,Q4 (683000.00 to 6425000.00),Q1 (2.00 to 79.00),Q1 (0.00 to 24.00),Q1 (2.33 to 12.31),Q1 (0.19 to 5.47)
E01003872,Richmond upon Thames 007D,Richmond upon Thames,Q3 (520000.00 to 683000.00),Q1 (2.00 to 79.00),Q1 (0.00 to 24.00),Q1 (2.33 to 12.31),Q2 (5.47 to 9.48)
E01003873,Richmond upon Thames 006A,Richmond upon Thames,Q4 (683000.00 to 6425000.00),Q4 (173.00 to 9206.00),Q3 (38.00 to 56.00),Q1 (2.33 to 12.31),Q4 (16.97 to 121.89)
E01003874,Richmond upon Thames 006B,Richmond upon Thames,Q4 (683000.00 to 6425000.00),Q1 (2.00 to 79.00),Q1 (0.00 to 24.00),Q1 (2.33 to 12.31),Q3 (9.48 to 16.97)
E01003875,Richmond upon Thames 006C,Richmond upon Thames,Q4 (683000.00 to 6425000.00),Q2 (79.00 to 114.00),Q1 (0.00 to 24.00),Q1 (2.33 to 12.31),Q2 (5.47 to 9.48)
E01003876,Richmond upon Thames 008B,Richmond upon Thames,Q4 (683000.00 to 6425000.00),Q4 (173.00 to 9206.00),Q4 (56.00 to 1283.00),Q1 (2.33 to 12.31),Q4 (16.97 to 121.89)
E01003877,Richmond upon Thames 008C,Richmond upon Thames,Q4 (683000.00 to 6425000.00),Q1 (2.00 to 79.00),Q1 (0.00 to 24.00),Q1 (2.33 to 12.31),Q3 (9.48 to 16.97)
E01003878,Richmond upon Thames 006D,Richmond upon Thames,Q4 (683000.00 to 6425000.00),Q2 (79.00 to 114.00),Q2 (24.00 to 38.00),Q2 (12.31 to 20.12),Q1 (0.19 to 5.47)
E01003879,Richmond upon Thames 008D,Richmond upon Thames,Q4 (683000.00 to 6425000.00),Q1 (2.00 to 79.00),Q1 (0.00 to 24.00),Q1 (2.33 to 12.31),Q1 (0.19 to 5.47)
E01003880,Richmond upon Thames 016A,Richmond upon Thames,Q4 (683000.00 to 6425000.00),Q1 (2.00 to 79.00),Q1 (0.00 to 24.00),Q1 (2.33 to 12.31),Q3 (9.48 to 16.97)
E01003881,Richmond upon Thames 016B,Richmond upon Thames,Q4 (683000.00 to 6425000.00),Q1 (2.00 to 79.00),Q1 (0.00 to 24.00),Q1 (2.33 to 12.31),Q2 (5.47 to 9.48)
E01003882,Richmond upon Thames 014A,Richmond upon Thames,Q4 (683000.00 to 6425000.00),Q2 (79.00 to 114.00),Q2 (24.00 to 38.00),Q1 (2.33 to 12.31),Q3 (9.48 to 16.97)
E01003883,Richmond upon Thames 014B,Richmond upon Thames,Q3 (520000.00 to 683000.00),Q1 (2.00 to 79.00),Q1 (0.00 to 24.00),Q1 (2.33 to 12.31),Q3 (9.48 to 16.97)
E01003884,Richmond upon Thames 016C,Richmond upon Thames,Q4 (683000.00 to 6425000.00),Q2 (79.00 to 114.00),Q2 (24.00 to 38.00),Q1 (2.33 to 12.31),Q3 (9.48 to 16.97)
E01003885,Richmond upon Thames 016D,Richmond upon Thames,Q2 (420000.00 to 520000.00),Q1 (2.00 to 79.00),Q2 (24.00 to 38.00),Q1 (2.33 to 12.31),Q3 (9.48 to 16.97)
E01003886,Richmond upon Thames 021A,Richmond upon Thames,Q3 (520000.00 to 683000.00),Q1 (2.00 to 79.00),Q1 (0.00 to 24.00),Q1 (2.33 to 12.31),Q3 (9.48 to 16.97)
E01003887,Richmond upon Thames 021B,Richmond upon Thames,Q3 (520000.00 to 683000.00),Q2 (79.00 to 114.00),Q1 (0.00 to 24.00),Q1 (2.33 to 12.31),Q3 (9.48 to 16.97)
E01003888,Richmond upon Thames 021C,Richmond upon Thames,Q4 (683000.00 to 6425000.00),Q3 (114.00 to 173.00),Q3 (38.00 to 56.00),Q2 (12.31 to 20.12),Q1 (0.19 to 5.47)
E01003889,Richmond upon Thames 021D,Richmond upon Thames,Q3 (520000.00 to 683000.00),Q1 (2.00 to 79.00),Q1 (0.00 to 24.00),Q1 (2.33 to 12.31),Q1 (0.19 to 5.47)
E01003890,Richmond upon Thames 018C,Richmond upon Thames,Q4 (683000.00 to 6425000.00),Q1 (2.00 to 79.00),Q1 (0.00 to 24.00),Q1 (2.33 to 12.31),Q2 (5.47 to 9.48)
E01003891,Richmond upon Thames 018D,Richmond upon Thames,Q4 (683000.00 to 6425000.00),Q1 (2.00 to 79.00),Q1 (0.00 to 24.00),Q1 (2.33 to 12.31),Q2 (5.47 to 9.48)
E01003892,Richmond upon Thames 009A,Richmond upon Thames,Q4 (683000.00 to 6425000.00),Q1 (2.00 to 79.00),Q1 (0.00 to 24.00),Q1 (2.33 to 12.31),Q2 (5.47 to 9.48)
E01003893,Richmond upon Thames 009B,Richmond upon Thames,Q3 (520000.00 to 683000.00),Q1 (2.00 to 79.00),Q1 (0.00 to 24.00),Q1 (2.33 to 12.31),Q3 (9.48 to 16.97)
E01003894,Richmond upon Thames 009C,Richmond upon Thames,Q3 (520000.00 to 683000.00),Q1 (2.00 to 79.00),Q1 (0.00 to 24.00),Q1 (2.33 to 12.31),Q3 (9.48 to 16.97)
E01003895,Richmond upon Thames 009D,Richmond upon Thames,Q3 (520000.00 to 683000.00),Q1 (2.00 to 79.00),Q2 (24.00 to 38.00),Q1 (2.33 to 12.31),Q3 (9.48 to 16.97)
E01003896,Richmond upon Thames 014C,Richmond upon Thames,Q2 (420000.00 to 520000.00),Q4 (173.00 to 9206.00),Q4 (56.00 to 1283.00),Q1 (2.33 to 12.31),Q4 (16.97 to 121.89)
E01003897,Richmond upon Thames 014D,Richmond upon Thames,Q2 (420000.00 to 520000.00),Q4 (173.00 to 9206.00),Q4 (56.00 to 1283.00),Q1 (2.33 to 12.31),Q4 (16.97 to 121.89)
E01003898,Richmond upon Thames 015A,Richmond upon Thames,Q3 (520000.00 to 683000.00),Q1 (2.00 to 79.00),Q1 (0.00 to 24.00),Q1 (2.33 to 12.31),Q3 (9.48 to 16.97)
E01003899,Richmond upon Thames 015B,Richmond upon Thames,Q3 (520000.00 to 683000.00),Q1 (2.00 to 79.00),Q1 (0.00 to 24.00),Q1 (2.33 to 12.31),Q2 (5.47 to 9.48)
E01003900,Richmond upon Thames 015C,Richmond upon Thames,Q4 (683000.00 to 6425000.00),Q2 (79.00 to 114.00),Q2 (24.00 to 38.00),Q3 (20.12 to 29.24),Q2 (5.47 to 9.48)
E01003901,Richmond upon Thames 015D,Richmond upon Thames,Q4 (683000.00 to 6425000.00),Q1 (2.00 to 79.00),Q1 (0.00 to 24.00),Q1 (2.33 to 12.31),Q1 (0.19 to 5.47)
E01003902,Richmond upon Thames 015E,Richmond upon Thames,Q3 (520000.00 to 683000.00),Q1 (2.00 to 79.00),Q2 (24.00 to 38.00),Q1 (2.33 to 12.31),Q2 (5.47 to 9.48)
E01003903,Richmond upon Thames 015F,Richmond upon Thames,Q3 (520000.00 to 683000.00),Q3 (114.00 to 173.00),Q2 (24.00 to 38.00),Q2 (12.31 to 20.12),Q1 (0.19 to 5.47)
E01003904,Richmond upon Thames 015G,Richmond upon Thames,Q4 (683000.00 to 6425000.00),Q1 (2.00 to 79.00),Q1 (0.00 to 24.00),Q1 (2.33 to 12.31),Q1 (0.19 to 5.47)
E01003905,Richmond upon Thames 010A,Richmond upon Thames,Q3 (520000.00 to 683000.00),Q1 (2.00 to 79.00),Q1 (0.00 to 24.00),Q1 (2.33 to 12.31),Q1 (0.19 to 5.47)
E01003906,Richmond upon Thames 010B,Richmond upon Thames,Q1 (147500.00 to 420000.00),Q2 (79.00 to 114.00),Q2 (24.00 to 38.00),Q1 (2.33 to 12.31),Q2 (5.47 to 9.48)
E01003907,Richmond upon Thames 010C,Richmond upon Thames,Q3 (520000.00 to 683000.00),Q2 (79.00 to 114.00),Q2 (24.00 to 38.00),Q3 (20.12 to 29.24),Q1 (0.19 to 5.47)
E01003908,Richmond upon Thames 010D,Richmond upon Thames,Q3 (520000.00 to 683000.00),Q1 (2.00 to 79.00),Q1 (0.00 to 24.00),Q1 (2.33 to 12.31),Q2 (5.47 to 9.48)
E01003909,Richmond upon Thames 010E,Richmond upon Thames,Q4 (683000.00 to 6425000.00),Q4 (173.00 to 9206.00),Q3 (38.00 to 56.00),Q1 (2.33 to 12.31),Q2 (5.47 to 9.48)
E01003910,Richmond upon Thames 011D,Richmond upon Thames,Q3 (520000.00 to 683000.00),Q1 (2.00 to 79.00),Q1 (0.00 to 24.00),Q1 (2.33 to 12.31),Q1 (0.19 to 5.47)
E01003911,Southwark 020A,Southwark,Q2 (420000.00 to 520000.00),Q3 (114.00 to 173.00),Q4 (56.00 to 1283.00),Q4 (29.24 to 59.01),Q3 (9.48 to 16.97)
E01003913,Southwark 024A,Southwark,Q3 (520000.00 to 683000.00),Q4 (173.00 to 9206.00),Q4 (56.00 to 1283.00),Q2 (12.31 to 20.12),Q4 (16.97 to 121.89)
E01003914,Southwark 024B,Southwark,Q4 (683000.00 to 6425000.00),Q3 (114.00 to 173.00),Q3 (38.00 to 56.00),Q3 (20.12 to 29.24),Q3 (9.48 to 16.97)
E01003915,Southwark 024C,Southwark,Q1 (147500.00 to 420000.00),Q3 (114.00 to 173.00),Q3 (38.00 to 56.00),Q3 (20.12 to 29.24),Q2 (5.47 to 9.48)
E01003916,Southwark 020B,Southwark,Q2 (420000.00 to 520000.00),Q4 (173.00 to 9206.00),Q4 (56.00 to 1283.00),Q3 (20.12 to 29.24),Q2 (5.47 to 9.48)
E01003917,Southwark 020C,Southwark,Q2 (420000.00 to 520000.00),Q2 (79.00 to 114.00),Q2 (24.00 to 38.00),Q4 (29.24 to 59.01),Q3 (9.48 to 16.97)
E01003918,Southwark 020D,Southwark,Q1 (147500.00 to 420000.00),Q3 (114.00 to 173.00),Q3 (38.00 to 56.00),Q4 (29.24 to 59.01),Q4 (16.97 to 121.89)
E01003919,Southwark 021A,Southwark,Q2 (420000.00 to 520000.00),Q4 (173.00 to 9206.00),Q4 (56.00 to 1283.00),Q3 (20.12 to 29.24),Q4 (16.97 to 121.89)
E01003920,Southwark 021B,Southwark,Q1 (147500.00 to 420000.00),Q3 (114.00 to 173.00),Q3 (38.00 to 56.00),Q4 (29.24 to 59.01),Q4 (16.97 to 121.89)
E01003921,Southwark 021C,Southwark,Q1 (147500.00 to 420000.00),Q4 (173.00 to 9206.00),Q4 (56.00 to 1283.00),Q4 (29.24 to 59.01),Q4 (16.97 to 121.89)
E01003922,Southwark 021D,Southwark,Q1 (147500.00 to 420000.00),Q4 (173.00 to 9206.00),Q4 (56.00 to 1283.00),Q4 (29.24 to 59.01),Q4 (16.97 to 121.89)
E01003923,Southwark 017A,Southwark,Q1 (147500.00 to 420000.00),Q3 (114.00 to 173.00),Q3 (38.00 to 56.00),Q3 (20.12 to 29.24),Q4 (16.97 to 121.89)
E01003924,Southwark 021E,Southwark,Q1 (147500.00 to 420000.00),Q3 (114.00 to 173.00),Q3 (38.00 to 56.00),Q4 (29.24 to 59.01),Q4 (16.97 to 121.89)
E01003925,Southwark 020E,Southwark,Q2 (420000.00 to 520000.00),Q2 (79.00 to 114.00),Q2 (24.00 to 38.00),Q4 (29.24 to 59.01),Q3 (9.48 to 16.97)
E01003926,Southwark 021F,Southwark,Q2 (420000.00 to 520000.00),Q2 (79.00 to 114.00),Q3 (38.00 to 56.00),Q4 (29.24 to 59.01),Q3 (9.48 to 16.97)
E01003927,Southwark 002A,Southwark,Q3 (520000.00 to 683000.00),Q4 (173.00 to 9206.00),Q4 (56.00 to 1283.00),Q2 (12.31 to 20.12),Q4 (16.97 to 121.89)
E01003929,Southwark 002B,Southwark,Q4 (683000.00 to 6425000.00),Q4 (173.00 to 9206.00),Q4 (56.00 to 1283.00),Q3 (20.12 to 29.24),Q4 (16.97 to 121.89)
E01003930,Southwark 034A,Southwark,Q2 (420000.00 to 520000.00),Q3 (114.00 to 173.00),Q3 (38.00 to 56.00),Q3 (20.12 to 29.24),Q4 (16.97 to 121.89)
E01003932,Southwark 034B,Southwark,Q2 (420000.00 to 520000.00),Q4 (173.00 to 9206.00),Q4 (56.00 to 1283.00),Q4 (29.24 to 59.01),Q4 (16.97 to 121.89)
E01003933,Southwark 034C,Southwark,Q4 (683000.00 to 6425000.00),Q4 (173.00 to 9206.00),Q4 (56.00 to 1283.00),Q4 (29.24 to 59.01),Q4 (16.97 to 121.89)
E01003934,Southwark 002C,Southwark,Q4 (683000.00 to 6425000.00),Q4 (173.00 to 9206.00),Q4 (56.00 to 1283.00),Q2 (12.31 to 20.12),Q4 (16.97 to 121.89)
E01003935,Southwark 002D,Southwark,Q4 (683000.00 to 6425000.00),Q4 (173.00 to 9206.00),Q2 (24.00 to 38.00),Q3 (20.12 to 29.24),Q4 (16.97 to 121.89)
E01003936,Southwark 009A,Southwark,Q3 (520000.00 to 683000.00),Q2 (79.00 to 114.00),Q1 (0.00 to 24.00),Q2 (12.31 to 20.12),Q4 (16.97 to 121.89)
E01003937,Southwark 009B,Southwark,Q2 (420000.00 to 520000.00),Q4 (173.00 to 9206.00),Q3 (38.00 to 56.00),Q3 (20.12 to 29.24),Q4 (16.97 to 121.89)
E01003938,Southwark 006A,Southwark,Q1 (147500.00 to 420000.00),Q2 (79.00 to 114.00),Q1 (0.00 to 24.00),Q4 (29.24 to 59.01),Q4 (16.97 to 121.89)
E01003939,Southwark 002E,Southwark,Q3 (520000.00 to 683000.00),Q4 (173.00 to 9206.00),Q4 (56.00 to 1283.00),Q3 (20.12 to 29.24),Q4 (16.97 to 121.89)
E01003940,Southwark 006B,Southwark,Q2 (420000.00 to 520000.00),Q2 (79.00 to 114.00),Q1 (0.00 to 24.00),Q4 (29.24 to 59.01),Q4 (16.97 to 121.89)
E01003941,Southwark 006C,Southwark,Q4 (683000.00 to 6425000.00),Q4 (173.00 to 9206.00),Q3 (38.00 to 56.00),Q2 (12.31 to 20.12),Q4 (16.97 to 121.89)
E01003942,Southwark 006D,Southwark,Q2 (420000.00 to 520000.00),Q3 (114.00 to 173.00),Q3 (38.00 to 56.00),Q4 (29.24 to 59.01),Q4 (16.97 to 121.89)
E01003943,Southwark 009C,Southwark,Q1 (147500.00 to 420000.00),Q3 (114.00 to 173.00),Q3 (38.00 to 56.00),Q4 (29.24 to 59.01),Q4 (16.97 to 121.89)
E01003945,Southwark 033A,Southwark,Q2 (420000.00 to 520000.00),Q1 (2.00 to 79.00),Q1 (0.00 to 24.00),Q2 (12.31 to 20.12),Q2 (5.47 to 9.48)
E01003946,Southwark 033B,Southwark,Q4 (683000.00 to 6425000.00),Q2 (79.00 to 114.00),Q1 (0.00 to 24.00),Q2 (12.31 to 20.12),Q2 (5.47 to 9.48)
E01003947,Southwark 033C,Southwark,Q1 (147500.00 to 420000.00),Q2 (79.00 to 114.00),Q3 (38.00 to 56.00),Q4 (29.24 to 59.01),Q2 (5.47 to 9.48)
E01003948,Southwark 033D,Southwark,Q2 (420000.00 to 520000.00),Q2 (79.00 to 114.00),Q2 (24.00 to 38.00),Q2 (12.31 to 20.12),Q3 (9.48 to 16.97)
E01003949,Southwark 032A,Southwark,Q2 (420000.00 to 520000.00),Q2 (79.00 to 114.00),Q2 (24.00 to 38.00),Q2 (12.31 to 20.12),Q2 (5.47 to 9.48)
E01003950,Southwark 032B,Southwark,Q2 (420000.00 to 520000.00),Q2 (79.00 to 114.00),Q2 (24.00 to 38.00),Q3 (20.12 to 29.24),Q2 (5.47 to 9.48)
E01003951,Southwark 033E,Southwark,Q4 (683000.00 to 6425000.00),Q2 (79.00 to 114.00),Q1 (0.00 to 24.00),Q2 (12.31 to 20.12),Q1 (0.19 to 5.47)
E01003952,Southwark 030A,Southwark,Q4 (683000.00 to 6425000.00),Q4 (173.00 to 9206.00),Q3 (38.00 to 56.00),Q2 (12.31 to 20.12),Q3 (9.48 to 16.97)
E01003953,Southwark 028A,Southwark,Q4 (683000.00 to 6425000.00),Q4 (173.00 to 9206.00),Q3 (38.00 to 56.00),Q2 (12.31 to 20.12),Q4 (16.97 to 121.89)
E01003954,Southwark 030B,Southwark,Q4 (683000.00 to 6425000.00),Q1 (2.00 to 79.00),Q1 (0.00 to 24.00),Q2 (12.31 to 20.12),Q3 (9.48 to 16.97)
E01003955,Southwark 028B,Southwark,Q4 (683000.00 to 6425000.00),Q2 (79.00 to 114.00),Q1 (0.00 to 24.00),Q2 (12.31 to 20.12),Q3 (9.48 to 16.97)
E01003956,Southwark 030C,Southwark,Q4 (683000.00 to 6425000.00),Q1 (2.00 to 79.00),Q1 (0.00 to 24.00),Q1 (2.33 to 12.31),Q3 (9.48 to 16.97)
E01003957,Southwark 032C,Southwark,Q3 (520000.00 to 683000.00),Q2 (79.00 to 114.00),Q2 (24.00 to 38.00),Q2 (12.31 to 20.12),Q2 (5.47 to 9.48)
E01003958,Southwark 032D,Southwark,Q4 (683000.00 to 6425000.00),Q3 (114.00 to 173.00),Q3 (38.00 to 56.00),Q2 (12.31 to 20.12),Q3 (9.48 to 16.97)
E01003960,Southwark 012A,Southwark,Q3 (520000.00 to 683000.00),Q3 (114.00 to 173.00),Q3 (38.00 to 56.00),Q3 (20.12 to 29.24),Q4 (16.97 to 121.89)
E01003961,Southwark 012B,Southwark,Q1 (147500.00 to 420000.00),Q4 (173.00 to 9206.00),Q4 (56.00 to 1283.00),Q4 (29.24 to 59.01),Q4 (16.97 to 121.89)
E01003963,Southwark 016A,Southwark,Q1 (147500.00 to 420000.00),Q3 (114.00 to 173.00),Q4 (56.00 to 1283.00),Q4 (29.24 to 59.01),Q4 (16.97 to 121.89)
E01003964,Southwark 015A,Southwark,Q2 (420000.00 to 520000.00),Q3 (114.00 to 173.00),Q2 (24.00 to 38.00),Q4 (29.24 to 59.01),Q3 (9.48 to 16.97)
E01003966,Southwark 015B,Southwark,Q1 (147500.00 to 420000.00),Q4 (173.00 to 9206.00),Q4 (56.00 to 1283.00),Q4 (29.24 to 59.01),Q4 (16.97 to 121.89)
E01003967,Southwark 016B,Southwark,Q2 (420000.00 to 520000.00),Q1 (2.00 to 79.00),Q1 (0.00 to 24.00),Q4 (29.24 to 59.01),Q4 (16.97 to 121.89)
E01003969,Southwark 017B,Southwark,Q1 (147500.00 to 420000.00),Q4 (173.00 to 9206.00),Q4 (56.00 to 1283.00),Q3 (20.12 to 29.24),Q4 (16.97 to 121.89)
E01003970,Southwark 016C,Southwark,Q3 (520000.00 to 683000.00),Q1 (2.00 to 79.00),Q1 (0.00 to 24.00),Q4 (29.24 to 59.01),Q2 (5.47 to 9.48)
E01003972,Southwark 016D,Southwark,Q2 (420000.00 to 520000.00),Q3 (114.00 to 173.00),Q3 (38.00 to 56.00),Q3 (20.12 to 29.24),Q3 (9.48 to 16.97)
E01003973,Southwark 016E,Southwark,Q1 (147500.00 to 420000.00),Q4 (173.00 to 9206.00),Q4 (56.00 to 1283.00),Q4 (29.24 to 59.01),Q4 (16.97 to 121.89)
E01003974,Southwark 015E,Southwark,Q1 (147500.00 to 420000.00),Q2 (79.00 to 114.00),Q2 (24.00 to 38.00),Q4 (29.24 to 59.01),Q2 (5.47 to 9.48)
E01003975,Southwark 004A,Southwark,Q1 (147500.00 to 420000.00),Q3 (114.00 to 173.00),Q3 (38.00 to 56.00),Q4 (29.24 to 59.01),Q3 (9.48 to 16.97)
E01003976,Southwark 003A,Southwark,Q2 (420000.00 to 520000.00),Q4 (173.00 to 9206.00),Q4 (56.00 to 1283.00),Q4 (29.24 to 59.01),Q4 (16.97 to 121.89)
E01003977,Southwark 010A,Southwark,Q3 (520000.00 to 683000.00),Q3 (114.00 to 173.00),Q3 (38.00 to 56.00),Q3 (20.12 to 29.24),Q2 (5.47 to 9.48)
E01003978,Southwark 004B,Southwark,Q3 (520000.00 to 683000.00),Q3 (114.00 to 173.00),Q2 (24.00 to 38.00),Q3 (20.12 to 29.24),Q2 (5.47 to 9.48)
E01003979,Southwark 006E,Southwark,Q4 (683000.00 to 6425000.00),Q4 (173.00 to 9206.00),Q4 (56.00 to 1283.00),Q4 (29.24 to 59.01),Q4 (16.97 to 121.89)
E01003980,Southwark 013A,Southwark,Q1 (147500.00 to 420000.00),Q4 (173.00 to 9206.00),Q4 (56.00 to 1283.00),Q4 (29.24 to 59.01),Q3 (9.48 to 16.97)
E01003981,Southwark 006F,Southwark,Q3 (520000.00 to 683000.00),Q4 (173.00 to 9206.00),Q4 (56.00 to 1283.00),Q3 (20.12 to 29.24),Q4 (16.97 to 121.89)
E01003983,Southwark 018A,Southwark,Q1 (147500.00 to 420000.00),Q3 (114.00 to 173.00),Q3 (38.00 to 56.00),Q4 (29.24 to 59.01),Q3 (9.48 to 16.97)
E01003984,Southwark 023A,Southwark,Q4 (683000.00 to 6425000.00),Q4 (173.00 to 9206.00),Q3 (38.00 to 56.00),Q4 (29.24 to 59.01),Q4 (16.97 to 121.89)
E01003986,Southwark 011A,Southwark,Q1 (147500.00 to 420000.00),Q3 (114.00 to 173.00),Q3 (38.00 to 56.00),Q4 (29.24 to 59.01),Q3 (9.48 to 16.97)
E01003987,Southwark 011B,Southwark,Q1 (147500.00 to 420000.00),Q3 (114.00 to 173.00),Q4 (56.00 to 1283.00),Q4 (29.24 to 59.01),Q1 (0.19 to 5.47)
E01003988,Southwark 018B,Southwark,Q2 (420000.00 to 520000.00),Q4 (173.00 to 9206.00),Q4 (56.00 to 1283.00),Q4 (29.24 to 59.01),Q3 (9.48 to 16.97)
E01003989,Southwark 018C,Southwark,Q1 (147500.00 to 420000.00),Q4 (173.00 to 9206.00),Q4 (56.00 to 1283.00),Q3 (20.12 to 29.24),Q3 (9.48 to 16.97)
E01003990,Southwark 018D,Southwark,Q3 (520000.00 to 683000.00),Q3 (114.00 to 173.00),Q4 (56.00 to 1283.00),Q4 (29.24 to 59.01),Q3 (9.48 to 16.97)
E01003991,Southwark 017C,Southwark,Q2 (420000.00 to 520000.00),Q1 (2.00 to 79.00),Q2 (24.00 to 38.00),Q4 (29.24 to 59.01),Q2 (5.47 to 9.48)
E01003992,Southwark 014A,Southwark,Q3 (520000.00 to 683000.00),Q2 (79.00 to 114.00),Q2 (24.00 to 38.00),Q4 (29.24 to 59.01),Q3 (9.48 to 16.97)
E01003993,Southwark 017D,Southwark,Q1 (147500.00 to 420000.00),Q3 (114.00 to 173.00),Q3 (38.00 to 56.00),Q3 (20.12 to 29.24),Q2 (5.47 to 9.48)
E01003994,Southwark 012E,Southwark,Q3 (520000.00 to 683000.00),Q4 (173.00 to 9206.00),Q4 (56.00 to 1283.00),Q4 (29.24 to 59.01),Q4 (16.97 to 121.89)
E01003995,Southwark 014B,Southwark,Q2 (420000.00 to 520000.00),Q2 (79.00 to 114.00),Q2 (24.00 to 38.00),Q4 (29.24 to 59.01),Q4 (16.97 to 121.89)
E01003997,Southwark 017E,Southwark,Q4 (683000.00 to 6425000.00),Q1 (2.00 to 79.00),Q1 (0.00 to 24.00),Q4 (29.24 to 59.01),Q4 (16.97 to 121.89)
E01003998,Southwark 014D,Southwark,Q2 (420000.00 to 520000.00),Q3 (114.00 to 173.00),Q1 (0.00 to 24.00),Q3 (20.12 to 29.24),Q4 (16.97 to 121.89)
E01003999,Southwark 014E,Southwark,Q1 (147500.00 to 420000.00),Q2 (79.00 to 114.00),Q2 (24.00 to 38.00),Q3 (20.12 to 29.24),Q4 (16.97 to 121.89)
E01004000,Southwark 026A,Southwark,Q4 (683000.00 to 6425000.00),Q3 (114.00 to 173.00),Q2 (24.00 to 38.00),Q3 (20.12 to 29.24),Q3 (9.48 to 16.97)
E01004001,Southwark 026B,Southwark,Q3 (520000.00 to 683000.00),Q2 (79.00 to 114.00),Q2 (24.00 to 38.00),Q4 (29.24 to 59.01),Q2 (5.47 to 9.48)
E01004002,Southwark 029A,Southwark,Q4 (683000.00 to 6425000.00),Q2 (79.00 to 114.00),Q1 (0.00 to 24.00),Q2 (12.31 to 20.12),Q2 (5.47 to 9.48)
E01004003,Southwark 023B,Southwark,Q1 (147500.00 to 420000.00),Q3 (114.00 to 173.00),Q3 (38.00 to 56.00),Q4 (29.24 to 59.01),Q4 (16.97 to 121.89)
E01004004,Southwark 023C,Southwark,Q3 (520000.00 to 683000.00),Q4 (173.00 to 9206.00),Q3 (38.00 to 56.00),Q4 (29.24 to 59.01),Q4 (16.97 to 121.89)
E01004005,Southwark 023D,Southwark,Q2 (420000.00 to 520000.00),Q4 (173.00 to 9206.00),Q4 (56.00 to 1283.00),Q4 (29.24 to 59.01),Q4 (16.97 to 121.89)
E01004006,Southwark 023E,Southwark,Q4 (683000.00 to 6425000.00),Q3 (114.00 to 173.00),Q2 (24.00 to 38.00),Q3 (20.12 to 29.24),Q3 (9.48 to 16.97)
E01004007,Southwark 018E,Southwark,Q1 (147500.00 to 420000.00),Q2 (79.00 to 114.00),Q2 (24.00 to 38.00),Q4 (29.24 to 59.01),Q3 (9.48 to 16.97)
E01004008,Southwark 022B,Southwark,Q2 (420000.00 to 520000.00),Q3 (114.00 to 173.00),Q3 (38.00 to 56.00),Q4 (29.24 to 59.01),Q4 (16.97 to 121.89)
E01004010,Southwark 022D,Southwark,Q1 (147500.00 to 420000.00),Q4 (173.00 to 9206.00),Q4 (56.00 to 1283.00),Q4 (29.24 to 59.01),Q4 (16.97 to 121.89)
E01004011,Southwark 019B,Southwark,Q2 (420000.00 to 520000.00),Q3 (114.00 to 173.00),Q3 (38.00 to 56.00),Q4 (29.24 to 59.01),Q3 (9.48 to 16.97)
E01004012,Southwark 019C,Southwark,Q1 (147500.00 to 420000.00),Q3 (114.00 to 173.00),Q4 (56.00 to 1283.00),Q3 (20.12 to 29.24),Q2 (5.47 to 9.48)
E01004013,Southwark 019D,Southwark,Q1 (147500.00 to 420000.00),Q2 (79.00 to 114.00),Q2 (24.00 to 38.00),Q4 (29.24 to 59.01),Q3 (9.48 to 16.97)
E01004014,Southwark 019E,Southwark,Q1 (147500.00 to 420000.00),Q3 (114.00 to 173.00),Q3 (38.00 to 56.00),Q4 (29.24 to 59.01),Q2 (5.47 to 9.48)
E01004015,Southwark 028C,Southwark,Q4 (683000.00 to 6425000.00),Q3 (114.00 to 173.00),Q3 (38.00 to 56.00),Q3 (20.12 to 29.24),Q3 (9.48 to 16.97)
E01004016,Southwark 029B,Southwark,Q3 (520000.00 to 683000.00),Q3 (114.00 to 173.00),Q2 (24.00 to 38.00),Q3 (20.12 to 29.24),Q2 (5.47 to 9.48)
E01004017,Southwark 029C,Southwark,Q4 (683000.00 to 6425000.00),Q1 (2.00 to 79.00),Q1 (0.00 to 24.00),Q2 (12.31 to 20.12),Q2 (5.47 to 9.48)
E01004018,Southwark 032E,Southwark,Q3 (520000.00 to 683000.00),Q1 (2.00 to 79.00),Q1 (0.00 to 24.00),Q1 (2.33 to 12.31),Q2 (5.47 to 9.48)
E01004019,Southwark 026C,Southwark,Q2 (420000.00 to 520000.00),Q3 (114.00 to 173.00),Q2 (24.00 to 38.00),Q3 (20.12 to 29.24),Q3 (9.48 to 16.97)
E01004020,Southwark 029D,Southwark,Q2 (420000.00 to 520000.00),Q3 (114.00 to 173.00),Q3 (38.00 to 56.00),Q3 (20.12 to 29.24),Q1 (0.19 to 5.47)
E01004021,Southwark 028D,Southwark,Q3 (520000.00 to 683000.00),Q4 (173.00 to 9206.00),Q2 (24.00 to 38.00),Q2 (12.31 to 20.12),Q3 (9.48 to 16.97)
E01004022,Southwark 004C,Southwark,Q2 (420000.00 to 520000.00),Q3 (114.00 to 173.00),Q3 (38.00 to 56.00),Q3 (20.12 to 29.24),Q3 (9.48 to 16.97)
E01004023,Southwark 004D,Southwark,Q1 (147500.00 to 420000.00),Q4 (173.00 to 9206.00),Q3 (38.00 to 56.00),Q3 (20.12 to 29.24),Q3 (9.48 to 16.97)
E01004024,Southwark 011C,Southwark,Q1 (147500.00 to 420000.00),Q3 (114.00 to 173.00),Q3 (38.00 to 56.00),Q4 (29.24 to 59.01),Q3 (9.48 to 16.97)
E01004027,Southwark 003E,Southwark,Q3 (520000.00 to 683000.00),Q4 (173.00 to 9206.00),Q3 (38.00 to 56.00),Q2 (12.31 to 20.12),Q4 (16.97 to 121.89)
E01004028,Southwark 004E,Southwark,Q2 (420000.00 to 520000.00),Q4 (173.00 to 9206.00),Q3 (38.00 to 56.00),Q3 (20.12 to 29.24),Q3 (9.48 to 16.97)
E01004029,Southwark 001A,Southwark,Q2 (420000.00 to 520000.00),Q2 (79.00 to 114.00),Q2 (24.00 to 38.00),Q2 (12.31 to 20.12),Q4 (16.97 to 121.89)
E01004030,Southwark 007A,Southwark,Q4 (683000.00 to 6425000.00),Q3 (114.00 to 173.00),Q2 (24.00 to 38.00),Q3 (20.12 to 29.24),Q4 (16.97 to 121.89)
E01004031,Southwark 007B,Southwark,Q2 (420000.00 to 520000.00),Q4 (173.00 to 9206.00),Q4 (56.00 to 1283.00),Q3 (20.12 to 29.24),Q4 (16.97 to 121.89)
E01004032,Southwark 001B,Southwark,Q3 (520000.00 to 683000.00),Q1 (2.00 to 79.00),Q2 (24.00 to 38.00),Q1 (2.33 to 12.31),Q4 (16.97 to 121.89)
E01004033,Southwark 007C,Southwark,Q2 (420000.00 to 520000.00),Q4 (173.00 to 9206.00),Q4 (56.00 to 1283.00),Q3 (20.12 to 29.24),Q4 (16.97 to 121.89)
E01004034,Southwark 007D,Southwark,Q1 (147500.00 to 420000.00),Q3 (114.00 to 173.00),Q3 (38.00 to 56.00),Q3 (20.12 to 29.24),Q4 (16.97 to 121.89)
E01004035,Southwark 011D,Southwark,Q1 (147500.00 to 420000.00),Q3 (114.00 to 173.00),Q3 (38.00 to 56.00),Q4 (29.24 to 59.01),Q4 (16.97 to 121.89)
E01004036,Southwark 007E,Southwark,Q1 (147500.00 to 420000.00),Q4 (173.00 to 9206.00),Q4 (56.00 to 1283.00),Q4 (29.24 to 59.01),Q4 (16.97 to 121.89)
E01004037,Southwark 010B,Southwark,Q1 (147500.00 to 420000.00),Q3 (114.00 to 173.00),Q3 (38.00 to 56.00),Q3 (20.12 to 29.24),Q3 (9.48 to 16.97)
E01004038,Southwark 010C,Southwark,Q1 (147500.00 to 420000.00),Q4 (173.00 to 9206.00),Q4 (56.00 to 1283.00),Q3 (20.12 to 29.24),Q3 (9.48 to 16.97)
E01004039,Southwark 013B,Southwark,Q2 (420000.00 to 520000.00),Q2 (79.00 to 114.00),Q1 (0.00 to 24.00),Q3 (20.12 to 29.24),Q3 (9.48 to 16.97)
E01004040,Southwark 013C,Southwark,Q1 (147500.00 to 420000.00),Q4 (173.00 to 9206.00),Q4 (56.00 to 1283.00),Q4 (29.24 to 59.01),Q4 (16.97 to 121.89)
E01004041,Southwark 013D,Southwark,Q1 (147500.00 to 420000.00),Q2 (79.00 to 114.00),Q1 (0.00 to 24.00),Q3 (20.12 to 29.24),Q3 (9.48 to 16.97)
E01004042,Southwark 010D,Southwark,Q1 (147500.00 to 420000.00),Q4 (173.00 to 9206.00),Q4 (56.00 to 1283.00),Q4 (29.24 to 59.01),Q3 (9.48 to 16.97)
E01004043,Southwark 010E,Southwark,Q3 (520000.00 to 683000.00),Q2 (79.00 to 114.00),Q2 (24.00 to 38.00),Q3 (20.12 to 29.24),Q2 (5.47 to 9.48)
E01004044,Southwark 013E,Southwark,Q1 (147500.00 to 420000.00),Q2 (79.00 to 114.00),Q2 (24.00 to 38.00),Q4 (29.24 to 59.01),Q3 (9.48 to 16.97)
E01004045,Southwark 027A,Southwark,Q1 (147500.00 to 420000.00),Q3 (114.00 to 173.00),Q4 (56.00 to 1283.00),Q3 (20.12 to 29.24),Q3 (9.48 to 16.97)
E01004046,Southwark 028E,Southwark,Q4 (683000.00 to 6425000.00),Q2 (79.00 to 114.00),Q1 (0.00 to 24.00),Q2 (12.31 to 20.12),Q3 (9.48 to 16.97)
E01004047,Southwark 027B,Southwark,Q1 (147500.00 to 420000.00),Q1 (2.00 to 79.00),Q1 (0.00 to 24.00),Q3 (20.12 to 29.24),Q3 (9.48 to 16.97)
E01004048,Southwark 027C,Southwark,Q4 (683000.00 to 6425000.00),Q3 (114.00 to 173.00),Q2 (24.00 to 38.00),Q3 (20.12 to 29.24),Q3 (9.48 to 16.97)
E01004049,Southwark 027D,Southwark,Q2 (420000.00 to 520000.00),Q1 (2.00 to 79.00),Q1 (0.00 to 24.00),Q2 (12.31 to 20.12),Q4 (16.97 to 121.89)
E01004050,Southwark 024D,Southwark,Q2 (420000.00 to 520000.00),Q1 (2.00 to 79.00),Q1 (0.00 to 24.00),Q2 (12.31 to 20.12),Q3 (9.48 to 16.97)
E01004051,Southwark 027E,Southwark,Q2 (420000.00 to 520000.00),Q1 (2.00 to 79.00),Q1 (0.00 to 24.00),Q1 (2.33 to 12.31),Q4 (16.97 to 121.89)
E01004052,Southwark 024E,Southwark,Q3 (520000.00 to 683000.00),Q3 (114.00 to 173.00),Q2 (24.00 to 38.00),Q2 (12.31 to 20.12),Q3 (9.48 to 16.97)
E01004053,Southwark 001C,Southwark,Q3 (520000.00 to 683000.00),Q2 (79.00 to 114.00),Q1 (0.00 to 24.00),Q1 (2.33 to 12.31),Q3 (9.48 to 16.97)
E01004054,Southwark 001D,Southwark,Q2 (420000.00 to 520000.00),Q2 (79.00 to 114.00),Q1 (0.00 to 24.00),Q1 (2.33 to 12.31),Q1 (0.19 to 5.47)
E01004055,Southwark 001E,Southwark,Q4 (683000.00 to 6425000.00),Q2 (79.00 to 114.00),Q3 (38.00 to 56.00),Q4 (29.24 to 59.01),Q1 (0.19 to 5.47)
E01004056,Southwark 008A,Southwark,Q3 (520000.00 to 683000.00),Q3 (114.00 to 173.00),Q3 (38.00 to 56.00),Q2 (12.31 to 20.12),Q1 (0.19 to 5.47)
E01004057,Southwark 008B,Southwark,Q3 (520000.00 to 683000.00),Q2 (79.00 to 114.00),Q2 (24.00 to 38.00),Q3 (20.12 to 29.24),Q2 (5.47 to 9.48)
E01004058,Southwark 008C,Southwark,Q2 (420000.00 to 520000.00),Q2 (79.00 to 114.00),Q1 (0.00 to 24.00),Q1 (2.33 to 12.31),Q1 (0.19 to 5.47)
E01004059,Southwark 008D,Southwark,Q2 (420000.00 to 520000.00),Q4 (173.00 to 9206.00),Q2 (24.00 to 38.00),Q2 (12.31 to 20.12),Q4 (16.97 to 121.89)
E01004060,Southwark 008E,Southwark,Q2 (420000.00 to 520000.00),Q3 (114.00 to 173.00),Q3 (38.00 to 56.00),Q4 (29.24 to 59.01),Q4 (16.97 to 121.89)
E01004061,Southwark 025A,Southwark,Q3 (520000.00 to 683000.00),Q4 (173.00 to 9206.00),Q2 (24.00 to 38.00),Q3 (20.12 to 29.24),Q4 (16.97 to 121.89)
E01004062,Southwark 025B,Southwark,Q2 (420000.00 to 520000.00),Q4 (173.00 to 9206.00),Q4 (56.00 to 1283.00),Q4 (29.24 to 59.01),Q4 (16.97 to 121.89)
E01004063,Southwark 025C,Southwark,Q4 (683000.00 to 6425000.00),Q4 (173.00 to 9206.00),Q3 (38.00 to 56.00),Q3 (20.12 to 29.24),Q4 (16.97 to 121.89)
E01004064,Southwark 026D,Southwark,Q2 (420000.00 to 520000.00),Q3 (114.00 to 173.00),Q3 (38.00 to 56.00),Q4 (29.24 to 59.01),Q4 (16.97 to 121.89)
E01004065,Southwark 025D,Southwark,Q3 (520000.00 to 683000.00),Q2 (79.00 to 114.00),Q2 (24.00 to 38.00),Q2 (12.31 to 20.12),Q4 (16.97 to 121.89)
E01004066,Southwark 025E,Southwark,Q4 (683000.00 to 6425000.00),Q3 (114.00 to 173.00),Q3 (38.00 to 56.00),Q3 (20.12 to 29.24),Q4 (16.97 to 121.89)
E01004067,Southwark 022E,Southwark,Q2 (420000.00 to 520000.00),Q4 (173.00 to 9206.00),Q4 (56.00 to 1283.00),Q4 (29.24 to 59.01),Q4 (16.97 to 121.89)
E01004068,Southwark 026E,Southwark,Q3 (520000.00 to 683000.00),Q4 (173.00 to 9206.00),Q4 (56.00 to 1283.00),Q4 (29.24 to 59.01),Q4 (16.97 to 121.89)
E01004069,Southwark 031A,Southwark,Q4 (683000.00 to 6425000.00),Q3 (114.00 to 173.00),Q1 (0.00 to 24.00),Q1 (2.33 to 12.31),Q2 (5.47 to 9.48)
E01004070,Southwark 031B,Southwark,Q4 (683000.00 to 6425000.00),Q3 (114.00 to 173.00),Q1 (0.00 to 24.00),Q2 (12.31 to 20.12),Q3 (9.48 to 16.97)
E01004071,Southwark 030D,Southwark,Q3 (520000.00 to 683000.00),Q2 (79.00 to 114.00),Q1 (0.00 to 24.00),Q2 (12.31 to 20.12),Q3 (9.48 to 16.97)
E01004072,Southwark 030E,Southwark,Q4 (683000.00 to 6425000.00),Q2 (79.00 to 114.00),Q1 (0.00 to 24.00),Q1 (2.33 to 12.31),Q3 (9.48 to 16.97)
E01004073,Southwark 031C,Southwark,Q4 (683000.00 to 6425000.00),Q1 (2.00 to 79.00),Q1 (0.00 to 24.00),Q1 (2.33 to 12.31),Q4 (16.97 to 121.89)
E01004074,Southwark 031D,Southwark,Q4 (683000.00 to 6425000.00),Q3 (114.00 to 173.00),Q1 (0.00 to 24.00),Q1 (2.33 to 12.31),Q4 (16.97 to 121.89)
E01004075,Southwark 031E,Southwark,Q4 (683000.00 to 6425000.00),Q3 (114.00 to 173.00),Q1 (0.00 to 24.00),Q1 (2.33 to 12.31),Q2 (5.47 to 9.48)
E01004076,Sutton 011A,Sutton,Q1 (147500.00 to 420000.00),Q4 (173.00 to 9206.00),Q4 (56.00 to 1283.00),Q2 (12.31 to 20.12),Q1 (0.19 to 5.47)
E01004077,Sutton 011B,Sutton,Q3 (520000.00 to 683000.00),Q2 (79.00 to 114.00),Q2 (24.00 to 38.00),Q2 (12.31 to 20.12),Q2 (5.47 to 9.48)
E01004078,Sutton 011C,Sutton,Q1 (147500.00 to 420000.00),Q3 (114.00 to 173.00),Q3 (38.00 to 56.00),Q2 (12.31 to 20.12),Q1 (0.19 to 5.47)
E01004079,Sutton 011D,Sutton,Q3 (520000.00 to 683000.00),Q1 (2.00 to 79.00),Q1 (0.00 to 24.00),Q1 (2.33 to 12.31),Q1 (0.19 to 5.47)
E01004080,Sutton 011E,Sutton,Q3 (520000.00 to 683000.00),Q1 (2.00 to 79.00),Q1 (0.00 to 24.00),Q1 (2.33 to 12.31),Q2 (5.47 to 9.48)
E01004081,Sutton 011F,Sutton,Q2 (420000.00 to 520000.00),Q2 (79.00 to 114.00),Q2 (24.00 to 38.00),Q2 (12.31 to 20.12),Q1 (0.19 to 5.47)
E01004082,Sutton 011G,Sutton,Q2 (420000.00 to 520000.00),Q1 (2.00 to 79.00),Q1 (0.00 to 24.00),Q1 (2.33 to 12.31),Q2 (5.47 to 9.48)
E01004083,Sutton 019A,Sutton,Q1 (147500.00 to 420000.00),Q2 (79.00 to 114.00),Q3 (38.00 to 56.00),Q4 (29.24 to 59.01),Q1 (0.19 to 5.47)
E01004084,Sutton 024A,Sutton,Q4 (683000.00 to 6425000.00),Q1 (2.00 to 79.00),Q1 (0.00 to 24.00),Q1 (2.33 to 12.31),Q1 (0.19 to 5.47)
E01004085,Sutton 024B,Sutton,Q4 (683000.00 to 6425000.00),Q1 (2.00 to 79.00),Q1 (0.00 to 24.00),Q1 (2.33 to 12.31),Q1 (0.19 to 5.47)
E01004086,Sutton 019B,Sutton,Q1 (147500.00 to 420000.00),Q3 (114.00 to 173.00),Q3 (38.00 to 56.00),Q2 (12.31 to 20.12),Q2 (5.47 to 9.48)
E01004087,Sutton 017A,Sutton,Q4 (683000.00 to 6425000.00),Q1 (2.00 to 79.00),Q1 (0.00 to 24.00),Q1 (2.33 to 12.31),Q1 (0.19 to 5.47)
E01004089,Sutton 019D,Sutton,Q1 (147500.00 to 420000.00),Q3 (114.00 to 173.00),Q3 (38.00 to 56.00),Q4 (29.24 to 59.01),Q1 (0.19 to 5.47)
E01004090,Sutton 021A,Sutton,Q1 (147500.00 to 420000.00),Q2 (79.00 to 114.00),Q3 (38.00 to 56.00),Q4 (29.24 to 59.01),Q2 (5.47 to 9.48)
E01004091,Sutton 022A,Sutton,Q4 (683000.00 to 6425000.00),Q1 (2.00 to 79.00),Q1 (0.00 to 24.00),Q1 (2.33 to 12.31),Q1 (0.19 to 5.47)
E01004092,Sutton 022B,Sutton,Q4 (683000.00 to 6425000.00),Q1 (2.00 to 79.00),Q1 (0.00 to 24.00),Q1 (2.33 to 12.31),Q1 (0.19 to 5.47)
E01004093,Sutton 025A,Sutton,Q4 (683000.00 to 6425000.00),Q1 (2.00 to 79.00),Q1 (0.00 to 24.00),Q1 (2.33 to 12.31),Q1 (0.19 to 5.47)
E01004094,Sutton 025B,Sutton,Q1 (147500.00 to 420000.00),Q1 (2.00 to 79.00),Q2 (24.00 to 38.00),Q1 (2.33 to 12.31),Q2 (5.47 to 9.48)
E01004095,Sutton 025C,Sutton,Q2 (420000.00 to 520000.00),Q1 (2.00 to 79.00),Q1 (0.00 to 24.00),Q1 (2.33 to 12.31),Q1 (0.19 to 5.47)
E01004096,Sutton 021B,Sutton,Q1 (147500.00 to 420000.00),Q1 (2.00 to 79.00),Q1 (0.00 to 24.00),Q2 (12.31 to 20.12),Q2 (5.47 to 9.48)
E01004097,Sutton 015A,Sutton,Q3 (520000.00 to 683000.00),Q1 (2.00 to 79.00),Q1 (0.00 to 24.00),Q1 (2.33 to 12.31),Q2 (5.47 to 9.48)
E01004098,Sutton 015B,Sutton,Q3 (520000.00 to 683000.00),Q1 (2.00 to 79.00),Q1 (0.00 to 24.00),Q1 (2.33 to 12.31),Q2 (5.47 to 9.48)
E01004099,Sutton 015C,Sutton,Q1 (147500.00 to 420000.00),Q3 (114.00 to 173.00),Q3 (38.00 to 56.00),Q3 (20.12 to 29.24),Q3 (9.48 to 16.97)
E01004100,Sutton 015D,Sutton,Q3 (520000.00 to 683000.00),Q2 (79.00 to 114.00),Q3 (38.00 to 56.00),Q1 (2.33 to 12.31),Q2 (5.47 to 9.48)
E01004101,Sutton 013A,Sutton,Q3 (520000.00 to 683000.00),Q1 (2.00 to 79.00),Q1 (0.00 to 24.00),Q1 (2.33 to 12.31),Q2 (5.47 to 9.48)
E01004102,Sutton 015E,Sutton,Q3 (520000.00 to 683000.00),Q2 (79.00 to 114.00),Q2 (24.00 to 38.00),Q1 (2.33 to 12.31),Q3 (9.48 to 16.97)
E01004103,Sutton 013B,Sutton,Q1 (147500.00 to 420000.00),Q2 (79.00 to 114.00),Q2 (24.00 to 38.00),Q1 (2.33 to 12.31),Q2 (5.47 to 9.48)
E01004104,Sutton 020A,Sutton,Q4 (683000.00 to 6425000.00),Q1 (2.00 to 79.00),Q1 (0.00 to 24.00),Q1 (2.33 to 12.31),Q2 (5.47 to 9.48)
E01004105,Sutton 022C,Sutton,Q4 (683000.00 to 6425000.00),Q1 (2.00 to 79.00),Q1 (0.00 to 24.00),Q1 (2.33 to 12.31),Q2 (5.47 to 9.48)
E01004106,Sutton 022D,Sutton,Q4 (683000.00 to 6425000.00),Q1 (2.00 to 79.00),Q1 (0.00 to 24.00),Q1 (2.33 to 12.31),Q1 (0.19 to 5.47)
E01004107,Sutton 020B,Sutton,Q2 (420000.00 to 520000.00),Q1 (2.00 to 79.00),Q2 (24.00 to 38.00),Q2 (12.31 to 20.12),Q1 (0.19 to 5.47)
E01004108,Sutton 024C,Sutton,Q3 (520000.00 to 683000.00),Q2 (79.00 to 114.00),Q2 (24.00 to 38.00),Q2 (12.31 to 20.12),Q1 (0.19 to 5.47)
E01004109,Sutton 024D,Sutton,Q3 (520000.00 to 683000.00),Q1 (2.00 to 79.00),Q1 (0.00 to 24.00),Q2 (12.31 to 20.12),Q1 (0.19 to 5.47)
E01004110,Sutton 016A,Sutton,Q2 (420000.00 to 520000.00),Q3 (114.00 to 173.00),Q3 (38.00 to 56.00),Q1 (2.33 to 12.31),Q3 (9.48 to 16.97)
E01004111,Sutton 016B,Sutton,Q3 (520000.00 to 683000.00),Q1 (2.00 to 79.00),Q1 (0.00 to 24.00),Q1 (2.33 to 12.31),Q2 (5.47 to 9.48)
E01004112,Sutton 016C,Sutton,Q4 (683000.00 to 6425000.00),Q1 (2.00 to 79.00),Q1 (0.00 to 24.00),Q1 (2.33 to 12.31),Q2 (5.47 to 9.48)
E01004114,Sutton 025D,Sutton,Q4 (683000.00 to 6425000.00),Q1 (2.00 to 79.00),Q1 (0.00 to 24.00),Q1 (2.33 to 12.31),Q1 (0.19 to 5.47)
E01004115,Sutton 009A,Sutton,Q2 (420000.00 to 520000.00),Q1 (2.00 to 79.00),Q1 (0.00 to 24.00),Q1 (2.33 to 12.31),Q1 (0.19 to 5.47)
E01004116,Sutton 008A,Sutton,Q3 (520000.00 to 683000.00),Q1 (2.00 to 79.00),Q1 (0.00 to 24.00),Q1 (2.33 to 12.31),Q1 (0.19 to 5.47)
E01004117,Sutton 006A,Sutton,Q3 (520000.00 to 683000.00),Q1 (2.00 to 79.00),Q1 (0.00 to 24.00),Q1 (2.33 to 12.31),Q1 (0.19 to 5.47)
E01004118,Sutton 009B,Sutton,Q1 (147500.00 to 420000.00),Q4 (173.00 to 9206.00),Q4 (56.00 to 1283.00),Q1 (2.33 to 12.31),Q2 (5.47 to 9.48)
E01004119,Sutton 009C,Sutton,Q3 (520000.00 to 683000.00),Q2 (79.00 to 114.00),Q1 (0.00 to 24.00),Q1 (2.33 to 12.31),Q2 (5.47 to 9.48)
E01004120,Sutton 016D,Sutton,Q4 (683000.00 to 6425000.00),Q1 (2.00 to 79.00),Q1 (0.00 to 24.00),Q1 (2.33 to 12.31),Q1 (0.19 to 5.47)
E01004121,Sutton 006B,Sutton,Q3 (520000.00 to 683000.00),Q2 (79.00 to 114.00),Q2 (24.00 to 38.00),Q1 (2.33 to 12.31),Q2 (5.47 to 9.48)
E01004122,Sutton 008B,Sutton,Q3 (520000.00 to 683000.00),Q1 (2.00 to 79.00),Q1 (0.00 to 24.00),Q1 (2.33 to 12.31),Q1 (0.19 to 5.47)
E01004123,Sutton 002A,Sutton,Q1 (147500.00 to 420000.00),Q4 (173.00 to 9206.00),Q4 (56.00 to 1283.00),Q3 (20.12 to 29.24),Q2 (5.47 to 9.48)
E01004124,Sutton 002B,Sutton,Q2 (420000.00 to 520000.00),Q2 (79.00 to 114.00),Q2 (24.00 to 38.00),Q3 (20.12 to 29.24),Q1 (0.19 to 5.47)
E01004125,Sutton 001A,Sutton,Q1 (147500.00 to 420000.00),Q3 (114.00 to 173.00),Q3 (38.00 to 56.00),Q4 (29.24 to 59.01),Q2 (5.47 to 9.48)
E01004126,Sutton 002C,Sutton,Q1 (147500.00 to 420000.00),Q2 (79.00 to 114.00),Q2 (24.00 to 38.00),Q4 (29.24 to 59.01),Q2 (5.47 to 9.48)
E01004127,Sutton 005A,Sutton,Q2 (420000.00 to 520000.00),Q2 (79.00 to 114.00),Q3 (38.00 to 56.00),Q2 (12.31 to 20.12),Q2 (5.47 to 9.48)
E01004128,Sutton 002D,Sutton,Q2 (420000.00 to 520000.00),Q4 (173.00 to 9206.00),Q4 (56.00 to 1283.00),Q3 (20.12 to 29.24),Q2 (5.47 to 9.48)
E01004129,Sutton 002E,Sutton,Q1 (147500.00 to 420000.00),Q3 (114.00 to 173.00),Q3 (38.00 to 56.00),Q4 (29.24 to 59.01),Q2 (5.47 to 9.48)
E01004130,Sutton 003A,Sutton,Q2 (420000.00 to 520000.00),Q4 (173.00 to 9206.00),Q3 (38.00 to 56.00),Q1 (2.33 to 12.31),Q1 (0.19 to 5.47)
E01004131,Sutton 003B,Sutton,Q3 (520000.00 to 683000.00),Q1 (2.00 to 79.00),Q2 (24.00 to 38.00),Q1 (2.33 to 12.31),Q2 (5.47 to 9.48)
E01004132,Sutton 009D,Sutton,Q3 (520000.00 to 683000.00),Q1 (2.00 to 79.00),Q1 (0.00 to 24.00),Q1 (2.33 to 12.31),Q1 (0.19 to 5.47)
E01004133,Sutton 009E,Sutton,Q3 (520000.00 to 683000.00),Q1 (2.00 to 79.00),Q1 (0.00 to 24.00),Q1 (2.33 to 12.31),Q1 (0.19 to 5.47)
E01004134,Sutton 003C,Sutton,Q3 (520000.00 to 683000.00),Q1 (2.00 to 79.00),Q1 (0.00 to 24.00),Q1 (2.33 to 12.31),Q2 (5.47 to 9.48)
E01004135,Sutton 003D,Sutton,Q3 (520000.00 to 683000.00),Q1 (2.00 to 79.00),Q1 (0.00 to 24.00),Q1 (2.33 to 12.31),Q1 (0.19 to 5.47)
E01004136,Sutton 003E,Sutton,Q3 (520000.00 to 683000.00),Q1 (2.00 to 79.00),Q1 (0.00 to 24.00),Q1 (2.33 to 12.31),Q1 (0.19 to 5.47)
E01004137,Sutton 012A,Sutton,Q1 (147500.00 to 420000.00),Q4 (173.00 to 9206.00),Q4 (56.00 to 1283.00),Q2 (12.31 to 20.12),Q4 (16.97 to 121.89)
E01004138,Sutton 013C,Sutton,Q2 (420000.00 to 520000.00),Q1 (2.00 to 79.00),Q1 (0.00 to 24.00),Q2 (12.31 to 20.12),Q2 (5.47 to 9.48)
E01004139,Sutton 013D,Sutton,Q1 (147500.00 to 420000.00),Q2 (79.00 to 114.00),Q3 (38.00 to 56.00),Q1 (2.33 to 12.31),Q3 (9.48 to 16.97)
E01004140,Sutton 012B,Sutton,Q1 (147500.00 to 420000.00),Q3 (114.00 to 173.00),Q4 (56.00 to 1283.00),Q4 (29.24 to 59.01),Q4 (16.97 to 121.89)
E01004141,Sutton 012C,Sutton,Q1 (147500.00 to 420000.00),Q2 (79.00 to 114.00),Q3 (38.00 to 56.00),Q3 (20.12 to 29.24),Q2 (5.47 to 9.48)
E01004142,Sutton 012D,Sutton,Q1 (147500.00 to 420000.00),Q4 (173.00 to 9206.00),Q4 (56.00 to 1283.00),Q3 (20.12 to 29.24),Q4 (16.97 to 121.89)
E01004143,Sutton 014A,Sutton,Q2 (420000.00 to 520000.00),Q1 (2.00 to 79.00),Q2 (24.00 to 38.00),Q1 (2.33 to 12.31),Q3 (9.48 to 16.97)
E01004144,Sutton 007A,Sutton,Q3 (520000.00 to 683000.00),Q2 (79.00 to 114.00),Q1 (0.00 to 24.00),Q1 (2.33 to 12.31),Q3 (9.48 to 16.97)
E01004145,Sutton 007B,Sutton,Q2 (420000.00 to 520000.00),Q2 (79.00 to 114.00),Q2 (24.00 to 38.00),Q1 (2.33 to 12.31),Q2 (5.47 to 9.48)
E01004146,Sutton 007C,Sutton,Q2 (420000.00 to 520000.00),Q2 (79.00 to 114.00),Q3 (38.00 to 56.00),Q2 (12.31 to 20.12),Q3 (9.48 to 16.97)
E01004147,Sutton 007D,Sutton,Q3 (520000.00 to 683000.00),Q1 (2.00 to 79.00),Q1 (0.00 to 24.00),Q1 (2.33 to 12.31),Q1 (0.19 to 5.47)
E01004148,Sutton 014B,Sutton,Q2 (420000.00 to 520000.00),Q2 (79.00 to 114.00),Q3 (38.00 to 56.00),Q3 (20.12 to 29.24),Q2 (5.47 to 9.48)
E01004149,Sutton 012E,Sutton,Q3 (520000.00 to 683000.00),Q1 (2.00 to 79.00),Q1 (0.00 to 24.00),Q1 (2.33 to 12.31),Q3 (9.48 to 16.97)
E01004150,Sutton 021C,Sutton,Q1 (147500.00 to 420000.00),Q2 (79.00 to 114.00),Q3 (38.00 to 56.00),Q3 (20.12 to 29.24),Q4 (16.97 to 121.89)
E01004151,Sutton 021D,Sutton,Q1 (147500.00 to 420000.00),Q1 (2.00 to 79.00),Q2 (24.00 to 38.00),Q2 (12.31 to 20.12),Q2 (5.47 to 9.48)
E01004152,Sutton 018A,Sutton,Q1 (147500.00 to 420000.00),Q2 (79.00 to 114.00),Q2 (24.00 to 38.00),Q2 (12.31 to 20.12),Q4 (16.97 to 121.89)
E01004153,Sutton 021E,Sutton,Q1 (147500.00 to 420000.00),Q1 (2.00 to 79.00),Q1 (0.00 to 24.00),Q2 (12.31 to 20.12),Q3 (9.48 to 16.97)
E01004154,Sutton 022E,Sutton,Q4 (683000.00 to 6425000.00),Q1 (2.00 to 79.00),Q1 (0.00 to 24.00),Q1 (2.33 to 12.31),Q1 (0.19 to 5.47)
E01004155,Sutton 018B,Sutton,Q1 (147500.00 to 420000.00),Q2 (79.00 to 114.00),Q3 (38.00 to 56.00),Q1 (2.33 to 12.31),Q3 (9.48 to 16.97)
E01004156,Sutton 018C,Sutton,Q1 (147500.00 to 420000.00),Q3 (114.00 to 173.00),Q2 (24.00 to 38.00),Q1 (2.33 to 12.31),Q4 (16.97 to 121.89)
E01004157,Sutton 016E,Sutton,Q4 (683000.00 to 6425000.00),Q1 (2.00 to 79.00),Q1 (0.00 to 24.00),Q1 (2.33 to 12.31),Q3 (9.48 to 16.97)
E01004158,Sutton 018D,Sutton,Q1 (147500.00 to 420000.00),Q1 (2.00 to 79.00),Q2 (24.00 to 38.00),Q1 (2.33 to 12.31),Q3 (9.48 to 16.97)
E01004159,Sutton 014C,Sutton,Q2 (420000.00 to 520000.00),Q2 (79.00 to 114.00),Q2 (24.00 to 38.00),Q2 (12.31 to 20.12),Q2 (5.47 to 9.48)
E01004160,Sutton 014D,Sutton,Q2 (420000.00 to 520000.00),Q1 (2.00 to 79.00),Q1 (0.00 to 24.00),Q1 (2.33 to 12.31),Q2 (5.47 to 9.48)
E01004161,Sutton 014E,Sutton,Q2 (420000.00 to 520000.00),Q1 (2.00 to 79.00),Q1 (0.00 to 24.00),Q1 (2.33 to 12.31),Q2 (5.47 to 9.48)
E01004162,Sutton 018E,Sutton,Q1 (147500.00 to 420000.00),Q1 (2.00 to 79.00),Q1 (0.00 to 24.00),Q1 (2.33 to 12.31),Q4 (16.97 to 121.89)
E01004163,Sutton 005B,Sutton,Q2 (420000.00 to 520000.00),Q2 (79.00 to 114.00),Q2 (24.00 to 38.00),Q2 (12.31 to 20.12),Q1 (0.19 to 5.47)
E01004164,Sutton 004A,Sutton,Q1 (147500.00 to 420000.00),Q2 (79.00 to 114.00),Q2 (24.00 to 38.00),Q1 (2.33 to 12.31),Q2 (5.47 to 9.48)
E01004165,Sutton 005C,Sutton,Q1 (147500.00 to 420000.00),Q3 (114.00 to 173.00),Q4 (56.00 to 1283.00),Q2 (12.31 to 20.12),Q3 (9.48 to 16.97)
E01004166,Sutton 004B,Sutton,Q2 (420000.00 to 520000.00),Q1 (2.00 to 79.00),Q1 (0.00 to 24.00),Q1 (2.33 to 12.31),Q2 (5.47 to 9.48)
E01004167,Sutton 005D,Sutton,Q2 (420000.00 to 520000.00),Q4 (173.00 to 9206.00),Q4 (56.00 to 1283.00),Q4 (29.24 to 59.01),Q1 (0.19 to 5.47)
E01004168,Sutton 013E,Sutton,Q3 (520000.00 to 683000.00),Q1 (2.00 to 79.00),Q1 (0.00 to 24.00),Q1 (2.33 to 12.31),Q1 (0.19 to 5.47)
E01004169,Sutton 004C,Sutton,Q1 (147500.00 to 420000.00),Q2 (79.00 to 114.00),Q3 (38.00 to 56.00),Q3 (20.12 to 29.24),Q1 (0.19 to 5.47)
E01004170,Sutton 017B,Sutton,Q1 (147500.00 to 420000.00),Q3 (114.00 to 173.00),Q3 (38.00 to 56.00),Q1 (2.33 to 12.31),Q3 (9.48 to 16.97)
E01004171,Sutton 010A,Sutton,Q3 (520000.00 to 683000.00),Q2 (79.00 to 114.00),Q2 (24.00 to 38.00),Q1 (2.33 to 12.31),Q2 (5.47 to 9.48)
E01004172,Sutton 010B,Sutton,Q1 (147500.00 to 420000.00),Q3 (114.00 to 173.00),Q4 (56.00 to 1283.00),Q3 (20.12 to 29.24),Q3 (9.48 to 16.97)
E01004173,Sutton 010C,Sutton,Q2 (420000.00 to 520000.00),Q1 (2.00 to 79.00),Q1 (0.00 to 24.00),Q2 (12.31 to 20.12),Q1 (0.19 to 5.47)
E01004174,Sutton 017C,Sutton,Q1 (147500.00 to 420000.00),Q2 (79.00 to 114.00),Q2 (24.00 to 38.00),Q2 (12.31 to 20.12),Q3 (9.48 to 16.97)
E01004175,Sutton 010D,Sutton,Q2 (420000.00 to 520000.00),Q2 (79.00 to 114.00),Q2 (24.00 to 38.00),Q1 (2.33 to 12.31),Q1 (0.19 to 5.47)
E01004176,Sutton 010E,Sutton,Q2 (420000.00 to 520000.00),Q3 (114.00 to 173.00),Q2 (24.00 to 38.00),Q1 (2.33 to 12.31),Q2 (5.47 to 9.48)
E01004177,Sutton 020C,Sutton,Q1 (147500.00 to 420000.00),Q2 (79.00 to 114.00),Q2 (24.00 to 38.00),Q2 (12.31 to 20.12),Q3 (9.48 to 16.97)
E01004178,Sutton 017D,Sutton,Q1 (147500.00 to 420000.00),Q4 (173.00 to 9206.00),Q4 (56.00 to 1283.00),Q2 (12.31 to 20.12),Q3 (9.48 to 16.97)
E01004179,Sutton 017E,Sutton,Q4 (683000.00 to 6425000.00),Q1 (2.00 to 79.00),Q1 (0.00 to 24.00),Q1 (2.33 to 12.31),Q2 (5.47 to 9.48)
E01004180,Sutton 020D,Sutton,Q4 (683000.00 to 6425000.00),Q1 (2.00 to 79.00),Q2 (24.00 to 38.00),Q1 (2.33 to 12.31),Q1 (0.19 to 5.47)
E01004181,Sutton 020E,Sutton,Q1 (147500.00 to 420000.00),Q1 (2.00 to 79.00),Q2 (24.00 to 38.00),Q2 (12.31 to 20.12),Q1 (0.19 to 5.47)
E01004182,Sutton 019E,Sutton,Q2 (420000.00 to 520000.00),Q3 (114.00 to 173.00),Q3 (38.00 to 56.00),Q3 (20.12 to 29.24),Q2 (5.47 to 9.48)
E01004183,Sutton 001B,Sutton,Q1 (147500.00 to 420000.00),Q3 (114.00 to 173.00),Q4 (56.00 to 1283.00),Q3 (20.12 to 29.24),Q2 (5.47 to 9.48)
E01004184,Sutton 001C,Sutton,Q1 (147500.00 to 420000.00),Q3 (114.00 to 173.00),Q4 (56.00 to 1283.00),Q4 (29.24 to 59.01),Q1 (0.19 to 5.47)
E01004185,Sutton 001D,Sutton,Q1 (147500.00 to 420000.00),Q3 (114.00 to 173.00),Q3 (38.00 to 56.00),Q4 (29.24 to 59.01),Q1 (0.19 to 5.47)
E01004186,Sutton 004D,Sutton,Q1 (147500.00 to 420000.00),Q2 (79.00 to 114.00),Q2 (24.00 to 38.00),Q2 (12.31 to 20.12),Q2 (5.47 to 9.48)
E01004187,Sutton 005E,Sutton,Q2 (420000.00 to 520000.00),Q2 (79.00 to 114.00),Q2 (24.00 to 38.00),Q3 (20.12 to 29.24),Q1 (0.19 to 5.47)
E01004188,Sutton 004E,Sutton,Q1 (147500.00 to 420000.00),Q1 (2.00 to 79.00),Q2 (24.00 to 38.00),Q2 (12.31 to 20.12),Q2 (5.47 to 9.48)
E01004189,Sutton 001E,Sutton,Q1 (147500.00 to 420000.00),Q3 (114.00 to 173.00),Q3 (38.00 to 56.00),Q3 (20.12 to 29.24),Q1 (0.19 to 5.47)
E01004190,Sutton 008C,Sutton,Q3 (520000.00 to 683000.00),Q1 (2.00 to 79.00),Q1 (0.00 to 24.00),Q1 (2.33 to 12.31),Q2 (5.47 to 9.48)
E01004191,Sutton 008D,Sutton,Q2 (420000.00 to 520000.00),Q2 (79.00 to 114.00),Q2 (24.00 to 38.00),Q1 (2.33 to 12.31),Q2 (5.47 to 9.48)
E01004192,Sutton 006C,Sutton,Q2 (420000.00 to 520000.00),Q1 (2.00 to 79.00),Q1 (0.00 to 24.00),Q1 (2.33 to 12.31),Q1 (0.19 to 5.47)
E01004193,Sutton 006D,Sutton,Q2 (420000.00 to 520000.00),Q2 (79.00 to 114.00),Q2 (24.00 to 38.00),Q2 (12.31 to 20.12),Q1 (0.19 to 5.47)
E01004194,Sutton 008E,Sutton,Q2 (420000.00 to 520000.00),Q1 (2.00 to 79.00),Q2 (24.00 to 38.00),Q1 (2.33 to 12.31),Q1 (0.19 to 5.47)
E01004195,Sutton 006E,Sutton,Q3 (520000.00 to 683000.00),Q2 (79.00 to 114.00),Q1 (0.00 to 24.00),Q1 (2.33 to 12.31),Q2 (5.47 to 9.48)
E01004196,Sutton 008F,Sutton,Q3 (520000.00 to 683000.00),Q1 (2.00 to 79.00),Q1 (0.00 to 24.00),Q1 (2.33 to 12.31),Q1 (0.19 to 5.47)
E01004197,Tower Hamlets 002A,Tower Hamlets,Q1 (147500.00 to 420000.00),Q4 (173.00 to 9206.00),Q4 (56.00 to 1283.00),Q3 (20.12 to 29.24),Q4 (16.97 to 121.89)
E01004198,Tower Hamlets 002B,Tower Hamlets,Q2 (420000.00 to 520000.00),Q4 (173.00 to 9206.00),Q3 (38.00 to 56.00),Q4 (29.24 to 59.01),Q4 (16.97 to 121.89)
E01004199,Tower Hamlets 002C,Tower Hamlets,Q2 (420000.00 to 520000.00),Q3 (114.00 to 173.00),Q3 (38.00 to 56.00),Q4 (29.24 to 59.01),Q4 (16.97 to 121.89)
E01004200,Tower Hamlets 005A,Tower Hamlets,Q3 (520000.00 to 683000.00),Q3 (114.00 to 173.00),Q2 (24.00 to 38.00),Q3 (20.12 to 29.24),Q4 (16.97 to 121.89)
E01004201,Tower Hamlets 002D,Tower Hamlets,Q3 (520000.00 to 683000.00),Q3 (114.00 to 173.00),Q2 (24.00 to 38.00),Q3 (20.12 to 29.24),Q4 (16.97 to 121.89)
E01004202,Tower Hamlets 005B,Tower Hamlets,Q3 (520000.00 to 683000.00),Q4 (173.00 to 9206.00),Q4 (56.00 to 1283.00),Q3 (20.12 to 29.24),Q4 (16.97 to 121.89)
E01004203,Tower Hamlets 005C,Tower Hamlets,Q2 (420000.00 to 520000.00),Q4 (173.00 to 9206.00),Q4 (56.00 to 1283.00),Q3 (20.12 to 29.24),Q4 (16.97 to 121.89)
E01004204,Tower Hamlets 005D,Tower Hamlets,Q3 (520000.00 to 683000.00),Q3 (114.00 to 173.00),Q2 (24.00 to 38.00),Q4 (29.24 to 59.01),Q4 (16.97 to 121.89)
E01004205,Tower Hamlets 013A,Tower Hamlets,Q2 (420000.00 to 520000.00),Q4 (173.00 to 9206.00),Q4 (56.00 to 1283.00),Q4 (29.24 to 59.01),Q4 (16.97 to 121.89)
E01004206,Tower Hamlets 013B,Tower Hamlets,Q1 (147500.00 to 420000.00),Q3 (114.00 to 173.00),Q4 (56.00 to 1283.00),Q4 (29.24 to 59.01),Q4 (16.97 to 121.89)
E01004207,Tower Hamlets 011A,Tower Hamlets,Q2 (420000.00 to 520000.00),Q3 (114.00 to 173.00),Q2 (24.00 to 38.00),Q4 (29.24 to 59.01),Q4 (16.97 to 121.89)
E01004208,Tower Hamlets 013C,Tower Hamlets,Q2 (420000.00 to 520000.00),Q4 (173.00 to 9206.00),Q4 (56.00 to 1283.00),Q3 (20.12 to 29.24),Q4 (16.97 to 121.89)
E01004209,Tower Hamlets 011B,Tower Hamlets,Q1 (147500.00 to 420000.00),Q2 (79.00 to 114.00),Q3 (38.00 to 56.00),Q4 (29.24 to 59.01),Q4 (16.97 to 121.89)
E01004211,Tower Hamlets 013D,Tower Hamlets,Q3 (520000.00 to 683000.00),Q4 (173.00 to 9206.00),Q4 (56.00 to 1283.00),Q4 (29.24 to 59.01),Q4 (16.97 to 121.89)
E01004212,Tower Hamlets 011D,Tower Hamlets,Q2 (420000.00 to 520000.00),Q4 (173.00 to 9206.00),Q4 (56.00 to 1283.00),Q3 (20.12 to 29.24),Q4 (16.97 to 121.89)
E01004214,Tower Hamlets 030A,Tower Hamlets,Q1 (147500.00 to 420000.00),Q2 (79.00 to 114.00),Q3 (38.00 to 56.00),Q4 (29.24 to 59.01),Q3 (9.48 to 16.97)
E01004215,Tower Hamlets 028A,Tower Hamlets,Q2 (420000.00 to 520000.00),Q4 (173.00 to 9206.00),Q4 (56.00 to 1283.00),Q2 (12.31 to 20.12),Q3 (9.48 to 16.97)
E01004216,Tower Hamlets 030B,Tower Hamlets,Q2 (420000.00 to 520000.00),Q1 (2.00 to 79.00),Q1 (0.00 to 24.00),Q2 (12.31 to 20.12),Q2 (5.47 to 9.48)
E01004217,Tower Hamlets 030C,Tower Hamlets,Q2 (420000.00 to 520000.00),Q3 (114.00 to 173.00),Q4 (56.00 to 1283.00),Q3 (20.12 to 29.24),Q3 (9.48 to 16.97)
E01004218,Tower Hamlets 030D,Tower Hamlets,Q2 (420000.00 to 520000.00),Q1 (2.00 to 79.00),Q1 (0.00 to 24.00),Q2 (12.31 to 20.12),Q3 (9.48 to 16.97)
E01004219,Tower Hamlets 028B,Tower Hamlets,Q1 (147500.00 to 420000.00),Q4 (173.00 to 9206.00),Q4 (56.00 to 1283.00),Q4 (29.24 to 59.01),Q4 (16.97 to 121.89)
E01004221,Tower Hamlets 028D,Tower Hamlets,Q2 (420000.00 to 520000.00),Q4 (173.00 to 9206.00),Q4 (56.00 to 1283.00),Q2 (12.31 to 20.12),Q3 (9.48 to 16.97)
E01004222,Tower Hamlets 001A,Tower Hamlets,Q2 (420000.00 to 520000.00),Q4 (173.00 to 9206.00),Q4 (56.00 to 1283.00),Q4 (29.24 to 59.01),Q2 (5.47 to 9.48)
E01004223,Tower Hamlets 001B,Tower Hamlets,Q3 (520000.00 to 683000.00),Q4 (173.00 to 9206.00),Q4 (56.00 to 1283.00),Q4 (29.24 to 59.01),Q2 (5.47 to 9.48)
E01004224,Tower Hamlets 001C,Tower Hamlets,Q2 (420000.00 to 520000.00),Q4 (173.00 to 9206.00),Q4 (56.00 to 1283.00),Q4 (29.24 to 59.01),Q2 (5.47 to 9.48)
E01004225,Tower Hamlets 004A,Tower Hamlets,Q1 (147500.00 to 420000.00),Q3 (114.00 to 173.00),Q3 (38.00 to 56.00),Q3 (20.12 to 29.24),Q4 (16.97 to 121.89)
E01004226,Tower Hamlets 001D,Tower Hamlets,Q1 (147500.00 to 420000.00),Q4 (173.00 to 9206.00),Q4 (56.00 to 1283.00),Q3 (20.12 to 29.24),Q3 (9.48 to 16.97)
E01004228,Tower Hamlets 003A,Tower Hamlets,Q4 (683000.00 to 6425000.00),Q3 (114.00 to 173.00),Q3 (38.00 to 56.00),Q3 (20.12 to 29.24),Q4 (16.97 to 121.89)
E01004229,Tower Hamlets 004C,Tower Hamlets,Q2 (420000.00 to 520000.00),Q3 (114.00 to 173.00),Q3 (38.00 to 56.00),Q3 (20.12 to 29.24),Q4 (16.97 to 121.89)
E01004230,Tower Hamlets 003B,Tower Hamlets,Q2 (420000.00 to 520000.00),Q3 (114.00 to 173.00),Q3 (38.00 to 56.00),Q3 (20.12 to 29.24),Q4 (16.97 to 121.89)
E01004231,Tower Hamlets 004D,Tower Hamlets,Q1 (147500.00 to 420000.00),Q4 (173.00 to 9206.00),Q4 (56.00 to 1283.00),Q4 (29.24 to 59.01),Q4 (16.97 to 121.89)
E01004232,Tower Hamlets 003C,Tower Hamlets,Q4 (683000.00 to 6425000.00),Q4 (173.00 to 9206.00),Q4 (56.00 to 1283.00),Q3 (20.12 to 29.24),Q4 (16.97 to 121.89)
E01004233,Tower Hamlets 003D,Tower Hamlets,Q2 (420000.00 to 520000.00),Q2 (79.00 to 114.00),Q2 (24.00 to 38.00),Q4 (29.24 to 59.01),Q2 (5.47 to 9.48)
E01004234,Tower Hamlets 003E,Tower Hamlets,Q4 (683000.00 to 6425000.00),Q4 (173.00 to 9206.00),Q4 (56.00 to 1283.00),Q3 (20.12 to 29.24),Q2 (5.47 to 9.48)
E01004235,Tower Hamlets 008A,Tower Hamlets,Q2 (420000.00 to 520000.00),Q2 (79.00 to 114.00),Q3 (38.00 to 56.00),Q4 (29.24 to 59.01),Q4 (16.97 to 121.89)
E01004236,Tower Hamlets 008B,Tower Hamlets,Q1 (147500.00 to 420000.00),Q2 (79.00 to 114.00),Q3 (38.00 to 56.00),Q4 (29.24 to 59.01),Q4 (16.97 to 121.89)
E01004237,Tower Hamlets 008C,Tower Hamlets,Q1 (147500.00 to 420000.00),Q3 (114.00 to 173.00),Q3 (38.00 to 56.00),Q4 (29.24 to 59.01),Q4 (16.97 to 121.89)
E01004238,Tower Hamlets 008D,Tower Hamlets,Q1 (147500.00 to 420000.00),Q4 (173.00 to 9206.00),Q4 (56.00 to 1283.00),Q4 (29.24 to 59.01),Q4 (16.97 to 121.89)
E01004239,Tower Hamlets 008E,Tower Hamlets,Q1 (147500.00 to 420000.00),Q3 (114.00 to 173.00),Q4 (56.00 to 1283.00),Q4 (29.24 to 59.01),Q4 (16.97 to 121.89)
E01004240,Tower Hamlets 012A,Tower Hamlets,Q2 (420000.00 to 520000.00),Q2 (79.00 to 114.00),Q2 (24.00 to 38.00),Q4 (29.24 to 59.01),Q2 (5.47 to 9.48)
E01004241,Tower Hamlets 012B,Tower Hamlets,Q1 (147500.00 to 420000.00),Q2 (79.00 to 114.00),Q2 (24.00 to 38.00),Q4 (29.24 to 59.01),Q2 (5.47 to 9.48)
E01004242,Tower Hamlets 012C,Tower Hamlets,Q1 (147500.00 to 420000.00),Q4 (173.00 to 9206.00),Q4 (56.00 to 1283.00),Q3 (20.12 to 29.24),Q3 (9.48 to 16.97)
E01004243,Tower Hamlets 020A,Tower Hamlets,Q2 (420000.00 to 520000.00),Q2 (79.00 to 114.00),Q2 (24.00 to 38.00),Q4 (29.24 to 59.01),Q2 (5.47 to 9.48)
E01004244,Tower Hamlets 020B,Tower Hamlets,Q2 (420000.00 to 520000.00),Q4 (173.00 to 9206.00),Q4 (56.00 to 1283.00),Q4 (29.24 to 59.01),Q3 (9.48 to 16.97)
E01004245,Tower Hamlets 018A,Tower Hamlets,Q2 (420000.00 to 520000.00),Q4 (173.00 to 9206.00),Q4 (56.00 to 1283.00),Q4 (29.24 to 59.01),Q2 (5.47 to 9.48)
E01004246,Tower Hamlets 018B,Tower Hamlets,Q2 (420000.00 to 520000.00),Q4 (173.00 to 9206.00),Q4 (56.00 to 1283.00),Q4 (29.24 to 59.01),Q3 (9.48 to 16.97)
E01004247,Tower Hamlets 020C,Tower Hamlets,Q1 (147500.00 to 420000.00),Q4 (173.00 to 9206.00),Q4 (56.00 to 1283.00),Q4 (29.24 to 59.01),Q4 (16.97 to 121.89)
E01004248,Tower Hamlets 018C,Tower Hamlets,Q1 (147500.00 to 420000.00),Q3 (114.00 to 173.00),Q3 (38.00 to 56.00),Q4 (29.24 to 59.01),Q3 (9.48 to 16.97)
E01004250,Tower Hamlets 020D,Tower Hamlets,Q1 (147500.00 to 420000.00),Q4 (173.00 to 9206.00),Q4 (56.00 to 1283.00),Q4 (29.24 to 59.01),Q2 (5.47 to 9.48)
E01004251,Tower Hamlets 023A,Tower Hamlets,Q1 (147500.00 to 420000.00),Q4 (173.00 to 9206.00),Q4 (56.00 to 1283.00),Q3 (20.12 to 29.24),Q4 (16.97 to 121.89)
E01004252,Tower Hamlets 024A,Tower Hamlets,Q1 (147500.00 to 420000.00),Q4 (173.00 to 9206.00),Q4 (56.00 to 1283.00),Q4 (29.24 to 59.01),Q3 (9.48 to 16.97)
E01004253,Tower Hamlets 024B,Tower Hamlets,Q1 (147500.00 to 420000.00),Q4 (173.00 to 9206.00),Q4 (56.00 to 1283.00),Q3 (20.12 to 29.24),Q3 (9.48 to 16.97)
E01004254,Tower Hamlets 023B,Tower Hamlets,Q3 (520000.00 to 683000.00),Q4 (173.00 to 9206.00),Q3 (38.00 to 56.00),Q2 (12.31 to 20.12),Q4 (16.97 to 121.89)
E01004255,Tower Hamlets 023C,Tower Hamlets,Q1 (147500.00 to 420000.00),Q3 (114.00 to 173.00),Q3 (38.00 to 56.00),Q4 (29.24 to 59.01),Q4 (16.97 to 121.89)
E01004256,Tower Hamlets 024C,Tower Hamlets,Q1 (147500.00 to 420000.00),Q3 (114.00 to 173.00),Q4 (56.00 to 1283.00),Q4 (29.24 to 59.01),Q3 (9.48 to 16.97)
E01004257,Tower Hamlets 024D,Tower Hamlets,Q3 (520000.00 to 683000.00),Q4 (173.00 to 9206.00),Q4 (56.00 to 1283.00),Q4 (29.24 to 59.01),Q3 (9.48 to 16.97)
E01004258,Tower Hamlets 023D,Tower Hamlets,Q3 (520000.00 to 683000.00),Q2 (79.00 to 114.00),Q2 (24.00 to 38.00),Q3 (20.12 to 29.24),Q4 (16.97 to 121.89)
E01004259,Tower Hamlets 007A,Tower Hamlets,Q2 (420000.00 to 520000.00),Q4 (173.00 to 9206.00),Q4 (56.00 to 1283.00),Q3 (20.12 to 29.24),Q4 (16.97 to 121.89)
E01004260,Tower Hamlets 007B,Tower Hamlets,Q1 (147500.00 to 420000.00),Q3 (114.00 to 173.00),Q4 (56.00 to 1283.00),Q4 (29.24 to 59.01),Q4 (16.97 to 121.89)
E01004261,Tower Hamlets 010A,Tower Hamlets,Q4 (683000.00 to 6425000.00),Q4 (173.00 to 9206.00),Q4 (56.00 to 1283.00),Q3 (20.12 to 29.24),Q4 (16.97 to 121.89)
E01004262,Tower Hamlets 010B,Tower Hamlets,Q2 (420000.00 to 520000.00),Q4 (173.00 to 9206.00),Q4 (56.00 to 1283.00),Q4 (29.24 to 59.01),Q3 (9.48 to 16.97)
E01004263,Tower Hamlets 007C,Tower Hamlets,Q2 (420000.00 to 520000.00),Q3 (114.00 to 173.00),Q3 (38.00 to 56.00),Q4 (29.24 to 59.01),Q4 (16.97 to 121.89)
E01004264,Tower Hamlets 010C,Tower Hamlets,Q3 (520000.00 to 683000.00),Q2 (79.00 to 114.00),Q3 (38.00 to 56.00),Q4 (29.24 to 59.01),Q4 (16.97 to 121.89)
E01004266,Tower Hamlets 007D,Tower Hamlets,Q4 (683000.00 to 6425000.00),Q2 (79.00 to 114.00),Q1 (0.00 to 24.00),Q3 (20.12 to 29.24),Q4 (16.97 to 121.89)
E01004267,Tower Hamlets 012D,Tower Hamlets,Q1 (147500.00 to 420000.00),Q4 (173.00 to 9206.00),Q4 (56.00 to 1283.00),Q4 (29.24 to 59.01),Q4 (16.97 to 121.89)
E01004268,Tower Hamlets 012E,Tower Hamlets,Q1 (147500.00 to 420000.00),Q3 (114.00 to 173.00),Q4 (56.00 to 1283.00),Q4 (29.24 to 59.01),Q4 (16.97 to 121.89)
E01004269,Tower Hamlets 014A,Tower Hamlets,Q2 (420000.00 to 520000.00),Q4 (173.00 to 9206.00),Q3 (38.00 to 56.00),Q4 (29.24 to 59.01),Q4 (16.97 to 121.89)
E01004270,Tower Hamlets 014B,Tower Hamlets,Q3 (520000.00 to 683000.00),Q4 (173.00 to 9206.00),Q4 (56.00 to 1283.00),Q3 (20.12 to 29.24),Q4 (16.97 to 121.89)
E01004271,Tower Hamlets 014C,Tower Hamlets,Q2 (420000.00 to 520000.00),Q3 (114.00 to 173.00),Q3 (38.00 to 56.00),Q4 (29.24 to 59.01),Q3 (9.48 to 16.97)
E01004272,Tower Hamlets 014D,Tower Hamlets,Q1 (147500.00 to 420000.00),Q4 (173.00 to 9206.00),Q4 (56.00 to 1283.00),Q4 (29.24 to 59.01),Q3 (9.48 to 16.97)
E01004273,Tower Hamlets 014E,Tower Hamlets,Q1 (147500.00 to 420000.00),Q4 (173.00 to 9206.00),Q4 (56.00 to 1283.00),Q4 (29.24 to 59.01),Q3 (9.48 to 16.97)
E01004274,Tower Hamlets 031A,Tower Hamlets,Q3 (520000.00 to 683000.00),Q1 (2.00 to 79.00),Q2 (24.00 to 38.00),Q3 (20.12 to 29.24),Q2 (5.47 to 9.48)
E01004275,Tower Hamlets 031B,Tower Hamlets,Q4 (683000.00 to 6425000.00),Q2 (79.00 to 114.00),Q3 (38.00 to 56.00),Q2 (12.31 to 20.12),Q3 (9.48 to 16.97)
E01004276,Tower Hamlets 031C,Tower Hamlets,Q2 (420000.00 to 520000.00),Q1 (2.00 to 79.00),Q1 (0.00 to 24.00),Q1 (2.33 to 12.31),Q3 (9.48 to 16.97)
E01004277,Tower Hamlets 033A,Tower Hamlets,Q3 (520000.00 to 683000.00),Q4 (173.00 to 9206.00),Q4 (56.00 to 1283.00),Q1 (2.33 to 12.31),Q4 (16.97 to 121.89)
E01004280,Tower Hamlets 032A,Tower Hamlets,Q1 (147500.00 to 420000.00),Q2 (79.00 to 114.00),Q3 (38.00 to 56.00),Q3 (20.12 to 29.24),Q2 (5.47 to 9.48)
E01004281,Tower Hamlets 031D,Tower Hamlets,Q2 (420000.00 to 520000.00),Q1 (2.00 to 79.00),Q2 (24.00 to 38.00),Q1 (2.33 to 12.31),Q3 (9.48 to 16.97)
E01004283,Tower Hamlets 016A,Tower Hamlets,Q2 (420000.00 to 520000.00),Q3 (114.00 to 173.00),Q4 (56.00 to 1283.00),Q4 (29.24 to 59.01),Q4 (16.97 to 121.89)
E01004284,Tower Hamlets 019A,Tower Hamlets,Q2 (420000.00 to 520000.00),Q4 (173.00 to 9206.00),Q4 (56.00 to 1283.00),Q4 (29.24 to 59.01),Q4 (16.97 to 121.89)
E01004285,Tower Hamlets 019B,Tower Hamlets,Q3 (520000.00 to 683000.00),Q4 (173.00 to 9206.00),Q4 (56.00 to 1283.00),Q4 (29.24 to 59.01),Q4 (16.97 to 121.89)
E01004286,Tower Hamlets 019C,Tower Hamlets,Q4 (683000.00 to 6425000.00),Q4 (173.00 to 9206.00),Q4 (56.00 to 1283.00),Q4 (29.24 to 59.01),Q4 (16.97 to 121.89)
E01004287,Tower Hamlets 016B,Tower Hamlets,Q1 (147500.00 to 420000.00),Q3 (114.00 to 173.00),Q3 (38.00 to 56.00),Q4 (29.24 to 59.01),Q4 (16.97 to 121.89)
E01004288,Tower Hamlets 019D,Tower Hamlets,Q1 (147500.00 to 420000.00),Q3 (114.00 to 173.00),Q4 (56.00 to 1283.00),Q4 (29.24 to 59.01),Q4 (16.97 to 121.89)
E01004289,Tower Hamlets 016C,Tower Hamlets,Q4 (683000.00 to 6425000.00),Q3 (114.00 to 173.00),Q3 (38.00 to 56.00),Q4 (29.24 to 59.01),Q4 (16.97 to 121.89)
E01004290,Tower Hamlets 016D,Tower Hamlets,Q4 (683000.00 to 6425000.00),Q4 (173.00 to 9206.00),Q3 (38.00 to 56.00),Q3 (20.12 to 29.24),Q4 (16.97 to 121.89)
E01004291,Tower Hamlets 027A,Tower Hamlets,Q3 (520000.00 to 683000.00),Q3 (114.00 to 173.00),Q3 (38.00 to 56.00),Q1 (2.33 to 12.31),Q3 (9.48 to 16.97)
E01004292,Tower Hamlets 026A,Tower Hamlets,Q4 (683000.00 to 6425000.00),Q1 (2.00 to 79.00),Q1 (0.00 to 24.00),Q1 (2.33 to 12.31),Q3 (9.48 to 16.97)
E01004293,Tower Hamlets 027B,Tower Hamlets,Q3 (520000.00 to 683000.00),Q4 (173.00 to 9206.00),Q3 (38.00 to 56.00),Q1 (2.33 to 12.31),Q4 (16.97 to 121.89)
E01004294,Tower Hamlets 026B,Tower Hamlets,Q4 (683000.00 to 6425000.00),Q4 (173.00 to 9206.00),Q4 (56.00 to 1283.00),Q2 (12.31 to 20.12),Q4 (16.97 to 121.89)
E01004295,Tower Hamlets 026C,Tower Hamlets,Q2 (420000.00 to 520000.00),Q2 (79.00 to 114.00),Q3 (38.00 to 56.00),Q4 (29.24 to 59.01),Q4 (16.97 to 121.89)
E01004296,Tower Hamlets 026D,Tower Hamlets,Q1 (147500.00 to 420000.00),Q4 (173.00 to 9206.00),Q4 (56.00 to 1283.00),Q3 (20.12 to 29.24),Q4 (16.97 to 121.89)
E01004297,Tower Hamlets 027C,Tower Hamlets,Q3 (520000.00 to 683000.00),Q1 (2.00 to 79.00),Q1 (0.00 to 24.00),Q1 (2.33 to 12.31),Q4 (16.97 to 121.89)
E01004298,Tower Hamlets 022A,Tower Hamlets,Q2 (420000.00 to 520000.00),Q4 (173.00 to 9206.00),Q4 (56.00 to 1283.00),Q4 (29.24 to 59.01),Q4 (16.97 to 121.89)
E01004300,Tower Hamlets 022B,Tower Hamlets,Q2 (420000.00 to 520000.00),Q1 (2.00 to 79.00),Q2 (24.00 to 38.00),Q4 (29.24 to 59.01),Q4 (16.97 to 121.89)
E01004301,Tower Hamlets 025B,Tower Hamlets,Q2 (420000.00 to 520000.00),Q3 (114.00 to 173.00),Q3 (38.00 to 56.00),Q4 (29.24 to 59.01),Q4 (16.97 to 121.89)
E01004302,Tower Hamlets 025C,Tower Hamlets,Q1 (147500.00 to 420000.00),Q3 (114.00 to 173.00),Q4 (56.00 to 1283.00),Q3 (20.12 to 29.24),Q4 (16.97 to 121.89)
E01004303,Tower Hamlets 025D,Tower Hamlets,Q3 (520000.00 to 683000.00),Q4 (173.00 to 9206.00),Q4 (56.00 to 1283.00),Q3 (20.12 to 29.24),Q4 (16.97 to 121.89)
E01004304,Tower Hamlets 022C,Tower Hamlets,Q2 (420000.00 to 520000.00),Q4 (173.00 to 9206.00),Q4 (56.00 to 1283.00),Q4 (29.24 to 59.01),Q4 (16.97 to 121.89)
E01004305,Tower Hamlets 022D,Tower Hamlets,Q1 (147500.00 to 420000.00),Q3 (114.00 to 173.00),Q4 (56.00 to 1283.00),Q4 (29.24 to 59.01),Q4 (16.97 to 121.89)
E01004306,Tower Hamlets 015A,Tower Hamlets,Q3 (520000.00 to 683000.00),Q4 (173.00 to 9206.00),Q4 (56.00 to 1283.00),Q4 (29.24 to 59.01),Q4 (16.97 to 121.89)
E01004307,Tower Hamlets 015B,Tower Hamlets,Q4 (683000.00 to 6425000.00),Q4 (173.00 to 9206.00),Q4 (56.00 to 1283.00),Q2 (12.31 to 20.12),Q4 (16.97 to 121.89)
E01004308,Tower Hamlets 015C,Tower Hamlets,Q2 (420000.00 to 520000.00),Q2 (79.00 to 114.00),Q3 (38.00 to 56.00),Q3 (20.12 to 29.24),Q4 (16.97 to 121.89)
E01004309,Tower Hamlets 015D,Tower Hamlets,Q2 (420000.00 to 520000.00),Q4 (173.00 to 9206.00),Q4 (56.00 to 1283.00),Q4 (29.24 to 59.01),Q4 (16.97 to 121.89)
E01004310,Tower Hamlets 015E,Tower Hamlets,Q2 (420000.00 to 520000.00),Q4 (173.00 to 9206.00),Q4 (56.00 to 1283.00),Q4 (29.24 to 59.01),Q4 (16.97 to 121.89)
E01004311,Tower Hamlets 006A,Tower Hamlets,Q2 (420000.00 to 520000.00),Q4 (173.00 to 9206.00),Q3 (38.00 to 56.00),Q4 (29.24 to 59.01),Q4 (16.97 to 121.89)
E01004312,Tower Hamlets 009A,Tower Hamlets,Q1 (147500.00 to 420000.00),Q3 (114.00 to 173.00),Q2 (24.00 to 38.00),Q4 (29.24 to 59.01),Q3 (9.48 to 16.97)
E01004313,Tower Hamlets 009B,Tower Hamlets,Q2 (420000.00 to 520000.00),Q4 (173.00 to 9206.00),Q4 (56.00 to 1283.00),Q3 (20.12 to 29.24),Q4 (16.97 to 121.89)
E01004314,Tower Hamlets 006B,Tower Hamlets,Q4 (683000.00 to 6425000.00),Q4 (173.00 to 9206.00),Q2 (24.00 to 38.00),Q3 (20.12 to 29.24),Q3 (9.48 to 16.97)
E01004315,Tower Hamlets 006C,Tower Hamlets,Q3 (520000.00 to 683000.00),Q4 (173.00 to 9206.00),Q3 (38.00 to 56.00),Q4 (29.24 to 59.01),Q4 (16.97 to 121.89)
E01004316,Tower Hamlets 009C,Tower Hamlets,Q3 (520000.00 to 683000.00),Q3 (114.00 to 173.00),Q1 (0.00 to 24.00),Q4 (29.24 to 59.01),Q4 (16.97 to 121.89)
E01004317,Tower Hamlets 009D,Tower Hamlets,Q3 (520000.00 to 683000.00),Q4 (173.00 to 9206.00),Q4 (56.00 to 1283.00),Q3 (20.12 to 29.24),Q4 (16.97 to 121.89)
E01004318,Tower Hamlets 006D,Tower Hamlets,Q3 (520000.00 to 683000.00),Q4 (173.00 to 9206.00),Q2 (24.00 to 38.00),Q4 (29.24 to 59.01),Q4 (16.97 to 121.89)
E01004319,Tower Hamlets 021A,Tower Hamlets,Q1 (147500.00 to 420000.00),Q3 (114.00 to 173.00),Q3 (38.00 to 56.00),Q4 (29.24 to 59.01),Q4 (16.97 to 121.89)
E01004321,Tower Hamlets 021C,Tower Hamlets,Q4 (683000.00 to 6425000.00),Q4 (173.00 to 9206.00),Q4 (56.00 to 1283.00),Q4 (29.24 to 59.01),Q4 (16.97 to 121.89)
E01004322,Tower Hamlets 017A,Tower Hamlets,Q3 (520000.00 to 683000.00),Q4 (173.00 to 9206.00),Q4 (56.00 to 1283.00),Q4 (29.24 to 59.01),Q4 (16.97 to 121.89)
E01004323,Tower Hamlets 017B,Tower Hamlets,Q3 (520000.00 to 683000.00),Q4 (173.00 to 9206.00),Q2 (24.00 to 38.00),Q3 (20.12 to 29.24),Q4 (16.97 to 121.89)
E01004324,Tower Hamlets 017C,Tower Hamlets,Q4 (683000.00 to 6425000.00),Q3 (114.00 to 173.00),Q2 (24.00 to 38.00),Q4 (29.24 to 59.01),Q4 (16.97 to 121.89)
E01004325,Tower Hamlets 021D,Tower Hamlets,Q3 (520000.00 to 683000.00),Q4 (173.00 to 9206.00),Q4 (56.00 to 1283.00),Q3 (20.12 to 29.24),Q4 (16.97 to 121.89)
E01004326,Tower Hamlets 017D,Tower Hamlets,Q1 (147500.00 to 420000.00),Q4 (173.00 to 9206.00),Q4 (56.00 to 1283.00),Q3 (20.12 to 29.24),Q4 (16.97 to 121.89)
E01004327,Waltham Forest 028A,Waltham Forest,Q3 (520000.00 to 683000.00),Q2 (79.00 to 114.00),Q1 (0.00 to 24.00),Q4 (29.24 to 59.01),Q2 (5.47 to 9.48)
E01004328,Waltham Forest 028B,Waltham Forest,Q3 (520000.00 to 683000.00),Q3 (114.00 to 173.00),Q2 (24.00 to 38.00),Q3 (20.12 to 29.24),Q2 (5.47 to 9.48)
E01004329,Waltham Forest 028C,Waltham Forest,Q3 (520000.00 to 683000.00),Q2 (79.00 to 114.00),Q3 (38.00 to 56.00),Q3 (20.12 to 29.24),Q1 (0.19 to 5.47)
E01004330,Waltham Forest 028D,Waltham Forest,Q3 (520000.00 to 683000.00),Q2 (79.00 to 114.00),Q2 (24.00 to 38.00),Q2 (12.31 to 20.12),Q2 (5.47 to 9.48)
E01004331,Waltham Forest 028E,Waltham Forest,Q3 (520000.00 to 683000.00),Q2 (79.00 to 114.00),Q2 (24.00 to 38.00),Q3 (20.12 to 29.24),Q2 (5.47 to 9.48)
E01004332,Waltham Forest 028F,Waltham Forest,Q2 (420000.00 to 520000.00),Q3 (114.00 to 173.00),Q3 (38.00 to 56.00),Q3 (20.12 to 29.24),Q2 (5.47 to 9.48)
E01004333,Waltham Forest 024A,Waltham Forest,Q2 (420000.00 to 520000.00),Q2 (79.00 to 114.00),Q2 (24.00 to 38.00),Q3 (20.12 to 29.24),Q3 (9.48 to 16.97)
E01004334,Waltham Forest 024B,Waltham Forest,Q2 (420000.00 to 520000.00),Q4 (173.00 to 9206.00),Q4 (56.00 to 1283.00),Q4 (29.24 to 59.01),Q3 (9.48 to 16.97)
E01004335,Waltham Forest 027A,Waltham Forest,Q2 (420000.00 to 520000.00),Q3 (114.00 to 173.00),Q4 (56.00 to 1283.00),Q4 (29.24 to 59.01),Q3 (9.48 to 16.97)
E01004336,Waltham Forest 026A,Waltham Forest,Q3 (520000.00 to 683000.00),Q3 (114.00 to 173.00),Q3 (38.00 to 56.00),Q3 (20.12 to 29.24),Q4 (16.97 to 121.89)
E01004337,Waltham Forest 027B,Waltham Forest,Q2 (420000.00 to 520000.00),Q2 (79.00 to 114.00),Q3 (38.00 to 56.00),Q3 (20.12 to 29.24),Q4 (16.97 to 121.89)
E01004338,Waltham Forest 027C,Waltham Forest,Q3 (520000.00 to 683000.00),Q2 (79.00 to 114.00),Q2 (24.00 to 38.00),Q2 (12.31 to 20.12),Q4 (16.97 to 121.89)
E01004339,Waltham Forest 027D,Waltham Forest,Q1 (147500.00 to 420000.00),Q1 (2.00 to 79.00),Q2 (24.00 to 38.00),Q3 (20.12 to 29.24),Q4 (16.97 to 121.89)
E01004340,Waltham Forest 027E,Waltham Forest,Q3 (520000.00 to 683000.00),Q2 (79.00 to 114.00),Q3 (38.00 to 56.00),Q4 (29.24 to 59.01),Q4 (16.97 to 121.89)
E01004341,Waltham Forest 027F,Waltham Forest,Q3 (520000.00 to 683000.00),Q4 (173.00 to 9206.00),Q4 (56.00 to 1283.00),Q4 (29.24 to 59.01),Q3 (9.48 to 16.97)
E01004342,Waltham Forest 011A,Waltham Forest,Q3 (520000.00 to 683000.00),Q4 (173.00 to 9206.00),Q3 (38.00 to 56.00),Q3 (20.12 to 29.24),Q2 (5.47 to 9.48)
E01004343,Waltham Forest 008A,Waltham Forest,Q3 (520000.00 to 683000.00),Q1 (2.00 to 79.00),Q1 (0.00 to 24.00),Q2 (12.31 to 20.12),Q2 (5.47 to 9.48)
E01004344,Waltham Forest 008B,Waltham Forest,Q3 (520000.00 to 683000.00),Q3 (114.00 to 173.00),Q4 (56.00 to 1283.00),Q4 (29.24 to 59.01),Q2 (5.47 to 9.48)
E01004345,Waltham Forest 010A,Waltham Forest,Q3 (520000.00 to 683000.00),Q2 (79.00 to 114.00),Q2 (24.00 to 38.00),Q3 (20.12 to 29.24),Q2 (5.47 to 9.48)
E01004346,Waltham Forest 011B,Waltham Forest,Q3 (520000.00 to 683000.00),Q2 (79.00 to 114.00),Q1 (0.00 to 24.00),Q2 (12.31 to 20.12),Q2 (5.47 to 9.48)
E01004347,Waltham Forest 011C,Waltham Forest,Q2 (420000.00 to 520000.00),Q2 (79.00 to 114.00),Q2 (24.00 to 38.00),Q2 (12.31 to 20.12),Q2 (5.47 to 9.48)
E01004348,Waltham Forest 010B,Waltham Forest,Q1 (147500.00 to 420000.00),Q4 (173.00 to 9206.00),Q4 (56.00 to 1283.00),Q2 (12.31 to 20.12),Q2 (5.47 to 9.48)
E01004349,Waltham Forest 001A,Waltham Forest,Q2 (420000.00 to 520000.00),Q1 (2.00 to 79.00),Q2 (24.00 to 38.00),Q4 (29.24 to 59.01),Q1 (0.19 to 5.47)
E01004350,Waltham Forest 001B,Waltham Forest,Q2 (420000.00 to 520000.00),Q3 (114.00 to 173.00),Q2 (24.00 to 38.00),Q3 (20.12 to 29.24),Q1 (0.19 to 5.47)
E01004351,Waltham Forest 001C,Waltham Forest,Q3 (520000.00 to 683000.00),Q2 (79.00 to 114.00),Q2 (24.00 to 38.00),Q2 (12.31 to 20.12),Q1 (0.19 to 5.47)
E01004352,Waltham Forest 002A,Waltham Forest,Q4 (683000.00 to 6425000.00),Q3 (114.00 to 173.00),Q3 (38.00 to 56.00),Q1 (2.33 to 12.31),Q1 (0.19 to 5.47)
E01004353,Waltham Forest 002B,Waltham Forest,Q3 (520000.00 to 683000.00),Q2 (79.00 to 114.00),Q2 (24.00 to 38.00),Q2 (12.31 to 20.12),Q2 (5.47 to 9.48)
E01004354,Waltham Forest 002C,Waltham Forest,Q3 (520000.00 to 683000.00),Q3 (114.00 to 173.00),Q3 (38.00 to 56.00),Q2 (12.31 to 20.12),Q3 (9.48 to 16.97)
E01004355,Waltham Forest 004A,Waltham Forest,Q1 (147500.00 to 420000.00),Q2 (79.00 to 114.00),Q3 (38.00 to 56.00),Q3 (20.12 to 29.24),Q1 (0.19 to 5.47)
E01004356,Waltham Forest 001D,Waltham Forest,Q3 (520000.00 to 683000.00),Q2 (79.00 to 114.00),Q1 (0.00 to 24.00),Q3 (20.12 to 29.24),Q1 (0.19 to 5.47)
E01004357,Waltham Forest 001E,Waltham Forest,Q3 (520000.00 to 683000.00),Q2 (79.00 to 114.00),Q2 (24.00 to 38.00),Q2 (12.31 to 20.12),Q1 (0.19 to 5.47)
E01004358,Waltham Forest 002D,Waltham Forest,Q1 (147500.00 to 420000.00),Q2 (79.00 to 114.00),Q2 (24.00 to 38.00),Q3 (20.12 to 29.24),Q2 (5.47 to 9.48)
E01004359,Waltham Forest 002E,Waltham Forest,Q4 (683000.00 to 6425000.00),Q1 (2.00 to 79.00),Q1 (0.00 to 24.00),Q2 (12.31 to 20.12),Q2 (5.47 to 9.48)
E01004360,Waltham Forest 004B,Waltham Forest,Q3 (520000.00 to 683000.00),Q1 (2.00 to 79.00),Q1 (0.00 to 24.00),Q2 (12.31 to 20.12),Q1 (0.19 to 5.47)
E01004361,Waltham Forest 005A,Waltham Forest,Q3 (520000.00 to 683000.00),Q1 (2.00 to 79.00),Q1 (0.00 to 24.00),Q2 (12.31 to 20.12),Q1 (0.19 to 5.47)
E01004362,Waltham Forest 021A,Waltham Forest,Q2 (420000.00 to 520000.00),Q3 (114.00 to 173.00),Q3 (38.00 to 56.00),Q3 (20.12 to 29.24),Q2 (5.47 to 9.48)
E01004363,Waltham Forest 019A,Waltham Forest,Q4 (683000.00 to 6425000.00),Q4 (173.00 to 9206.00),Q4 (56.00 to 1283.00),Q2 (12.31 to 20.12),Q3 (9.48 to 16.97)
E01004364,Waltham Forest 019B,Waltham Forest,Q3 (520000.00 to 683000.00),Q3 (114.00 to 173.00),Q3 (38.00 to 56.00),Q4 (29.24 to 59.01),Q3 (9.48 to 16.97)
E01004365,Waltham Forest 020A,Waltham Forest,Q1 (147500.00 to 420000.00),Q4 (173.00 to 9206.00),Q4 (56.00 to 1283.00),Q4 (29.24 to 59.01),Q4 (16.97 to 121.89)
E01004366,Waltham Forest 019C,Waltham Forest,Q2 (420000.00 to 520000.00),Q3 (114.00 to 173.00),Q4 (56.00 to 1283.00),Q2 (12.31 to 20.12),Q2 (5.47 to 9.48)
E01004367,Waltham Forest 019D,Waltham Forest,Q3 (520000.00 to 683000.00),Q3 (114.00 to 173.00),Q3 (38.00 to 56.00),Q3 (20.12 to 29.24),Q3 (9.48 to 16.97)
E01004368,Waltham Forest 019E,Waltham Forest,Q2 (420000.00 to 520000.00),Q2 (79.00 to 114.00),Q2 (24.00 to 38.00),Q3 (20.12 to 29.24),Q3 (9.48 to 16.97)
E01004369,Waltham Forest 023A,Waltham Forest,Q2 (420000.00 to 520000.00),Q2 (79.00 to 114.00),Q1 (0.00 to 24.00),Q2 (12.31 to 20.12),Q3 (9.48 to 16.97)
E01004370,Waltham Forest 023B,Waltham Forest,Q2 (420000.00 to 520000.00),Q3 (114.00 to 173.00),Q2 (24.00 to 38.00),Q2 (12.31 to 20.12),Q3 (9.48 to 16.97)
E01004371,Waltham Forest 025A,Waltham Forest,Q3 (520000.00 to 683000.00),Q2 (79.00 to 114.00),Q2 (24.00 to 38.00),Q3 (20.12 to 29.24),Q4 (16.97 to 121.89)
E01004372,Waltham Forest 023C,Waltham Forest,Q2 (420000.00 to 520000.00),Q1 (2.00 to 79.00),Q1 (0.00 to 24.00),Q1 (2.33 to 12.31),Q2 (5.47 to 9.48)
E01004373,Waltham Forest 025B,Waltham Forest,Q3 (520000.00 to 683000.00),Q3 (114.00 to 173.00),Q2 (24.00 to 38.00),Q3 (20.12 to 29.24),Q4 (16.97 to 121.89)
E01004374,Waltham Forest 025C,Waltham Forest,Q3 (520000.00 to 683000.00),Q2 (79.00 to 114.00),Q3 (38.00 to 56.00),Q2 (12.31 to 20.12),Q4 (16.97 to 121.89)
E01004375,Waltham Forest 025D,Waltham Forest,Q2 (420000.00 to 520000.00),Q3 (114.00 to 173.00),Q2 (24.00 to 38.00),Q3 (20.12 to 29.24),Q4 (16.97 to 121.89)
E01004376,Waltham Forest 025E,Waltham Forest,Q2 (420000.00 to 520000.00),Q3 (114.00 to 173.00),Q3 (38.00 to 56.00),Q3 (20.12 to 29.24),Q4 (16.97 to 121.89)
E01004377,Waltham Forest 010C,Waltham Forest,Q3 (520000.00 to 683000.00),Q3 (114.00 to 173.00),Q2 (24.00 to 38.00),Q2 (12.31 to 20.12),Q1 (0.19 to 5.47)
E01004378,Waltham Forest 010D,Waltham Forest,Q3 (520000.00 to 683000.00),Q2 (79.00 to 114.00),Q2 (24.00 to 38.00),Q3 (20.12 to 29.24),Q2 (5.47 to 9.48)
E01004379,Waltham Forest 007A,Waltham Forest,Q3 (520000.00 to 683000.00),Q3 (114.00 to 173.00),Q2 (24.00 to 38.00),Q1 (2.33 to 12.31),Q2 (5.47 to 9.48)
E01004380,Waltham Forest 007B,Waltham Forest,Q3 (520000.00 to 683000.00),Q2 (79.00 to 114.00),Q2 (24.00 to 38.00),Q3 (20.12 to 29.24),Q1 (0.19 to 5.47)
E01004381,Waltham Forest 007C,Waltham Forest,Q3 (520000.00 to 683000.00),Q3 (114.00 to 173.00),Q2 (24.00 to 38.00),Q2 (12.31 to 20.12),Q2 (5.47 to 9.48)
E01004382,Waltham Forest 008C,Waltham Forest,Q1 (147500.00 to 420000.00),Q2 (79.00 to 114.00),Q3 (38.00 to 56.00),Q4 (29.24 to 59.01),Q2 (5.47 to 9.48)
E01004383,Waltham Forest 007D,Waltham Forest,Q3 (520000.00 to 683000.00),Q1 (2.00 to 79.00),Q2 (24.00 to 38.00),Q2 (12.31 to 20.12),Q2 (5.47 to 9.48)
E01004384,Waltham Forest 003A,Waltham Forest,Q1 (147500.00 to 420000.00),Q3 (114.00 to 173.00),Q3 (38.00 to 56.00),Q4 (29.24 to 59.01),Q2 (5.47 to 9.48)
E01004385,Waltham Forest 003B,Waltham Forest,Q1 (147500.00 to 420000.00),Q2 (79.00 to 114.00),Q2 (24.00 to 38.00),Q4 (29.24 to 59.01),Q1 (0.19 to 5.47)
E01004386,Waltham Forest 003C,Waltham Forest,Q4 (683000.00 to 6425000.00),Q1 (2.00 to 79.00),Q1 (0.00 to 24.00),Q1 (2.33 to 12.31),Q1 (0.19 to 5.47)
E01004387,Waltham Forest 007E,Waltham Forest,Q4 (683000.00 to 6425000.00),Q1 (2.00 to 79.00),Q1 (0.00 to 24.00),Q1 (2.33 to 12.31),Q1 (0.19 to 5.47)
E01004388,Waltham Forest 007F,Waltham Forest,Q1 (147500.00 to 420000.00),Q2 (79.00 to 114.00),Q3 (38.00 to 56.00),Q2 (12.31 to 20.12),Q2 (5.47 to 9.48)
E01004389,Waltham Forest 003D,Waltham Forest,Q2 (420000.00 to 520000.00),Q3 (114.00 to 173.00),Q3 (38.00 to 56.00),Q4 (29.24 to 59.01),Q1 (0.19 to 5.47)
E01004390,Waltham Forest 003E,Waltham Forest,Q2 (420000.00 to 520000.00),Q1 (2.00 to 79.00),Q2 (24.00 to 38.00),Q4 (29.24 to 59.01),Q1 (0.19 to 5.47)
E01004391,Waltham Forest 014A,Waltham Forest,Q2 (420000.00 to 520000.00),Q3 (114.00 to 173.00),Q3 (38.00 to 56.00),Q3 (20.12 to 29.24),Q3 (9.48 to 16.97)
E01004392,Waltham Forest 017A,Waltham Forest,Q2 (420000.00 to 520000.00),Q4 (173.00 to 9206.00),Q4 (56.00 to 1283.00),Q3 (20.12 to 29.24),Q4 (16.97 to 121.89)
E01004393,Waltham Forest 014B,Waltham Forest,Q1 (147500.00 to 420000.00),Q4 (173.00 to 9206.00),Q4 (56.00 to 1283.00),Q3 (20.12 to 29.24),Q3 (9.48 to 16.97)
E01004394,Waltham Forest 017B,Waltham Forest,Q2 (420000.00 to 520000.00),Q3 (114.00 to 173.00),Q4 (56.00 to 1283.00),Q4 (29.24 to 59.01),Q3 (9.48 to 16.97)
E01004395,Waltham Forest 018A,Waltham Forest,Q4 (683000.00 to 6425000.00),Q1 (2.00 to 79.00),Q1 (0.00 to 24.00),Q2 (12.31 to 20.12),Q1 (0.19 to 5.47)
E01004396,Waltham Forest 012A,Waltham Forest,Q3 (520000.00 to 683000.00),Q3 (114.00 to 173.00),Q3 (38.00 to 56.00),Q2 (12.31 to 20.12),Q3 (9.48 to 16.97)
E01004397,Waltham Forest 017C,Waltham Forest,Q2 (420000.00 to 520000.00),Q4 (173.00 to 9206.00),Q4 (56.00 to 1283.00),Q3 (20.12 to 29.24),Q4 (16.97 to 121.89)
E01004398,Waltham Forest 009A,Waltham Forest,Q2 (420000.00 to 520000.00),Q3 (114.00 to 173.00),Q2 (24.00 to 38.00),Q4 (29.24 to 59.01),Q1 (0.19 to 5.47)
E01004399,Waltham Forest 009B,Waltham Forest,Q2 (420000.00 to 520000.00),Q3 (114.00 to 173.00),Q4 (56.00 to 1283.00),Q4 (29.24 to 59.01),Q1 (0.19 to 5.47)
E01004400,Waltham Forest 009C,Waltham Forest,Q3 (520000.00 to 683000.00),Q2 (79.00 to 114.00),Q2 (24.00 to 38.00),Q3 (20.12 to 29.24),Q2 (5.47 to 9.48)
E01004401,Waltham Forest 014C,Waltham Forest,Q3 (520000.00 to 683000.00),Q4 (173.00 to 9206.00),Q3 (38.00 to 56.00),Q3 (20.12 to 29.24),Q2 (5.47 to 9.48)
E01004402,Waltham Forest 009D,Waltham Forest,Q3 (520000.00 to 683000.00),Q2 (79.00 to 114.00),Q2 (24.00 to 38.00),Q4 (29.24 to 59.01),Q1 (0.19 to 5.47)
E01004403,Waltham Forest 009E,Waltham Forest,Q3 (520000.00 to 683000.00),Q4 (173.00 to 9206.00),Q4 (56.00 to 1283.00),Q4 (29.24 to 59.01),Q2 (5.47 to 9.48)
E01004404,Waltham Forest 014D,Waltham Forest,Q1 (147500.00 to 420000.00),Q3 (114.00 to 173.00),Q3 (38.00 to 56.00),Q3 (20.12 to 29.24),Q1 (0.19 to 5.47)
E01004405,Waltham Forest 020B,Waltham Forest,Q4 (683000.00 to 6425000.00),Q2 (79.00 to 114.00),Q2 (24.00 to 38.00),Q3 (20.12 to 29.24),Q4 (16.97 to 121.89)
E01004406,Waltham Forest 016A,Waltham Forest,Q2 (420000.00 to 520000.00),Q3 (114.00 to 173.00),Q2 (24.00 to 38.00),Q3 (20.12 to 29.24),Q4 (16.97 to 121.89)
E01004407,Waltham Forest 013A,Waltham Forest,Q1 (147500.00 to 420000.00),Q3 (114.00 to 173.00),Q4 (56.00 to 1283.00),Q4 (29.24 to 59.01),Q2 (5.47 to 9.48)
E01004408,Waltham Forest 016B,Waltham Forest,Q3 (520000.00 to 683000.00),Q2 (79.00 to 114.00),Q2 (24.00 to 38.00),Q3 (20.12 to 29.24),Q3 (9.48 to 16.97)
E01004409,Waltham Forest 016C,Waltham Forest,Q3 (520000.00 to 683000.00),Q3 (114.00 to 173.00),Q3 (38.00 to 56.00),Q3 (20.12 to 29.24),Q4 (16.97 to 121.89)
E01004410,Waltham Forest 013B,Waltham Forest,Q2 (420000.00 to 520000.00),Q3 (114.00 to 173.00),Q3 (38.00 to 56.00),Q4 (29.24 to 59.01),Q3 (9.48 to 16.97)
E01004411,Waltham Forest 016D,Waltham Forest,Q2 (420000.00 to 520000.00),Q3 (114.00 to 173.00),Q3 (38.00 to 56.00),Q3 (20.12 to 29.24),Q4 (16.97 to 121.89)
E01004412,Waltham Forest 015A,Waltham Forest,Q3 (520000.00 to 683000.00),Q3 (114.00 to 173.00),Q3 (38.00 to 56.00),Q2 (12.31 to 20.12),Q4 (16.97 to 121.89)
E01004413,Waltham Forest 004C,Waltham Forest,Q1 (147500.00 to 420000.00),Q3 (114.00 to 173.00),Q3 (38.00 to 56.00),Q4 (29.24 to 59.01),Q1 (0.19 to 5.47)
E01004414,Waltham Forest 005B,Waltham Forest,Q2 (420000.00 to 520000.00),Q2 (79.00 to 114.00),Q2 (24.00 to 38.00),Q3 (20.12 to 29.24),Q2 (5.47 to 9.48)
E01004415,Waltham Forest 004D,Waltham Forest,Q3 (520000.00 to 683000.00),Q1 (2.00 to 79.00),Q1 (0.00 to 24.00),Q3 (20.12 to 29.24),Q1 (0.19 to 5.47)
E01004416,Waltham Forest 004E,Waltham Forest,Q3 (520000.00 to 683000.00),Q2 (79.00 to 114.00),Q1 (0.00 to 24.00),Q3 (20.12 to 29.24),Q1 (0.19 to 5.47)
E01004417,Waltham Forest 005C,Waltham Forest,Q3 (520000.00 to 683000.00),Q2 (79.00 to 114.00),Q1 (0.00 to 24.00),Q3 (20.12 to 29.24),Q2 (5.47 to 9.48)
E01004418,Waltham Forest 008D,Waltham Forest,Q2 (420000.00 to 520000.00),Q2 (79.00 to 114.00),Q2 (24.00 to 38.00),Q2 (12.31 to 20.12),Q2 (5.47 to 9.48)
E01004419,Waltham Forest 008E,Waltham Forest,Q1 (147500.00 to 420000.00),Q3 (114.00 to 173.00),Q3 (38.00 to 56.00),Q3 (20.12 to 29.24),Q2 (5.47 to 9.48)
E01004420,Waltham Forest 020C,Waltham Forest,Q3 (520000.00 to 683000.00),Q4 (173.00 to 9206.00),Q4 (56.00 to 1283.00),Q4 (29.24 to 59.01),Q4 (16.97 to 121.89)
E01004421,Waltham Forest 018B,Waltham Forest,Q3 (520000.00 to 683000.00),Q3 (114.00 to 173.00),Q3 (38.00 to 56.00),Q3 (20.12 to 29.24),Q3 (9.48 to 16.97)
E01004422,Waltham Forest 022A,Waltham Forest,Q2 (420000.00 to 520000.00),Q4 (173.00 to 9206.00),Q4 (56.00 to 1283.00),Q3 (20.12 to 29.24),Q1 (0.19 to 5.47)
E01004423,Waltham Forest 020D,Waltham Forest,Q1 (147500.00 to 420000.00),Q3 (114.00 to 173.00),Q3 (38.00 to 56.00),Q4 (29.24 to 59.01),Q3 (9.48 to 16.97)
E01004424,Waltham Forest 022B,Waltham Forest,Q1 (147500.00 to 420000.00),Q4 (173.00 to 9206.00),Q4 (56.00 to 1283.00),Q4 (29.24 to 59.01),Q2 (5.47 to 9.48)
E01004425,Waltham Forest 022C,Waltham Forest,Q2 (420000.00 to 520000.00),Q3 (114.00 to 173.00),Q2 (24.00 to 38.00),Q3 (20.12 to 29.24),Q3 (9.48 to 16.97)
E01004426,Waltham Forest 022D,Waltham Forest,Q3 (520000.00 to 683000.00),Q2 (79.00 to 114.00),Q2 (24.00 to 38.00),Q3 (20.12 to 29.24),Q2 (5.47 to 9.48)
E01004427,Waltham Forest 022E,Waltham Forest,Q1 (147500.00 to 420000.00),Q3 (114.00 to 173.00),Q3 (38.00 to 56.00),Q3 (20.12 to 29.24),Q1 (0.19 to 5.47)
E01004428,Waltham Forest 026B,Waltham Forest,Q2 (420000.00 to 520000.00),Q2 (79.00 to 114.00),Q3 (38.00 to 56.00),Q4 (29.24 to 59.01),Q1 (0.19 to 5.47)
E01004429,Waltham Forest 026C,Waltham Forest,Q3 (520000.00 to 683000.00),Q3 (114.00 to 173.00),Q3 (38.00 to 56.00),Q3 (20.12 to 29.24),Q1 (0.19 to 5.47)
E01004430,Waltham Forest 026D,Waltham Forest,Q3 (520000.00 to 683000.00),Q4 (173.00 to 9206.00),Q4 (56.00 to 1283.00),Q3 (20.12 to 29.24),Q3 (9.48 to 16.97)
E01004432,Waltham Forest 023D,Waltham Forest,Q3 (520000.00 to 683000.00),Q3 (114.00 to 173.00),Q3 (38.00 to 56.00),Q3 (20.12 to 29.24),Q3 (9.48 to 16.97)
E01004434,Waltham Forest 026E,Waltham Forest,Q1 (147500.00 to 420000.00),Q3 (114.00 to 173.00),Q4 (56.00 to 1283.00),Q3 (20.12 to 29.24),Q1 (0.19 to 5.47)
E01004435,Waltham Forest 023E,Waltham Forest,Q2 (420000.00 to 520000.00),Q3 (114.00 to 173.00),Q4 (56.00 to 1283.00),Q3 (20.12 to 29.24),Q3 (9.48 to 16.97)
E01004436,Waltham Forest 021B,Waltham Forest,Q2 (420000.00 to 520000.00),Q3 (114.00 to 173.00),Q3 (38.00 to 56.00),Q3 (20.12 to 29.24),Q4 (16.97 to 121.89)
E01004437,Waltham Forest 021C,Waltham Forest,Q2 (420000.00 to 520000.00),Q2 (79.00 to 114.00),Q2 (24.00 to 38.00),Q3 (20.12 to 29.24),Q4 (16.97 to 121.89)
E01004438,Waltham Forest 024C,Waltham Forest,Q2 (420000.00 to 520000.00),Q4 (173.00 to 9206.00),Q4 (56.00 to 1283.00),Q3 (20.12 to 29.24),Q4 (16.97 to 121.89)
E01004439,Waltham Forest 021D,Waltham Forest,Q2 (420000.00 to 520000.00),Q2 (79.00 to 114.00),Q2 (24.00 to 38.00),Q2 (12.31 to 20.12),Q4 (16.97 to 121.89)
E01004440,Waltham Forest 024D,Waltham Forest,Q2 (420000.00 to 520000.00),Q4 (173.00 to 9206.00),Q4 (56.00 to 1283.00),Q3 (20.12 to 29.24),Q4 (16.97 to 121.89)
E01004441,Waltham Forest 024E,Waltham Forest,Q4 (683000.00 to 6425000.00),Q2 (79.00 to 114.00),Q1 (0.00 to 24.00),Q2 (12.31 to 20.12),Q4 (16.97 to 121.89)
E01004442,Waltham Forest 021E,Waltham Forest,Q3 (520000.00 to 683000.00),Q1 (2.00 to 79.00),Q1 (0.00 to 24.00),Q2 (12.31 to 20.12),Q3 (9.48 to 16.97)
E01004443,Waltham Forest 016E,Waltham Forest,Q3 (520000.00 to 683000.00),Q4 (173.00 to 9206.00),Q4 (56.00 to 1283.00),Q4 (29.24 to 59.01),Q4 (16.97 to 121.89)
E01004444,Waltham Forest 017D,Waltham Forest,Q1 (147500.00 to 420000.00),Q4 (173.00 to 9206.00),Q4 (56.00 to 1283.00),Q4 (29.24 to 59.01),Q4 (16.97 to 121.89)
E01004445,Waltham Forest 018C,Waltham Forest,Q3 (520000.00 to 683000.00),Q2 (79.00 to 114.00),Q2 (24.00 to 38.00),Q3 (20.12 to 29.24),Q3 (9.48 to 16.97)
E01004446,Waltham Forest 017E,Waltham Forest,Q3 (520000.00 to 683000.00),Q2 (79.00 to 114.00),Q2 (24.00 to 38.00),Q3 (20.12 to 29.24),Q3 (9.48 to 16.97)
E01004447,Waltham Forest 016F,Waltham Forest,Q3 (520000.00 to 683000.00),Q2 (79.00 to 114.00),Q2 (24.00 to 38.00),Q2 (12.31 to 20.12),Q3 (9.48 to 16.97)
E01004448,Waltham Forest 018D,Waltham Forest,Q3 (520000.00 to 683000.00),Q4 (173.00 to 9206.00),Q2 (24.00 to 38.00),Q3 (20.12 to 29.24),Q1 (0.19 to 5.47)
E01004449,Waltham Forest 018E,Waltham Forest,Q2 (420000.00 to 520000.00),Q3 (114.00 to 173.00),Q3 (38.00 to 56.00),Q4 (29.24 to 59.01),Q1 (0.19 to 5.47)
E01004450,Waltham Forest 006A,Waltham Forest,Q2 (420000.00 to 520000.00),Q1 (2.00 to 79.00),Q1 (0.00 to 24.00),Q2 (12.31 to 20.12),Q1 (0.19 to 5.47)
E01004451,Waltham Forest 005D,Waltham Forest,Q3 (520000.00 to 683000.00),Q2 (79.00 to 114.00),Q2 (24.00 to 38.00),Q2 (12.31 to 20.12),Q1 (0.19 to 5.47)
E01004452,Waltham Forest 005E,Waltham Forest,Q2 (420000.00 to 520000.00),Q4 (173.00 to 9206.00),Q3 (38.00 to 56.00),Q3 (20.12 to 29.24),Q2 (5.47 to 9.48)
E01004453,Waltham Forest 006B,Waltham Forest,Q1 (147500.00 to 420000.00),Q4 (173.00 to 9206.00),Q2 (24.00 to 38.00),Q3 (20.12 to 29.24),Q1 (0.19 to 5.47)
E01004454,Waltham Forest 006C,Waltham Forest,Q1 (147500.00 to 420000.00),Q3 (114.00 to 173.00),Q3 (38.00 to 56.00),Q3 (20.12 to 29.24),Q2 (5.47 to 9.48)
E01004455,Waltham Forest 006D,Waltham Forest,Q2 (420000.00 to 520000.00),Q4 (173.00 to 9206.00),Q4 (56.00 to 1283.00),Q4 (29.24 to 59.01),Q2 (5.47 to 9.48)
E01004456,Waltham Forest 006E,Waltham Forest,Q2 (420000.00 to 520000.00),Q4 (173.00 to 9206.00),Q4 (56.00 to 1283.00),Q4 (29.24 to 59.01),Q1 (0.19 to 5.47)
E01004457,Waltham Forest 012B,Waltham Forest,Q2 (420000.00 to 520000.00),Q3 (114.00 to 173.00),Q3 (38.00 to 56.00),Q3 (20.12 to 29.24),Q2 (5.47 to 9.48)
E01004458,Waltham Forest 012C,Waltham Forest,Q3 (520000.00 to 683000.00),Q3 (114.00 to 173.00),Q3 (38.00 to 56.00),Q3 (20.12 to 29.24),Q3 (9.48 to 16.97)
E01004459,Waltham Forest 012D,Waltham Forest,Q3 (520000.00 to 683000.00),Q3 (114.00 to 173.00),Q3 (38.00 to 56.00),Q4 (29.24 to 59.01),Q1 (0.19 to 5.47)
E01004460,Waltham Forest 011D,Waltham Forest,Q3 (520000.00 to 683000.00),Q4 (173.00 to 9206.00),Q3 (38.00 to 56.00),Q4 (29.24 to 59.01),Q3 (9.48 to 16.97)
E01004461,Waltham Forest 014E,Waltham Forest,Q2 (420000.00 to 520000.00),Q4 (173.00 to 9206.00),Q4 (56.00 to 1283.00),Q2 (12.31 to 20.12),Q3 (9.48 to 16.97)
E01004462,Waltham Forest 011E,Waltham Forest,Q4 (683000.00 to 6425000.00),Q3 (114.00 to 173.00),Q2 (24.00 to 38.00),Q3 (20.12 to 29.24),Q3 (9.48 to 16.97)
E01004463,Waltham Forest 012E,Waltham Forest,Q2 (420000.00 to 520000.00),Q2 (79.00 to 114.00),Q2 (24.00 to 38.00),Q2 (12.31 to 20.12),Q2 (5.47 to 9.48)
E01004464,Waltham Forest 013C,Waltham Forest,Q2 (420000.00 to 520000.00),Q4 (173.00 to 9206.00),Q4 (56.00 to 1283.00),Q4 (29.24 to 59.01),Q3 (9.48 to 16.97)
E01004465,Waltham Forest 015B,Waltham Forest,Q4 (683000.00 to 6425000.00),Q1 (2.00 to 79.00),Q1 (0.00 to 24.00),Q2 (12.31 to 20.12),Q3 (9.48 to 16.97)
E01004466,Waltham Forest 015C,Waltham Forest,Q4 (683000.00 to 6425000.00),Q2 (79.00 to 114.00),Q1 (0.00 to 24.00),Q2 (12.31 to 20.12),Q3 (9.48 to 16.97)
E01004467,Waltham Forest 015D,Waltham Forest,Q1 (147500.00 to 420000.00),Q4 (173.00 to 9206.00),Q4 (56.00 to 1283.00),Q4 (29.24 to 59.01),Q3 (9.48 to 16.97)
E01004468,Waltham Forest 015E,Waltham Forest,Q3 (520000.00 to 683000.00),Q2 (79.00 to 114.00),Q2 (24.00 to 38.00),Q2 (12.31 to 20.12),Q1 (0.19 to 5.47)
E01004469,Waltham Forest 013D,Waltham Forest,Q3 (520000.00 to 683000.00),Q2 (79.00 to 114.00),Q3 (38.00 to 56.00),Q4 (29.24 to 59.01),Q2 (5.47 to 9.48)
E01004470,Waltham Forest 013E,Waltham Forest,Q2 (420000.00 to 520000.00),Q4 (173.00 to 9206.00),Q4 (56.00 to 1283.00),Q4 (29.24 to 59.01),Q3 (9.48 to 16.97)
E01004471,Waltham Forest 013F,Waltham Forest,Q2 (420000.00 to 520000.00),Q2 (79.00 to 114.00),Q2 (24.00 to 38.00),Q4 (29.24 to 59.01),Q3 (9.48 to 16.97)
E01004472,Wandsworth 021A,Wandsworth,Q4 (683000.00 to 6425000.00),Q2 (79.00 to 114.00),Q1 (0.00 to 24.00),Q1 (2.33 to 12.31),Q4 (16.97 to 121.89)
E01004473,Wandsworth 026A,Wandsworth,Q4 (683000.00 to 6425000.00),Q2 (79.00 to 114.00),Q1 (0.00 to 24.00),Q1 (2.33 to 12.31),Q4 (16.97 to 121.89)
E01004474,Wandsworth 021B,Wandsworth,Q2 (420000.00 to 520000.00),Q4 (173.00 to 9206.00),Q4 (56.00 to 1283.00),Q2 (12.31 to 20.12),Q4 (16.97 to 121.89)
E01004475,Wandsworth 026B,Wandsworth,Q4 (683000.00 to 6425000.00),Q2 (79.00 to 114.00),Q1 (0.00 to 24.00),Q2 (12.31 to 20.12),Q4 (16.97 to 121.89)
E01004476,Wandsworth 021C,Wandsworth,Q3 (520000.00 to 683000.00),Q4 (173.00 to 9206.00),Q3 (38.00 to 56.00),Q2 (12.31 to 20.12),Q4 (16.97 to 121.89)
E01004477,Wandsworth 017A,Wandsworth,Q4 (683000.00 to 6425000.00),Q1 (2.00 to 79.00),Q1 (0.00 to 24.00),Q1 (2.33 to 12.31),Q2 (5.47 to 9.48)
E01004478,Wandsworth 017B,Wandsworth,Q4 (683000.00 to 6425000.00),Q1 (2.00 to 79.00),Q1 (0.00 to 24.00),Q1 (2.33 to 12.31),Q1 (0.19 to 5.47)
E01004479,Wandsworth 017C,Wandsworth,Q4 (683000.00 to 6425000.00),Q1 (2.00 to 79.00),Q1 (0.00 to 24.00),Q1 (2.33 to 12.31),Q3 (9.48 to 16.97)
E01004480,Wandsworth 026C,Wandsworth,Q4 (683000.00 to 6425000.00),Q1 (2.00 to 79.00),Q1 (0.00 to 24.00),Q1 (2.33 to 12.31),Q4 (16.97 to 121.89)
E01004481,Wandsworth 029A,Wandsworth,Q2 (420000.00 to 520000.00),Q2 (79.00 to 114.00),Q2 (24.00 to 38.00),Q2 (12.31 to 20.12),Q4 (16.97 to 121.89)
E01004482,Wandsworth 030A,Wandsworth,Q4 (683000.00 to 6425000.00),Q1 (2.00 to 79.00),Q1 (0.00 to 24.00),Q2 (12.31 to 20.12),Q3 (9.48 to 16.97)
E01004483,Wandsworth 026D,Wandsworth,Q2 (420000.00 to 520000.00),Q2 (79.00 to 114.00),Q2 (24.00 to 38.00),Q2 (12.31 to 20.12),Q2 (5.47 to 9.48)
E01004484,Wandsworth 026E,Wandsworth,Q4 (683000.00 to 6425000.00),Q1 (2.00 to 79.00),Q1 (0.00 to 24.00),Q2 (12.31 to 20.12),Q3 (9.48 to 16.97)
E01004485,Wandsworth 030B,Wandsworth,Q3 (520000.00 to 683000.00),Q3 (114.00 to 173.00),Q3 (38.00 to 56.00),Q2 (12.31 to 20.12),Q4 (16.97 to 121.89)
E01004486,Wandsworth 026F,Wandsworth,Q3 (520000.00 to 683000.00),Q1 (2.00 to 79.00),Q1 (0.00 to 24.00),Q2 (12.31 to 20.12),Q1 (0.19 to 5.47)
E01004487,Wandsworth 030C,Wandsworth,Q4 (683000.00 to 6425000.00),Q1 (2.00 to 79.00),Q1 (0.00 to 24.00),Q3 (20.12 to 29.24),Q3 (9.48 to 16.97)
E01004488,Wandsworth 029B,Wandsworth,Q3 (520000.00 to 683000.00),Q1 (2.00 to 79.00),Q1 (0.00 to 24.00),Q2 (12.31 to 20.12),Q4 (16.97 to 121.89)
E01004489,Wandsworth 030D,Wandsworth,Q4 (683000.00 to 6425000.00),Q2 (79.00 to 114.00),Q1 (0.00 to 24.00),Q3 (20.12 to 29.24),Q3 (9.48 to 16.97)
E01004490,Wandsworth 031A,Wandsworth,Q4 (683000.00 to 6425000.00),Q1 (2.00 to 79.00),Q1 (0.00 to 24.00),Q1 (2.33 to 12.31),Q3 (9.48 to 16.97)
E01004491,Wandsworth 031B,Wandsworth,Q1 (147500.00 to 420000.00),Q1 (2.00 to 79.00),Q2 (24.00 to 38.00),Q2 (12.31 to 20.12),Q2 (5.47 to 9.48)
E01004492,Wandsworth 031C,Wandsworth,Q4 (683000.00 to 6425000.00),Q2 (79.00 to 114.00),Q2 (24.00 to 38.00),Q2 (12.31 to 20.12),Q2 (5.47 to 9.48)
E01004493,Wandsworth 019A,Wandsworth,Q3 (520000.00 to 683000.00),Q4 (173.00 to 9206.00),Q4 (56.00 to 1283.00),Q2 (12.31 to 20.12),Q3 (9.48 to 16.97)
E01004494,Wandsworth 018A,Wandsworth,Q2 (420000.00 to 520000.00),Q2 (79.00 to 114.00),Q2 (24.00 to 38.00),Q2 (12.31 to 20.12),Q3 (9.48 to 16.97)
E01004495,Wandsworth 024A,Wandsworth,Q3 (520000.00 to 683000.00),Q2 (79.00 to 114.00),Q3 (38.00 to 56.00),Q3 (20.12 to 29.24),Q4 (16.97 to 121.89)
E01004496,Wandsworth 024B,Wandsworth,Q3 (520000.00 to 683000.00),Q3 (114.00 to 173.00),Q3 (38.00 to 56.00),Q1 (2.33 to 12.31),Q4 (16.97 to 121.89)
E01004497,Wandsworth 024C,Wandsworth,Q4 (683000.00 to 6425000.00),Q1 (2.00 to 79.00),Q2 (24.00 to 38.00),Q2 (12.31 to 20.12),Q3 (9.48 to 16.97)
E01004498,Wandsworth 031D,Wandsworth,Q4 (683000.00 to 6425000.00),Q1 (2.00 to 79.00),Q1 (0.00 to 24.00),Q1 (2.33 to 12.31),Q4 (16.97 to 121.89)
E01004499,Wandsworth 020A,Wandsworth,Q3 (520000.00 to 683000.00),Q1 (2.00 to 79.00),Q2 (24.00 to 38.00),Q2 (12.31 to 20.12),Q3 (9.48 to 16.97)
E01004500,Wandsworth 014A,Wandsworth,Q2 (420000.00 to 520000.00),Q1 (2.00 to 79.00),Q1 (0.00 to 24.00),Q1 (2.33 to 12.31),Q4 (16.97 to 121.89)
E01004501,Wandsworth 014B,Wandsworth,Q2 (420000.00 to 520000.00),Q1 (2.00 to 79.00),Q1 (0.00 to 24.00),Q2 (12.31 to 20.12),Q3 (9.48 to 16.97)
E01004502,Wandsworth 020B,Wandsworth,Q4 (683000.00 to 6425000.00),Q1 (2.00 to 79.00),Q1 (0.00 to 24.00),Q1 (2.33 to 12.31),Q2 (5.47 to 9.48)
E01004503,Wandsworth 014C,Wandsworth,Q3 (520000.00 to 683000.00),Q2 (79.00 to 114.00),Q2 (24.00 to 38.00),Q2 (12.31 to 20.12),Q2 (5.47 to 9.48)
E01004504,Wandsworth 020C,Wandsworth,Q3 (520000.00 to 683000.00),Q1 (2.00 to 79.00),Q1 (0.00 to 24.00),Q1 (2.33 to 12.31),Q2 (5.47 to 9.48)
E01004505,Wandsworth 014D,Wandsworth,Q3 (520000.00 to 683000.00),Q1 (2.00 to 79.00),Q1 (0.00 to 24.00),Q1 (2.33 to 12.31),Q3 (9.48 to 16.97)
E01004506,Wandsworth 011A,Wandsworth,Q3 (520000.00 to 683000.00),Q3 (114.00 to 173.00),Q3 (38.00 to 56.00),Q1 (2.33 to 12.31),Q4 (16.97 to 121.89)
E01004507,Wandsworth 014E,Wandsworth,Q3 (520000.00 to 683000.00),Q3 (114.00 to 173.00),Q3 (38.00 to 56.00),Q1 (2.33 to 12.31),Q4 (16.97 to 121.89)
E01004508,Wandsworth 012A,Wandsworth,Q4 (683000.00 to 6425000.00),Q4 (173.00 to 9206.00),Q3 (38.00 to 56.00),Q1 (2.33 to 12.31),Q4 (16.97 to 121.89)
E01004509,Wandsworth 010A,Wandsworth,Q3 (520000.00 to 683000.00),Q4 (173.00 to 9206.00),Q4 (56.00 to 1283.00),Q2 (12.31 to 20.12),Q4 (16.97 to 121.89)
E01004510,Wandsworth 012B,Wandsworth,Q3 (520000.00 to 683000.00),Q2 (79.00 to 114.00),Q2 (24.00 to 38.00),Q1 (2.33 to 12.31),Q4 (16.97 to 121.89)
E01004511,Wandsworth 010B,Wandsworth,Q4 (683000.00 to 6425000.00),Q1 (2.00 to 79.00),Q1 (0.00 to 24.00),Q1 (2.33 to 12.31),Q3 (9.48 to 16.97)
E01004512,Wandsworth 019B,Wandsworth,Q4 (683000.00 to 6425000.00),Q1 (2.00 to 79.00),Q1 (0.00 to 24.00),Q2 (12.31 to 20.12),Q3 (9.48 to 16.97)
E01004513,Wandsworth 018B,Wandsworth,Q2 (420000.00 to 520000.00),Q4 (173.00 to 9206.00),Q4 (56.00 to 1283.00),Q2 (12.31 to 20.12),Q3 (9.48 to 16.97)
E01004514,Wandsworth 012C,Wandsworth,Q4 (683000.00 to 6425000.00),Q2 (79.00 to 114.00),Q2 (24.00 to 38.00),Q1 (2.33 to 12.31),Q4 (16.97 to 121.89)
E01004515,Wandsworth 012D,Wandsworth,Q3 (520000.00 to 683000.00),Q2 (79.00 to 114.00),Q2 (24.00 to 38.00),Q2 (12.31 to 20.12),Q4 (16.97 to 121.89)
E01004516,Wandsworth 036A,Wandsworth,Q4 (683000.00 to 6425000.00),Q1 (2.00 to 79.00),Q1 (0.00 to 24.00),Q2 (12.31 to 20.12),Q1 (0.19 to 5.47)
E01004517,Wandsworth 037A,Wandsworth,Q2 (420000.00 to 520000.00),Q3 (114.00 to 173.00),Q4 (56.00 to 1283.00),Q2 (12.31 to 20.12),Q3 (9.48 to 16.97)
E01004518,Wandsworth 036B,Wandsworth,Q3 (520000.00 to 683000.00),Q2 (79.00 to 114.00),Q1 (0.00 to 24.00),Q2 (12.31 to 20.12),Q2 (5.47 to 9.48)
E01004519,Wandsworth 036C,Wandsworth,Q4 (683000.00 to 6425000.00),Q2 (79.00 to 114.00),Q3 (38.00 to 56.00),Q2 (12.31 to 20.12),Q3 (9.48 to 16.97)
E01004520,Wandsworth 036D,Wandsworth,Q3 (520000.00 to 683000.00),Q2 (79.00 to 114.00),Q2 (24.00 to 38.00),Q2 (12.31 to 20.12),Q2 (5.47 to 9.48)
E01004521,Wandsworth 037B,Wandsworth,Q3 (520000.00 to 683000.00),Q3 (114.00 to 173.00),Q2 (24.00 to 38.00),Q2 (12.31 to 20.12),Q2 (5.47 to 9.48)
E01004522,Wandsworth 037C,Wandsworth,Q3 (520000.00 to 683000.00),Q2 (79.00 to 114.00),Q3 (38.00 to 56.00),Q2 (12.31 to 20.12),Q2 (5.47 to 9.48)
E01004523,Wandsworth 036E,Wandsworth,Q2 (420000.00 to 520000.00),Q3 (114.00 to 173.00),Q2 (24.00 to 38.00),Q2 (12.31 to 20.12),Q2 (5.47 to 9.48)
E01004524,Wandsworth 037D,Wandsworth,Q1 (147500.00 to 420000.00),Q3 (114.00 to 173.00),Q3 (38.00 to 56.00),Q4 (29.24 to 59.01),Q2 (5.47 to 9.48)
E01004525,Wandsworth 035A,Wandsworth,Q3 (520000.00 to 683000.00),Q4 (173.00 to 9206.00),Q4 (56.00 to 1283.00),Q3 (20.12 to 29.24),Q4 (16.97 to 121.89)
E01004526,Wandsworth 035B,Wandsworth,Q2 (420000.00 to 520000.00),Q4 (173.00 to 9206.00),Q3 (38.00 to 56.00),Q3 (20.12 to 29.24),Q4 (16.97 to 121.89)
E01004527,Wandsworth 035C,Wandsworth,Q4 (683000.00 to 6425000.00),Q2 (79.00 to 114.00),Q2 (24.00 to 38.00),Q2 (12.31 to 20.12),Q4 (16.97 to 121.89)
E01004528,Wandsworth 035D,Wandsworth,Q2 (420000.00 to 520000.00),Q3 (114.00 to 173.00),Q3 (38.00 to 56.00),Q3 (20.12 to 29.24),Q4 (16.97 to 121.89)
E01004529,Wandsworth 035E,Wandsworth,Q3 (520000.00 to 683000.00),Q3 (114.00 to 173.00),Q3 (38.00 to 56.00),Q2 (12.31 to 20.12),Q4 (16.97 to 121.89)
E01004530,Wandsworth 035F,Wandsworth,Q2 (420000.00 to 520000.00),Q2 (79.00 to 114.00),Q1 (0.00 to 24.00),Q2 (12.31 to 20.12),Q4 (16.97 to 121.89)
E01004531,Wandsworth 033A,Wandsworth,Q3 (520000.00 to 683000.00),Q1 (2.00 to 79.00),Q1 (0.00 to 24.00),Q3 (20.12 to 29.24),Q3 (9.48 to 16.97)
E01004532,Wandsworth 032A,Wandsworth,Q3 (520000.00 to 683000.00),Q1 (2.00 to 79.00),Q1 (0.00 to 24.00),Q2 (12.31 to 20.12),Q1 (0.19 to 5.47)
E01004533,Wandsworth 033B,Wandsworth,Q3 (520000.00 to 683000.00),Q2 (79.00 to 114.00),Q1 (0.00 to 24.00),Q3 (20.12 to 29.24),Q3 (9.48 to 16.97)
E01004534,Wandsworth 008A,Wandsworth,Q4 (683000.00 to 6425000.00),Q3 (114.00 to 173.00),Q3 (38.00 to 56.00),Q2 (12.31 to 20.12),Q4 (16.97 to 121.89)
E01004536,Wandsworth 008B,Wandsworth,Q1 (147500.00 to 420000.00),Q4 (173.00 to 9206.00),Q4 (56.00 to 1283.00),Q3 (20.12 to 29.24),Q4 (16.97 to 121.89)
E01004537,Wandsworth 007B,Wandsworth,Q1 (147500.00 to 420000.00),Q3 (114.00 to 173.00),Q3 (38.00 to 56.00),Q4 (29.24 to 59.01),Q4 (16.97 to 121.89)
E01004538,Wandsworth 007C,Wandsworth,Q2 (420000.00 to 520000.00),Q2 (79.00 to 114.00),Q2 (24.00 to 38.00),Q3 (20.12 to 29.24),Q4 (16.97 to 121.89)
E01004539,Wandsworth 003A,Wandsworth,Q1 (147500.00 to 420000.00),Q4 (173.00 to 9206.00),Q4 (56.00 to 1283.00),Q4 (29.24 to 59.01),Q2 (5.47 to 9.48)
E01004540,Wandsworth 003B,Wandsworth,Q3 (520000.00 to 683000.00),Q3 (114.00 to 173.00),Q3 (38.00 to 56.00),Q3 (20.12 to 29.24),Q2 (5.47 to 9.48)
E01004541,Wandsworth 007D,Wandsworth,Q1 (147500.00 to 420000.00),Q3 (114.00 to 173.00),Q3 (38.00 to 56.00),Q4 (29.24 to 59.01),Q4 (16.97 to 121.89)
E01004542,Wandsworth 021D,Wandsworth,Q4 (683000.00 to 6425000.00),Q1 (2.00 to 79.00),Q2 (24.00 to 38.00),Q1 (2.33 to 12.31),Q4 (16.97 to 121.89)
E01004543,Wandsworth 027A,Wandsworth,Q4 (683000.00 to 6425000.00),Q2 (79.00 to 114.00),Q1 (0.00 to 24.00),Q1 (2.33 to 12.31),Q4 (16.97 to 121.89)
E01004544,Wandsworth 021E,Wandsworth,Q4 (683000.00 to 6425000.00),Q1 (2.00 to 79.00),Q1 (0.00 to 24.00),Q1 (2.33 to 12.31),Q4 (16.97 to 121.89)
E01004545,Wandsworth 027B,Wandsworth,Q2 (420000.00 to 520000.00),Q4 (173.00 to 9206.00),Q2 (24.00 to 38.00),Q1 (2.33 to 12.31),Q4 (16.97 to 121.89)
E01004546,Wandsworth 027C,Wandsworth,Q3 (520000.00 to 683000.00),Q1 (2.00 to 79.00),Q1 (0.00 to 24.00),Q1 (2.33 to 12.31),Q4 (16.97 to 121.89)
E01004547,Wandsworth 029C,Wandsworth,Q4 (683000.00 to 6425000.00),Q1 (2.00 to 79.00),Q1 (0.00 to 24.00),Q3 (20.12 to 29.24),Q4 (16.97 to 121.89)
E01004548,Wandsworth 029D,Wandsworth,Q2 (420000.00 to 520000.00),Q3 (114.00 to 173.00),Q3 (38.00 to 56.00),Q2 (12.31 to 20.12),Q4 (16.97 to 121.89)
E01004549,Wandsworth 027D,Wandsworth,Q4 (683000.00 to 6425000.00),Q2 (79.00 to 114.00),Q2 (24.00 to 38.00),Q2 (12.31 to 20.12),Q3 (9.48 to 16.97)
E01004550,Wandsworth 017D,Wandsworth,Q4 (683000.00 to 6425000.00),Q1 (2.00 to 79.00),Q1 (0.00 to 24.00),Q2 (12.31 to 20.12),Q4 (16.97 to 121.89)
E01004551,Wandsworth 012E,Wandsworth,Q2 (420000.00 to 520000.00),Q4 (173.00 to 9206.00),Q4 (56.00 to 1283.00),Q2 (12.31 to 20.12),Q4 (16.97 to 121.89)
E01004552,Wandsworth 008C,Wandsworth,Q4 (683000.00 to 6425000.00),Q4 (173.00 to 9206.00),Q4 (56.00 to 1283.00),Q1 (2.33 to 12.31),Q4 (16.97 to 121.89)
E01004553,Wandsworth 015A,Wandsworth,Q4 (683000.00 to 6425000.00),Q3 (114.00 to 173.00),Q1 (0.00 to 24.00),Q1 (2.33 to 12.31),Q4 (16.97 to 121.89)
E01004554,Wandsworth 009A,Wandsworth,Q4 (683000.00 to 6425000.00),Q1 (2.00 to 79.00),Q1 (0.00 to 24.00),Q1 (2.33 to 12.31),Q3 (9.48 to 16.97)
E01004555,Wandsworth 017E,Wandsworth,Q4 (683000.00 to 6425000.00),Q2 (79.00 to 114.00),Q1 (0.00 to 24.00),Q1 (2.33 to 12.31),Q2 (5.47 to 9.48)
E01004556,Wandsworth 009B,Wandsworth,Q4 (683000.00 to 6425000.00),Q1 (2.00 to 79.00),Q1 (0.00 to 24.00),Q1 (2.33 to 12.31),Q4 (16.97 to 121.89)
E01004557,Wandsworth 015B,Wandsworth,Q4 (683000.00 to 6425000.00),Q1 (2.00 to 79.00),Q1 (0.00 to 24.00),Q1 (2.33 to 12.31),Q4 (16.97 to 121.89)
E01004558,Wandsworth 015C,Wandsworth,Q4 (683000.00 to 6425000.00),Q1 (2.00 to 79.00),Q1 (0.00 to 24.00),Q1 (2.33 to 12.31),Q2 (5.47 to 9.48)
E01004559,Wandsworth 015D,Wandsworth,Q4 (683000.00 to 6425000.00),Q1 (2.00 to 79.00),Q1 (0.00 to 24.00),Q1 (2.33 to 12.31),Q3 (9.48 to 16.97)
E01004560,Wandsworth 001A,Wandsworth,Q4 (683000.00 to 6425000.00),Q4 (173.00 to 9206.00),Q3 (38.00 to 56.00),Q2 (12.31 to 20.12),Q2 (5.47 to 9.48)
E01004562,Wandsworth 002B,Wandsworth,Q4 (683000.00 to 6425000.00),Q4 (173.00 to 9206.00),Q4 (56.00 to 1283.00),Q4 (29.24 to 59.01),Q3 (9.48 to 16.97)
E01004563,Wandsworth 002C,Wandsworth,Q2 (420000.00 to 520000.00),Q4 (173.00 to 9206.00),Q4 (56.00 to 1283.00),Q4 (29.24 to 59.01),Q3 (9.48 to 16.97)
E01004564,Wandsworth 002D,Wandsworth,Q3 (520000.00 to 683000.00),Q3 (114.00 to 173.00),Q3 (38.00 to 56.00),Q2 (12.31 to 20.12),Q3 (9.48 to 16.97)
E01004565,Wandsworth 005A,Wandsworth,Q4 (683000.00 to 6425000.00),Q1 (2.00 to 79.00),Q1 (0.00 to 24.00),Q2 (12.31 to 20.12),Q4 (16.97 to 121.89)
E01004566,Wandsworth 001B,Wandsworth,Q4 (683000.00 to 6425000.00),Q2 (79.00 to 114.00),Q2 (24.00 to 38.00),Q1 (2.33 to 12.31),Q4 (16.97 to 121.89)
E01004567,Wandsworth 002E,Wandsworth,Q2 (420000.00 to 520000.00),Q3 (114.00 to 173.00),Q3 (38.00 to 56.00),Q4 (29.24 to 59.01),Q2 (5.47 to 9.48)
E01004569,Wandsworth 023A,Wandsworth,Q3 (520000.00 to 683000.00),Q4 (173.00 to 9206.00),Q4 (56.00 to 1283.00),Q3 (20.12 to 29.24),Q3 (9.48 to 16.97)
E01004570,Wandsworth 023B,Wandsworth,Q1 (147500.00 to 420000.00),Q3 (114.00 to 173.00),Q3 (38.00 to 56.00),Q4 (29.24 to 59.01),Q3 (9.48 to 16.97)
E01004571,Wandsworth 023C,Wandsworth,Q1 (147500.00 to 420000.00),Q3 (114.00 to 173.00),Q2 (24.00 to 38.00),Q3 (20.12 to 29.24),Q3 (9.48 to 16.97)
E01004572,Wandsworth 016A,Wandsworth,Q3 (520000.00 to 683000.00),Q2 (79.00 to 114.00),Q2 (24.00 to 38.00),Q3 (20.12 to 29.24),Q2 (5.47 to 9.48)
E01004573,Wandsworth 023D,Wandsworth,Q1 (147500.00 to 420000.00),Q3 (114.00 to 173.00),Q3 (38.00 to 56.00),Q3 (20.12 to 29.24),Q1 (0.19 to 5.47)
E01004574,Wandsworth 013B,Wandsworth,Q1 (147500.00 to 420000.00),Q3 (114.00 to 173.00),Q4 (56.00 to 1283.00),Q4 (29.24 to 59.01),Q1 (0.19 to 5.47)
E01004575,Wandsworth 013C,Wandsworth,Q2 (420000.00 to 520000.00),Q3 (114.00 to 173.00),Q3 (38.00 to 56.00),Q4 (29.24 to 59.01),Q1 (0.19 to 5.47)
E01004576,Wandsworth 013D,Wandsworth,Q4 (683000.00 to 6425000.00),Q3 (114.00 to 173.00),Q4 (56.00 to 1283.00),Q3 (20.12 to 29.24),Q1 (0.19 to 5.47)
E01004577,Wandsworth 003C,Wandsworth,Q4 (683000.00 to 6425000.00),Q2 (79.00 to 114.00),Q2 (24.00 to 38.00),Q2 (12.31 to 20.12),Q3 (9.48 to 16.97)
E01004579,Wandsworth 004B,Wandsworth,Q4 (683000.00 to 6425000.00),Q3 (114.00 to 173.00),Q2 (24.00 to 38.00),Q2 (12.31 to 20.12),Q3 (9.48 to 16.97)
E01004580,Wandsworth 004C,Wandsworth,Q3 (520000.00 to 683000.00),Q3 (114.00 to 173.00),Q2 (24.00 to 38.00),Q2 (12.31 to 20.12),Q4 (16.97 to 121.89)
E01004581,Wandsworth 004D,Wandsworth,Q3 (520000.00 to 683000.00),Q2 (79.00 to 114.00),Q2 (24.00 to 38.00),Q2 (12.31 to 20.12),Q2 (5.47 to 9.48)
E01004582,Wandsworth 001C,Wandsworth,Q4 (683000.00 to 6425000.00),Q3 (114.00 to 173.00),Q2 (24.00 to 38.00),Q1 (2.33 to 12.31),Q2 (5.47 to 9.48)
E01004583,Wandsworth 001D,Wandsworth,Q4 (683000.00 to 6425000.00),Q3 (114.00 to 173.00),Q4 (56.00 to 1283.00),Q1 (2.33 to 12.31),Q3 (9.48 to 16.97)
E01004584,Wandsworth 003D,Wandsworth,Q2 (420000.00 to 520000.00),Q3 (114.00 to 173.00),Q4 (56.00 to 1283.00),Q4 (29.24 to 59.01),Q2 (5.47 to 9.48)
E01004585,Wandsworth 008D,Wandsworth,Q4 (683000.00 to 6425000.00),Q2 (79.00 to 114.00),Q2 (24.00 to 38.00),Q1 (2.33 to 12.31),Q4 (16.97 to 121.89)
E01004586,Wandsworth 009C,Wandsworth,Q4 (683000.00 to 6425000.00),Q2 (79.00 to 114.00),Q1 (0.00 to 24.00),Q1 (2.33 to 12.31),Q4 (16.97 to 121.89)
E01004587,Wandsworth 009D,Wandsworth,Q4 (683000.00 to 6425000.00),Q1 (2.00 to 79.00),Q1 (0.00 to 24.00),Q1 (2.33 to 12.31),Q3 (9.48 to 16.97)
E01004588,Wandsworth 008E,Wandsworth,Q4 (683000.00 to 6425000.00),Q4 (173.00 to 9206.00),Q4 (56.00 to 1283.00),Q2 (12.31 to 20.12),Q4 (16.97 to 121.89)
E01004589,Wandsworth 009E,Wandsworth,Q4 (683000.00 to 6425000.00),Q2 (79.00 to 114.00),Q1 (0.00 to 24.00),Q1 (2.33 to 12.31),Q4 (16.97 to 121.89)
E01004590,Wandsworth 005B,Wandsworth,Q4 (683000.00 to 6425000.00),Q2 (79.00 to 114.00),Q3 (38.00 to 56.00),Q3 (20.12 to 29.24),Q2 (5.47 to 9.48)
E01004591,Wandsworth 005C,Wandsworth,Q3 (520000.00 to 683000.00),Q3 (114.00 to 173.00),Q2 (24.00 to 38.00),Q2 (12.31 to 20.12),Q3 (9.48 to 16.97)
E01004592,Wandsworth 005D,Wandsworth,Q4 (683000.00 to 6425000.00),Q2 (79.00 to 114.00),Q2 (24.00 to 38.00),Q3 (20.12 to 29.24),Q3 (9.48 to 16.97)
E01004593,Wandsworth 025A,Wandsworth,Q4 (683000.00 to 6425000.00),Q1 (2.00 to 79.00),Q1 (0.00 to 24.00),Q1 (2.33 to 12.31),Q2 (5.47 to 9.48)
E01004594,Wandsworth 020D,Wandsworth,Q4 (683000.00 to 6425000.00),Q1 (2.00 to 79.00),Q1 (0.00 to 24.00),Q1 (2.33 to 12.31),Q3 (9.48 to 16.97)
E01004595,Wandsworth 025B,Wandsworth,Q4 (683000.00 to 6425000.00),Q1 (2.00 to 79.00),Q1 (0.00 to 24.00),Q1 (2.33 to 12.31),Q2 (5.47 to 9.48)
E01004596,Wandsworth 020E,Wandsworth,Q4 (683000.00 to 6425000.00),Q1 (2.00 to 79.00),Q1 (0.00 to 24.00),Q1 (2.33 to 12.31),Q3 (9.48 to 16.97)
E01004597,Wandsworth 025C,Wandsworth,Q4 (683000.00 to 6425000.00),Q1 (2.00 to 79.00),Q1 (0.00 to 24.00),Q1 (2.33 to 12.31),Q2 (5.47 to 9.48)
E01004598,Wandsworth 025D,Wandsworth,Q3 (520000.00 to 683000.00),Q1 (2.00 to 79.00),Q1 (0.00 to 24.00),Q1 (2.33 to 12.31),Q4 (16.97 to 121.89)
E01004599,Wandsworth 025E,Wandsworth,Q4 (683000.00 to 6425000.00),Q1 (2.00 to 79.00),Q1 (0.00 to 24.00),Q1 (2.33 to 12.31),Q2 (5.47 to 9.48)
E01004600,Wandsworth 018C,Wandsworth,Q2 (420000.00 to 520000.00),Q4 (173.00 to 9206.00),Q4 (56.00 to 1283.00),Q3 (20.12 to 29.24),Q4 (16.97 to 121.89)
E01004601,Wandsworth 018D,Wandsworth,Q2 (420000.00 to 520000.00),Q3 (114.00 to 173.00),Q3 (38.00 to 56.00),Q2 (12.31 to 20.12),Q3 (9.48 to 16.97)
E01004602,Wandsworth 010C,Wandsworth,Q4 (683000.00 to 6425000.00),Q2 (79.00 to 114.00),Q1 (0.00 to 24.00),Q1 (2.33 to 12.31),Q4 (16.97 to 121.89)
E01004604,Wandsworth 006A,Wandsworth,Q4 (683000.00 to 6425000.00),Q2 (79.00 to 114.00),Q1 (0.00 to 24.00),Q1 (2.33 to 12.31),Q2 (5.47 to 9.48)
E01004605,Wandsworth 006B,Wandsworth,Q4 (683000.00 to 6425000.00),Q2 (79.00 to 114.00),Q3 (38.00 to 56.00),Q2 (12.31 to 20.12),Q2 (5.47 to 9.48)
E01004606,Wandsworth 006C,Wandsworth,Q4 (683000.00 to 6425000.00),Q2 (79.00 to 114.00),Q1 (0.00 to 24.00),Q1 (2.33 to 12.31),Q3 (9.48 to 16.97)
E01004607,Wandsworth 006D,Wandsworth,Q4 (683000.00 to 6425000.00),Q1 (2.00 to 79.00),Q1 (0.00 to 24.00),Q1 (2.33 to 12.31),Q4 (16.97 to 121.89)
E01004608,Wandsworth 006E,Wandsworth,Q3 (520000.00 to 683000.00),Q3 (114.00 to 173.00),Q2 (24.00 to 38.00),Q2 (12.31 to 20.12),Q4 (16.97 to 121.89)
E01004609,Wandsworth 010E,Wandsworth,Q4 (683000.00 to 6425000.00),Q4 (173.00 to 9206.00),Q4 (56.00 to 1283.00),Q1 (2.33 to 12.31),Q4 (16.97 to 121.89)
E01004610,Wandsworth 033C,Wandsworth,Q4 (683000.00 to 6425000.00),Q2 (79.00 to 114.00),Q2 (24.00 to 38.00),Q2 (12.31 to 20.12),Q3 (9.48 to 16.97)
E01004611,Wandsworth 032B,Wandsworth,Q4 (683000.00 to 6425000.00),Q2 (79.00 to 114.00),Q2 (24.00 to 38.00),Q2 (12.31 to 20.12),Q3 (9.48 to 16.97)
E01004612,Wandsworth 032C,Wandsworth,Q4 (683000.00 to 6425000.00),Q3 (114.00 to 173.00),Q4 (56.00 to 1283.00),Q3 (20.12 to 29.24),Q4 (16.97 to 121.89)
E01004613,Wandsworth 033D,Wandsworth,Q3 (520000.00 to 683000.00),Q4 (173.00 to 9206.00),Q3 (38.00 to 56.00),Q4 (29.24 to 59.01),Q4 (16.97 to 121.89)
E01004614,Wandsworth 034A,Wandsworth,Q3 (520000.00 to 683000.00),Q2 (79.00 to 114.00),Q1 (0.00 to 24.00),Q2 (12.31 to 20.12),Q4 (16.97 to 121.89)
E01004615,Wandsworth 034B,Wandsworth,Q3 (520000.00 to 683000.00),Q3 (114.00 to 173.00),Q4 (56.00 to 1283.00),Q4 (29.24 to 59.01),Q3 (9.48 to 16.97)
E01004616,Wandsworth 034C,Wandsworth,Q2 (420000.00 to 520000.00),Q2 (79.00 to 114.00),Q2 (24.00 to 38.00),Q2 (12.31 to 20.12),Q4 (16.97 to 121.89)
E01004617,Wandsworth 034D,Wandsworth,Q3 (520000.00 to 683000.00),Q4 (173.00 to 9206.00),Q4 (56.00 to 1283.00),Q3 (20.12 to 29.24),Q3 (9.48 to 16.97)
E01004618,Wandsworth 032D,Wandsworth,Q4 (683000.00 to 6425000.00),Q1 (2.00 to 79.00),Q2 (24.00 to 38.00),Q2 (12.31 to 20.12),Q3 (9.48 to 16.97)
E01004619,Wandsworth 015E,Wandsworth,Q3 (520000.00 to 683000.00),Q1 (2.00 to 79.00),Q1 (0.00 to 24.00),Q2 (12.31 to 20.12),Q1 (0.19 to 5.47)
E01004620,Wandsworth 019C,Wandsworth,Q4 (683000.00 to 6425000.00),Q1 (2.00 to 79.00),Q2 (24.00 to 38.00),Q2 (12.31 to 20.12),Q1 (0.19 to 5.47)
E01004621,Wandsworth 019D,Wandsworth,Q3 (520000.00 to 683000.00),Q2 (79.00 to 114.00),Q1 (0.00 to 24.00),Q2 (12.31 to 20.12),Q3 (9.48 to 16.97)
E01004622,Wandsworth 024D,Wandsworth,Q2 (420000.00 to 520000.00),Q4 (173.00 to 9206.00),Q4 (56.00 to 1283.00),Q3 (20.12 to 29.24),Q1 (0.19 to 5.47)
E01004623,Wandsworth 019E,Wandsworth,Q4 (683000.00 to 6425000.00),Q1 (2.00 to 79.00),Q1 (0.00 to 24.00),Q1 (2.33 to 12.31),Q3 (9.48 to 16.97)
E01004624,Wandsworth 024E,Wandsworth,Q3 (520000.00 to 683000.00),Q2 (79.00 to 114.00),Q3 (38.00 to 56.00),Q2 (12.31 to 20.12),Q2 (5.47 to 9.48)
E01004625,Wandsworth 027E,Wandsworth,Q4 (683000.00 to 6425000.00),Q1 (2.00 to 79.00),Q1 (0.00 to 24.00),Q1 (2.33 to 12.31),Q1 (0.19 to 5.47)
E01004626,Wandsworth 027F,Wandsworth,Q4 (683000.00 to 6425000.00),Q4 (173.00 to 9206.00),Q4 (56.00 to 1283.00),Q2 (12.31 to 20.12),Q2 (5.47 to 9.48)
E01004627,Wandsworth 019F,Wandsworth,Q4 (683000.00 to 6425000.00),Q2 (79.00 to 114.00),Q1 (0.00 to 24.00),Q1 (2.33 to 12.31),Q3 (9.48 to 16.97)
E01004628,Wandsworth 022A,Wandsworth,Q2 (420000.00 to 520000.00),Q2 (79.00 to 114.00),Q2 (24.00 to 38.00),Q3 (20.12 to 29.24),Q1 (0.19 to 5.47)
E01004629,Wandsworth 020F,Wandsworth,Q4 (683000.00 to 6425000.00),Q1 (2.00 to 79.00),Q1 (0.00 to 24.00),Q1 (2.33 to 12.31),Q2 (5.47 to 9.48)
E01004630,Wandsworth 022B,Wandsworth,Q1 (147500.00 to 420000.00),Q2 (79.00 to 114.00),Q4 (56.00 to 1283.00),Q4 (29.24 to 59.01),Q2 (5.47 to 9.48)
E01004631,Wandsworth 022C,Wandsworth,Q1 (147500.00 to 420000.00),Q2 (79.00 to 114.00),Q3 (38.00 to 56.00),Q3 (20.12 to 29.24),Q2 (5.47 to 9.48)
E01004632,Wandsworth 028A,Wandsworth,Q4 (683000.00 to 6425000.00),Q1 (2.00 to 79.00),Q1 (0.00 to 24.00),Q1 (2.33 to 12.31),Q3 (9.48 to 16.97)
E01004633,Wandsworth 022D,Wandsworth,Q1 (147500.00 to 420000.00),Q1 (2.00 to 79.00),Q3 (38.00 to 56.00),Q3 (20.12 to 29.24),Q3 (9.48 to 16.97)
E01004634,Wandsworth 028B,Wandsworth,Q2 (420000.00 to 520000.00),Q1 (2.00 to 79.00),Q1 (0.00 to 24.00),Q2 (12.31 to 20.12),Q2 (5.47 to 9.48)
E01004635,Wandsworth 028C,Wandsworth,Q1 (147500.00 to 420000.00),Q1 (2.00 to 79.00),Q1 (0.00 to 24.00),Q2 (12.31 to 20.12),Q2 (5.47 to 9.48)
E01004636,Wandsworth 028D,Wandsworth,Q3 (520000.00 to 683000.00),Q1 (2.00 to 79.00),Q1 (0.00 to 24.00),Q2 (12.31 to 20.12),Q1 (0.19 to 5.47)
E01004637,Wandsworth 028E,Wandsworth,Q2 (420000.00 to 520000.00),Q1 (2.00 to 79.00),Q1 (0.00 to 24.00),Q2 (12.31 to 20.12),Q2 (5.47 to 9.48)
E01004638,Wandsworth 011B,Wandsworth,Q4 (683000.00 to 6425000.00),Q1 (2.00 to 79.00),Q1 (0.00 to 24.00),Q1 (2.33 to 12.31),Q1 (0.19 to 5.47)
E01004639,Wandsworth 011C,Wandsworth,Q3 (520000.00 to 683000.00),Q3 (114.00 to 173.00),Q2 (24.00 to 38.00),Q1 (2.33 to 12.31),Q1 (0.19 to 5.47)
E01004640,Wandsworth 011D,Wandsworth,Q2 (420000.00 to 520000.00),Q1 (2.00 to 79.00),Q1 (0.00 to 24.00),Q1 (2.33 to 12.31),Q2 (5.47 to 9.48)
E01004641,Wandsworth 011E,Wandsworth,Q3 (520000.00 to 683000.00),Q2 (79.00 to 114.00),Q2 (24.00 to 38.00),Q2 (12.31 to 20.12),Q3 (9.48 to 16.97)
E01004642,Wandsworth 016B,Wandsworth,Q3 (520000.00 to 683000.00),Q1 (2.00 to 79.00),Q2 (24.00 to 38.00),Q3 (20.12 to 29.24),Q1 (0.19 to 5.47)
E01004643,Wandsworth 016C,Wandsworth,Q3 (520000.00 to 683000.00),Q3 (114.00 to 173.00),Q4 (56.00 to 1283.00),Q3 (20.12 to 29.24),Q3 (9.48 to 16.97)
E01004644,Wandsworth 016D,Wandsworth,Q3 (520000.00 to 683000.00),Q4 (173.00 to 9206.00),Q4 (56.00 to 1283.00),Q2 (12.31 to 20.12),Q2 (5.47 to 9.48)
E01004645,Wandsworth 016E,Wandsworth,Q1 (147500.00 to 420000.00),Q2 (79.00 to 114.00),Q4 (56.00 to 1283.00),Q3 (20.12 to 29.24),Q2 (5.47 to 9.48)
E01004646,Westminster 002A,Westminster,Q4 (683000.00 to 6425000.00),Q2 (79.00 to 114.00),Q2 (24.00 to 38.00),Q2 (12.31 to 20.12),Q4 (16.97 to 121.89)
E01004647,Westminster 001A,Westminster,Q4 (683000.00 to 6425000.00),Q3 (114.00 to 173.00),Q1 (0.00 to 24.00),Q2 (12.31 to 20.12),Q3 (9.48 to 16.97)
E01004648,Westminster 002B,Westminster,Q4 (683000.00 to 6425000.00),Q3 (114.00 to 173.00),Q2 (24.00 to 38.00),Q1 (2.33 to 12.31),Q4 (16.97 to 121.89)
E01004649,Westminster 001B,Westminster,Q4 (683000.00 to 6425000.00),Q2 (79.00 to 114.00),Q1 (0.00 to 24.00),Q1 (2.33 to 12.31),Q4 (16.97 to 121.89)
E01004650,Westminster 002C,Westminster,Q4 (683000.00 to 6425000.00),Q2 (79.00 to 114.00),Q1 (0.00 to 24.00),Q1 (2.33 to 12.31),Q4 (16.97 to 121.89)
E01004651,Westminster 003A,Westminster,Q4 (683000.00 to 6425000.00),Q1 (2.00 to 79.00),Q1 (0.00 to 24.00),Q1 (2.33 to 12.31),Q4 (16.97 to 121.89)
E01004652,Westminster 017A,Westminster,Q3 (520000.00 to 683000.00),Q4 (173.00 to 9206.00),Q3 (38.00 to 56.00),Q2 (12.31 to 20.12),Q4 (16.97 to 121.89)
E01004653,Westminster 014A,Westminster,Q4 (683000.00 to 6425000.00),Q3 (114.00 to 173.00),Q2 (24.00 to 38.00),Q1 (2.33 to 12.31),Q4 (16.97 to 121.89)
E01004654,Westminster 014B,Westminster,Q4 (683000.00 to 6425000.00),Q4 (173.00 to 9206.00),Q2 (24.00 to 38.00),Q2 (12.31 to 20.12),Q4 (16.97 to 121.89)
E01004656,Westminster 014D,Westminster,Q3 (520000.00 to 683000.00),Q4 (173.00 to 9206.00),Q3 (38.00 to 56.00),Q3 (20.12 to 29.24),Q4 (16.97 to 121.89)
E01004657,Westminster 012A,Westminster,Q4 (683000.00 to 6425000.00),Q4 (173.00 to 9206.00),Q4 (56.00 to 1283.00),Q1 (2.33 to 12.31),Q4 (16.97 to 121.89)
E01004658,Westminster 012B,Westminster,Q4 (683000.00 to 6425000.00),Q4 (173.00 to 9206.00),Q4 (56.00 to 1283.00),Q2 (12.31 to 20.12),Q4 (16.97 to 121.89)
E01004659,Westminster 008A,Westminster,Q3 (520000.00 to 683000.00),Q3 (114.00 to 173.00),Q2 (24.00 to 38.00),Q1 (2.33 to 12.31),Q4 (16.97 to 121.89)
E01004660,Westminster 008B,Westminster,Q4 (683000.00 to 6425000.00),Q4 (173.00 to 9206.00),Q3 (38.00 to 56.00),Q1 (2.33 to 12.31),Q4 (16.97 to 121.89)
E01004661,Westminster 012C,Westminster,Q4 (683000.00 to 6425000.00),Q4 (173.00 to 9206.00),Q4 (56.00 to 1283.00),Q3 (20.12 to 29.24),Q4 (16.97 to 121.89)
E01004662,Westminster 012D,Westminster,Q4 (683000.00 to 6425000.00),Q4 (173.00 to 9206.00),Q3 (38.00 to 56.00),Q1 (2.33 to 12.31),Q4 (16.97 to 121.89)
E01004663,Westminster 012E,Westminster,Q4 (683000.00 to 6425000.00),Q3 (114.00 to 173.00),Q2 (24.00 to 38.00),Q2 (12.31 to 20.12),Q4 (16.97 to 121.89)
E01004665,Westminster 024A,Westminster,Q2 (420000.00 to 520000.00),Q2 (79.00 to 114.00),Q3 (38.00 to 56.00),Q4 (29.24 to 59.01),Q3 (9.48 to 16.97)
E01004666,Westminster 023B,Westminster,Q4 (683000.00 to 6425000.00),Q4 (173.00 to 9206.00),Q3 (38.00 to 56.00),Q3 (20.12 to 29.24),Q4 (16.97 to 121.89)
E01004667,Westminster 023C,Westminster,Q4 (683000.00 to 6425000.00),Q4 (173.00 to 9206.00),Q3 (38.00 to 56.00),Q4 (29.24 to 59.01),Q4 (16.97 to 121.89)
E01004668,Westminster 023D,Westminster,Q4 (683000.00 to 6425000.00),Q1 (2.00 to 79.00),Q2 (24.00 to 38.00),Q2 (12.31 to 20.12),Q3 (9.48 to 16.97)
E01004669,Westminster 024B,Westminster,Q3 (520000.00 to 683000.00),Q2 (79.00 to 114.00),Q3 (38.00 to 56.00),Q4 (29.24 to 59.01),Q3 (9.48 to 16.97)
E01004674,Westminster 005A,Westminster,Q2 (420000.00 to 520000.00),Q4 (173.00 to 9206.00),Q4 (56.00 to 1283.00),Q4 (29.24 to 59.01),Q4 (16.97 to 121.89)
E01004675,Westminster 005B,Westminster,Q3 (520000.00 to 683000.00),Q4 (173.00 to 9206.00),Q4 (56.00 to 1283.00),Q4 (29.24 to 59.01),Q4 (16.97 to 121.89)
E01004676,Westminster 006A,Westminster,Q3 (520000.00 to 683000.00),Q3 (114.00 to 173.00),Q3 (38.00 to 56.00),Q3 (20.12 to 29.24),Q4 (16.97 to 121.89)
E01004677,Westminster 005C,Westminster,Q3 (520000.00 to 683000.00),Q2 (79.00 to 114.00),Q2 (24.00 to 38.00),Q3 (20.12 to 29.24),Q4 (16.97 to 121.89)
E01004678,Westminster 005D,Westminster,Q3 (520000.00 to 683000.00),Q3 (114.00 to 173.00),Q3 (38.00 to 56.00),Q3 (20.12 to 29.24),Q4 (16.97 to 121.89)
E01004679,Westminster 005E,Westminster,Q2 (420000.00 to 520000.00),Q4 (173.00 to 9206.00),Q4 (56.00 to 1283.00),Q4 (29.24 to 59.01),Q4 (16.97 to 121.89)
E01004680,Westminster 015A,Westminster,Q4 (683000.00 to 6425000.00),Q4 (173.00 to 9206.00),Q3 (38.00 to 56.00),Q1 (2.33 to 12.31),Q4 (16.97 to 121.89)
E01004681,Westminster 016A,Westminster,Q4 (683000.00 to 6425000.00),Q4 (173.00 to 9206.00),Q3 (38.00 to 56.00),Q1 (2.33 to 12.31),Q4 (16.97 to 121.89)
E01004682,Westminster 016B,Westminster,Q4 (683000.00 to 6425000.00),Q4 (173.00 to 9206.00),Q3 (38.00 to 56.00),Q2 (12.31 to 20.12),Q4 (16.97 to 121.89)
E01004683,Westminster 015B,Westminster,Q4 (683000.00 to 6425000.00),Q3 (114.00 to 173.00),Q1 (0.00 to 24.00),Q1 (2.33 to 12.31),Q4 (16.97 to 121.89)
E01004684,Westminster 015C,Westminster,Q4 (683000.00 to 6425000.00),Q4 (173.00 to 9206.00),Q4 (56.00 to 1283.00),Q3 (20.12 to 29.24),Q4 (16.97 to 121.89)
E01004686,Westminster 015E,Westminster,Q4 (683000.00 to 6425000.00),Q4 (173.00 to 9206.00),Q4 (56.00 to 1283.00),Q3 (20.12 to 29.24),Q4 (16.97 to 121.89)
E01004687,Westminster 019A,Westminster,Q4 (683000.00 to 6425000.00),Q3 (114.00 to 173.00),Q1 (0.00 to 24.00),Q1 (2.33 to 12.31),Q4 (16.97 to 121.89)
E01004688,Westminster 019B,Westminster,Q4 (683000.00 to 6425000.00),Q4 (173.00 to 9206.00),Q4 (56.00 to 1283.00),Q1 (2.33 to 12.31),Q4 (16.97 to 121.89)
E01004689,Westminster 019C,Westminster,Q4 (683000.00 to 6425000.00),Q4 (173.00 to 9206.00),Q4 (56.00 to 1283.00),Q2 (12.31 to 20.12),Q4 (16.97 to 121.89)
E01004690,Westminster 019D,Westminster,Q4 (683000.00 to 6425000.00),Q3 (114.00 to 173.00),Q2 (24.00 to 38.00),Q1 (2.33 to 12.31),Q4 (16.97 to 121.89)
E01004691,Westminster 019E,Westminster,Q4 (683000.00 to 6425000.00),Q4 (173.00 to 9206.00),Q3 (38.00 to 56.00),Q1 (2.33 to 12.31),Q4 (16.97 to 121.89)
E01004692,Westminster 019F,Westminster,Q4 (683000.00 to 6425000.00),Q4 (173.00 to 9206.00),Q2 (24.00 to 38.00),Q1 (2.33 to 12.31),Q4 (16.97 to 121.89)
E01004693,Westminster 017B,Westminster,Q4 (683000.00 to 6425000.00),Q3 (114.00 to 173.00),Q2 (24.00 to 38.00),Q2 (12.31 to 20.12),Q4 (16.97 to 121.89)
E01004694,Westminster 016C,Westminster,Q4 (683000.00 to 6425000.00),Q4 (173.00 to 9206.00),Q3 (38.00 to 56.00),Q1 (2.33 to 12.31),Q4 (16.97 to 121.89)
E01004695,Westminster 017C,Westminster,Q4 (683000.00 to 6425000.00),Q4 (173.00 to 9206.00),Q4 (56.00 to 1283.00),Q2 (12.31 to 20.12),Q4 (16.97 to 121.89)
E01004696,Westminster 017D,Westminster,Q2 (420000.00 to 520000.00),Q2 (79.00 to 114.00),Q2 (24.00 to 38.00),Q4 (29.24 to 59.01),Q4 (16.97 to 121.89)
E01004697,Westminster 016D,Westminster,Q4 (683000.00 to 6425000.00),Q2 (79.00 to 114.00),Q1 (0.00 to 24.00),Q2 (12.31 to 20.12),Q4 (16.97 to 121.89)
E01004698,Westminster 017E,Westminster,Q4 (683000.00 to 6425000.00),Q4 (173.00 to 9206.00),Q4 (56.00 to 1283.00),Q2 (12.31 to 20.12),Q4 (16.97 to 121.89)
E01004699,Westminster 017F,Westminster,Q4 (683000.00 to 6425000.00),Q4 (173.00 to 9206.00),Q4 (56.00 to 1283.00),Q2 (12.31 to 20.12),Q4 (16.97 to 121.89)
E01004700,Westminster 016E,Westminster,Q4 (683000.00 to 6425000.00),Q3 (114.00 to 173.00),Q2 (24.00 to 38.00),Q1 (2.33 to 12.31),Q4 (16.97 to 121.89)
E01004701,Westminster 007A,Westminster,Q4 (683000.00 to 6425000.00),Q2 (79.00 to 114.00),Q1 (0.00 to 24.00),Q1 (2.33 to 12.31),Q4 (16.97 to 121.89)
E01004702,Westminster 009E,Westminster,Q4 (683000.00 to 6425000.00),Q4 (173.00 to 9206.00),Q4 (56.00 to 1283.00),Q4 (29.24 to 59.01),Q4 (16.97 to 121.89)
E01004703,Westminster 007B,Westminster,Q4 (683000.00 to 6425000.00),Q4 (173.00 to 9206.00),Q3 (38.00 to 56.00),Q1 (2.33 to 12.31),Q4 (16.97 to 121.89)
E01004705,Westminster 007D,Westminster,Q4 (683000.00 to 6425000.00),Q2 (79.00 to 114.00),Q1 (0.00 to 24.00),Q1 (2.33 to 12.31),Q4 (16.97 to 121.89)
E01004706,Westminster 006B,Westminster,Q4 (683000.00 to 6425000.00),Q2 (79.00 to 114.00),Q1 (0.00 to 24.00),Q1 (2.33 to 12.31),Q3 (9.48 to 16.97)
E01004707,Westminster 006C,Westminster,Q4 (683000.00 to 6425000.00),Q2 (79.00 to 114.00),Q1 (0.00 to 24.00),Q1 (2.33 to 12.31),Q3 (9.48 to 16.97)
E01004708,Westminster 006D,Westminster,Q3 (520000.00 to 683000.00),Q3 (114.00 to 173.00),Q3 (38.00 to 56.00),Q3 (20.12 to 29.24),Q4 (16.97 to 121.89)
E01004709,Westminster 007E,Westminster,Q4 (683000.00 to 6425000.00),Q3 (114.00 to 173.00),Q3 (38.00 to 56.00),Q3 (20.12 to 29.24),Q4 (16.97 to 121.89)
E01004710,Westminster 002D,Westminster,Q2 (420000.00 to 520000.00),Q4 (173.00 to 9206.00),Q4 (56.00 to 1283.00),Q4 (29.24 to 59.01),Q4 (16.97 to 121.89)
E01004711,Westminster 002E,Westminster,Q2 (420000.00 to 520000.00),Q3 (114.00 to 173.00),Q3 (38.00 to 56.00),Q3 (20.12 to 29.24),Q4 (16.97 to 121.89)
E01004712,Westminster 008C,Westminster,Q4 (683000.00 to 6425000.00),Q4 (173.00 to 9206.00),Q3 (38.00 to 56.00),Q1 (2.33 to 12.31),Q4 (16.97 to 121.89)
E01004713,Westminster 011A,Westminster,Q4 (683000.00 to 6425000.00),Q4 (173.00 to 9206.00),Q3 (38.00 to 56.00),Q1 (2.33 to 12.31),Q4 (16.97 to 121.89)
E01004714,Westminster 011B,Westminster,Q4 (683000.00 to 6425000.00),Q4 (173.00 to 9206.00),Q4 (56.00 to 1283.00),Q1 (2.33 to 12.31),Q4 (16.97 to 121.89)
E01004715,Westminster 013A,Westminster,Q4 (683000.00 to 6425000.00),Q4 (173.00 to 9206.00),Q4 (56.00 to 1283.00),Q2 (12.31 to 20.12),Q4 (16.97 to 121.89)
E01004716,Westminster 011C,Westminster,Q4 (683000.00 to 6425000.00),Q4 (173.00 to 9206.00),Q2 (24.00 to 38.00),Q1 (2.33 to 12.31),Q4 (16.97 to 121.89)
E01004717,Westminster 011D,Westminster,Q4 (683000.00 to 6425000.00),Q4 (173.00 to 9206.00),Q3 (38.00 to 56.00),Q1 (2.33 to 12.31),Q4 (16.97 to 121.89)
E01004718,Westminster 004A,Westminster,Q3 (520000.00 to 683000.00),Q3 (114.00 to 173.00),Q3 (38.00 to 56.00),Q4 (29.24 to 59.01),Q4 (16.97 to 121.89)
E01004719,Westminster 004B,Westminster,Q4 (683000.00 to 6425000.00),Q3 (114.00 to 173.00),Q4 (56.00 to 1283.00),Q3 (20.12 to 29.24),Q3 (9.48 to 16.97)
E01004720,Westminster 004C,Westminster,Q4 (683000.00 to 6425000.00),Q3 (114.00 to 173.00),Q3 (38.00 to 56.00),Q4 (29.24 to 59.01),Q4 (16.97 to 121.89)
E01004721,Westminster 004D,Westminster,Q4 (683000.00 to 6425000.00),Q4 (173.00 to 9206.00),Q4 (56.00 to 1283.00),Q4 (29.24 to 59.01),Q3 (9.48 to 16.97)
E01004722,Westminster 004E,Westminster,Q3 (520000.00 to 683000.00),Q3 (114.00 to 173.00),Q4 (56.00 to 1283.00),Q4 (29.24 to 59.01),Q4 (16.97 to 121.89)
E01004723,Westminster 005F,Westminster,Q3 (520000.00 to 683000.00),Q4 (173.00 to 9206.00),Q3 (38.00 to 56.00),Q4 (29.24 to 59.01),Q4 (16.97 to 121.89)
E01004724,Westminster 001C,Westminster,Q4 (683000.00 to 6425000.00),Q3 (114.00 to 173.00),Q2 (24.00 to 38.00),Q1 (2.33 to 12.31),Q3 (9.48 to 16.97)
E01004725,Westminster 003B,Westminster,Q4 (683000.00 to 6425000.00),Q3 (114.00 to 173.00),Q3 (38.00 to 56.00),Q3 (20.12 to 29.24),Q3 (9.48 to 16.97)
E01004726,Westminster 003C,Westminster,Q4 (683000.00 to 6425000.00),Q3 (114.00 to 173.00),Q1 (0.00 to 24.00),Q1 (2.33 to 12.31),Q4 (16.97 to 121.89)
E01004727,Westminster 008D,Westminster,Q4 (683000.00 to 6425000.00),Q4 (173.00 to 9206.00),Q3 (38.00 to 56.00),Q1 (2.33 to 12.31),Q4 (16.97 to 121.89)
E01004728,Westminster 003D,Westminster,Q3 (520000.00 to 683000.00),Q1 (2.00 to 79.00),Q2 (24.00 to 38.00),Q2 (12.31 to 20.12),Q4 (16.97 to 121.89)
E01004729,Westminster 003E,Westminster,Q4 (683000.00 to 6425000.00),Q1 (2.00 to 79.00),Q2 (24.00 to 38.00),Q3 (20.12 to 29.24),Q4 (16.97 to 121.89)
E01004730,Westminster 001D,Westminster,Q4 (683000.00 to 6425000.00),Q3 (114.00 to 173.00),Q1 (0.00 to 24.00),Q1 (2.33 to 12.31),Q1 (0.19 to 5.47)
E01004731,Westminster 020A,Westminster,Q4 (683000.00 to 6425000.00),Q4 (173.00 to 9206.00),Q4 (56.00 to 1283.00),Q1 (2.33 to 12.31),Q4 (16.97 to 121.89)
E01004733,Westminster 020C,Westminster,Q4 (683000.00 to 6425000.00),Q4 (173.00 to 9206.00),Q4 (56.00 to 1283.00),Q2 (12.31 to 20.12),Q4 (16.97 to 121.89)
E01004734,Westminster 018A,Westminster,Q4 (683000.00 to 6425000.00),Q4 (173.00 to 9206.00),Q4 (56.00 to 1283.00),Q4 (29.24 to 59.01),Q4 (16.97 to 121.89)
E01004735,Westminster 018B,Westminster,Q4 (683000.00 to 6425000.00),Q4 (173.00 to 9206.00),Q4 (56.00 to 1283.00),Q4 (29.24 to 59.01),Q4 (16.97 to 121.89)
E01004736,Westminster 018C,Westminster,Q4 (683000.00 to 6425000.00),Q4 (173.00 to 9206.00),Q4 (56.00 to 1283.00),Q1 (2.33 to 12.31),Q4 (16.97 to 121.89)
E01004737,Westminster 024C,Westminster,Q4 (683000.00 to 6425000.00),Q2 (79.00 to 114.00),Q1 (0.00 to 24.00),Q3 (20.12 to 29.24),Q4 (16.97 to 121.89)
E01004738,Westminster 024D,Westminster,Q4 (683000.00 to 6425000.00),Q1 (2.00 to 79.00),Q1 (0.00 to 24.00),Q1 (2.33 to 12.31),Q4 (16.97 to 121.89)
E01004740,Westminster 021A,Westminster,Q3 (520000.00 to 683000.00),Q3 (114.00 to 173.00),Q3 (38.00 to 56.00),Q4 (29.24 to 59.01),Q4 (16.97 to 121.89)
E01004741,Westminster 024F,Westminster,Q3 (520000.00 to 683000.00),Q2 (79.00 to 114.00),Q2 (24.00 to 38.00),Q3 (20.12 to 29.24),Q4 (16.97 to 121.89)
E01004742,Westminster 022A,Westminster,Q3 (520000.00 to 683000.00),Q2 (79.00 to 114.00),Q3 (38.00 to 56.00),Q1 (2.33 to 12.31),Q4 (16.97 to 121.89)
E01004743,Westminster 021B,Westminster,Q4 (683000.00 to 6425000.00),Q3 (114.00 to 173.00),Q3 (38.00 to 56.00),Q3 (20.12 to 29.24),Q4 (16.97 to 121.89)
E01004744,Westminster 020D,Westminster,Q4 (683000.00 to 6425000.00),Q4 (173.00 to 9206.00),Q4 (56.00 to 1283.00),Q3 (20.12 to 29.24),Q4 (16.97 to 121.89)
E01004745,Westminster 021C,Westminster,Q4 (683000.00 to 6425000.00),Q1 (2.00 to 79.00),Q1 (0.00 to 24.00),Q2 (12.31 to 20.12),Q4 (16.97 to 121.89)
E01004746,Westminster 021D,Westminster,Q2 (420000.00 to 520000.00),Q2 (79.00 to 114.00),Q3 (38.00 to 56.00),Q3 (20.12 to 29.24),Q4 (16.97 to 121.89)
E01004747,Westminster 021E,Westminster,Q4 (683000.00 to 6425000.00),Q4 (173.00 to 9206.00),Q4 (56.00 to 1283.00),Q3 (20.12 to 29.24),Q4 (16.97 to 121.89)
E01004748,Westminster 020E,Westminster,Q4 (683000.00 to 6425000.00),Q4 (173.00 to 9206.00),Q4 (56.00 to 1283.00),Q1 (2.33 to 12.31),Q4 (16.97 to 121.89)
E01004749,Westminster 022B,Westminster,Q4 (683000.00 to 6425000.00),Q4 (173.00 to 9206.00),Q4 (56.00 to 1283.00),Q2 (12.31 to 20.12),Q4 (16.97 to 121.89)
E01004750,Westminster 023E,Westminster,Q4 (683000.00 to 6425000.00),Q4 (173.00 to 9206.00),Q4 (56.00 to 1283.00),Q2 (12.31 to 20.12),Q4 (16.97 to 121.89)
E01004751,Westminster 022C,Westminster,Q4 (683000.00 to 6425000.00),Q2 (79.00 to 114.00),Q2 (24.00 to 38.00),Q1 (2.33 to 12.31),Q4 (16.97 to 121.89)
E01004752,Westminster 022D,Westminster,Q4 (683000.00 to 6425000.00),Q2 (79.00 to 114.00),Q2 (24.00 to 38.00),Q3 (20.12 to 29.24),Q4 (16.97 to 121.89)
E01004753,Westminster 022E,Westminster,Q4 (683000.00 to 6425000.00),Q2 (79.00 to 114.00),Q2 (24.00 to 38.00),Q2 (12.31 to 20.12),Q4 (16.97 to 121.89)
E01004754,Westminster 010A,Westminster,Q3 (520000.00 to 683000.00),Q3 (114.00 to 173.00),Q3 (38.00 to 56.00),Q4 (29.24 to 59.01),Q4 (16.97 to 121.89)
E01004755,Westminster 010B,Westminster,Q3 (520000.00 to 683000.00),Q4 (173.00 to 9206.00),Q4 (56.00 to 1283.00),Q3 (20.12 to 29.24),Q4 (16.97 to 121.89)
E01004756,Westminster 006E,Westminster,Q3 (520000.00 to 683000.00),Q3 (114.00 to 173.00),Q3 (38.00 to 56.00),Q3 (20.12 to 29.24),Q4 (16.97 to 121.89)
E01004757,Westminster 010C,Westminster,Q3 (520000.00 to 683000.00),Q3 (114.00 to 173.00),Q3 (38.00 to 56.00),Q4 (29.24 to 59.01),Q4 (16.97 to 121.89)
E01004760,Westminster 014E,Westminster,Q4 (683000.00 to 6425000.00),Q3 (114.00 to 173.00),Q2 (24.00 to 38.00),Q3 (20.12 to 29.24),Q3 (9.48 to 16.97)
E01004761,Westminster 018D,Westminster,Q4 (683000.00 to 6425000.00),Q4 (173.00 to 9206.00),Q4 (56.00 to 1283.00),Q1 (2.33 to 12.31),Q4 (16.97 to 121.89)
E01004762,Westminster 011E,Westminster,Q4 (683000.00 to 6425000.00),Q4 (173.00 to 9206.00),Q4 (56.00 to 1283.00),Q1 (2.33 to 12.31),Q4 (16.97 to 121.89)
E01004763,Westminster 013B,Westminster,Q4 (683000.00 to 6425000.00),Q4 (173.00 to 9206.00),Q4 (56.00 to 1283.00),Q3 (20.12 to 29.24),Q4 (16.97 to 121.89)
E01004765,Westminster 013D,Westminster,Q4 (683000.00 to 6425000.00),Q4 (173.00 to 9206.00),Q4 (56.00 to 1283.00),Q2 (12.31 to 20.12),Q4 (16.97 to 121.89)
E01032512,Westminster 010F,Westminster,Q3 (520000.00 to 683000.00),Q4 (173.00 to 9206.00),Q4 (56.00 to 1283.00),Q4 (29.24 to 59.01),Q3 (9.48 to 16.97)
E01032513,Westminster 010G,Westminster,Q2 (420000.00 to 520000.00),Q3 (114.00 to 173.00),Q4 (56.00 to 1283.00),Q4 (29.24 to 59.01),Q4 (16.97 to 121.89)
E01032562,Bromley 040D,Bromley,Q1 (147500.00 to 420000.00),Q3 (114.00 to 173.00),Q4 (56.00 to 1283.00),Q4 (29.24 to 59.01),Q2 (5.47 to 9.48)
E01032563,Bromley 040E,Bromley,Q2 (420000.00 to 520000.00),Q1 (2.00 to 79.00),Q1 (0.00 to 24.00),Q1 (2.33 to 12.31),Q1 (0.19 to 5.47)
E01032564,Lewisham 037E,Lewisham,Q1 (147500.00 to 420000.00),Q2 (79.00 to 114.00),Q3 (38.00 to 56.00),Q4 (29.24 to 59.01),Q2 (5.47 to 9.48)
E01032565,Lewisham 038E,Lewisham,Q1 (147500.00 to 420000.00),Q2 (79.00 to 114.00),Q3 (38.00 to 56.00),Q4 (29.24 to 59.01),Q1 (0.19 to 5.47)
E01032566,Bexley 029D,Bexley,Q1 (147500.00 to 420000.00),Q3 (114.00 to 173.00),Q4 (56.00 to 1283.00),Q3 (20.12 to 29.24),Q1 (0.19 to 5.47)
E01032567,Greenwich 033D,Greenwich,Q2 (420000.00 to 520000.00),Q2 (79.00 to 114.00),Q2 (24.00 to 38.00),Q2 (12.31 to 20.12),Q1 (0.19 to 5.47)
E01032568,Bromley 041E,Bromley,Q2 (420000.00 to 520000.00),Q4 (173.00 to 9206.00),Q4 (56.00 to 1283.00),Q3 (20.12 to 29.24),Q3 (9.48 to 16.97)
E01032569,Croydon 045E,Croydon,Q1 (147500.00 to 420000.00),Q3 (114.00 to 173.00),Q4 (56.00 to 1283.00),Q4 (29.24 to 59.01),Q2 (5.47 to 9.48)
E01032570,Bromley 042D,Bromley,Q2 (420000.00 to 520000.00),Q3 (114.00 to 173.00),Q2 (24.00 to 38.00),Q2 (12.31 to 20.12),Q1 (0.19 to 5.47)
E01032572,Ealing 040D,Ealing,Q3 (520000.00 to 683000.00),Q3 (114.00 to 173.00),Q1 (0.00 to 24.00),Q2 (12.31 to 20.12),Q3 (9.48 to 16.97)
E01032573,Hounslow 029E,Hounslow,Q3 (520000.00 to 683000.00),Q4 (173.00 to 9206.00),Q3 (38.00 to 56.00),Q1 (2.33 to 12.31),Q4 (16.97 to 121.89)
E01032574,Enfield 037E,Enfield,Q2 (420000.00 to 520000.00),Q4 (173.00 to 9206.00),Q4 (56.00 to 1283.00),Q4 (29.24 to 59.01),Q3 (9.48 to 16.97)
E01032575,Haringey 037D,Haringey,Q1 (147500.00 to 420000.00),Q4 (173.00 to 9206.00),Q4 (56.00 to 1283.00),Q4 (29.24 to 59.01),Q3 (9.48 to 16.97)
E01032576,Harrow 032E,Harrow,Q3 (520000.00 to 683000.00),Q1 (2.00 to 79.00),Q1 (0.00 to 24.00),Q1 (2.33 to 12.31),Q1 (0.19 to 5.47)
E01032577,Hillingdon 033E,Hillingdon,Q3 (520000.00 to 683000.00),Q1 (2.00 to 79.00),Q1 (0.00 to 24.00),Q1 (2.33 to 12.31),Q1 (0.19 to 5.47)
E01032579,Lewisham 039E,Lewisham,Q1 (147500.00 to 420000.00),Q4 (173.00 to 9206.00),Q4 (56.00 to 1283.00),Q4 (29.24 to 59.01),Q4 (16.97 to 121.89)
E01032580,Barking and Dagenham 023F,Barking and Dagenham,Q1 (147500.00 to 420000.00),Q3 (114.00 to 173.00),Q4 (56.00 to 1283.00),Q4 (29.24 to 59.01),Q2 (5.47 to 9.48)
E01032581,Redbridge 034G,Redbridge,Q1 (147500.00 to 420000.00),Q3 (114.00 to 173.00),Q4 (56.00 to 1283.00),Q3 (20.12 to 29.24),Q2 (5.47 to 9.48)
E01032582,Lambeth 036E,Lambeth,Q4 (683000.00 to 6425000.00),Q4 (173.00 to 9206.00),Q4 (56.00 to 1283.00),Q4 (29.24 to 59.01),Q4 (16.97 to 121.89)
E01032583,Southwark 034D,Southwark,Q4 (683000.00 to 6425000.00),Q4 (173.00 to 9206.00),Q3 (38.00 to 56.00),Q4 (29.24 to 59.01),Q4 (16.97 to 121.89)
E01032584,Southwark 034E,Southwark,Q3 (520000.00 to 683000.00),Q4 (173.00 to 9206.00),Q3 (38.00 to 56.00),Q3 (20.12 to 29.24),Q4 (16.97 to 121.89)
E01032623,Sutton 025E,Sutton,Q4 (683000.00 to 6425000.00),Q1 (2.00 to 79.00),Q1 (0.00 to 24.00),Q1 (2.33 to 12.31),Q1 (0.19 to 5.47)
E01032637,Southwark 003F,Southwark,Q3 (520000.00 to 683000.00),Q1 (2.00 to 79.00),Q1 (0.00 to 24.00),Q1 (2.33 to 12.31),Q4 (16.97 to 121.89)
E01032638,Southwark 003G,Southwark,Q4 (683000.00 to 6425000.00),Q1 (2.00 to 79.00),Q1 (0.00 to 24.00),Q1 (2.33 to 12.31),Q2 (5.47 to 9.48)
E01032639,Southwark 014F,Southwark,Q2 (420000.00 to 520000.00),Q4 (173.00 to 9206.00),Q4 (56.00 to 1283.00),Q3 (20.12 to 29.24),Q4 (16.97 to 121.89)
E01032640,Southwark 003H,Southwark,Q3 (520000.00 to 683000.00),Q2 (79.00 to 114.00),Q1 (0.00 to 24.00),Q1 (2.33 to 12.31),Q4 (16.97 to 121.89)
E01032646,Southwark 003I,Southwark,Q3 (520000.00 to 683000.00),Q4 (173.00 to 9206.00),Q2 (24.00 to 38.00),Q2 (12.31 to 20.12),Q4 (16.97 to 121.89)
E01032719,Southwark 014G,Southwark,Q2 (420000.00 to 520000.00),Q3 (114.00 to 173.00),Q2 (24.00 to 38.00),Q3 (20.12 to 29.24),Q4 (16.97 to 121.89)
E01032720,Southwark 009F,Southwark,Q3 (520000.00 to 683000.00),Q4 (173.00 to 9206.00),Q4 (56.00 to 1283.00),Q4 (29.24 to 59.01),Q4 (16.97 to 121.89)
E01032722,Southwark 012F,Southwark,Q3 (520000.00 to 683000.00),Q3 (114.00 to 173.00),Q3 (38.00 to 56.00),Q4 (29.24 to 59.01),Q4 (16.97 to 121.89)
E01032739,City of London 001F,City of London,Q4 (683000.00 to 6425000.00),Q1 (2.00 to 79.00),Q1 (0.00 to 24.00),Q2 (12.31 to 20.12),Q4 (16.97 to 121.89)
E01032740,City of London 001G,City of London,Q4 (683000.00 to 6425000.00),Q1 (2.00 to 79.00),Q1 (0.00 to 24.00),Q2 (12.31 to 20.12),Q4 (16.97 to 121.89)
E01032741,Havering 013E,Havering,Q1 (147500.00 to 420000.00),Q4 (173.00 to 9206.00),Q4 (56.00 to 1283.00),Q2 (12.31 to 20.12),Q4 (16.97 to 121.89)
E01032742,Havering 013F,Havering,Q1 (147500.00 to 420000.00),Q4 (173.00 to 9206.00),Q4 (56.00 to 1283.00),Q2 (12.31 to 20.12),Q3 (9.48 to 16.97)
E01032743,Ealing 010F,Ealing,Q1 (147500.00 to 420000.00),Q2 (79.00 to 114.00),Q4 (56.00 to 1283.00),Q3 (20.12 to 29.24),Q2 (5.47 to 9.48)
E01032744,Ealing 010G,Ealing,Q1 (147500.00 to 420000.00),Q4 (173.00 to 9206.00),Q4 (56.00 to 1283.00),Q4 (29.24 to 59.01),Q3 (9.48 to 16.97)
E01032764,Tower Hamlets 004E,Tower Hamlets,Q2 (420000.00 to 520000.00),Q4 (173.00 to 9206.00),Q4 (56.00 to 1283.00),Q3 (20.12 to 29.24),Q3 (9.48 to 16.97)
E01032765,Tower Hamlets 004F,Tower Hamlets,Q2 (420000.00 to 520000.00),Q2 (79.00 to 114.00),Q4 (56.00 to 1283.00),Q3 (20.12 to 29.24),Q3 (9.48 to 16.97)
E01032766,Tower Hamlets 021E,Tower Hamlets,Q3 (520000.00 to 683000.00),Q4 (173.00 to 9206.00),Q3 (38.00 to 56.00),Q2 (12.31 to 20.12),Q4 (16.97 to 121.89)
E01032767,Tower Hamlets 021F,Tower Hamlets,Q3 (520000.00 to 683000.00),Q4 (173.00 to 9206.00),Q4 (56.00 to 1283.00),Q1 (2.33 to 12.31),Q4 (16.97 to 121.89)
E01032768,Tower Hamlets 025E,Tower Hamlets,Q3 (520000.00 to 683000.00),Q2 (79.00 to 114.00),Q2 (24.00 to 38.00),Q2 (12.31 to 20.12),Q4 (16.97 to 121.89)
E01032769,Tower Hamlets 025F,Tower Hamlets,Q3 (520000.00 to 683000.00),Q4 (173.00 to 9206.00),Q3 (38.00 to 56.00),Q2 (12.31 to 20.12),Q4 (16.97 to 121.89)
E01032770,Tower Hamlets 032B,Tower Hamlets,Q2 (420000.00 to 520000.00),Q2 (79.00 to 114.00),Q3 (38.00 to 56.00),Q2 (12.31 to 20.12),Q2 (5.47 to 9.48)
E01032771,Tower Hamlets 033B,Tower Hamlets,Q4 (683000.00 to 6425000.00),Q4 (173.00 to 9206.00),Q4 (56.00 to 1283.00),Q2 (12.31 to 20.12),Q4 (16.97 to 121.89)
E01032772,Tower Hamlets 032C,Tower Hamlets,Q1 (147500.00 to 420000.00),Q3 (114.00 to 173.00),Q3 (38.00 to 56.00),Q3 (20.12 to 29.24),Q2 (5.47 to 9.48)
E01032773,Tower Hamlets 032D,Tower Hamlets,Q1 (147500.00 to 420000.00),Q2 (79.00 to 114.00),Q3 (38.00 to 56.00),Q2 (12.31 to 20.12),Q2 (5.47 to 9.48)
E01032775,Tower Hamlets 031F,Tower Hamlets,Q3 (520000.00 to 683000.00),Q1 (2.00 to 79.00),Q1 (0.00 to 24.00),Q1 (2.33 to 12.31),Q2 (5.47 to 9.48)
E01032776,Tower Hamlets 028E,Tower Hamlets,Q2 (420000.00 to 520000.00),Q2 (79.00 to 114.00),Q2 (24.00 to 38.00),Q1 (2.33 to 12.31),Q3 (9.48 to 16.97)
E01032777,Tower Hamlets 028F,Tower Hamlets,Q1 (147500.00 to 420000.00),Q3 (114.00 to 173.00),Q3 (38.00 to 56.00),Q2 (12.31 to 20.12),Q3 (9.48 to 16.97)
E01032778,Tower Hamlets 028G,Tower Hamlets,Q2 (420000.00 to 520000.00),Q4 (173.00 to 9206.00),Q4 (56.00 to 1283.00),Q2 (12.31 to 20.12),Q3 (9.48 to 16.97)
E01032779,Tower Hamlets 028H,Tower Hamlets,Q2 (420000.00 to 520000.00),Q1 (2.00 to 79.00),Q2 (24.00 to 38.00),Q2 (12.31 to 20.12),Q3 (9.48 to 16.97)
E01032780,Tower Hamlets 028I,Tower Hamlets,Q4 (683000.00 to 6425000.00),Q4 (173.00 to 9206.00),Q4 (56.00 to 1283.00),Q2 (12.31 to 20.12),Q3 (9.48 to 16.97)
E01032781,Tower Hamlets 033C,Tower Hamlets,Q3 (520000.00 to 683000.00),Q2 (79.00 to 114.00),Q3 (38.00 to 56.00),Q2 (12.31 to 20.12),Q3 (9.48 to 16.97)
E01032782,Tower Hamlets 033D,Tower Hamlets,Q4 (683000.00 to 6425000.00),Q4 (173.00 to 9206.00),Q4 (56.00 to 1283.00),Q2 (12.31 to 20.12),Q4 (16.97 to 121.89)
E01032783,Tower Hamlets 031G,Tower Hamlets,Q1 (147500.00 to 420000.00),Q1 (2.00 to 79.00),Q2 (24.00 to 38.00),Q2 (12.31 to 20.12),Q2 (5.47 to 9.48)
E01032784,Tower Hamlets 004G,Tower Hamlets,Q1 (147500.00 to 420000.00),Q2 (79.00 to 114.00),Q2 (24.00 to 38.00),Q3 (20.12 to 29.24),Q3 (9.48 to 16.97)
E01032785,Tower Hamlets 010E,Tower Hamlets,Q2 (420000.00 to 520000.00),Q1 (2.00 to 79.00),Q1 (0.00 to 24.00),Q3 (20.12 to 29.24),Q2 (5.47 to 9.48)
E01032786,Tower Hamlets 010F,Tower Hamlets,Q2 (420000.00 to 520000.00),Q3 (114.00 to 173.00),Q3 (38.00 to 56.00),Q3 (20.12 to 29.24),Q3 (9.48 to 16.97)
E01032787,Tower Hamlets 011F,Tower Hamlets,Q1 (147500.00 to 420000.00),Q4 (173.00 to 9206.00),Q4 (56.00 to 1283.00),Q4 (29.24 to 59.01),Q4 (16.97 to 121.89)
E01032788,Hammersmith and Fulham 023D,Hammersmith and Fulham,Q4 (683000.00 to 6425000.00),Q2 (79.00 to 114.00),Q3 (38.00 to 56.00),Q3 (20.12 to 29.24),Q3 (9.48 to 16.97)
E01032789,Hammersmith and Fulham 023E,Hammersmith and Fulham,Q4 (683000.00 to 6425000.00),Q1 (2.00 to 79.00),Q1 (0.00 to 24.00),Q2 (12.31 to 20.12),Q3 (9.48 to 16.97)
E01032790,Hammersmith and Fulham 023F,Hammersmith and Fulham,Q4 (683000.00 to 6425000.00),Q1 (2.00 to 79.00),Q1 (0.00 to 24.00),Q2 (12.31 to 20.12),Q3 (9.48 to 16.97)
E01032803,Southwark 003J,Southwark,Q3 (520000.00 to 683000.00),Q2 (79.00 to 114.00),Q1 (0.00 to 24.00),Q2 (12.31 to 20.12),Q4 (16.97 to 121.89)
E01032805,Southwark 022F,Southwark,Q3 (520000.00 to 683000.00),Q1 (2.00 to 79.00),Q2 (24.00 to 38.00),Q4 (29.24 to 59.01),Q4 (16.97 to 121.89)
E01032834,Southwark 003K,Southwark,Q4 (683000.00 to 6425000.00),Q2 (79.00 to 114.00),Q1 (0.00 to 24.00),Q1 (2.33 to 12.31),Q3 (9.48 to 16.97)
E01033030,Hounslow 025G,Hounslow,Q1 (147500.00 to 420000.00),Q4 (173.00 to 9206.00),Q4 (56.00 to 1283.00),Q2 (12.31 to 20.12),Q3 (9.48 to 16.97)
E01033081,Hounslow 003F,Hounslow,Q2 (420000.00 to 520000.00),Q3 (114.00 to 173.00),Q3 (38.00 to 56.00),Q3 (20.12 to 29.24),Q3 (9.48 to 16.97)
E01033082,Hounslow 003G,Hounslow,Q1 (147500.00 to 420000.00),Q3 (114.00 to 173.00),Q3 (38.00 to 56.00),Q3 (20.12 to 29.24),Q2 (5.47 to 9.48)
E01033083,Hounslow 018F,Hounslow,Q2 (420000.00 to 520000.00),Q4 (173.00 to 9206.00),Q4 (56.00 to 1283.00),Q2 (12.31 to 20.12),Q4 (16.97 to 121.89)
E01033084,Hounslow 018G,Hounslow,Q1 (147500.00 to 420000.00),Q4 (173.00 to 9206.00),Q4 (56.00 to 1283.00),Q3 (20.12 to 29.24),Q4 (16.97 to 121.89)
E01033085,Haringey 020E,Haringey,Q1 (147500.00 to 420000.00),Q2 (79.00 to 114.00),Q2 (24.00 to 38.00),Q3 (20.12 to 29.24),Q3 (9.48 to 16.97)
E01033086,Haringey 020F,Haringey,Q1 (147500.00 to 420000.00),Q2 (79.00 to 114.00),Q3 (38.00 to 56.00),Q4 (29.24 to 59.01),Q2 (5.47 to 9.48)
E01033093,Wandsworth 010F,Wandsworth,Q3 (520000.00 to 683000.00),Q4 (173.00 to 9206.00),Q3 (38.00 to 56.00),Q2 (12.31 to 20.12),Q3 (9.48 to 16.97)
E01033098,Wandsworth 002F,Wandsworth,Q4 (683000.00 to 6425000.00),Q3 (114.00 to 173.00),Q2 (24.00 to 38.00),Q2 (12.31 to 20.12),Q4 (16.97 to 121.89)
E01033099,Wandsworth 004E,Wandsworth,Q3 (520000.00 to 683000.00),Q2 (79.00 to 114.00),Q2 (24.00 to 38.00),Q3 (20.12 to 29.24),Q4 (16.97 to 121.89)
E01033100,Wandsworth 002G,Wandsworth,Q1 (147500.00 to 420000.00),Q3 (114.00 to 173.00),Q3 (38.00 to 56.00),Q3 (20.12 to 29.24),Q4 (16.97 to 121.89)
E01033101,Wandsworth 004F,Wandsworth,Q3 (520000.00 to 683000.00),Q3 (114.00 to 173.00),Q3 (38.00 to 56.00),Q1 (2.33 to 12.31),Q3 (9.48 to 16.97)
E01033132,Wandsworth 002H,Wandsworth,Q4 (683000.00 to 6425000.00),Q3 (114.00 to 173.00),Q4 (56.00 to 1283.00),Q4 (29.24 to 59.01),Q3 (9.48 to 16.97)
E01033133,Wandsworth 004G,Wandsworth,Q3 (520000.00 to 683000.00),Q1 (2.00 to 79.00),Q1 (0.00 to 24.00),Q2 (12.31 to 20.12),Q4 (16.97 to 121.89)
E01033135,Wandsworth 010G,Wandsworth,Q4 (683000.00 to 6425000.00),Q1 (2.00 to 79.00),Q1 (0.00 to 24.00),Q1 (2.33 to 12.31),Q4 (16.97 to 121.89)
E01033146,Enfield 025F,Enfield,Q1 (147500.00 to 420000.00),Q3 (114.00 to 173.00),Q3 (38.00 to 56.00),Q4 (29.24 to 59.01),Q1 (0.19 to 5.47)
E01033148,Enfield 003F,Enfield,Q1 (147500.00 to 420000.00),Q3 (114.00 to 173.00),Q3 (38.00 to 56.00),Q4 (29.24 to 59.01),Q1 (0.19 to 5.47)
E01033150,Enfield 003G,Enfield,Q1 (147500.00 to 420000.00),Q3 (114.00 to 173.00),Q3 (38.00 to 56.00),Q3 (20.12 to 29.24),Q1 (0.19 to 5.47)
E01033151,Enfield 025G,Enfield,Q1 (147500.00 to 420000.00),Q3 (114.00 to 173.00),Q2 (24.00 to 38.00),Q4 (29.24 to 59.01),Q1 (0.19 to 5.47)
E01033153,Waltham Forest 020G,Waltham Forest,Q1 (147500.00 to 420000.00),Q4 (173.00 to 9206.00),Q4 (56.00 to 1283.00),Q4 (29.24 to 59.01),Q3 (9.48 to 16.97)
E01033207,Lambeth 004F,Lambeth,Q4 (683000.00 to 6425000.00),Q2 (79.00 to 114.00),Q2 (24.00 to 38.00),Q4 (29.24 to 59.01),Q4 (16.97 to 121.89)
E01033208,Lambeth 004G,Lambeth,Q4 (683000.00 to 6425000.00),Q3 (114.00 to 173.00),Q2 (24.00 to 38.00),Q2 (12.31 to 20.12),Q4 (16.97 to 121.89)
E01033320,Lewisham 017E,Lewisham,Q3 (520000.00 to 683000.00),Q2 (79.00 to 114.00),Q2 (24.00 to 38.00),Q3 (20.12 to 29.24),Q2 (5.47 to 9.48)
E01033322,Lewisham 017F,Lewisham,Q1 (147500.00 to 420000.00),Q1 (2.00 to 79.00),Q2 (24.00 to 38.00),Q3 (20.12 to 29.24),Q3 (9.48 to 16.97)
E01033324,Lewisham 008E,Lewisham,Q4 (683000.00 to 6425000.00),Q3 (114.00 to 173.00),Q3 (38.00 to 56.00),Q4 (29.24 to 59.01),Q4 (16.97 to 121.89)
E01033325,Lewisham 008F,Lewisham,Q1 (147500.00 to 420000.00),Q1 (2.00 to 79.00),Q1 (0.00 to 24.00),Q2 (12.31 to 20.12),Q4 (16.97 to 121.89)
E01033327,Lewisham 012F,Lewisham,Q1 (147500.00 to 420000.00),Q4 (173.00 to 9206.00),Q4 (56.00 to 1283.00),Q4 (29.24 to 59.01),Q4 (16.97 to 121.89)
E01033341,Lewisham 012G,Lewisham,Q1 (147500.00 to 420000.00),Q3 (114.00 to 173.00),Q4 (56.00 to 1283.00),Q4 (29.24 to 59.01),Q4 (16.97 to 121.89)
E01033424,Brent 017F,Brent,Q1 (147500.00 to 420000.00),Q2 (79.00 to 114.00),Q2 (24.00 to 38.00),Q3 (20.12 to 29.24),Q3 (9.48 to 16.97)
E01033455,Brent 031G,Brent,Q2 (420000.00 to 520000.00),Q4 (173.00 to 9206.00),Q4 (56.00 to 1283.00),Q4 (29.24 to 59.01),Q4 (16.97 to 121.89)
E01033457,Brent 017G,Brent,Q2 (420000.00 to 520000.00),Q4 (173.00 to 9206.00),Q4 (56.00 to 1283.00),Q3 (20.12 to 29.24),Q4 (16.97 to 121.89)
E01033463,Brent 003G,Brent,Q3 (520000.00 to 683000.00),Q3 (114.00 to 173.00),Q3 (38.00 to 56.00),Q2 (12.31 to 20.12),Q1 (0.19 to 5.47)
E01033464,Brent 010F,Brent,Q3 (520000.00 to 683000.00),Q1 (2.00 to 79.00),Q2 (24.00 to 38.00),Q4 (29.24 to 59.01),Q2 (5.47 to 9.48)
E01033485,Brent 031H,Brent,Q2 (420000.00 to 520000.00),Q4 (173.00 to 9206.00),Q4 (56.00 to 1283.00),Q4 (29.24 to 59.01),Q4 (16.97 to 121.89)
E01033486,Islington 011E,Islington,Q4 (683000.00 to 6425000.00),Q2 (79.00 to 114.00),Q3 (38.00 to 56.00),Q4 (29.24 to 59.01),Q4 (16.97 to 121.89)
E01033488,Islington 011G,Islington,Q4 (683000.00 to 6425000.00),Q4 (173.00 to 9206.00),Q2 (24.00 to 38.00),Q4 (29.24 to 59.01),Q4 (16.97 to 121.89)
E01033489,Islington 022G,Islington,Q4 (683000.00 to 6425000.00),Q4 (173.00 to 9206.00),Q2 (24.00 to 38.00),Q2 (12.31 to 20.12),Q4 (16.97 to 121.89)
E01033490,Islington 022H,Islington,Q2 (420000.00 to 520000.00),Q4 (173.00 to 9206.00),Q4 (56.00 to 1283.00),Q2 (12.31 to 20.12),Q4 (16.97 to 121.89)
E01033491,Islington 011H,Islington,Q3 (520000.00 to 683000.00),Q4 (173.00 to 9206.00),Q4 (56.00 to 1283.00),Q3 (20.12 to 29.24),Q4 (16.97 to 121.89)
E01033492,Islington 011I,Islington,Q3 (520000.00 to 683000.00),Q3 (114.00 to 173.00),Q3 (38.00 to 56.00),Q4 (29.24 to 59.01),Q4 (16.97 to 121.89)
E01033493,Islington 006F,Islington,Q4 (683000.00 to 6425000.00),Q1 (2.00 to 79.00),Q1 (0.00 to 24.00),Q1 (2.33 to 12.31),Q4 (16.97 to 121.89)
E01033494,Islington 006G,Islington,Q4 (683000.00 to 6425000.00),Q2 (79.00 to 114.00),Q1 (0.00 to 24.00),Q2 (12.31 to 20.12),Q4 (16.97 to 121.89)
E01033568,Kingston upon Thames 004F,Kingston upon Thames,Q2 (420000.00 to 520000.00),Q3 (114.00 to 173.00),Q2 (24.00 to 38.00),Q2 (12.31 to 20.12),Q4 (16.97 to 121.89)
E01033569,Kingston upon Thames 004G,Kingston upon Thames,Q3 (520000.00 to 683000.00),Q4 (173.00 to 9206.00),Q4 (56.00 to 1283.00),Q1 (2.33 to 12.31),Q4 (16.97 to 121.89)
E01033570,Richmond upon Thames 004G,Richmond upon Thames,Q2 (420000.00 to 520000.00),Q3 (114.00 to 173.00),Q1 (0.00 to 24.00),Q2 (12.31 to 20.12),Q1 (0.19 to 5.47)
E01033571,Richmond upon Thames 004H,Richmond upon Thames,Q4 (683000.00 to 6425000.00),Q1 (2.00 to 79.00),Q2 (24.00 to 38.00),Q2 (12.31 to 20.12),Q2 (5.47 to 9.48)
E01033572,Barnet 030E,Barnet,Q2 (420000.00 to 520000.00),Q2 (79.00 to 114.00),Q2 (24.00 to 38.00),Q3 (20.12 to 29.24),Q1 (0.19 to 5.47)
E01033573,Barnet 030F,Barnet,Q2 (420000.00 to 520000.00),Q3 (114.00 to 173.00),Q3 (38.00 to 56.00),Q2 (12.31 to 20.12),Q3 (9.48 to 16.97)
E01033574,Newham 034F,Newham,Q1 (147500.00 to 420000.00),Q1 (2.00 to 79.00),Q1 (0.00 to 24.00),Q2 (12.31 to 20.12),Q2 (5.47 to 9.48)
E01033575,Newham 034G,Newham,Q1 (147500.00 to 420000.00),Q1 (2.00 to 79.00),Q1 (0.00 to 24.00),Q2 (12.31 to 20.12),Q2 (5.47 to 9.48)
E01033576,Newham 034H,Newham,Q2 (420000.00 to 520000.00),Q4 (173.00 to 9206.00),Q4 (56.00 to 1283.00),Q3 (20.12 to 29.24),Q3 (9.48 to 16.97)
E01033577,Newham 037E,Newham,Q3 (520000.00 to 683000.00),Q4 (173.00 to 9206.00),Q4 (56.00 to 1283.00),Q2 (12.31 to 20.12),Q2 (5.47 to 9.48)
E01033578,Newham 013E,Newham,Q2 (420000.00 to 520000.00),Q4 (173.00 to 9206.00),Q4 (56.00 to 1283.00),Q3 (20.12 to 29.24),Q3 (9.48 to 16.97)
E01033579,Newham 013F,Newham,Q2 (420000.00 to 520000.00),Q3 (114.00 to 173.00),Q2 (24.00 to 38.00),Q3 (20.12 to 29.24),Q2 (5.47 to 9.48)
E01033580,Newham 037F,Newham,Q1 (147500.00 to 420000.00),Q1 (2.00 to 79.00),Q1 (0.00 to 24.00),Q1 (2.33 to 12.31),Q2 (5.47 to 9.48)
E01033581,Newham 037G,Newham,Q1 (147500.00 to 420000.00),Q4 (173.00 to 9206.00),Q4 (56.00 to 1283.00),Q4 (29.24 to 59.01),Q2 (5.47 to 9.48)
E01033582,Newham 037H,Newham,Q1 (147500.00 to 420000.00),Q1 (2.00 to 79.00),Q2 (24.00 to 38.00),Q2 (12.31 to 20.12),Q1 (0.19 to 5.47)
E01033583,Newham 013G,Newham,Q3 (520000.00 to 683000.00),Q4 (173.00 to 9206.00),Q4 (56.00 to 1283.00),Q3 (20.12 to 29.24),Q4 (16.97 to 121.89)
E01033584,Newham 034I,Newham,Q2 (420000.00 to 520000.00),Q2 (79.00 to 114.00),Q2 (24.00 to 38.00),Q4 (29.24 to 59.01),Q2 (5.47 to 9.48)
E01033585,Newham 034J,Newham,Q1 (147500.00 to 420000.00),Q4 (173.00 to 9206.00),Q4 (56.00 to 1283.00),Q4 (29.24 to 59.01),Q4 (16.97 to 121.89)
E01033586,Newham 013H,Newham,Q1 (147500.00 to 420000.00),Q4 (173.00 to 9206.00),Q3 (38.00 to 56.00),Q4 (29.24 to 59.01),Q3 (9.48 to 16.97)
E01033587,Barking and Dagenham 021E,Barking and Dagenham,Q1 (147500.00 to 420000.00),Q4 (173.00 to 9206.00),Q4 (56.00 to 1283.00),Q4 (29.24 to 59.01),Q2 (5.47 to 9.48)
E01033588,Barking and Dagenham 021F,Barking and Dagenham,Q1 (147500.00 to 420000.00),Q2 (79.00 to 114.00),Q2 (24.00 to 38.00),Q4 (29.24 to 59.01),Q1 (0.19 to 5.47)
E01033589,Redbridge 030H,Redbridge,Q1 (147500.00 to 420000.00),Q4 (173.00 to 9206.00),Q4 (56.00 to 1283.00),Q2 (12.31 to 20.12),Q4 (16.97 to 121.89)
E01033590,Redbridge 019H,Redbridge,Q1 (147500.00 to 420000.00),Q1 (2.00 to 79.00),Q2 (24.00 to 38.00),Q2 (12.31 to 20.12),Q1 (0.19 to 5.47)
E01033591,Redbridge 030I,Redbridge,Q1 (147500.00 to 420000.00),Q4 (173.00 to 9206.00),Q4 (56.00 to 1283.00),Q4 (29.24 to 59.01),Q3 (9.48 to 16.97)
E01033592,Redbridge 019I,Redbridge,Q2 (420000.00 to 520000.00),Q1 (2.00 to 79.00),Q2 (24.00 to 38.00),Q2 (12.31 to 20.12),Q1 (0.19 to 5.47)
E01033593,Westminster 015F,Westminster,Q4 (683000.00 to 6425000.00),Q4 (173.00 to 9206.00),Q4 (56.00 to 1283.00),Q3 (20.12 to 29.24),Q4 (16.97 to 121.89)
E01033594,Westminster 015G,Westminster,Q4 (683000.00 to 6425000.00),Q4 (173.00 to 9206.00),Q4 (56.00 to 1283.00),Q4 (29.24 to 59.01),Q4 (16.97 to 121.89)
E01033595,Westminster 013E,Westminster,Q4 (683000.00 to 6425000.00),Q4 (173.00 to 9206.00),Q4 (56.00 to 1283.00),Q2 (12.31 to 20.12),Q4 (16.97 to 121.89)
E01033596,Westminster 013F,Westminster,Q4 (683000.00 to 6425000.00),Q4 (173.00 to 9206.00),Q4 (56.00 to 1283.00),Q3 (20.12 to 29.24),Q4 (16.97 to 121.89)
E01033597,Westminster 023F,Westminster,Q4 (683000.00 to 6425000.00),Q2 (79.00 to 114.00),Q3 (38.00 to 56.00),Q3 (20.12 to 29.24),Q3 (9.48 to 16.97)
E01033598,Westminster 009F,Westminster,Q4 (683000.00 to 6425000.00),Q4 (173.00 to 9206.00),Q2 (24.00 to 38.00),Q4 (29.24 to 59.01),Q4 (16.97 to 121.89)
E01033599,Westminster 023G,Westminster,Q4 (683000.00 to 6425000.00),Q1 (2.00 to 79.00),Q2 (24.00 to 38.00),Q4 (29.24 to 59.01),Q4 (16.97 to 121.89)
E01033600,Westminster 007F,Westminster,Q4 (683000.00 to 6425000.00),Q1 (2.00 to 79.00),Q1 (0.00 to 24.00),Q1 (2.33 to 12.31),Q4 (16.97 to 121.89)
E01033601,Westminster 009G,Westminster,Q4 (683000.00 to 6425000.00),Q3 (114.00 to 173.00),Q2 (24.00 to 38.00),Q4 (29.24 to 59.01),Q4 (16.97 to 121.89)
E01033602,Westminster 009H,Westminster,Q1 (147500.00 to 420000.00),Q3 (114.00 to 173.00),Q3 (38.00 to 56.00),Q4 (29.24 to 59.01),Q4 (16.97 to 121.89)
E01033603,Westminster 009I,Westminster,Q3 (520000.00 to 683000.00),Q3 (114.00 to 173.00),Q3 (38.00 to 56.00),Q4 (29.24 to 59.01),Q4 (16.97 to 121.89)
E01033605,Westminster 009K,Westminster,Q2 (420000.00 to 520000.00),Q3 (114.00 to 173.00),Q3 (38.00 to 56.00),Q4 (29.24 to 59.01),Q4 (16.97 to 121.89)
E01033606,Westminster 014F,Westminster,Q4 (683000.00 to 6425000.00),Q2 (79.00 to 114.00),Q1 (0.00 to 24.00),Q2 (12.31 to 20.12),Q4 (16.97 to 121.89)
E01033607,Westminster 014G,Westminster,Q4 (683000.00 to 6425000.00),Q2 (79.00 to 114.00),Q1 (0.00 to 24.00),Q3 (20.12 to 29.24),Q4 (16.97 to 121.89)
E01033608,Westminster 007G,Westminster,Q4 (683000.00 to 6425000.00),Q1 (2.00 to 79.00),Q1 (0.00 to 24.00),Q2 (12.31 to 20.12),Q4 (16.97 to 121.89)
E01033698,Hackney 021F,Hackney,Q2 (420000.00 to 520000.00),Q3 (114.00 to 173.00),Q2 (24.00 to 38.00),Q4 (29.24 to 59.01),Q4 (16.97 to 121.89)
E01033699,Hackney 021G,Hackney,Q3 (520000.00 to 683000.00),Q4 (173.00 to 9206.00),Q4 (56.00 to 1283.00),Q4 (29.24 to 59.01),Q4 (16.97 to 121.89)
E01033700,Hackney 021H,Hackney,Q3 (520000.00 to 683000.00),Q4 (173.00 to 9206.00),Q4 (56.00 to 1283.00),Q4 (29.24 to 59.01),Q4 (16.97 to 121.89)
E01033701,Hackney 002F,Hackney,Q3 (520000.00 to 683000.00),Q4 (173.00 to 9206.00),Q4 (56.00 to 1283.00),Q4 (29.24 to 59.01),Q4 (16.97 to 121.89)
E01033702,Hackney 028C,Hackney,Q1 (147500.00 to 420000.00),Q3 (114.00 to 173.00),Q2 (24.00 to 38.00),Q4 (29.24 to 59.01),Q2 (5.47 to 9.48)
E01033703,Hackney 010F,Hackney,Q2 (420000.00 to 520000.00),Q3 (114.00 to 173.00),Q2 (24.00 to 38.00),Q4 (29.24 to 59.01),Q4 (16.97 to 121.89)
E01033704,Hackney 023F,Hackney,Q4 (683000.00 to 6425000.00),Q4 (173.00 to 9206.00),Q4 (56.00 to 1283.00),Q3 (20.12 to 29.24),Q4 (16.97 to 121.89)
E01033705,Hackney 028D,Hackney,Q2 (420000.00 to 520000.00),Q4 (173.00 to 9206.00),Q3 (38.00 to 56.00),Q4 (29.24 to 59.01),Q3 (9.48 to 16.97)
E01033706,Hackney 027F,Hackney,Q4 (683000.00 to 6425000.00),Q4 (173.00 to 9206.00),Q4 (56.00 to 1283.00),Q4 (29.24 to 59.01),Q4 (16.97 to 121.89)
E01033707,Hackney 021I,Hackney,Q3 (520000.00 to 683000.00),Q3 (114.00 to 173.00),Q2 (24.00 to 38.00),Q4 (29.24 to 59.01),Q4 (16.97 to 121.89)
E01033708,Hackney 027G,Hackney,Q4 (683000.00 to 6425000.00),Q4 (173.00 to 9206.00),Q4 (56.00 to 1283.00),Q2 (12.31 to 20.12),Q4 (16.97 to 121.89)
E01033709,Hackney 027H,Hackney,Q4 (683000.00 to 6425000.00),Q4 (173.00 to 9206.00),Q4 (56.00 to 1283.00),Q4 (29.24 to 59.01),Q4 (16.97 to 121.89)
E01033710,Hackney 028E,Hackney,Q1 (147500.00 to 420000.00),Q1 (2.00 to 79.00),Q1 (0.00 to 24.00),Q3 (20.12 to 29.24),Q2 (5.47 to 9.48)
E01033711,Hackney 027I,Hackney,Q3 (520000.00 to 683000.00),Q4 (173.00 to 9206.00),Q2 (24.00 to 38.00),Q3 (20.12 to 29.24),Q4 (16.97 to 121.89)
E01033712,Hackney 023G,Hackney,Q3 (520000.00 to 683000.00),Q4 (173.00 to 9206.00),Q4 (56.00 to 1283.00),Q4 (29.24 to 59.01),Q4 (16.97 to 121.89)
E01033713,Hackney 010G,Hackney,Q3 (520000.00 to 683000.00),Q4 (173.00 to 9206.00),Q3 (38.00 to 56.00),Q4 (29.24 to 59.01),Q3 (9.48 to 16.97)
E01033724,Hillingdon 016F,Hillingdon,Q1 (147500.00 to 420000.00),Q4 (173.00 to 9206.00),Q4 (56.00 to 1283.00),Q1 (2.33 to 12.31),Q1 (0.19 to 5.47)
E01033725,Hillingdon 015F,Hillingdon,Q2 (420000.00 to 520000.00),Q2 (79.00 to 114.00),Q2 (24.00 to 38.00),Q3 (20.12 to 29.24),Q2 (5.47 to 9.48)
E01033726,Greenwich 034E,Greenwich,Q2 (420000.00 to 520000.00),Q4 (173.00 to 9206.00),Q4 (56.00 to 1283.00),Q4 (29.24 to 59.01),Q2 (5.47 to 9.48)
E01033727,Greenwich 035B,Greenwich,Q1 (147500.00 to 420000.00),Q4 (173.00 to 9206.00),Q3 (38.00 to 56.00),Q2 (12.31 to 20.12),Q3 (9.48 to 16.97)
E01033728,Greenwich 035C,Greenwich,Q1 (147500.00 to 420000.00),Q2 (79.00 to 114.00),Q2 (24.00 to 38.00),Q1 (2.33 to 12.31),Q2 (5.47 to 9.48)
E01033729,Greenwich 030E,Greenwich,Q2 (420000.00 to 520000.00),Q3 (114.00 to 173.00),Q4 (56.00 to 1283.00),Q3 (20.12 to 29.24),Q1 (0.19 to 5.47)
E01033730,Greenwich 035D,Greenwich,Q3 (520000.00 to 683000.00),Q4 (173.00 to 9206.00),Q4 (56.00 to 1283.00),Q2 (12.31 to 20.12),Q4 (16.97 to 121.89)
E01033731,Greenwich 004E,Greenwich,Q2 (420000.00 to 520000.00),Q4 (173.00 to 9206.00),Q4 (56.00 to 1283.00),Q1 (2.33 to 12.31),Q4 (16.97 to 121.89)
E01033732,Greenwich 036D,Greenwich,Q3 (520000.00 to 683000.00),Q1 (2.00 to 79.00),Q1 (0.00 to 24.00),Q3 (20.12 to 29.24),Q3 (9.48 to 16.97)
E01033733,Greenwich 036E,Greenwich,Q3 (520000.00 to 683000.00),Q4 (173.00 to 9206.00),Q4 (56.00 to 1283.00),Q2 (12.31 to 20.12),Q2 (5.47 to 9.48)
E01033734,Greenwich 004F,Greenwich,Q1 (147500.00 to 420000.00),Q1 (2.00 to 79.00),Q2 (24.00 to 38.00),Q2 (12.31 to 20.12),Q3 (9.48 to 16.97)
E01033735,Greenwich 004G,Greenwich,Q1 (147500.00 to 420000.00),Q4 (173.00 to 9206.00),Q4 (56.00 to 1283.00),Q3 (20.12 to 29.24),Q4 (16.97 to 121.89)
E01033736,Greenwich 004H,Greenwich,Q2 (420000.00 to 520000.00),Q3 (114.00 to 173.00),Q2 (24.00 to 38.00),Q1 (2.33 to 12.31),Q4 (16.97 to 121.89)
E01033737,Greenwich 004I,Greenwich,Q2 (420000.00 to 520000.00),Q4 (173.00 to 9206.00),Q4 (56.00 to 1283.00),Q4 (29.24 to 59.01),Q4 (16.97 to 121.89)
E01033738,Greenwich 037D,Greenwich,Q3 (520000.00 to 683000.00),Q4 (173.00 to 9206.00),Q4 (56.00 to 1283.00),Q3 (20.12 to 29.24),Q4 (16.97 to 121.89)
E01033739,Greenwich 002E,Greenwich,Q1 (147500.00 to 420000.00),Q2 (79.00 to 114.00),Q2 (24.00 to 38.00),Q2 (12.31 to 20.12),Q1 (0.19 to 5.47)
E01033740,Greenwich 002F,Greenwich,Q2 (420000.00 to 520000.00),Q2 (79.00 to 114.00),Q3 (38.00 to 56.00),Q3 (20.12 to 29.24),Q1 (0.19 to 5.47)
E01033741,Greenwich 002G,Greenwich,Q1 (147500.00 to 420000.00),Q4 (173.00 to 9206.00),Q4 (56.00 to 1283.00),Q2 (12.31 to 20.12),Q1 (0.19 to 5.47)
E01033742,Greenwich 007F,Greenwich,Q1 (147500.00 to 420000.00),Q1 (2.00 to 79.00),Q2 (24.00 to 38.00),Q2 (12.31 to 20.12),Q1 (0.19 to 5.47)
E01033743,Greenwich 002H,Greenwich,Q1 (147500.00 to 420000.00),Q4 (173.00 to 9206.00),Q4 (56.00 to 1283.00),Q3 (20.12 to 29.24),Q1 (0.19 to 5.47)
E01033744,Greenwich 007G,Greenwich,Q1 (147500.00 to 420000.00),Q3 (114.00 to 173.00),Q3 (38.00 to 56.00),Q4 (29.24 to 59.01),Q3 (9.48 to 16.97)
E01033745,Greenwich 002I,Greenwich,Q1 (147500.00 to 420000.00),Q3 (114.00 to 173.00),Q3 (38.00 to 56.00),Q3 (20.12 to 29.24),Q1 (0.19 to 5.47)
E01033746,Greenwich 038E,Greenwich,Q4 (683000.00 to 6425000.00),Q2 (79.00 to 114.00),Q2 (24.00 to 38.00),Q3 (20.12 to 29.24),Q4 (16.97 to 121.89)
