Local authority code,Local authority name,LSOA code,LSOA name,average_price_2022,ARSON AND CRIMINAL DAMAGE,BURGLARY,DRUG OFFENCES,MISCELLANEOUS CRIMES AGAINST SOCIETY,POSSESSION OF WEAPONS,PUBLIC ORDER OFFENCES,ROBBERY,THEFT,VEHICLE OFFENCES,VIOLENCE AGAINST THE PERSON,total_crime_2022,IMD score,AvPTAI2015,PTAL
E09000001,City of London,E01000001,City of London 001A,846125.0,,,,,,,,,,,,6.208,69.8233,6b
E09000001,City of London,E01000002,City of London 001B,824375.0,,,,,,,,,,,,5.143,83.782,6b
E09000001,City of London,E01000003,City of London 001C,540000.0,,,,,,,,,,,,19.402,41.7417,6b
E09000001,City of London,E01000005,City of London 001E,,0.0,1.0,0.0,0.0,0.0,0.0,0.0,0.0,0.0,0.0,1.0,28.652,85.8893,6b
E09000001,City of London,E01032739,City of London 001F,1056450.0,1.0,0.0,0.0,0.0,0.0,0.0,0.0,1.0,0.0,0.0,2.0,13.584,111.479,6b
E09000001,City of London,E01032740,City of London 001G,819075.0,1.0,0.0,0.0,0.0,0.0,1.0,1.0,3.0,0.0,0.0,6.0,15.841,61.6067,6b
E09000002,Barking and Dagenham,E01000006,Barking and Dagenham 016A,298687.5,6.0,3.0,17.0,5.0,2.0,4.0,10.0,12.0,26.0,34.0,119.0,19.837,22.4558,5
E09000002,Barking and Dagenham,E01000007,Barking and Dagenham 015A,299375.0,23.0,9.0,72.0,5.0,9.0,41.0,24.0,112.0,23.0,152.0,470.0,31.576,33.3023,6a
E09000002,Barking and Dagenham,E01000008,Barking and Dagenham 015B,190000.0,14.0,14.0,27.0,3.0,5.0,16.0,5.0,27.0,32.0,67.0,210.0,37.596,7.39059,2
E09000002,Barking and Dagenham,E01000009,Barking and Dagenham 016B,299687.5,22.0,5.0,58.0,2.0,2.0,17.0,12.0,54.0,32.0,94.0,298.0,32.844,38.3641,6a
E09000002,Barking and Dagenham,E01000010,Barking and Dagenham 015C,196500.0,16.0,22.0,88.0,5.0,3.0,27.0,22.0,216.0,35.0,98.0,532.0,32.437,32.286,6a
E09000002,Barking and Dagenham,E01000011,Barking and Dagenham 016C,441250.0,5.0,4.0,10.0,6.0,1.0,3.0,3.0,7.0,14.0,50.0,103.0,30.679,31.9167,6a
E09000002,Barking and Dagenham,E01000012,Barking and Dagenham 015D,260000.0,15.0,7.0,10.0,4.0,1.0,6.0,0.0,13.0,29.0,76.0,161.0,34.714,16.2314,4
E09000002,Barking and Dagenham,E01000013,Barking and Dagenham 013A,363875.0,21.0,15.0,38.0,3.0,1.0,21.0,8.0,58.0,20.0,81.0,266.0,38.997,13.1449,3
E09000002,Barking and Dagenham,E01000014,Barking and Dagenham 013B,340765.625,9.0,8.0,15.0,2.0,1.0,5.0,6.0,11.0,20.0,42.0,119.0,35.67,7.46001,2
E09000002,Barking and Dagenham,E01000015,Barking and Dagenham 009A,327011.0,12.0,10.0,16.0,4.0,2.0,14.0,1.0,19.0,15.0,56.0,149.0,33.632,8.29508,2
E09000002,Barking and Dagenham,E01000016,Barking and Dagenham 009B,345000.0,10.0,8.0,5.0,1.0,1.0,5.0,4.0,17.0,13.0,25.0,89.0,32.839,5.11561,2
E09000002,Barking and Dagenham,E01000017,Barking and Dagenham 009C,340875.0,8.0,6.0,3.0,1.0,0.0,4.0,3.0,10.0,16.0,38.0,89.0,39.004,8.20281,2
E09000002,Barking and Dagenham,E01000018,Barking and Dagenham 009D,364950.0,12.0,9.0,1.0,5.0,0.0,3.0,3.0,12.0,19.0,59.0,123.0,33.406,7.37822,2
E09000002,Barking and Dagenham,E01000019,Barking and Dagenham 023A,350875.0,5.0,3.0,2.0,3.0,0.0,2.0,1.0,9.0,15.0,39.0,79.0,33.62,4.58686,1b
E09000002,Barking and Dagenham,E01000020,Barking and Dagenham 023B,342375.0,10.0,18.0,3.0,1.0,0.0,5.0,2.0,24.0,16.0,37.0,116.0,36.035,6.75302,2
E09000002,Barking and Dagenham,E01000021,Barking and Dagenham 008A,371875.0,17.0,7.0,13.0,1.0,0.0,7.0,2.0,15.0,28.0,68.0,158.0,38.888,4.86539,1b
E09000002,Barking and Dagenham,E01000022,Barking and Dagenham 008B,396875.0,3.0,3.0,2.0,1.0,0.0,8.0,1.0,6.0,3.0,41.0,68.0,34.413,6.39859,2
E09000002,Barking and Dagenham,E01000023,Barking and Dagenham 008C,322500.0,11.0,4.0,11.0,4.0,1.0,12.0,7.0,32.0,20.0,72.0,174.0,36.877,7.01491,2
E09000002,Barking and Dagenham,E01000024,Barking and Dagenham 008D,384333.3333333333,18.0,4.0,2.0,3.0,0.0,8.0,0.0,7.0,7.0,45.0,94.0,29.339,7.43551,2
E09000002,Barking and Dagenham,E01000025,Barking and Dagenham 008E,364187.5,17.0,7.0,2.0,2.0,1.0,6.0,2.0,2.0,18.0,47.0,104.0,36.702,5.75121,2
E09000002,Barking and Dagenham,E01000027,Barking and Dagenham 001A,364375.0,14.0,6.0,13.0,3.0,7.0,13.0,8.0,15.0,25.0,71.0,175.0,37.347,3.85844,1b
E09000002,Barking and Dagenham,E01000028,Barking and Dagenham 001B,331250.0,9.0,6.0,15.0,2.0,2.0,8.0,2.0,9.0,16.0,48.0,117.0,40.078,3.01489,1b
E09000002,Barking and Dagenham,E01000029,Barking and Dagenham 001C,421875.0,11.0,3.0,5.0,0.0,0.0,11.0,0.0,9.0,22.0,40.0,101.0,22.503,2.5171,1b
E09000002,Barking and Dagenham,E01000030,Barking and Dagenham 001D,352375.0,21.0,12.0,12.0,4.0,3.0,28.0,7.0,37.0,70.0,67.0,261.0,38.415,4.82101,1b
E09000002,Barking and Dagenham,E01000031,Barking and Dagenham 002A,448125.0,12.0,4.0,11.0,1.0,4.0,12.0,2.0,10.0,32.0,50.0,138.0,22.672,4.07693,1b
E09000002,Barking and Dagenham,E01000032,Barking and Dagenham 002B,418000.0,6.0,15.0,4.0,4.0,0.0,15.0,8.0,42.0,26.0,62.0,182.0,29.958,6.6856,2
E09000002,Barking and Dagenham,E01000033,Barking and Dagenham 006A,388750.0,11.0,8.0,6.0,2.0,0.0,3.0,2.0,9.0,11.0,29.0,81.0,37.978,3.91504,1b
E09000002,Barking and Dagenham,E01000034,Barking and Dagenham 003A,420833.3333333333,8.0,5.0,6.0,1.0,1.0,17.0,1.0,10.0,10.0,45.0,104.0,35.895,3.51145,1b
E09000002,Barking and Dagenham,E01000035,Barking and Dagenham 010A,425250.0,23.0,8.0,17.0,0.0,1.0,18.0,2.0,39.0,25.0,69.0,202.0,26.175,6.7778,2
E09000002,Barking and Dagenham,E01000036,Barking and Dagenham 010B,383875.0,14.0,3.0,9.0,2.0,6.0,10.0,2.0,14.0,13.0,50.0,123.0,19.27,7.34586,2
E09000002,Barking and Dagenham,E01000037,Barking and Dagenham 003B,434500.0,18.0,6.0,3.0,2.0,0.0,4.0,2.0,8.0,17.0,33.0,93.0,17.988,2.32273,1a
E09000002,Barking and Dagenham,E01000038,Barking and Dagenham 003C,448750.0,6.0,5.0,5.0,1.0,0.0,4.0,1.0,9.0,6.0,10.0,47.0,19.646,8.36135,2
E09000002,Barking and Dagenham,E01000039,Barking and Dagenham 003D,384250.0,5.0,4.0,11.0,3.0,0.0,1.0,0.0,13.0,12.0,28.0,77.0,22.288,1.99736,1a
E09000002,Barking and Dagenham,E01000040,Barking and Dagenham 019A,348333.3333333333,11.0,11.0,15.0,3.0,2.0,15.0,3.0,22.0,22.0,69.0,173.0,34.608,9.00812,2
E09000002,Barking and Dagenham,E01000041,Barking and Dagenham 017A,351562.5,12.0,6.0,3.0,3.0,0.0,2.0,0.0,11.0,14.0,33.0,84.0,33.173,5.72093,2
E09000002,Barking and Dagenham,E01000042,Barking and Dagenham 017B,264375.0,13.0,9.0,10.0,4.0,0.0,7.0,6.0,12.0,24.0,69.0,154.0,41.573,8.48745,2
E09000002,Barking and Dagenham,E01000043,Barking and Dagenham 019B,427375.0,10.0,5.0,2.0,3.0,3.0,1.0,1.0,11.0,25.0,43.0,104.0,28.075,7.26782,2
E09000002,Barking and Dagenham,E01000044,Barking and Dagenham 016D,386875.0,12.0,7.0,11.0,3.0,0.0,3.0,1.0,18.0,12.0,47.0,114.0,28.389,8.7118,2
E09000002,Barking and Dagenham,E01000045,Barking and Dagenham 017C,353875.0,17.0,15.0,13.0,8.0,3.0,25.0,9.0,93.0,26.0,86.0,295.0,35.688,7.08704,2
E09000002,Barking and Dagenham,E01000046,Barking and Dagenham 017D,349000.0,11.0,9.0,6.0,1.0,0.0,5.0,4.0,11.0,16.0,51.0,114.0,29.763,6.09177,2
E09000002,Barking and Dagenham,E01000048,Barking and Dagenham 021B,,13.0,11.0,7.0,2.0,1.0,15.0,3.0,24.0,24.0,63.0,163.0,44.704,8.13742,2
E09000002,Barking and Dagenham,E01000049,Barking and Dagenham 021C,,14.0,7.0,21.0,2.0,1.0,10.0,3.0,84.0,30.0,53.0,225.0,41.172,7.73561,2
E09000002,Barking and Dagenham,E01000050,Barking and Dagenham 019C,280000.0,8.0,13.0,13.0,0.0,1.0,13.0,4.0,22.0,16.0,48.0,138.0,34.701,23.446,5
E09000002,Barking and Dagenham,E01000051,Barking and Dagenham 021D,217000.0,2.0,6.0,7.0,2.0,0.0,7.0,1.0,20.0,6.0,26.0,77.0,36.941,13.4392,3
E09000002,Barking and Dagenham,E01000052,Barking and Dagenham 019D,344687.5,12.0,10.0,12.0,6.0,0.0,10.0,5.0,17.0,23.0,52.0,147.0,33.284,7.91239,2
E09000002,Barking and Dagenham,E01000053,Barking and Dagenham 020A,327500.0,17.0,11.0,5.0,5.0,1.0,6.0,3.0,17.0,19.0,57.0,141.0,40.044,5.84284,2
E09000002,Barking and Dagenham,E01000054,Barking and Dagenham 018A,364875.0,14.0,7.0,7.0,2.0,2.0,6.0,2.0,13.0,10.0,61.0,124.0,29.788,6.31438,2
E09000002,Barking and Dagenham,E01000055,Barking and Dagenham 018B,370250.0,8.0,5.0,3.0,1.0,1.0,5.0,4.0,13.0,17.0,41.0,98.0,30.898,7.7862,2
E09000002,Barking and Dagenham,E01000056,Barking and Dagenham 018C,332500.0,16.0,3.0,19.0,6.0,1.0,16.0,20.0,27.0,66.0,63.0,237.0,35.903,1.62771,1a
E09000002,Barking and Dagenham,E01000057,Barking and Dagenham 012A,343062.5,16.0,7.0,5.0,2.0,2.0,11.0,7.0,25.0,20.0,49.0,144.0,32.887,9.98087,2
E09000002,Barking and Dagenham,E01000058,Barking and Dagenham 018D,354375.0,11.0,10.0,6.0,5.0,2.0,9.0,8.0,6.0,16.0,78.0,151.0,31.763,7.25869,2
E09000002,Barking and Dagenham,E01000059,Barking and Dagenham 013C,348750.0,8.0,8.0,1.0,1.0,0.0,7.0,8.0,8.0,21.0,41.0,103.0,32.331,5.43468,2
E09000002,Barking and Dagenham,E01000060,Barking and Dagenham 006B,380437.5,16.0,14.0,17.0,3.0,2.0,19.0,8.0,78.0,39.0,104.0,300.0,36.154,4.72838,1b
E09000002,Barking and Dagenham,E01000061,Barking and Dagenham 006C,200000.0,25.0,10.0,9.0,2.0,0.0,28.0,7.0,28.0,32.0,130.0,271.0,46.283,7.36381,2
E09000002,Barking and Dagenham,E01000062,Barking and Dagenham 006D,360175.0,21.0,11.0,20.0,2.0,2.0,10.0,6.0,12.0,28.0,57.0,169.0,26.669,4.4875,1b
E09000002,Barking and Dagenham,E01000063,Barking and Dagenham 004A,363750.0,8.0,8.0,7.0,4.0,0.0,14.0,2.0,12.0,28.0,48.0,131.0,33.371,7.42822,2
E09000002,Barking and Dagenham,E01000064,Barking and Dagenham 006E,355250.0,19.0,15.0,7.0,2.0,2.0,11.0,8.0,44.0,20.0,68.0,196.0,35.283,4.11487,1b
E09000002,Barking and Dagenham,E01000065,Barking and Dagenham 007A,340000.0,5.0,7.0,13.0,2.0,0.0,14.0,0.0,13.0,30.0,63.0,147.0,39.89,5.82993,2
E09000002,Barking and Dagenham,E01000066,Barking and Dagenham 011A,506250.0,7.0,11.0,12.0,4.0,1.0,4.0,7.0,18.0,29.0,38.0,131.0,25.763,3.48363,1b
E09000002,Barking and Dagenham,E01000067,Barking and Dagenham 011B,507500.0,7.0,11.0,8.0,1.0,2.0,6.0,3.0,17.0,27.0,34.0,116.0,20.973,5.81071,2
E09000002,Barking and Dagenham,E01000068,Barking and Dagenham 016E,523166.6666666667,5.0,6.0,14.0,3.0,2.0,4.0,6.0,12.0,21.0,30.0,103.0,25.603,16.9529,4
E09000002,Barking and Dagenham,E01000069,Barking and Dagenham 011C,559000.0,4.0,1.0,14.0,0.0,0.0,5.0,3.0,7.0,22.0,27.0,83.0,16.375,8.91029,2
E09000002,Barking and Dagenham,E01000070,Barking and Dagenham 011D,567500.0,10.0,7.0,50.0,5.0,0.0,16.0,22.0,142.0,31.0,64.0,347.0,21.038,9.08794,2
E09000002,Barking and Dagenham,E01000071,Barking and Dagenham 011E,473687.5,9.0,2.0,9.0,2.0,0.0,9.0,9.0,18.0,28.0,60.0,146.0,18.848,8.50495,2
E09000002,Barking and Dagenham,E01000072,Barking and Dagenham 017E,335250.0,9.0,14.0,20.0,7.0,0.0,15.0,19.0,74.0,22.0,73.0,253.0,41.016,3.4708,1b
E09000002,Barking and Dagenham,E01000073,Barking and Dagenham 012B,342187.5,2.0,15.0,8.0,3.0,0.0,3.0,13.0,17.0,17.0,41.0,119.0,38.757,3.68102,1b
E09000002,Barking and Dagenham,E01000074,Barking and Dagenham 012C,360000.0,9.0,9.0,3.0,2.0,0.0,6.0,2.0,15.0,22.0,46.0,114.0,35.044,5.22423,2
E09000002,Barking and Dagenham,E01000075,Barking and Dagenham 012D,459868.75,13.0,16.0,23.0,3.0,3.0,13.0,17.0,44.0,33.0,53.0,218.0,36.999,9.06998,2
E09000002,Barking and Dagenham,E01000076,Barking and Dagenham 012E,373750.0,11.0,7.0,3.0,1.0,0.0,6.0,2.0,15.0,27.0,38.0,110.0,36.246,5.92267,2
E09000002,Barking and Dagenham,E01000077,Barking and Dagenham 008F,361625.0,12.0,13.0,2.0,3.0,0.0,10.0,6.0,20.0,18.0,51.0,135.0,41.032,7.48654,2
E09000002,Barking and Dagenham,E01000078,Barking and Dagenham 007B,358125.0,6.0,10.0,6.0,1.0,1.0,7.0,4.0,13.0,24.0,49.0,121.0,35.033,6.90947,2
E09000002,Barking and Dagenham,E01000079,Barking and Dagenham 009E,354750.0,7.0,5.0,10.0,6.0,1.0,4.0,7.0,13.0,14.0,32.0,99.0,34.522,5.87476,2
E09000002,Barking and Dagenham,E01000080,Barking and Dagenham 007C,356875.0,13.0,13.0,7.0,2.0,1.0,4.0,6.0,14.0,19.0,52.0,131.0,33.185,5.88791,2
E09000002,Barking and Dagenham,E01000081,Barking and Dagenham 007D,355375.0,6.0,3.0,2.0,4.0,0.0,15.0,1.0,21.0,19.0,43.0,114.0,30.608,4.9585,1b
E09000002,Barking and Dagenham,E01000082,Barking and Dagenham 007E,352687.5,9.0,9.0,8.0,4.0,1.0,5.0,3.0,53.0,22.0,37.0,151.0,27.895,4.94285,1b
E09000002,Barking and Dagenham,E01000083,Barking and Dagenham 007F,349187.5,9.0,10.0,3.0,2.0,0.0,8.0,1.0,8.0,10.0,45.0,96.0,34.377,7.38619,2
E09000002,Barking and Dagenham,E01000084,Barking and Dagenham 013D,339750.0,14.0,7.0,15.0,1.0,2.0,11.0,4.0,31.0,11.0,62.0,158.0,39.815,13.9159,3
E09000002,Barking and Dagenham,E01000085,Barking and Dagenham 013E,343375.0,11.0,7.0,13.0,3.0,2.0,11.0,0.0,24.0,13.0,62.0,146.0,35.154,13.5581,3
E09000002,Barking and Dagenham,E01000086,Barking and Dagenham 013F,335625.0,7.0,5.0,0.0,1.0,0.0,6.0,5.0,6.0,13.0,35.0,78.0,38.156,11.3246,3
E09000002,Barking and Dagenham,E01000087,Barking and Dagenham 020B,353375.0,18.0,13.0,17.0,2.0,2.0,10.0,4.0,41.0,67.0,67.0,241.0,34.357,7.1013,2
E09000002,Barking and Dagenham,E01000088,Barking and Dagenham 020C,346500.0,12.0,15.0,10.0,7.0,3.0,17.0,2.0,13.0,28.0,80.0,187.0,28.849,4.09005,1b
E09000002,Barking and Dagenham,E01000089,Barking and Dagenham 020D,330143.75,18.0,15.0,6.0,5.0,0.0,5.0,2.0,7.0,12.0,59.0,129.0,28.968,3.14651,1b
E09000002,Barking and Dagenham,E01000090,Barking and Dagenham 020E,343500.0,5.0,18.0,16.0,0.0,1.0,18.0,9.0,41.0,29.0,63.0,200.0,28.317,3.1872,1b
E09000002,Barking and Dagenham,E01000091,Barking and Dagenham 022A,212000.0,17.0,3.0,15.0,2.0,1.0,13.0,0.0,19.0,25.0,73.0,168.0,42.183,4.69844,1b
E09000002,Barking and Dagenham,E01000092,Barking and Dagenham 019E,319000.0,14.0,14.0,12.0,4.0,1.0,6.0,2.0,20.0,36.0,48.0,157.0,33.768,2.50159,1b
E09000002,Barking and Dagenham,E01000093,Barking and Dagenham 022B,258500.0,16.0,15.0,22.0,4.0,6.0,12.0,4.0,16.0,21.0,83.0,199.0,46.922,4.76951,1b
E09000002,Barking and Dagenham,E01000094,Barking and Dagenham 022C,288247.5,10.0,7.0,1.0,0.0,0.0,8.0,1.0,15.0,22.0,69.0,133.0,28.182,3.08911,1b
E09000002,Barking and Dagenham,E01000095,Barking and Dagenham 018E,379687.5,19.0,30.0,14.0,4.0,1.0,27.0,8.0,157.0,92.0,81.0,433.0,32.254,3.88439,1b
E09000002,Barking and Dagenham,E01000096,Barking and Dagenham 022D,327312.5,16.0,12.0,7.0,3.0,2.0,8.0,6.0,28.0,45.0,47.0,174.0,40.926,3.51993,1b
E09000002,Barking and Dagenham,E01000097,Barking and Dagenham 023C,359875.0,9.0,10.0,6.0,2.0,1.0,7.0,2.0,14.0,23.0,67.0,141.0,38.009,14.5706,3
E09000002,Barking and Dagenham,E01000098,Barking and Dagenham 023D,353000.0,12.0,14.0,9.0,4.0,1.0,7.0,3.0,94.0,21.0,54.0,219.0,39.405,11.0563,3
E09000002,Barking and Dagenham,E01000099,Barking and Dagenham 023E,345625.0,11.0,12.0,2.0,1.0,1.0,3.0,2.0,20.0,25.0,56.0,133.0,29.266,9.59104,2
E09000002,Barking and Dagenham,E01000100,Barking and Dagenham 004B,293875.0,10.0,3.0,2.0,2.0,1.0,7.0,4.0,10.0,27.0,60.0,126.0,31.83,4.91511,1b
E09000002,Barking and Dagenham,E01000101,Barking and Dagenham 004C,363625.0,18.0,5.0,4.0,1.0,0.0,12.0,3.0,12.0,17.0,45.0,117.0,40.463,8.70126,2
E09000002,Barking and Dagenham,E01000102,Barking and Dagenham 007G,351750.0,7.0,7.0,6.0,0.0,0.0,7.0,6.0,14.0,14.0,41.0,102.0,42.631,5.78336,2
E09000002,Barking and Dagenham,E01000103,Barking and Dagenham 014A,361625.0,9.0,12.0,10.0,3.0,1.0,7.0,2.0,6.0,22.0,37.0,109.0,32.894,3.04832,1b
E09000002,Barking and Dagenham,E01000104,Barking and Dagenham 014B,226250.0,13.0,13.0,10.0,3.0,2.0,9.0,0.0,26.0,20.0,72.0,168.0,34.672,8.24809,2
E09000002,Barking and Dagenham,E01000105,Barking and Dagenham 014C,311125.0,23.0,15.0,26.0,3.0,5.0,16.0,12.0,101.0,31.0,90.0,322.0,44.149,8.9166,2
E09000002,Barking and Dagenham,E01000106,Barking and Dagenham 014D,257125.0,20.0,10.0,22.0,5.0,1.0,23.0,5.0,21.0,32.0,96.0,235.0,43.523,4.76699,1b
E09000002,Barking and Dagenham,E01000107,Barking and Dagenham 010C,390625.0,9.0,7.0,1.0,5.0,1.0,9.0,2.0,10.0,15.0,45.0,104.0,28.332,2.67607,1b
E09000002,Barking and Dagenham,E01000108,Barking and Dagenham 010D,386937.5,15.0,11.0,12.0,3.0,2.0,13.0,5.0,36.0,17.0,69.0,183.0,28.166,9.5896,2
E09000002,Barking and Dagenham,E01000109,Barking and Dagenham 004D,387187.5,3.0,5.0,0.0,1.0,0.0,5.0,0.0,9.0,7.0,33.0,63.0,25.691,4.30923,1b
E09000002,Barking and Dagenham,E01000110,Barking and Dagenham 002C,451500.0,3.0,2.0,2.0,2.0,1.0,3.0,2.0,6.0,17.0,26.0,64.0,17.741,5.20468,2
E09000002,Barking and Dagenham,E01000111,Barking and Dagenham 002D,357000.0,21.0,21.0,17.0,2.0,1.0,18.0,7.0,43.0,45.0,67.0,242.0,28.903,5.31493,2
E09000002,Barking and Dagenham,E01000112,Barking and Dagenham 002E,417500.0,13.0,11.0,17.0,3.0,1.0,12.0,7.0,22.0,71.0,51.0,208.0,24.743,9.71421,2
E09000002,Barking and Dagenham,E01000113,Barking and Dagenham 002F,391000.0,16.0,15.0,3.0,5.0,0.0,10.0,7.0,28.0,23.0,62.0,169.0,25.268,14.5377,3
E09000002,Barking and Dagenham,E01000114,Barking and Dagenham 004E,400062.5,14.0,16.0,11.0,3.0,3.0,12.0,3.0,33.0,23.0,89.0,207.0,23.288,5.97464,2
E09000002,Barking and Dagenham,E01032580,Barking and Dagenham 023F,357750.0,14.0,10.0,5.0,1.0,2.0,12.0,6.0,28.0,17.0,63.0,158.0,34.123,9.26587,2
E09000002,Barking and Dagenham,E01033587,Barking and Dagenham 021E,307250.0,39.0,33.0,51.0,9.0,6.0,41.0,9.0,84.0,82.0,117.0,471.0,35.019,8.08588,2
E09000002,Barking and Dagenham,E01033588,Barking and Dagenham 021F,238500.0,13.0,11.0,7.0,2.0,1.0,15.0,3.0,24.0,24.0,63.0,163.0,35.248,5.00374,2
E09000003,Barnet,E01000115,Barnet 009A,889525.0,5.0,3.0,3.0,0.0,0.0,2.0,1.0,2.0,28.0,14.0,58.0,6.227,7.01025,2
E09000003,Barnet,E01000116,Barnet 009B,604368.75,0.0,6.0,3.0,5.0,0.0,9.0,1.0,10.0,25.0,16.0,75.0,7.79,5.3088,2
E09000003,Barnet,E01000117,Barnet 010A,609375.0,8.0,12.0,3.0,2.0,1.0,12.0,0.0,34.0,20.0,32.0,124.0,9.642,5.74797,2
E09000003,Barnet,E01000118,Barnet 010B,615000.0,5.0,6.0,0.0,1.0,0.0,4.0,5.0,12.0,31.0,26.0,90.0,9.812,5.74361,2
E09000003,Barnet,E01000119,Barnet 009C,808125.0,2.0,6.0,1.0,1.0,0.0,7.0,5.0,6.0,25.0,24.0,77.0,11.589,8.40527,2
E09000003,Barnet,E01000120,Barnet 009D,759968.75,3.0,5.0,6.0,1.0,0.0,2.0,1.0,2.0,19.0,14.0,53.0,5.902,7.20748,2
E09000003,Barnet,E01000121,Barnet 010C,561069.375,4.0,3.0,3.0,1.0,0.0,10.0,1.0,15.0,4.0,35.0,76.0,36.203,3.31441,1b
E09000003,Barnet,E01000122,Barnet 009E,745423.0,5.0,5.0,1.0,2.0,0.0,4.0,0.0,2.0,22.0,6.0,47.0,10.152,3.91162,1b
E09000003,Barnet,E01000123,Barnet 010D,541500.0,9.0,15.0,5.0,4.0,0.0,7.0,0.0,9.0,31.0,39.0,119.0,11.048,5.58762,2
E09000003,Barnet,E01000124,Barnet 010E,424375.0,19.0,23.0,3.0,2.0,1.0,19.0,5.0,72.0,26.0,41.0,211.0,23.589,12.9099,3
E09000003,Barnet,E01000125,Barnet 024A,301462.5,9.0,5.0,9.0,3.0,1.0,7.0,5.0,8.0,16.0,30.0,93.0,26.704,12.3823,3
E09000003,Barnet,E01000126,Barnet 026A,325000.0,16.0,12.0,17.0,3.0,0.0,11.0,4.0,18.0,22.0,49.0,152.0,33.625,4.62348,1b
E09000003,Barnet,E01000127,Barnet 024B,447187.5,3.0,12.0,17.0,4.0,2.0,7.0,6.0,10.0,13.0,33.0,107.0,27.543,14.6656,3
E09000003,Barnet,E01000128,Barnet 024C,487000.0,10.0,9.0,7.0,2.0,1.0,7.0,5.0,13.0,21.0,39.0,114.0,27.055,14.6214,3
E09000003,Barnet,E01000129,Barnet 024D,,19.0,19.0,34.0,8.0,7.0,17.0,17.0,65.0,18.0,85.0,289.0,31.0,20.5564,5
E09000003,Barnet,E01000130,Barnet 021A,415000.0,16.0,9.0,4.0,0.0,2.0,10.0,2.0,7.0,17.0,55.0,122.0,30.863,9.84947,2
E09000003,Barnet,E01000131,Barnet 024E,533562.5,10.0,16.0,6.0,2.0,0.0,8.0,8.0,22.0,15.0,22.0,109.0,20.904,8.7169,2
E09000003,Barnet,E01000132,Barnet 021B,427333.3333333333,10.0,5.0,4.0,3.0,0.0,5.0,1.0,17.0,14.0,32.0,91.0,25.53,10.0333,3
E09000003,Barnet,E01000133,Barnet 021C,441562.5,8.0,7.0,5.0,0.0,1.0,10.0,4.0,13.0,19.0,42.0,109.0,30.774,11.5425,3
E09000003,Barnet,E01000134,Barnet 024F,385250.0,7.0,5.0,4.0,1.0,0.0,9.0,0.0,6.0,8.0,32.0,72.0,24.669,11.0418,3
E09000003,Barnet,E01000135,Barnet 038A,1334375.0,5.0,14.0,2.0,0.0,0.0,6.0,4.0,14.0,20.0,23.0,88.0,12.523,14.616,3
E09000003,Barnet,E01000136,Barnet 038B,2500625.0,8.0,19.0,2.0,1.0,0.0,3.0,3.0,5.0,27.0,26.0,94.0,8.96,11.6318,3
E09000003,Barnet,E01000137,Barnet 041A,715277.5,12.0,9.0,1.0,1.0,1.0,1.0,3.0,9.0,16.0,29.0,82.0,28.786,11.4895,3
E09000003,Barnet,E01000138,Barnet 040A,842875.0,12.0,11.0,2.0,6.0,0.0,6.0,0.0,16.0,20.0,37.0,110.0,27.86,10.2718,3
E09000003,Barnet,E01000139,Barnet 041B,1214250.0,5.0,24.0,3.0,2.0,0.0,4.0,3.0,11.0,22.0,20.0,94.0,12.388,10.1868,3
E09000003,Barnet,E01000140,Barnet 041C,892500.0,9.0,28.0,5.0,1.0,1.0,5.0,0.0,12.0,34.0,19.0,114.0,16.817,14.5111,3
E09000003,Barnet,E01000141,Barnet 039A,574250.0,19.0,26.0,14.0,8.0,4.0,40.0,21.0,129.0,67.0,139.0,467.0,28.797,17.3824,4
E09000003,Barnet,E01000142,Barnet 040B,425000.0,6.0,22.0,6.0,3.0,0.0,3.0,1.0,14.0,31.0,28.0,114.0,16.669,12.9837,3
E09000003,Barnet,E01000143,Barnet 041D,529375.0,10.0,27.0,0.0,2.0,1.0,12.0,5.0,42.0,20.0,35.0,154.0,31.342,13.9178,3
E09000003,Barnet,E01000144,Barnet 038C,601250.0,12.0,24.0,4.0,3.0,3.0,10.0,2.0,36.0,28.0,58.0,180.0,18.338,24.4656,5
E09000003,Barnet,E01000145,Barnet 037A,1080250.0,3.0,6.0,5.0,0.0,0.0,7.0,1.0,26.0,19.0,46.0,113.0,14.626,12.0305,3
E09000003,Barnet,E01000146,Barnet 038D,1284375.0,25.0,47.0,10.0,4.0,2.0,50.0,34.0,199.0,41.0,111.0,523.0,18.538,30.0335,6a
E09000003,Barnet,E01000147,Barnet 030A,643875.0,3.0,4.0,3.0,2.0,0.0,5.0,1.0,11.0,17.0,37.0,83.0,12.786,4.9307,1b
E09000003,Barnet,E01000148,Barnet 030B,307500.0,6.0,11.0,0.0,2.0,0.0,10.0,5.0,28.0,13.0,26.0,101.0,27.671,11.2697,3
E09000003,Barnet,E01000150,Barnet 036A,486875.0,22.0,16.0,7.0,2.0,0.0,20.0,7.0,85.0,99.0,44.0,302.0,15.583,5.09996,2
E09000003,Barnet,E01000151,Barnet 026B,,12.0,13.0,32.0,0.0,4.0,30.0,10.0,22.0,22.0,88.0,233.0,38.897,4.13997,1b
E09000003,Barnet,E01000152,Barnet 026C,412500.0,10.0,11.0,15.0,3.0,0.0,3.0,9.0,19.0,25.0,39.0,134.0,32.418,3.94988,1b
E09000003,Barnet,E01000153,Barnet 026D,375000.0,5.0,13.0,17.0,0.0,1.0,9.0,0.0,11.0,25.0,41.0,122.0,41.649,5.49369,2
E09000003,Barnet,E01000154,Barnet 026E,381875.0,12.0,15.0,11.0,0.0,1.0,12.0,3.0,23.0,16.0,56.0,149.0,32.667,9.27649,2
E09000003,Barnet,E01000155,Barnet 030D,316000.0,5.0,13.0,7.0,4.0,5.0,11.0,9.0,31.0,16.0,75.0,176.0,20.797,12.0205,3
E09000003,Barnet,E01000156,Barnet 022A,826250.0,5.0,7.0,1.0,1.0,0.0,2.0,4.0,21.0,17.0,29.0,87.0,8.319,8.16457,2
E09000003,Barnet,E01000157,Barnet 022B,386250.0,4.0,3.0,1.0,1.0,1.0,0.0,2.0,6.0,11.0,13.0,42.0,12.655,4.75052,1b
E09000003,Barnet,E01000158,Barnet 015A,663875.0,4.0,8.0,9.0,0.0,1.0,7.0,3.0,7.0,16.0,38.0,93.0,19.721,6.74756,2
E09000003,Barnet,E01000159,Barnet 015B,825750.0,7.0,10.0,3.0,3.0,1.0,1.0,7.0,11.0,22.0,31.0,96.0,16.257,4.51445,1b
E09000003,Barnet,E01000160,Barnet 015C,474687.5,25.0,15.0,9.0,2.0,1.0,21.0,12.0,49.0,43.0,65.0,242.0,12.121,7.35754,2
E09000003,Barnet,E01000161,Barnet 015D,453375.0,6.0,11.0,7.0,4.0,2.0,9.0,1.0,26.0,8.0,38.0,112.0,14.513,9.4314,2
E09000003,Barnet,E01000162,Barnet 015E,696583.3333333334,8.0,16.0,3.0,1.0,3.0,19.0,5.0,71.0,17.0,58.0,201.0,18.504,10.2149,3
E09000003,Barnet,E01000163,Barnet 022C,328375.0,20.0,9.0,9.0,2.0,1.0,6.0,6.0,14.0,31.0,56.0,154.0,28.541,3.79625,1b
E09000003,Barnet,E01000164,Barnet 022D,546375.0,13.0,10.0,8.0,3.0,2.0,13.0,4.0,53.0,47.0,43.0,196.0,25.331,7.30712,2
E09000003,Barnet,E01000165,Barnet 022E,585625.0,6.0,8.0,0.0,0.0,2.0,4.0,0.0,11.0,32.0,42.0,105.0,13.258,8.8973,2
E09000003,Barnet,E01000166,Barnet 003A,641125.0,8.0,7.0,1.0,1.0,0.0,3.0,0.0,10.0,20.0,18.0,68.0,14.861,5.24531,2
E09000003,Barnet,E01000167,Barnet 002A,485625.0,12.0,3.0,3.0,4.0,0.0,11.0,2.0,7.0,15.0,38.0,95.0,28.35,1.79421,1a
E09000003,Barnet,E01000168,Barnet 003B,813750.0,7.0,9.0,0.0,3.0,0.0,2.0,0.0,4.0,18.0,7.0,50.0,6.975,6.79275,2
E09000003,Barnet,E01000169,Barnet 003C,567000.0,3.0,2.0,1.0,0.0,0.0,1.0,0.0,10.0,24.0,21.0,62.0,13.226,6.72274,2
E09000003,Barnet,E01000170,Barnet 006A,570375.0,6.0,2.0,2.0,4.0,2.0,8.0,3.0,35.0,31.0,41.0,134.0,20.384,8.01471,2
E09000003,Barnet,E01000171,Barnet 006B,364062.5,22.0,15.0,9.0,3.0,2.0,6.0,4.0,94.0,49.0,60.0,264.0,24.261,11.3282,3
E09000003,Barnet,E01000172,Barnet 003D,656250.0,7.0,6.0,1.0,1.0,0.0,6.0,0.0,6.0,21.0,10.0,58.0,8.421,3.48235,1b
E09000003,Barnet,E01000173,Barnet 006C,628250.0,5.0,8.0,2.0,1.0,0.0,8.0,2.0,8.0,26.0,13.0,73.0,9.709,3.15452,1b
E09000003,Barnet,E01000174,Barnet 006D,390250.0,10.0,12.0,1.0,1.0,1.0,9.0,1.0,98.0,24.0,40.0,197.0,16.271,9.69772,2
E09000003,Barnet,E01000175,Barnet 006E,665000.0,4.0,4.0,0.0,0.0,0.0,3.0,4.0,3.0,25.0,12.0,55.0,7.614,5.88037,2
E09000003,Barnet,E01000176,Barnet 027A,570000.0,8.0,6.0,2.0,1.0,0.0,8.0,3.0,7.0,28.0,42.0,105.0,30.549,3.71903,1b
E09000003,Barnet,E01000177,Barnet 029A,608750.0,6.0,17.0,1.0,1.0,1.0,3.0,3.0,6.0,14.0,20.0,72.0,8.263,5.02878,2
E09000003,Barnet,E01000178,Barnet 027B,592625.0,5.0,12.0,3.0,0.0,0.0,3.0,0.0,22.0,23.0,18.0,86.0,8.055,4.0344,1b
E09000003,Barnet,E01000179,Barnet 029B,570625.0,4.0,7.0,1.0,0.0,0.0,7.0,2.0,9.0,14.0,24.0,68.0,8.467,3.10387,1b
E09000003,Barnet,E01000180,Barnet 029C,559375.0,5.0,8.0,1.0,2.0,1.0,2.0,1.0,17.0,9.0,34.0,80.0,14.555,8.57823,2
E09000003,Barnet,E01000181,Barnet 029D,1081937.5,13.0,11.0,2.0,1.0,0.0,10.0,5.0,62.0,16.0,32.0,152.0,8.204,14.1528,3
E09000003,Barnet,E01000182,Barnet 029E,1225625.0,3.0,14.0,3.0,0.0,0.0,4.0,7.0,17.0,15.0,11.0,74.0,8.01,14.5049,3
E09000003,Barnet,E01000183,Barnet 033A,772000.0,3.0,10.0,0.0,2.0,0.0,4.0,2.0,11.0,21.0,19.0,72.0,10.613,2.92704,1b
E09000003,Barnet,E01000184,Barnet 027C,385687.5,5.0,7.0,11.0,1.0,2.0,15.0,5.0,14.0,22.0,66.0,148.0,31.921,1.93827,1a
E09000003,Barnet,E01000185,Barnet 029F,345750.0,7.0,7.0,3.0,0.0,0.0,8.0,0.0,6.0,15.0,27.0,73.0,25.824,2.90637,1b
E09000003,Barnet,E01000186,Barnet 014A,759375.0,2.0,4.0,1.0,2.0,0.0,3.0,2.0,10.0,18.0,8.0,50.0,5.195,7.95126,2
E09000003,Barnet,E01000187,Barnet 014B,722750.0,6.0,2.0,1.0,1.0,0.0,5.0,0.0,4.0,13.0,27.0,59.0,13.015,4.09808,1b
E09000003,Barnet,E01000188,Barnet 014C,752500.0,14.0,6.0,0.0,4.0,0.0,11.0,6.0,35.0,19.0,27.0,122.0,8.028,0.980628,1a
E09000003,Barnet,E01000189,Barnet 014D,392875.0,12.0,9.0,5.0,3.0,2.0,8.0,4.0,13.0,23.0,36.0,115.0,24.526,1.91856,1a
E09000003,Barnet,E01000190,Barnet 014E,738000.0,4.0,3.0,3.0,1.0,1.0,2.0,1.0,11.0,20.0,18.0,64.0,10.149,4.04547,1b
E09000003,Barnet,E01000191,Barnet 014F,627250.0,4.0,7.0,1.0,0.0,0.0,3.0,1.0,5.0,13.0,9.0,43.0,6.834,10.5428,3
E09000003,Barnet,E01000192,Barnet 018A,852500.0,13.0,26.0,2.0,3.0,2.0,21.0,18.0,68.0,20.0,43.0,216.0,15.472,21.4253,5
E09000003,Barnet,E01000193,Barnet 018B,548043.75,25.0,22.0,7.0,4.0,0.0,23.0,22.0,238.0,40.0,75.0,456.0,16.117,20.0665,5
E09000003,Barnet,E01000194,Barnet 018C,623000.0,11.0,26.0,12.0,5.0,3.0,21.0,19.0,65.0,34.0,81.0,277.0,19.392,16.0119,4
E09000003,Barnet,E01000195,Barnet 013A,419625.0,13.0,9.0,3.0,3.0,2.0,4.0,2.0,20.0,258.0,34.0,348.0,26.999,1.50344,1a
E09000003,Barnet,E01000196,Barnet 028A,573125.0,19.0,25.0,6.0,3.0,2.0,20.0,7.0,47.0,20.0,64.0,213.0,12.284,15.3315,4
E09000003,Barnet,E01000197,Barnet 023A,771250.0,8.0,10.0,0.0,1.0,0.0,2.0,1.0,25.0,22.0,33.0,102.0,12.516,9.2003,2
E09000003,Barnet,E01000198,Barnet 025A,636250.0,10.0,12.0,4.0,0.0,1.0,5.0,2.0,10.0,26.0,44.0,114.0,11.841,3.23133,1b
E09000003,Barnet,E01000199,Barnet 025B,1010000.0,3.0,10.0,0.0,1.0,0.0,2.0,1.0,7.0,20.0,8.0,52.0,7.222,4.50414,1b
E09000003,Barnet,E01000200,Barnet 028B,650000.0,7.0,9.0,2.0,0.0,0.0,1.0,1.0,7.0,20.0,27.0,74.0,9.566,6.86817,2
E09000003,Barnet,E01000201,Barnet 028C,1734375.0,6.0,21.0,3.0,0.0,1.0,2.0,0.0,9.0,35.0,12.0,89.0,7.184,6.11543,2
E09000003,Barnet,E01000202,Barnet 028D,1038750.0,2.0,7.0,0.0,1.0,0.0,2.0,0.0,11.0,29.0,15.0,67.0,6.735,7.46676,2
E09000003,Barnet,E01000203,Barnet 028E,667500.0,11.0,17.0,5.0,0.0,0.0,11.0,2.0,23.0,39.0,39.0,147.0,15.523,5.04058,2
E09000003,Barnet,E01000204,Barnet 025C,1005625.0,4.0,11.0,0.0,0.0,1.0,6.0,3.0,15.0,14.0,23.0,77.0,10.063,11.4422,3
E09000003,Barnet,E01000205,Barnet 035A,904375.0,3.0,13.0,3.0,2.0,0.0,4.0,0.0,8.0,31.0,18.0,82.0,7.725,4.21301,1b
E09000003,Barnet,E01000206,Barnet 033B,5633750.0,12.0,12.0,3.0,3.0,0.0,10.0,1.0,15.0,54.0,22.0,132.0,9.118,2.80062,1b
E09000003,Barnet,E01000207,Barnet 033C,2255250.0,5.0,6.0,1.0,1.0,0.0,6.0,0.0,26.0,27.0,26.0,98.0,6.585,3.89728,1b
E09000003,Barnet,E01000208,Barnet 033D,1118118.75,5.0,9.0,0.0,0.0,0.0,3.0,3.0,7.0,22.0,26.0,75.0,6.612,10.2776,3
E09000003,Barnet,E01000209,Barnet 035B,993750.0,1.0,16.0,2.0,0.0,0.0,9.0,0.0,12.0,26.0,12.0,78.0,7.058,5.37832,2
E09000003,Barnet,E01000210,Barnet 033E,1030625.0,5.0,14.0,2.0,2.0,0.0,4.0,2.0,4.0,28.0,21.0,82.0,8.197,3.92139,1b
E09000003,Barnet,E01000211,Barnet 035C,554050.0,15.0,34.0,2.0,2.0,0.0,24.0,2.0,126.0,27.0,79.0,311.0,14.568,8.35726,2
E09000003,Barnet,E01000212,Barnet 035D,1582625.0,2.0,8.0,1.0,0.0,0.0,5.0,2.0,7.0,25.0,20.0,70.0,10.294,7.74902,2
E09000003,Barnet,E01000213,Barnet 033F,3200625.0,0.0,7.0,1.0,2.0,0.0,0.0,0.0,4.0,30.0,6.0,50.0,7.583,3.38152,1b
E09000003,Barnet,E01000214,Barnet 038E,818125.0,8.0,18.0,3.0,1.0,0.0,8.0,3.0,38.0,30.0,30.0,139.0,10.503,16.6422,4
E09000003,Barnet,E01000215,Barnet 037B,792500.0,3.0,5.0,3.0,3.0,0.0,2.0,2.0,18.0,16.0,30.0,82.0,13.565,12.7091,3
E09000003,Barnet,E01000216,Barnet 035E,1196875.0,1.0,13.0,1.0,3.0,0.0,5.0,0.0,6.0,23.0,20.0,72.0,10.017,8.80247,2
E09000003,Barnet,E01000217,Barnet 035F,1245125.0,3.0,3.0,2.0,1.0,2.0,2.0,3.0,7.0,15.0,14.0,52.0,10.826,6.08947,2
E09000003,Barnet,E01000218,Barnet 037C,995500.0,8.0,10.0,4.0,0.0,0.0,7.0,0.0,17.0,8.0,27.0,81.0,15.33,14.0212,3
E09000003,Barnet,E01000219,Barnet 037D,455166.6666666667,13.0,21.0,6.0,1.0,1.0,13.0,2.0,15.0,21.0,44.0,137.0,19.87,18.7051,4
E09000003,Barnet,E01000220,Barnet 037E,626487.5,3.0,9.0,1.0,0.0,0.0,4.0,1.0,13.0,13.0,28.0,72.0,17.109,13.651,3
E09000003,Barnet,E01000221,Barnet 039B,,11.0,20.0,3.0,8.0,1.0,19.0,8.0,83.0,72.0,65.0,290.0,45.842,13.3496,3
E09000003,Barnet,E01000222,Barnet 040C,593750.0,8.0,15.0,3.0,1.0,2.0,6.0,0.0,9.0,20.0,48.0,112.0,27.098,6.68951,2
E09000003,Barnet,E01000223,Barnet 039C,495000.0,7.0,23.0,8.0,4.0,0.0,14.0,9.0,95.0,38.0,62.0,260.0,35.812,8.4522,2
E09000003,Barnet,E01000224,Barnet 040D,692500.0,5.0,3.0,0.0,0.0,1.0,1.0,1.0,13.0,27.0,25.0,76.0,19.679,9.28636,2
E09000003,Barnet,E01000225,Barnet 037F,1220000.0,6.0,6.0,2.0,2.0,0.0,5.0,0.0,10.0,22.0,12.0,65.0,10.981,5.41549,2
E09000003,Barnet,E01000226,Barnet 018D,426250.0,7.0,5.0,1.0,4.0,0.0,3.0,2.0,14.0,18.0,34.0,88.0,31.658,6.72681,2
E09000003,Barnet,E01000227,Barnet 018E,648750.0,4.0,4.0,3.0,0.0,0.0,5.0,4.0,5.0,18.0,17.0,60.0,9.965,5.5744,2
E09000003,Barnet,E01000228,Barnet 007A,712500.0,15.0,4.0,3.0,1.0,2.0,6.0,2.0,6.0,25.0,31.0,95.0,12.492,0.813966,1a
E09000003,Barnet,E01000229,Barnet 013B,480937.5,7.0,10.0,4.0,2.0,0.0,6.0,2.0,5.0,12.0,17.0,65.0,21.609,2.50364,1b
E09000003,Barnet,E01000230,Barnet 013C,600000.0,5.0,7.0,3.0,1.0,0.0,5.0,0.0,6.0,23.0,9.0,59.0,7.886,5.12524,2
E09000003,Barnet,E01000231,Barnet 013D,618125.0,7.0,4.0,4.0,1.0,0.0,15.0,2.0,14.0,20.0,36.0,103.0,17.628,2.99059,1b
E09000003,Barnet,E01000232,Barnet 013E,752750.0,2.0,21.0,1.0,1.0,1.0,3.0,0.0,6.0,15.0,28.0,78.0,14.534,7.25079,2
E09000003,Barnet,E01000233,Barnet 013F,700156.25,3.0,25.0,4.0,1.0,0.0,4.0,2.0,30.0,19.0,24.0,112.0,8.853,7.01215,2
E09000003,Barnet,E01000234,Barnet 021D,618250.0,1.0,11.0,5.0,2.0,1.0,3.0,1.0,5.0,6.0,19.0,54.0,8.657,11.8742,3
E09000003,Barnet,E01000235,Barnet 021E,616666.6666666666,8.0,16.0,4.0,3.0,1.0,6.0,0.0,24.0,21.0,53.0,136.0,23.347,12.1799,3
E09000003,Barnet,E01000236,Barnet 034A,912447.875,4.0,18.0,1.0,0.0,0.0,7.0,2.0,6.0,22.0,36.0,96.0,10.572,6.55226,2
E09000003,Barnet,E01000237,Barnet 032A,546875.0,13.0,19.0,9.0,2.0,1.0,28.0,12.0,47.0,10.0,92.0,233.0,9.545,14.3658,3
E09000003,Barnet,E01000238,Barnet 034B,677500.0,12.0,5.0,4.0,2.0,0.0,6.0,2.0,11.0,25.0,33.0,100.0,14.457,4.37487,1b
E09000003,Barnet,E01000239,Barnet 031A,472499.875,15.0,23.0,23.0,2.0,0.0,10.0,0.0,23.0,14.0,62.0,172.0,21.568,5.80517,2
E09000003,Barnet,E01000240,Barnet 031B,713375.0,9.0,11.0,3.0,2.0,0.0,14.0,2.0,16.0,22.0,46.0,125.0,19.599,2.37931,1a
E09000003,Barnet,E01000241,Barnet 031C,845250.0,12.0,13.0,2.0,0.0,1.0,4.0,1.0,4.0,24.0,22.0,83.0,10.706,2.21401,1a
E09000003,Barnet,E01000242,Barnet 032B,662250.0,3.0,10.0,6.0,1.0,0.0,7.0,1.0,10.0,27.0,27.0,92.0,19.154,4.83334,1b
E09000003,Barnet,E01000243,Barnet 032C,400750.0,16.0,14.0,9.0,2.0,1.0,21.0,4.0,23.0,9.0,49.0,148.0,14.093,7.48625,2
E09000003,Barnet,E01000244,Barnet 032D,446250.0,13.0,24.0,7.0,3.0,0.0,17.0,12.0,45.0,22.0,65.0,208.0,15.649,8.20936,2
E09000003,Barnet,E01000245,Barnet 032E,535500.0,18.0,23.0,4.0,0.0,1.0,28.0,7.0,55.0,32.0,90.0,258.0,24.116,10.4143,3
E09000003,Barnet,E01000246,Barnet 002B,612000.0,2.0,3.0,1.0,0.0,0.0,1.0,2.0,6.0,18.0,16.0,49.0,10.621,2.34873,1a
E09000003,Barnet,E01000247,Barnet 002C,462500.0,7.0,5.0,3.0,2.0,0.0,8.0,3.0,11.0,12.0,25.0,76.0,10.138,4.86619,1b
E09000003,Barnet,E01000248,Barnet 001A,781750.0,3.0,9.0,0.0,0.0,1.0,8.0,7.0,95.0,24.0,18.0,165.0,7.296,10.5315,3
E09000003,Barnet,E01000249,Barnet 001B,747375.0,6.0,4.0,2.0,3.0,1.0,3.0,0.0,6.0,12.0,9.0,46.0,5.863,2.11587,1a
E09000003,Barnet,E01000250,Barnet 001C,402812.5,10.0,19.0,8.0,4.0,1.0,27.0,11.0,112.0,30.0,74.0,296.0,13.03,8.55294,2
E09000003,Barnet,E01000251,Barnet 002D,391812.5,20.0,12.0,8.0,4.0,2.0,22.0,3.0,27.0,23.0,75.0,196.0,18.853,11.9501,3
E09000003,Barnet,E01000252,Barnet 002E,418125.0,3.0,7.0,2.0,0.0,0.0,5.0,1.0,10.0,20.0,27.0,75.0,13.376,8.40912,2
E09000003,Barnet,E01000253,Barnet 007B,1135000.0,1.0,15.0,2.0,1.0,2.0,5.0,0.0,13.0,21.0,19.0,79.0,9.449,1.16655,1a
E09000003,Barnet,E01000254,Barnet 001D,705000.0,9.0,6.0,1.0,1.0,0.0,5.0,0.0,5.0,21.0,15.0,63.0,7.764,0.536905,1a
E09000003,Barnet,E01000255,Barnet 017A,735062.5,5.0,10.0,2.0,0.0,1.0,8.0,4.0,16.0,20.0,32.0,98.0,18.729,1.77553,1a
E09000003,Barnet,E01000256,Barnet 016A,764905.5,6.0,8.0,2.0,2.0,1.0,4.0,2.0,6.0,13.0,17.0,61.0,10.628,3.63009,1b
E09000003,Barnet,E01000257,Barnet 017B,547645.0,8.0,26.0,8.0,0.0,0.0,14.0,4.0,105.0,26.0,44.0,235.0,25.001,7.10116,2
E09000003,Barnet,E01000258,Barnet 016B,708250.0,9.0,15.0,12.0,2.0,3.0,9.0,5.0,46.0,18.0,33.0,152.0,9.156,6.77941,2
E09000003,Barnet,E01000259,Barnet 025D,615875.0,17.0,17.0,2.0,0.0,1.0,7.0,3.0,17.0,21.0,30.0,115.0,13.364,1.74679,1a
E09000003,Barnet,E01000260,Barnet 025E,587937.5,17.0,11.0,4.0,1.0,2.0,10.0,6.0,38.0,20.0,51.0,160.0,19.85,2.56492,1b
E09000003,Barnet,E01000261,Barnet 017C,963062.5,4.0,6.0,1.0,0.0,1.0,2.0,1.0,5.0,20.0,10.0,50.0,7.628,2.93094,1b
E09000003,Barnet,E01000262,Barnet 017D,713750.0,8.0,11.0,0.0,0.0,0.0,1.0,0.0,5.0,7.0,26.0,58.0,11.643,1.96018,1a
E09000003,Barnet,E01000263,Barnet 016C,1387107.625,2.0,5.0,1.0,0.0,0.0,3.0,0.0,1.0,11.0,9.0,32.0,5.865,5.37449,2
E09000003,Barnet,E01000264,Barnet 016D,673750.0,20.0,36.0,14.0,2.0,2.0,22.0,6.0,117.0,25.0,61.0,305.0,16.482,10.9522,3
E09000003,Barnet,E01000265,Barnet 011A,378062.5,7.0,7.0,3.0,2.0,2.0,9.0,3.0,14.0,17.0,27.0,91.0,15.103,5.79479,2
E09000003,Barnet,E01000266,Barnet 011B,1056875.0,1.0,10.0,1.0,0.0,1.0,1.0,0.0,1.0,23.0,19.0,57.0,8.023,4.41078,1b
E09000003,Barnet,E01000267,Barnet 005A,777000.0,5.0,4.0,0.0,0.0,0.0,6.0,1.0,4.0,14.0,22.0,56.0,12.75,7.58199,2
E09000003,Barnet,E01000268,Barnet 005B,392243.75,12.0,18.0,4.0,5.0,3.0,19.0,3.0,43.0,45.0,65.0,217.0,15.262,13.783,3
E09000003,Barnet,E01000269,Barnet 005C,628375.0,3.0,0.0,2.0,2.0,0.0,4.0,0.0,1.0,14.0,10.0,36.0,10.434,10.0329,3
E09000003,Barnet,E01000270,Barnet 005D,606250.0,3.0,8.0,2.0,1.0,0.0,2.0,0.0,4.0,9.0,20.0,49.0,11.98,10.4929,3
E09000003,Barnet,E01000271,Barnet 008A,699000.0,7.0,7.0,0.0,1.0,1.0,5.0,0.0,12.0,26.0,20.0,79.0,6.648,9.08156,2
E09000003,Barnet,E01000272,Barnet 008B,1586875.0,1.0,7.0,1.0,1.0,0.0,1.0,1.0,3.0,34.0,11.0,60.0,4.839,7.15502,2
E09000003,Barnet,E01000273,Barnet 008C,616500.0,9.0,13.0,1.0,2.0,0.0,4.0,3.0,24.0,21.0,32.0,109.0,14.148,12.1505,3
E09000003,Barnet,E01000274,Barnet 011C,547187.5,8.0,10.0,1.0,3.0,1.0,1.0,3.0,8.0,20.0,31.0,86.0,15.582,6.76218,2
E09000003,Barnet,E01000275,Barnet 012A,685625.0,4.0,10.0,0.0,2.0,0.0,2.0,1.0,4.0,20.0,15.0,58.0,13.504,7.42912,2
E09000003,Barnet,E01000276,Barnet 020A,970625.0,4.0,5.0,0.0,0.0,0.0,1.0,2.0,1.0,16.0,9.0,38.0,4.061,2.91234,1b
E09000003,Barnet,E01000277,Barnet 012B,455625.0,4.0,17.0,1.0,2.0,0.0,4.0,1.0,5.0,19.0,27.0,80.0,18.23,10.138,3
E09000003,Barnet,E01000278,Barnet 020B,987931.25,2.0,6.0,1.0,0.0,0.0,2.0,2.0,6.0,17.0,13.0,49.0,5.525,5.12517,2
E09000003,Barnet,E01000279,Barnet 007C,1902500.0,1.0,19.0,2.0,1.0,1.0,5.0,0.0,6.0,11.0,11.0,57.0,8.956,1.48978,1a
E09000003,Barnet,E01000280,Barnet 007D,1056250.0,1.0,10.0,1.0,2.0,0.0,1.0,2.0,2.0,10.0,6.0,35.0,3.958,4.76207,1b
E09000003,Barnet,E01000281,Barnet 008D,512250.0,11.0,18.0,3.0,0.0,0.0,13.0,5.0,60.0,13.0,37.0,160.0,10.933,10.1968,3
E09000003,Barnet,E01000282,Barnet 008E,637500.0,6.0,15.0,9.0,2.0,0.0,4.0,3.0,16.0,23.0,23.0,101.0,8.582,9.58732,2
E09000003,Barnet,E01000283,Barnet 012C,1111500.0,2.0,2.0,2.0,0.0,0.0,0.0,0.0,5.0,16.0,4.0,31.0,4.647,4.22068,1b
E09000003,Barnet,E01000284,Barnet 012D,490000.0,19.0,12.0,4.0,0.0,0.0,4.0,3.0,9.0,20.0,34.0,105.0,15.477,7.85811,2
E09000003,Barnet,E01000285,Barnet 004A,522687.5,8.0,6.0,2.0,0.0,0.0,1.0,1.0,3.0,7.0,24.0,52.0,15.134,3.18573,1b
E09000003,Barnet,E01000286,Barnet 007E,472406.25,6.0,6.0,2.0,2.0,0.0,3.0,4.0,10.0,8.0,23.0,64.0,23.897,4.57522,1b
E09000003,Barnet,E01000287,Barnet 004B,548500.0,6.0,3.0,3.0,2.0,0.0,8.0,0.0,1.0,9.0,30.0,62.0,22.723,4.13223,1b
E09000003,Barnet,E01000288,Barnet 004C,656962.5,2.0,6.0,2.0,2.0,0.0,1.0,4.0,4.0,15.0,13.0,49.0,13.041,8.34093,2
E09000003,Barnet,E01000289,Barnet 004D,425000.0,12.0,5.0,6.0,3.0,2.0,6.0,2.0,6.0,21.0,25.0,88.0,38.33,6.94427,2
E09000003,Barnet,E01000290,Barnet 007F,976875.0,6.0,3.0,5.0,3.0,0.0,6.0,0.0,17.0,5.0,23.0,68.0,19.937,1.48016,1a
E09000003,Barnet,E01000291,Barnet 004E,611812.5,7.0,3.0,6.0,4.0,1.0,7.0,1.0,5.0,11.0,19.0,64.0,32.936,3.04293,1b
E09000003,Barnet,E01000292,Barnet 001E,639375.0,10.0,7.0,3.0,1.0,2.0,2.0,5.0,20.0,13.0,24.0,87.0,11.315,8.10976,2
E09000003,Barnet,E01000293,Barnet 001F,721375.0,1.0,5.0,1.0,1.0,0.0,2.0,1.0,12.0,17.0,18.0,58.0,7.608,16.1789,4
E09000003,Barnet,E01000294,Barnet 004F,464375.0,14.0,5.0,0.0,0.0,0.0,21.0,0.0,42.0,20.0,85.0,187.0,12.242,6.76124,2
E09000003,Barnet,E01000295,Barnet 023B,895625.0,3.0,13.0,3.0,2.0,1.0,8.0,2.0,9.0,33.0,22.0,96.0,13.306,14.5725,3
E09000003,Barnet,E01000296,Barnet 023C,470625.0,16.0,10.0,7.0,4.0,2.0,19.0,7.0,69.0,27.0,61.0,222.0,12.11,16.7983,4
E09000003,Barnet,E01000297,Barnet 027D,537500.0,2.0,4.0,0.0,1.0,0.0,0.0,1.0,7.0,13.0,23.0,51.0,9.009,5.7428,2
E09000003,Barnet,E01000298,Barnet 023D,506250.0,13.0,16.0,12.0,9.0,1.0,14.0,4.0,28.0,20.0,63.0,180.0,11.827,12.4266,3
E09000003,Barnet,E01000299,Barnet 019A,375625.0,14.0,6.0,4.0,4.0,0.0,31.0,11.0,104.0,11.0,61.0,246.0,17.004,12.996,3
E09000003,Barnet,E01000300,Barnet 019B,709651.25,7.0,8.0,1.0,1.0,1.0,2.0,0.0,12.0,9.0,24.0,65.0,12.253,11.1317,3
E09000003,Barnet,E01000301,Barnet 020C,833750.0,3.0,6.0,5.0,0.0,1.0,3.0,5.0,8.0,13.0,7.0,51.0,7.059,11.159,3
E09000003,Barnet,E01000302,Barnet 019C,435875.0,10.0,12.0,2.0,2.0,0.0,16.0,6.0,28.0,12.0,44.0,132.0,15.595,14.0582,3
E09000003,Barnet,E01000303,Barnet 020D,945875.0,1.0,11.0,2.0,1.0,0.0,5.0,0.0,4.0,12.0,7.0,43.0,6.805,7.75464,2
E09000003,Barnet,E01000304,Barnet 020E,619537.375,2.0,10.0,1.0,0.0,0.0,3.0,1.0,6.0,13.0,14.0,50.0,13.531,8.91359,2
E09000003,Barnet,E01000305,Barnet 036B,392625.0,15.0,12.0,21.0,1.0,2.0,15.0,1.0,34.0,65.0,42.0,208.0,27.857,4.53612,1b
E09000003,Barnet,E01000306,Barnet 036C,505750.0,1.0,5.0,3.0,2.0,0.0,0.0,1.0,7.0,7.0,16.0,42.0,14.045,10.6458,3
E09000003,Barnet,E01000307,Barnet 039D,527875.0,25.0,18.0,13.0,4.0,3.0,38.0,18.0,329.0,93.0,85.0,626.0,23.325,13.5832,3
E09000003,Barnet,E01000308,Barnet 036D,471375.0,11.0,10.0,10.0,4.0,2.0,11.0,2.0,26.0,15.0,56.0,147.0,31.832,3.59251,1b
E09000003,Barnet,E01000309,Barnet 031D,787187.5,9.0,6.0,5.0,1.0,0.0,7.0,2.0,12.0,20.0,31.0,93.0,13.899,13.4253,3
E09000003,Barnet,E01000310,Barnet 034C,478625.0,16.0,13.0,6.0,2.0,3.0,16.0,3.0,38.0,31.0,61.0,189.0,19.223,16.9418,4
E09000003,Barnet,E01000311,Barnet 034D,1169375.0,10.0,9.0,5.0,1.0,1.0,6.0,5.0,6.0,28.0,28.0,99.0,11.072,11.2528,3
E09000003,Barnet,E01000312,Barnet 036E,392437.5,7.0,9.0,5.0,1.0,1.0,2.0,1.0,11.0,10.0,27.0,74.0,24.927,7.46376,2
E09000003,Barnet,E01000313,Barnet 036F,360400.0,13.0,13.0,11.0,1.0,0.0,7.0,5.0,24.0,30.0,57.0,161.0,19.932,12.4284,3
E09000003,Barnet,E01000314,Barnet 032F,990000.0,14.0,11.0,8.0,2.0,1.0,16.0,4.0,28.0,24.0,52.0,160.0,10.677,17.8886,4
E09000003,Barnet,E01000315,Barnet 022F,482875.0,11.0,10.0,1.0,4.0,2.0,13.0,0.0,18.0,20.0,42.0,121.0,32.727,4.27959,1b
E09000003,Barnet,E01000316,Barnet 027E,445250.0,18.0,16.0,20.0,2.0,1.0,22.0,20.0,95.0,37.0,82.0,313.0,19.874,5.17573,2
E09000003,Barnet,E01000317,Barnet 019D,460562.5,8.0,7.0,3.0,1.0,0.0,2.0,1.0,8.0,29.0,25.0,84.0,10.85,13.0089,3
E09000003,Barnet,E01000318,Barnet 019E,787500.0,4.0,10.0,3.0,0.0,0.0,7.0,0.0,16.0,14.0,23.0,77.0,14.711,7.65489,2
E09000003,Barnet,E01000319,Barnet 027F,788750.0,4.0,9.0,0.0,0.0,0.0,2.0,0.0,4.0,21.0,18.0,58.0,9.915,5.79505,2
E09000003,Barnet,E01000320,Barnet 011D,685125.0,9.0,13.0,1.0,3.0,0.0,3.0,1.0,11.0,24.0,17.0,82.0,8.719,4.41757,1b
E09000003,Barnet,E01000321,Barnet 012E,547000.0,11.0,10.0,5.0,2.0,3.0,5.0,5.0,54.0,18.0,36.0,149.0,14.405,8.3204,2
E09000003,Barnet,E01000322,Barnet 011E,405625.0,6.0,9.0,11.0,0.0,1.0,6.0,1.0,19.0,11.0,47.0,111.0,14.866,5.7123,2
E09000003,Barnet,E01000323,Barnet 019F,431250.0,26.0,19.0,6.0,5.0,0.0,37.0,15.0,111.0,19.0,103.0,341.0,18.834,12.3449,3
E09000003,Barnet,E01000324,Barnet 015F,737500.0,3.0,14.0,2.0,0.0,0.0,8.0,0.0,16.0,14.0,30.0,87.0,13.755,6.64776,2
E09000003,Barnet,E01033572,Barnet 030E,509966.875,7.0,9.0,5.0,1.0,1.0,13.0,0.0,15.0,8.0,34.0,93.0,22.191,4.68651,1b
E09000003,Barnet,E01033573,Barnet 030F,450250.0,4.0,22.0,1.0,0.0,1.0,6.0,2.0,23.0,3.0,54.0,116.0,17.932,10.4136,3
E09000004,Bexley,E01000325,Bexley 014A,519812.5,4.0,1.0,1.0,0.0,1.0,4.0,0.0,6.0,6.0,19.0,42.0,5.875,8.32679,2
E09000004,Bexley,E01000326,Bexley 014B,348750.0,7.0,1.0,2.0,0.0,1.0,1.0,0.0,2.0,10.0,23.0,47.0,11.973,3.41403,1b
E09000004,Bexley,E01000327,Bexley 017A,503000.0,1.0,3.0,2.0,1.0,1.0,0.0,1.0,6.0,6.0,11.0,32.0,7.68,13.2003,3
E09000004,Bexley,E01000328,Bexley 017B,451187.5,4.0,5.0,9.0,1.0,0.0,5.0,0.0,3.0,11.0,33.0,71.0,11.404,2.85065,1b
E09000004,Bexley,E01000329,Bexley 017C,340125.0,9.0,3.0,5.0,0.0,2.0,1.0,2.0,10.0,4.0,41.0,77.0,15.875,8.2841,2
E09000004,Bexley,E01000330,Bexley 017D,348500.0,30.0,4.0,32.0,8.0,1.0,71.0,6.0,9.0,4.0,110.0,275.0,17.867,17.4417,4
E09000004,Bexley,E01000331,Bexley 017E,420750.0,17.0,7.0,5.0,3.0,1.0,15.0,3.0,15.0,32.0,59.0,157.0,28.281,3.10323,1b
E09000004,Bexley,E01000332,Bexley 005A,361937.5,6.0,9.0,0.0,3.0,1.0,6.0,0.0,6.0,13.0,18.0,62.0,16.091,7.26014,2
E09000004,Bexley,E01000333,Bexley 003A,268500.0,19.0,10.0,6.0,2.0,1.0,24.0,8.0,26.0,15.0,70.0,181.0,25.871,4.65451,1b
E09000004,Bexley,E01000334,Bexley 006A,375625.0,6.0,8.0,5.0,3.0,2.0,3.0,0.0,10.0,10.0,43.0,90.0,12.987,3.74277,1b
E09000004,Bexley,E01000335,Bexley 003B,280750.0,19.0,17.0,15.0,2.0,2.0,17.0,11.0,61.0,40.0,101.0,285.0,31.73,4.47422,1b
E09000004,Bexley,E01000336,Bexley 003C,324687.5,22.0,15.0,3.0,3.0,0.0,20.0,5.0,13.0,26.0,59.0,166.0,31.362,8.93537,2
E09000004,Bexley,E01000337,Bexley 003D,364281.25,5.0,7.0,0.0,1.0,0.0,4.0,0.0,12.0,16.0,23.0,68.0,19.57,4.86354,1b
E09000004,Bexley,E01000338,Bexley 003E,343593.75,15.0,5.0,9.0,0.0,1.0,4.0,1.0,8.0,15.0,38.0,96.0,18.89,7.48566,2
E09000004,Bexley,E01000339,Bexley 025A,479250.0,2.0,0.0,0.0,4.0,0.0,3.0,1.0,2.0,7.0,19.0,38.0,16.3,4.67548,1b
E09000004,Bexley,E01000340,Bexley 018A,425062.5,0.0,5.0,3.0,1.0,0.0,2.0,1.0,4.0,4.0,14.0,34.0,12.831,2.61588,1b
E09000004,Bexley,E01000341,Bexley 022A,452750.0,4.0,1.0,3.0,0.0,0.0,1.0,0.0,4.0,2.0,11.0,26.0,8.884,3.27627,1b
E09000004,Bexley,E01000342,Bexley 022B,414250.0,6.0,0.0,2.0,0.0,0.0,6.0,0.0,2.0,10.0,17.0,43.0,8.918,2.81472,1b
E09000004,Bexley,E01000343,Bexley 022C,543937.5,10.0,5.0,5.0,0.0,3.0,11.0,0.0,7.0,3.0,33.0,77.0,8.347,4.57313,1b
E09000004,Bexley,E01000344,Bexley 025B,509375.0,8.0,1.0,6.0,1.0,1.0,5.0,1.0,17.0,9.0,17.0,66.0,6.105,4.49253,1b
E09000004,Bexley,E01000345,Bexley 022D,536125.0,4.0,0.0,0.0,1.0,0.0,0.0,0.0,0.0,7.0,19.0,31.0,6.252,4.67157,1b
E09000004,Bexley,E01000346,Bexley 021A,408750.0,1.0,3.0,0.0,0.0,1.0,2.0,0.0,25.0,13.0,21.0,66.0,9.662,3.83546,1b
E09000004,Bexley,E01000347,Bexley 021B,417250.0,4.0,2.0,8.0,1.0,1.0,2.0,0.0,4.0,11.0,16.0,49.0,11.175,4.94347,1b
E09000004,Bexley,E01000348,Bexley 020A,630187.5,2.0,2.0,0.0,0.0,0.0,0.0,0.0,3.0,10.0,8.0,25.0,4.979,3.23538,1b
E09000004,Bexley,E01000349,Bexley 020B,543375.0,2.0,3.0,1.0,0.0,0.0,4.0,1.0,6.0,22.0,7.0,46.0,7.459,4.25791,1b
E09000004,Bexley,E01000350,Bexley 021C,445625.0,8.0,4.0,2.0,0.0,1.0,1.0,0.0,13.0,7.0,15.0,51.0,7.89,3.73397,1b
E09000004,Bexley,E01000351,Bexley 024A,462250.0,7.0,7.0,0.0,0.0,0.0,1.0,0.0,6.0,15.0,10.0,46.0,7.587,3.14063,1b
E09000004,Bexley,E01000352,Bexley 021D,320000.0,13.0,4.0,5.0,1.0,0.0,7.0,0.0,53.0,14.0,56.0,153.0,14.763,4.45,1b
E09000004,Bexley,E01000353,Bexley 011A,520591.0,2.0,3.0,0.0,1.0,2.0,10.0,0.0,1.0,6.0,13.0,38.0,5.202,3.8967,1b
E09000004,Bexley,E01000354,Bexley 011B,401750.0,3.0,2.0,2.0,1.0,0.0,5.0,0.0,5.0,5.0,13.0,36.0,21.316,6.97214,2
E09000004,Bexley,E01000355,Bexley 011C,462125.0,4.0,4.0,4.0,2.0,1.0,3.0,0.0,2.0,9.0,17.0,46.0,8.189,7.68435,2
E09000004,Bexley,E01000356,Bexley 009A,529187.5,4.0,6.0,2.0,0.0,0.0,3.0,1.0,21.0,11.0,11.0,59.0,7.94,12.1571,3
E09000004,Bexley,E01000357,Bexley 009B,545750.0,3.0,1.0,0.0,0.0,0.0,2.0,0.0,1.0,7.0,11.0,25.0,4.079,6.53809,2
E09000004,Bexley,E01000358,Bexley 011D,463750.0,3.0,2.0,4.0,0.0,0.0,4.0,2.0,22.0,3.0,31.0,71.0,6.15,8.54207,2
E09000004,Bexley,E01000359,Bexley 009C,501375.0,4.0,1.0,4.0,0.0,1.0,3.0,1.0,5.0,11.0,11.0,41.0,6.167,4.70258,1b
E09000004,Bexley,E01000360,Bexley 015A,373262.5,42.0,10.0,57.0,4.0,9.0,46.0,24.0,150.0,17.0,190.0,549.0,18.65,16.1787,4
E09000004,Bexley,E01000361,Bexley 020C,440250.0,2.0,2.0,1.0,2.0,0.0,2.0,0.0,1.0,14.0,12.0,36.0,11.27,5.08739,2
E09000004,Bexley,E01000362,Bexley 015B,319996.875,39.0,21.0,60.0,5.0,5.0,50.0,18.0,218.0,21.0,142.0,579.0,12.63,15.0623,4
E09000004,Bexley,E01000363,Bexley 020D,530875.0,7.0,4.0,1.0,0.0,0.0,0.0,0.0,5.0,8.0,21.0,46.0,9.306,5.38097,2
E09000004,Bexley,E01000364,Bexley 023A,454750.0,0.0,5.0,2.0,0.0,0.0,0.0,2.0,4.0,21.0,11.0,45.0,12.692,3.823,1b
E09000004,Bexley,E01000365,Bexley 015C,305750.0,11.0,3.0,5.0,0.0,2.0,15.0,3.0,53.0,8.0,35.0,135.0,14.39,10.9912,3
E09000004,Bexley,E01000366,Bexley 015D,469750.0,4.0,4.0,1.0,1.0,0.0,3.0,2.0,3.0,5.0,24.0,47.0,9.865,15.4365,4
E09000004,Bexley,E01000367,Bexley 010A,333750.0,5.0,8.0,0.0,2.0,1.0,11.0,0.0,7.0,7.0,61.0,102.0,30.905,3.20996,1b
E09000004,Bexley,E01000368,Bexley 010B,357437.5,15.0,3.0,3.0,3.0,2.0,7.0,1.0,3.0,10.0,56.0,103.0,33.932,2.41844,1a
E09000004,Bexley,E01000369,Bexley 014C,384500.0,2.0,0.0,1.0,2.0,0.0,5.0,1.0,7.0,11.0,32.0,61.0,14.638,4.21462,1b
E09000004,Bexley,E01000370,Bexley 014D,434125.0,7.0,4.0,1.0,3.0,0.0,5.0,1.0,21.0,5.0,29.0,76.0,11.364,10.7576,3
E09000004,Bexley,E01000371,Bexley 014E,381062.5,6.0,2.0,2.0,1.0,3.0,5.0,0.0,6.0,11.0,15.0,51.0,8.174,4.97689,1b
E09000004,Bexley,E01000372,Bexley 010C,443187.5,9.0,4.0,6.0,2.0,0.0,7.0,1.0,16.0,14.0,62.0,121.0,29.915,3.50441,1b
E09000004,Bexley,E01000373,Bexley 008A,324000.0,4.0,2.0,1.0,1.0,0.0,7.0,0.0,8.0,6.0,16.0,45.0,29.344,3.11407,1b
E09000004,Bexley,E01000374,Bexley 019A,391750.0,17.0,11.0,4.0,2.0,1.0,6.0,1.0,11.0,17.0,53.0,123.0,42.38,2.26362,1a
E09000004,Bexley,E01000375,Bexley 019B,358312.5,23.0,4.0,0.0,1.0,0.0,14.0,0.0,10.0,22.0,34.0,108.0,18.295,6.52067,2
E09000004,Bexley,E01000376,Bexley 019C,378750.0,8.0,6.0,4.0,0.0,0.0,6.0,0.0,9.0,12.0,38.0,83.0,16.232,2.19275,1a
E09000004,Bexley,E01000377,Bexley 019D,308000.0,6.0,3.0,2.0,2.0,4.0,16.0,0.0,9.0,9.0,39.0,90.0,12.286,1.62648,1a
E09000004,Bexley,E01000378,Bexley 019E,280500.0,27.0,5.0,9.0,7.0,1.0,30.0,8.0,125.0,32.0,114.0,358.0,21.241,4.31319,1b
E09000004,Bexley,E01000379,Bexley 019F,382270.0,5.0,4.0,2.0,2.0,1.0,6.0,1.0,8.0,9.0,26.0,64.0,18.601,7.05411,2
E09000004,Bexley,E01000380,Bexley 010D,230562.5,7.0,4.0,1.0,1.0,0.0,10.0,0.0,10.0,10.0,40.0,83.0,23.317,5.18912,2
E09000004,Bexley,E01000381,Bexley 028A,402375.0,5.0,6.0,8.0,1.0,0.0,5.0,0.0,4.0,9.0,30.0,68.0,27.812,1.43135,1a
E09000004,Bexley,E01000382,Bexley 027A,592175.0,2.0,4.0,2.0,1.0,1.0,2.0,0.0,2.0,8.0,26.0,48.0,6.444,3.01202,1b
E09000004,Bexley,E01000383,Bexley 028B,513250.0,13.0,4.0,3.0,0.0,0.0,10.0,0.0,9.0,14.0,19.0,72.0,21.082,0.677378,1a
E09000004,Bexley,E01000384,Bexley 027B,391875.0,9.0,5.0,3.0,3.0,1.0,2.0,0.0,11.0,14.0,20.0,68.0,12.076,7.69227,2
E09000004,Bexley,E01000385,Bexley 028C,326750.0,28.0,19.0,7.0,9.0,5.0,13.0,9.0,20.0,35.0,89.0,234.0,32.32,3.61829,1b
E09000004,Bexley,E01000386,Bexley 028D,292000.0,19.0,4.0,4.0,4.0,0.0,12.0,0.0,30.0,25.0,57.0,155.0,41.618,6.65619,2
E09000004,Bexley,E01000387,Bexley 027C,475500.0,3.0,2.0,1.0,2.0,0.0,0.0,0.0,7.0,3.0,13.0,31.0,12.348,7.4484,2
E09000004,Bexley,E01000388,Bexley 016A,476000.0,7.0,4.0,1.0,0.0,0.0,0.0,1.0,4.0,11.0,27.0,55.0,10.762,4.35928,1b
E09000004,Bexley,E01000389,Bexley 020E,469250.0,6.0,5.0,11.0,0.0,1.0,14.0,0.0,8.0,6.0,46.0,97.0,11.233,8.03609,2
E09000004,Bexley,E01000390,Bexley 020F,473625.0,7.0,1.0,10.0,2.0,1.0,4.0,1.0,11.0,11.0,35.0,83.0,10.167,2.89856,1b
E09000004,Bexley,E01000391,Bexley 021E,417500.0,3.0,2.0,6.0,0.0,0.0,4.0,3.0,4.0,14.0,28.0,64.0,13.901,1.68107,1a
E09000004,Bexley,E01000392,Bexley 016B,282125.0,19.0,6.0,9.0,3.0,1.0,19.0,6.0,60.0,9.0,94.0,226.0,22.909,11.2378,3
E09000004,Bexley,E01000393,Bexley 020G,418875.0,6.0,2.0,6.0,5.0,4.0,4.0,1.0,20.0,14.0,27.0,89.0,9.166,8.81402,2
E09000004,Bexley,E01000394,Bexley 015E,448312.5,3.0,4.0,6.0,2.0,0.0,12.0,3.0,14.0,9.0,27.0,80.0,9.317,15.4882,4
E09000004,Bexley,E01000395,Bexley 018B,516375.0,1.0,0.0,1.0,2.0,0.0,1.0,0.0,9.0,8.0,20.0,42.0,5.03,4.94627,1b
E09000004,Bexley,E01000396,Bexley 018C,505500.0,7.0,5.0,1.0,2.0,0.0,1.0,0.0,5.0,19.0,4.0,44.0,8.072,4.80394,1b
E09000004,Bexley,E01000398,Bexley 029A,407875.0,6.0,5.0,1.0,2.0,0.0,2.0,0.0,3.0,6.0,34.0,59.0,20.001,3.35725,1b
E09000004,Bexley,E01000399,Bexley 029B,454500.0,2.0,2.0,0.0,1.0,0.0,3.0,0.0,3.0,12.0,24.0,47.0,9.101,8.83361,2
E09000004,Bexley,E01000400,Bexley 029C,428000.0,5.0,1.0,1.0,0.0,0.0,3.0,1.0,8.0,14.0,28.0,61.0,14.705,10.4133,3
E09000004,Bexley,E01000401,Bexley 013A,418750.0,5.0,10.0,2.0,2.0,1.0,9.0,1.0,16.0,13.0,40.0,99.0,21.111,11.8369,3
E09000004,Bexley,E01000402,Bexley 005B,243937.5,13.0,4.0,10.0,4.0,2.0,7.0,0.0,14.0,14.0,35.0,103.0,23.537,3.55182,1b
E09000004,Bexley,E01000403,Bexley 004A,266375.0,33.0,22.0,23.0,6.0,7.0,28.0,16.0,250.0,56.0,122.0,563.0,29.529,10.5372,3
E09000004,Bexley,E01000404,Bexley 004B,228749.375,15.0,11.0,12.0,9.0,3.0,18.0,6.0,24.0,24.0,98.0,220.0,30.082,9.788,2
E09000004,Bexley,E01000405,Bexley 004C,337062.5,15.0,5.0,5.0,0.0,2.0,11.0,0.0,20.0,18.0,56.0,132.0,28.889,3.73665,1b
E09000004,Bexley,E01000406,Bexley 005C,339000.0,19.0,6.0,12.0,2.0,2.0,7.0,2.0,22.0,19.0,80.0,171.0,23.276,2.82144,1b
E09000004,Bexley,E01000407,Bexley 005D,462000.0,6.0,6.0,2.0,4.0,1.0,10.0,1.0,10.0,15.0,31.0,86.0,14.648,5.89327,2
E09000004,Bexley,E01000408,Bexley 004D,348750.0,28.0,15.0,4.0,8.0,2.0,13.0,6.0,31.0,37.0,70.0,214.0,23.784,2.95511,1b
E09000004,Bexley,E01000409,Bexley 016C,421562.5,3.0,6.0,0.0,0.0,0.0,3.0,0.0,2.0,9.0,13.0,36.0,5.938,6.05412,2
E09000004,Bexley,E01000410,Bexley 018D,433500.0,10.0,7.0,3.0,1.0,0.0,5.0,0.0,28.0,11.0,16.0,81.0,7.496,3.39149,1b
E09000004,Bexley,E01000411,Bexley 016D,447000.0,3.0,1.0,1.0,3.0,0.0,8.0,0.0,2.0,10.0,6.0,34.0,9.621,3.93518,1b
E09000004,Bexley,E01000412,Bexley 018E,401875.0,8.0,7.0,0.0,5.0,1.0,6.0,0.0,9.0,17.0,32.0,85.0,8.605,6.77975,2
E09000004,Bexley,E01000413,Bexley 018F,391875.0,2.0,1.0,7.0,1.0,0.0,7.0,1.0,46.0,6.0,36.0,107.0,10.974,3.13988,1b
E09000004,Bexley,E01000414,Bexley 016E,401625.0,9.0,6.0,14.0,2.0,2.0,29.0,5.0,102.0,15.0,73.0,257.0,13.631,15.578,4
E09000004,Bexley,E01000415,Bexley 016F,555562.5,1.0,2.0,0.0,1.0,0.0,0.0,1.0,2.0,8.0,17.0,32.0,6.236,10.0208,3
E09000004,Bexley,E01000416,Bexley 002A,,21.0,6.0,20.0,2.0,4.0,14.0,6.0,78.0,34.0,69.0,254.0,25.261,14.2417,3
E09000004,Bexley,E01000417,Bexley 006B,311250.0,8.0,5.0,8.0,4.0,0.0,8.0,2.0,22.0,39.0,44.0,140.0,19.563,6.47468,2
E09000004,Bexley,E01000418,Bexley 002B,338125.0,6.0,7.0,6.0,0.0,0.0,5.0,2.0,11.0,24.0,30.0,91.0,18.667,8.33427,2
E09000004,Bexley,E01000419,Bexley 006C,415000.0,4.0,7.0,1.0,0.0,0.0,2.0,1.0,3.0,6.0,13.0,37.0,8.707,3.82175,1b
E09000004,Bexley,E01000420,Bexley 006D,446000.0,3.0,1.0,1.0,1.0,2.0,1.0,0.0,3.0,7.0,9.0,28.0,11.155,4.24964,1b
E09000004,Bexley,E01000421,Bexley 009D,500000.0,4.0,1.0,2.0,1.0,1.0,1.0,0.0,2.0,3.0,7.0,22.0,7.222,3.69421,1b
E09000004,Bexley,E01000422,Bexley 002C,,4.0,10.0,1.0,3.0,0.0,4.0,0.0,10.0,43.0,29.0,104.0,35.949,9.60783,2
E09000004,Bexley,E01000423,Bexley 025C,582687.5,2.0,2.0,1.0,2.0,0.0,1.0,0.0,5.0,13.0,17.0,43.0,5.619,5.6252,2
E09000004,Bexley,E01000424,Bexley 026A,301250.0,9.0,8.0,5.0,1.0,1.0,0.0,1.0,2.0,15.0,12.0,54.0,6.789,12.0637,3
E09000004,Bexley,E01000425,Bexley 025D,634687.5,2.0,1.0,2.0,2.0,0.0,0.0,0.0,8.0,11.0,6.0,32.0,6.454,2.02419,1a
E09000004,Bexley,E01000426,Bexley 026B,410625.0,4.0,3.0,0.0,0.0,1.0,1.0,1.0,10.0,9.0,17.0,46.0,10.343,4.01798,1b
E09000004,Bexley,E01000427,Bexley 026C,359375.0,11.0,8.0,1.0,2.0,0.0,9.0,1.0,9.0,18.0,19.0,78.0,12.878,3.50594,1b
E09000004,Bexley,E01000428,Bexley 027D,310375.0,37.0,11.0,6.0,1.0,0.0,10.0,3.0,26.0,33.0,120.0,247.0,23.903,8.34943,2
E09000004,Bexley,E01000429,Bexley 008B,255000.0,27.0,11.0,13.0,8.0,0.0,10.0,1.0,19.0,23.0,80.0,192.0,42.524,3.16287,1b
E09000004,Bexley,E01000430,Bexley 008C,334687.5,12.0,4.0,3.0,6.0,3.0,8.0,2.0,11.0,33.0,42.0,124.0,16.489,1.11926,1a
E09000004,Bexley,E01000431,Bexley 008D,320500.0,19.0,3.0,2.0,1.0,1.0,8.0,3.0,16.0,11.0,51.0,115.0,36.113,3.88447,1b
E09000004,Bexley,E01000432,Bexley 008E,363875.0,18.0,6.0,4.0,2.0,0.0,15.0,0.0,21.0,12.0,51.0,129.0,24.386,6.72977,2
E09000004,Bexley,E01000433,Bexley 008F,369250.0,19.0,6.0,10.0,5.0,2.0,18.0,1.0,11.0,21.0,128.0,221.0,35.521,9.43322,2
E09000004,Bexley,E01000434,Bexley 008G,355333.3333333333,17.0,6.0,3.0,3.0,2.0,12.0,4.0,16.0,6.0,74.0,143.0,38.229,3.18236,1b
E09000004,Bexley,E01000435,Bexley 010E,360625.0,6.0,2.0,3.0,3.0,0.0,4.0,1.0,88.0,14.0,31.0,152.0,31.181,6.34223,2
E09000004,Bexley,E01000436,Bexley 011E,499275.0,3.0,2.0,2.0,2.0,0.0,1.0,0.0,2.0,8.0,10.0,30.0,5.016,5.0137,2
E09000004,Bexley,E01000437,Bexley 007A,433750.0,2.0,3.0,6.0,0.0,2.0,2.0,0.0,3.0,12.0,15.0,45.0,13.671,2.76876,1b
E09000004,Bexley,E01000438,Bexley 007B,360811.25,20.0,11.0,4.0,0.0,0.0,8.0,0.0,2.0,8.0,48.0,101.0,14.031,3.66003,1b
E09000004,Bexley,E01000439,Bexley 007C,367750.0,11.0,11.0,4.0,4.0,1.0,12.0,3.0,38.0,18.0,71.0,173.0,23.787,4.73103,1b
E09000004,Bexley,E01000440,Bexley 007D,483875.0,1.0,1.0,0.0,0.0,1.0,0.0,1.0,3.0,8.0,5.0,20.0,7.749,2.87468,1b
E09000004,Bexley,E01000441,Bexley 007E,351387.5,14.0,9.0,5.0,0.0,2.0,10.0,5.0,18.0,15.0,77.0,155.0,29.024,3.73763,1b
E09000004,Bexley,E01000442,Bexley 006E,446006.25,2.0,4.0,2.0,0.0,0.0,2.0,0.0,3.0,10.0,13.0,36.0,13.895,4.71723,1b
E09000004,Bexley,E01000443,Bexley 024B,431250.0,11.0,3.0,0.0,3.0,0.0,2.0,1.0,4.0,7.0,14.0,45.0,18.208,9.31065,2
E09000004,Bexley,E01000444,Bexley 023B,669375.0,9.0,4.0,0.0,1.0,0.0,3.0,0.0,11.0,17.0,16.0,61.0,6.832,1.73546,1a
E09000004,Bexley,E01000445,Bexley 024C,522125.0,9.0,6.0,1.0,1.0,1.0,2.0,1.0,26.0,3.0,28.0,78.0,5.791,5.52986,2
E09000004,Bexley,E01000446,Bexley 024D,430950.0,2.0,3.0,3.0,3.0,0.0,5.0,0.0,5.0,7.0,23.0,51.0,6.243,5.51408,2
E09000004,Bexley,E01000447,Bexley 023C,401250.0,19.0,11.0,9.0,5.0,0.0,12.0,1.0,23.0,51.0,58.0,189.0,10.353,7.28666,2
E09000004,Bexley,E01000448,Bexley 023D,641250.0,2.0,5.0,1.0,1.0,0.0,2.0,0.0,5.0,7.0,9.0,32.0,3.171,6.52184,2
E09000004,Bexley,E01000449,Bexley 023E,550312.5,5.0,0.0,2.0,2.0,0.0,3.0,0.0,6.0,25.0,8.0,51.0,5.445,7.69075,2
E09000004,Bexley,E01000450,Bexley 009E,485750.0,9.0,5.0,7.0,1.0,1.0,4.0,0.0,4.0,15.0,38.0,84.0,18.048,3.65512,1b
E09000004,Bexley,E01000451,Bexley 009F,457937.5,3.0,1.0,1.0,0.0,1.0,4.0,2.0,5.0,11.0,14.0,42.0,7.498,4.68981,1b
E09000004,Bexley,E01000452,Bexley 009G,460250.0,0.0,4.0,2.0,0.0,0.0,1.0,0.0,2.0,10.0,12.0,31.0,7.478,3.56929,1b
E09000004,Bexley,E01000453,Bexley 013B,436000.0,1.0,5.0,4.0,0.0,0.0,2.0,1.0,4.0,10.0,32.0,59.0,8.045,3.33074,1b
E09000004,Bexley,E01000454,Bexley 013C,412500.0,16.0,3.0,8.0,4.0,4.0,12.0,2.0,6.0,10.0,45.0,110.0,18.58,5.20112,2
E09000004,Bexley,E01000455,Bexley 013D,462625.0,1.0,3.0,3.0,2.0,0.0,0.0,0.0,6.0,8.0,19.0,42.0,8.188,6.20344,2
E09000004,Bexley,E01000456,Bexley 013E,456812.5,0.0,4.0,0.0,0.0,0.0,0.0,0.0,2.0,7.0,13.0,26.0,6.115,3.1968,1b
E09000004,Bexley,E01000457,Bexley 026D,308375.0,31.0,19.0,16.0,2.0,1.0,20.0,3.0,98.0,22.0,88.0,300.0,12.09,14.9432,3
E09000004,Bexley,E01000458,Bexley 027E,453750.0,4.0,2.0,0.0,0.0,0.0,1.0,0.0,5.0,11.0,7.0,30.0,5.631,6.24632,2
E09000004,Bexley,E01000459,Bexley 027F,325437.5,6.0,12.0,3.0,1.0,0.0,13.0,2.0,11.0,12.0,32.0,92.0,14.438,8.92433,2
E09000004,Bexley,E01000460,Bexley 022E,666875.0,2.0,1.0,6.0,1.0,1.0,1.0,1.0,2.0,6.0,7.0,28.0,5.115,2.84096,1b
E09000004,Bexley,E01000461,Bexley 024E,625593.75,1.0,1.0,1.0,0.0,0.0,7.0,1.0,7.0,7.0,8.0,33.0,7.086,7.33343,2
E09000004,Bexley,E01000462,Bexley 026E,296319.375,21.0,10.0,21.0,2.0,4.0,20.0,5.0,24.0,24.0,57.0,188.0,14.326,13.3928,3
E09000004,Bexley,E01000463,Bexley 025E,540625.0,2.0,4.0,2.0,0.0,0.0,0.0,0.0,3.0,9.0,7.0,27.0,5.128,4.46658,1b
E09000004,Bexley,E01000464,Bexley 002D,250025.0,8.0,4.0,4.0,1.0,0.0,9.0,0.0,4.0,22.0,43.0,95.0,25.484,7.31605,2
E09000004,Bexley,E01000465,Bexley 002E,,15.0,4.0,9.0,4.0,1.0,10.0,4.0,15.0,29.0,51.0,142.0,28.674,5.52304,2
E09000004,Bexley,E01000466,Bexley 001A,,12.0,12.0,20.0,5.0,2.0,11.0,10.0,22.0,29.0,87.0,210.0,23.424,1.67415,1a
E09000004,Bexley,E01000467,Bexley 001B,300687.5,17.0,6.0,5.0,1.0,1.0,6.0,1.0,11.0,17.0,52.0,117.0,18.552,8.04513,2
E09000004,Bexley,E01000468,Bexley 001C,326250.0,13.0,9.0,0.0,1.0,2.0,5.0,2.0,17.0,30.0,87.0,166.0,20.855,3.15332,1b
E09000004,Bexley,E01000469,Bexley 001D,270746.25,5.0,5.0,4.0,1.0,0.0,9.0,1.0,12.0,12.0,58.0,107.0,19.895,6.27424,2
E09000004,Bexley,E01000470,Bexley 002F,359875.0,20.0,4.0,15.0,3.0,0.0,12.0,4.0,18.0,28.0,76.0,180.0,38.345,6.99926,2
E09000004,Bexley,E01032566,Bexley 029D,334500.0,6.0,7.0,5.0,2.0,1.0,6.0,7.0,8.0,18.0,61.0,121.0,25.162,4.82311,1b
E09000005,Brent,E01000471,Brent 026A,470875.0,13.0,2.0,4.0,1.0,0.0,1.0,1.0,6.0,10.0,18.0,56.0,21.524,2.37083,1a
E09000005,Brent,E01000472,Brent 029A,323750.0,15.0,6.0,10.0,1.0,0.0,17.0,4.0,67.0,20.0,45.0,185.0,22.928,10.2867,3
E09000005,Brent,E01000473,Brent 029B,487937.5,12.0,8.0,12.0,3.0,2.0,15.0,4.0,60.0,7.0,71.0,194.0,25.222,13.5286,3
E09000005,Brent,E01000474,Brent 026B,535000.0,9.0,4.0,2.0,6.0,0.0,4.0,1.0,9.0,10.0,37.0,82.0,21.758,6.01557,2
E09000005,Brent,E01000475,Brent 029C,491000.0,16.0,5.0,17.0,2.0,1.0,14.0,4.0,42.0,21.0,62.0,184.0,21.12,11.3146,3
E09000005,Brent,E01000476,Brent 026C,540000.0,6.0,11.0,5.0,1.0,2.0,5.0,1.0,13.0,9.0,46.0,99.0,19.67,4.26955,1b
E09000005,Brent,E01000477,Brent 026D,487437.5,20.0,7.0,10.0,2.0,0.0,3.0,2.0,12.0,26.0,55.0,137.0,23.491,4.59434,1b
E09000005,Brent,E01000478,Brent 029D,433125.0,17.0,10.0,4.0,4.0,2.0,10.0,3.0,14.0,15.0,70.0,149.0,23.721,10.8191,3
E09000005,Brent,E01000479,Brent 009A,786875.0,7.0,7.0,4.0,1.0,1.0,4.0,2.0,11.0,25.0,36.0,98.0,15.83,8.773,2
E09000005,Brent,E01000480,Brent 006A,782000.0,5.0,6.0,4.0,3.0,1.0,2.0,0.0,3.0,19.0,36.0,79.0,11.775,8.53172,2
E09000005,Brent,E01000481,Brent 009B,285750.0,13.0,4.0,8.0,4.0,1.0,8.0,0.0,17.0,12.0,57.0,124.0,27.74,10.7994,3
E09000005,Brent,E01000482,Brent 009C,368166.6666666667,20.0,11.0,28.0,9.0,6.0,44.0,13.0,118.0,33.0,104.0,386.0,33.304,13.8398,3
E09000005,Brent,E01000483,Brent 009D,305000.0,8.0,11.0,11.0,1.0,1.0,13.0,3.0,106.0,14.0,37.0,205.0,33.513,4.48723,1b
E09000005,Brent,E01000484,Brent 006B,,5.0,7.0,2.0,1.0,0.0,11.0,2.0,9.0,11.0,43.0,91.0,38.614,4.3358,1b
E09000005,Brent,E01000485,Brent 006C,,8.0,3.0,0.0,1.0,1.0,4.0,2.0,9.0,13.0,30.0,71.0,29.651,6.62453,2
E09000005,Brent,E01000486,Brent 006D,741875.0,5.0,6.0,1.0,1.0,1.0,1.0,2.0,1.0,10.0,16.0,44.0,15.555,1.89211,1a
E09000005,Brent,E01000487,Brent 006E,374000.0,7.0,12.0,7.0,4.0,0.0,6.0,1.0,19.0,13.0,50.0,119.0,17.634,9.2071,2
E09000005,Brent,E01000488,Brent 022A,1283743.75,6.0,3.0,2.0,3.0,0.0,5.0,3.0,12.0,9.0,19.0,62.0,24.308,11.5861,3
E09000005,Brent,E01000489,Brent 030A,1016875.0,11.0,22.0,0.0,3.0,1.0,10.0,2.0,24.0,16.0,32.0,121.0,23.257,9.81995,2
E09000005,Brent,E01000490,Brent 023A,548500.0,12.0,16.0,5.0,2.0,2.0,15.0,9.0,56.0,23.0,56.0,196.0,24.206,18.8376,4
E09000005,Brent,E01000491,Brent 030B,767750.0,6.0,28.0,5.0,1.0,0.0,9.0,3.0,21.0,33.0,55.0,161.0,21.226,8.22267,2
E09000005,Brent,E01000492,Brent 030C,1297375.0,5.0,14.0,0.0,0.0,0.0,2.0,3.0,14.0,15.0,16.0,69.0,13.405,10.2217,3
E09000005,Brent,E01000493,Brent 030D,1160750.0,5.0,2.0,3.0,0.0,1.0,1.0,2.0,12.0,18.0,17.0,61.0,12.31,12.1156,3
E09000005,Brent,E01000494,Brent 023B,652493.75,2.0,16.0,1.0,3.0,0.0,7.0,2.0,12.0,20.0,34.0,97.0,19.535,12.7655,3
E09000005,Brent,E01000495,Brent 023C,634312.5,13.0,15.0,1.0,0.0,2.0,17.0,5.0,35.0,17.0,37.0,142.0,32.579,16.5721,4
E09000005,Brent,E01000497,Brent 011A,,7.0,16.0,4.0,7.0,1.0,8.0,5.0,58.0,57.0,74.0,237.0,23.67,9.96727,2
E09000005,Brent,E01000498,Brent 010B,532875.0,5.0,21.0,10.0,2.0,1.0,12.0,2.0,14.0,22.0,32.0,121.0,32.538,2.96036,1b
E09000005,Brent,E01000499,Brent 011B,686250.0,8.0,22.0,5.0,2.0,0.0,14.0,5.0,28.0,33.0,71.0,188.0,27.131,8.17823,2
E09000005,Brent,E01000501,Brent 011C,,8.0,2.0,10.0,2.0,1.0,7.0,0.0,9.0,14.0,51.0,104.0,35.651,7.46656,2
E09000005,Brent,E01000502,Brent 011D,594750.0,7.0,16.0,10.0,1.0,1.0,11.0,5.0,25.0,25.0,51.0,152.0,28.682,5.22546,2
E09000005,Brent,E01000503,Brent 011E,769166.6666666666,13.0,9.0,4.0,0.0,2.0,7.0,0.0,13.0,37.0,50.0,135.0,28.578,4.5231,1b
E09000005,Brent,E01000504,Brent 018A,834000.0,7.0,11.0,2.0,1.0,0.0,5.0,1.0,13.0,24.0,30.0,94.0,21.374,8.5704,2
E09000005,Brent,E01000505,Brent 018B,,6.0,8.0,6.0,4.0,3.0,10.0,1.0,15.0,21.0,29.0,103.0,20.325,6.07824,2
E09000005,Brent,E01000506,Brent 014A,315000.0,13.0,16.0,10.0,1.0,4.0,14.0,7.0,23.0,20.0,55.0,163.0,30.431,12.7783,3
E09000005,Brent,E01000507,Brent 018C,930000.0,10.0,5.0,6.0,1.0,1.0,7.0,5.0,10.0,17.0,22.0,84.0,22.007,8.57724,2
E09000005,Brent,E01000508,Brent 025A,416250.0,18.0,9.0,27.0,4.0,4.0,23.0,15.0,34.0,34.0,97.0,265.0,37.833,9.03168,2
E09000005,Brent,E01000509,Brent 014B,,12.0,25.0,12.0,4.0,1.0,7.0,4.0,14.0,20.0,46.0,145.0,34.158,7.72483,2
E09000005,Brent,E01000510,Brent 014C,386333.3333333333,30.0,19.0,27.0,4.0,6.0,43.0,19.0,83.0,36.0,126.0,393.0,30.111,13.5329,3
E09000005,Brent,E01000511,Brent 014D,948750.0,12.0,7.0,14.0,0.0,0.0,9.0,7.0,15.0,14.0,41.0,119.0,31.007,14.7046,3
E09000005,Brent,E01000512,Brent 018D,878125.0,8.0,15.0,8.0,1.0,1.0,8.0,6.0,12.0,8.0,36.0,103.0,18.91,11.997,3
E09000005,Brent,E01000513,Brent 002A,611333.3333333334,1.0,2.0,2.0,0.0,1.0,4.0,0.0,11.0,16.0,24.0,61.0,15.506,7.65281,2
E09000005,Brent,E01000514,Brent 002B,469750.0,4.0,7.0,2.0,1.0,0.0,1.0,1.0,6.0,15.0,19.0,56.0,14.626,6.20177,2
E09000005,Brent,E01000515,Brent 003A,352250.0,8.0,2.0,6.0,2.0,0.0,8.0,12.0,15.0,13.0,64.0,130.0,27.517,8.24797,2
E09000005,Brent,E01000516,Brent 002C,525000.0,15.0,6.0,13.0,2.0,2.0,23.0,2.0,54.0,24.0,74.0,215.0,19.417,7.96554,2
E09000005,Brent,E01000517,Brent 003B,541666.6666666666,6.0,7.0,9.0,3.0,0.0,11.0,4.0,43.0,14.0,32.0,129.0,13.553,6.82001,2
E09000005,Brent,E01000518,Brent 005A,572500.0,7.0,7.0,1.0,0.0,0.0,7.0,1.0,16.0,28.0,32.0,99.0,25.937,5.50147,2
E09000005,Brent,E01000519,Brent 005B,545833.3333333334,4.0,6.0,11.0,5.0,0.0,11.0,3.0,11.0,10.0,30.0,91.0,20.361,2.01306,1a
E09000005,Brent,E01000520,Brent 002D,468750.0,6.0,8.0,2.0,8.0,0.0,13.0,3.0,11.0,10.0,32.0,93.0,20.597,7.16304,2
E09000005,Brent,E01000521,Brent 025B,362000.0,18.0,10.0,48.0,5.0,5.0,18.0,16.0,42.0,22.0,116.0,300.0,53.09,18.5584,4
E09000005,Brent,E01000522,Brent 025C,427187.5,7.0,7.0,12.0,3.0,1.0,9.0,4.0,16.0,18.0,56.0,133.0,31.433,2.0365,1a
E09000005,Brent,E01000523,Brent 031A,696666.6666666666,14.0,18.0,30.0,1.0,2.0,16.0,10.0,31.0,29.0,80.0,231.0,31.722,13.518,3
E09000005,Brent,E01000524,Brent 031B,341250.0,37.0,22.0,61.0,3.0,9.0,71.0,16.0,162.0,26.0,186.0,593.0,44.228,22.598,5
E09000005,Brent,E01000525,Brent 031C,472666.6666666667,16.0,8.0,32.0,5.0,1.0,13.0,8.0,25.0,26.0,87.0,221.0,33.636,21.9764,5
E09000005,Brent,E01000526,Brent 025D,342500.0,28.0,12.0,46.0,9.0,3.0,18.0,4.0,24.0,18.0,83.0,245.0,42.123,5.20336,2
E09000005,Brent,E01000527,Brent 025E,452062.5,10.0,9.0,32.0,4.0,5.0,10.0,0.0,23.0,29.0,46.0,168.0,34.204,5.29119,2
E09000005,Brent,E01000528,Brent 025F,300062.5,9.0,9.0,19.0,0.0,0.0,7.0,1.0,14.0,12.0,64.0,135.0,46.028,7.39937,2
E09000005,Brent,E01000530,Brent 033A,1209000.0,1.0,8.0,4.0,0.0,0.0,4.0,1.0,13.0,20.0,26.0,77.0,15.596,9.06453,2
E09000005,Brent,E01000531,Brent 033B,791875.0,5.0,8.0,8.0,1.0,1.0,18.0,5.0,52.0,25.0,63.0,186.0,25.279,12.2556,3
E09000005,Brent,E01000532,Brent 033C,990625.0,10.0,14.0,7.0,1.0,5.0,8.0,7.0,19.0,14.0,32.0,117.0,22.1,14.5751,3
E09000005,Brent,E01000533,Brent 031E,703308.3333333334,16.0,10.0,36.0,4.0,4.0,28.0,8.0,39.0,31.0,117.0,293.0,38.611,13.4581,3
E09000005,Brent,E01000534,Brent 033D,935625.0,7.0,6.0,4.0,0.0,0.0,1.0,1.0,9.0,33.0,30.0,91.0,19.424,6.49968,2
E09000005,Brent,E01000535,Brent 031F,571125.0,8.0,7.0,18.0,1.0,1.0,14.0,7.0,35.0,23.0,59.0,173.0,29.612,17.2412,4
E09000005,Brent,E01000536,Brent 004A,751250.0,7.0,3.0,4.0,4.0,0.0,8.0,3.0,45.0,44.0,33.0,151.0,11.259,12.9501,3
E09000005,Brent,E01000538,Brent 004B,874500.0,6.0,8.0,1.0,3.0,0.0,6.0,2.0,10.0,7.0,24.0,67.0,9.585,1.64155,1a
E09000005,Brent,E01000539,Brent 004C,557500.0,2.0,1.0,0.0,0.0,0.0,3.0,1.0,9.0,8.0,12.0,36.0,9.401,7.60809,2
E09000005,Brent,E01000540,Brent 004D,780000.0,5.0,3.0,1.0,0.0,0.0,0.0,0.0,4.0,17.0,15.0,45.0,10.46,6.36183,2
E09000005,Brent,E01000541,Brent 004E,362375.0,13.0,7.0,2.0,1.0,0.0,8.0,2.0,12.0,15.0,32.0,92.0,14.775,8.28375,2
E09000005,Brent,E01000543,Brent 003E,519500.0,12.0,6.0,5.0,0.0,2.0,15.0,6.0,42.0,14.0,45.0,147.0,21.407,9.25994,2
E09000005,Brent,E01000544,Brent 034A,432833.3333333333,7.0,13.0,6.0,0.0,1.0,9.0,3.0,12.0,6.0,25.0,82.0,33.576,16.7987,4
E09000005,Brent,E01000545,Brent 028A,462661.5,25.0,21.0,15.0,2.0,3.0,25.0,18.0,83.0,34.0,54.0,280.0,30.368,20.2839,5
E09000005,Brent,E01000546,Brent 028B,715725.0,12.0,28.0,6.0,2.0,0.0,14.0,6.0,43.0,27.0,48.0,186.0,22.321,17.021,4
E09000005,Brent,E01000547,Brent 028C,921125.0,5.0,15.0,10.0,5.0,1.0,2.0,2.0,13.0,11.0,29.0,93.0,22.673,17.4705,4
E09000005,Brent,E01000548,Brent 028D,451250.0,22.0,28.0,15.0,7.0,1.0,31.0,13.0,117.0,21.0,104.0,359.0,32.72,25.8907,6a
E09000005,Brent,E01000549,Brent 028E,771003.75,4.0,15.0,2.0,0.0,1.0,2.0,3.0,17.0,21.0,25.0,90.0,17.113,19.1778,4
E09000005,Brent,E01000550,Brent 034B,630884.375,23.0,18.0,12.0,4.0,5.0,20.0,16.0,58.0,20.0,75.0,251.0,34.612,27.0788,6a
E09000005,Brent,E01000551,Brent 034C,597500.0,9.0,19.0,9.0,3.0,3.0,8.0,5.0,30.0,12.0,63.0,161.0,41.111,21.5508,5
E09000005,Brent,E01000552,Brent 034D,561000.0,1.0,10.0,4.0,2.0,0.0,4.0,3.0,6.0,5.0,38.0,73.0,43.404,22.5592,5
E09000005,Brent,E01000553,Brent 015A,612781.25,7.0,11.0,17.0,2.0,1.0,15.0,2.0,31.0,29.0,63.0,178.0,29.062,16.9757,4
E09000005,Brent,E01000554,Brent 015B,469875.0,7.0,14.0,10.0,1.0,0.0,3.0,7.0,26.0,30.0,49.0,147.0,21.039,6.02893,2
E09000005,Brent,E01000555,Brent 015C,1220625.0,5.0,16.0,0.0,3.0,0.0,5.0,9.0,27.0,13.0,41.0,119.0,15.947,6.41204,2
E09000005,Brent,E01000556,Brent 015D,401666.6666666667,21.0,24.0,16.0,2.0,3.0,18.0,17.0,47.0,32.0,95.0,275.0,32.007,24.2404,5
E09000005,Brent,E01000557,Brent 015E,423437.5,4.0,15.0,2.0,1.0,0.0,5.0,4.0,23.0,27.0,49.0,130.0,23.465,20.271,5
E09000005,Brent,E01000558,Brent 015F,709750.0,11.0,21.0,5.0,6.0,0.0,9.0,3.0,20.0,30.0,32.0,137.0,26.806,15.2121,4
E09000005,Brent,E01000559,Brent 018E,642743.75,7.0,10.0,2.0,3.0,3.0,9.0,0.0,39.0,25.0,26.0,124.0,22.118,13.4688,3
E09000005,Brent,E01000560,Brent 023D,1099375.0,5.0,10.0,2.0,0.0,0.0,7.0,2.0,14.0,22.0,18.0,80.0,19.077,12.834,3
E09000005,Brent,E01000561,Brent 023E,479375.0,5.0,8.0,9.0,2.0,2.0,4.0,5.0,30.0,21.0,39.0,125.0,24.708,20.7355,5
E09000005,Brent,E01000562,Brent 008A,997250.0,0.0,6.0,1.0,0.0,0.0,3.0,0.0,4.0,12.0,9.0,35.0,10.862,3.15073,1b
E09000005,Brent,E01000563,Brent 008B,778333.3333333334,0.0,6.0,1.0,0.0,0.0,1.0,0.0,6.0,12.0,19.0,45.0,9.588,4.22988,1b
E09000005,Brent,E01000564,Brent 013A,485625.0,10.0,5.0,4.0,3.0,1.0,11.0,1.0,25.0,7.0,40.0,107.0,17.31,8.36473,2
E09000005,Brent,E01000565,Brent 013B,684875.0,4.0,6.0,3.0,0.0,0.0,11.0,0.0,13.0,5.0,29.0,71.0,23.892,5.34441,2
E09000005,Brent,E01000566,Brent 008C,605125.0,2.0,6.0,0.0,3.0,1.0,1.0,1.0,3.0,9.0,17.0,43.0,14.793,3.73595,1b
E09000005,Brent,E01000567,Brent 016A,606666.6666666666,2.0,2.0,1.0,0.0,0.0,7.0,1.0,7.0,4.0,14.0,38.0,18.175,4.89553,1b
E09000005,Brent,E01000568,Brent 008D,,45.0,11.0,5.0,5.0,2.0,47.0,4.0,72.0,24.0,228.0,443.0,14.257,14.9771,3
E09000005,Brent,E01000569,Brent 008E,667250.0,3.0,3.0,2.0,0.0,0.0,3.0,1.0,4.0,13.0,29.0,58.0,9.462,6.57701,2
E09000005,Brent,E01000570,Brent 012A,484000.0,10.0,2.0,3.0,2.0,1.0,1.0,2.0,8.0,8.0,31.0,68.0,24.088,8.26411,2
E09000005,Brent,E01000571,Brent 012B,633875.0,8.0,4.0,12.0,3.0,1.0,3.0,3.0,10.0,3.0,49.0,96.0,22.247,9.18539,2
E09000005,Brent,E01000572,Brent 007A,604250.0,3.0,5.0,3.0,4.0,0.0,0.0,2.0,2.0,8.0,13.0,40.0,12.26,4.8928,1b
E09000005,Brent,E01000573,Brent 007B,588375.0,6.0,3.0,2.0,0.0,0.0,5.0,3.0,9.0,14.0,28.0,70.0,13.432,9.52887,2
E09000005,Brent,E01000574,Brent 007C,520625.0,6.0,7.0,0.0,0.0,0.0,2.0,1.0,5.0,14.0,19.0,54.0,10.723,7.54603,2
E09000005,Brent,E01000575,Brent 007D,446687.5,8.0,8.0,2.0,0.0,2.0,8.0,1.0,27.0,12.0,42.0,110.0,17.369,9.64411,2
E09000005,Brent,E01000576,Brent 012C,388750.0,9.0,2.0,6.0,1.0,1.0,2.0,2.0,10.0,12.0,29.0,74.0,16.509,9.45531,2
E09000005,Brent,E01000577,Brent 007E,324375.0,11.0,10.0,9.0,5.0,2.0,6.0,4.0,16.0,25.0,70.0,158.0,32.606,7.48327,2
E09000005,Brent,E01000578,Brent 012D,532187.5,15.0,16.0,25.0,5.0,1.0,13.0,13.0,52.0,60.0,91.0,291.0,28.89,15.6884,4
E09000005,Brent,E01000579,Brent 032A,1052500.0,6.0,9.0,2.0,0.0,0.0,3.0,3.0,23.0,13.0,22.0,81.0,28.906,20.7977,5
E09000005,Brent,E01000580,Brent 032B,1338750.0,11.0,23.0,8.0,2.0,0.0,17.0,6.0,56.0,56.0,70.0,249.0,20.094,13.5201,3
E09000005,Brent,E01000581,Brent 030E,1383737.5,7.0,13.0,3.0,1.0,0.0,5.0,8.0,15.0,20.0,23.0,95.0,15.538,14.8603,3
E09000005,Brent,E01000582,Brent 032C,1967819.375,11.0,14.0,5.0,3.0,0.0,4.0,3.0,14.0,38.0,26.0,118.0,14.317,17.8654,4
E09000005,Brent,E01000583,Brent 032D,888375.0,23.0,17.0,12.0,4.0,1.0,20.0,6.0,59.0,29.0,60.0,231.0,21.296,21.4701,5
E09000005,Brent,E01000584,Brent 033E,1174250.0,1.0,7.0,3.0,0.0,0.0,4.0,2.0,10.0,23.0,19.0,69.0,14.526,18.746,4
E09000005,Brent,E01000585,Brent 033F,746250.0,4.0,5.0,1.0,0.0,1.0,3.0,2.0,4.0,15.0,15.0,50.0,14.234,20.9996,5
E09000005,Brent,E01000586,Brent 032E,548750.0,10.0,33.0,9.0,3.0,4.0,29.0,23.0,105.0,24.0,83.0,323.0,21.525,25.4762,6a
E09000005,Brent,E01000587,Brent 001A,611500.0,3.0,9.0,0.0,3.0,0.0,2.0,1.0,12.0,25.0,26.0,81.0,15.01,6.57772,2
E09000005,Brent,E01000588,Brent 002E,417500.0,19.0,6.0,3.0,2.0,1.0,6.0,1.0,10.0,23.0,31.0,102.0,26.149,8.43137,2
E09000005,Brent,E01000589,Brent 001B,461250.0,12.0,12.0,4.0,1.0,0.0,4.0,3.0,44.0,19.0,50.0,149.0,19.307,7.31725,2
E09000005,Brent,E01000590,Brent 001C,541375.0,8.0,11.0,2.0,0.0,1.0,4.0,0.0,9.0,22.0,24.0,81.0,18.959,4.5137,1b
E09000005,Brent,E01000591,Brent 003F,543250.0,19.0,6.0,7.0,1.0,1.0,29.0,6.0,140.0,27.0,71.0,307.0,20.6,10.2145,3
E09000005,Brent,E01000592,Brent 001D,537500.0,10.0,21.0,5.0,3.0,0.0,5.0,8.0,56.0,14.0,32.0,154.0,20.65,13.3227,3
E09000005,Brent,E01000593,Brent 001E,523333.3333333333,13.0,8.0,2.0,2.0,1.0,2.0,2.0,11.0,16.0,23.0,80.0,19.632,5.72728,2
E09000005,Brent,E01000594,Brent 001F,392500.0,12.0,19.0,5.0,0.0,1.0,9.0,9.0,30.0,26.0,29.0,140.0,17.074,10.194,3
E09000005,Brent,E01000595,Brent 027A,,14.0,6.0,8.0,4.0,1.0,16.0,6.0,22.0,12.0,79.0,168.0,45.345,7.63652,2
E09000005,Brent,E01000596,Brent 021A,,20.0,8.0,7.0,1.0,0.0,5.0,0.0,14.0,29.0,42.0,126.0,46.524,6.14733,2
E09000005,Brent,E01000599,Brent 027D,,11.0,21.0,6.0,4.0,1.0,13.0,9.0,30.0,10.0,46.0,151.0,51.401,17.0746,4
E09000005,Brent,E01000600,Brent 027E,487750.0,39.0,41.0,17.0,5.0,0.0,29.0,11.0,102.0,75.0,196.0,515.0,36.846,8.41437,2
E09000005,Brent,E01000601,Brent 021B,,51.0,21.0,12.0,2.0,2.0,40.0,30.0,317.0,218.0,141.0,834.0,57.244,8.08791,2
E09000005,Brent,E01000602,Brent 021C,510000.0,10.0,5.0,11.0,3.0,0.0,14.0,3.0,18.0,22.0,37.0,123.0,39.756,8.18938,2
E09000005,Brent,E01000603,Brent 021D,,14.0,8.0,5.0,2.0,3.0,10.0,3.0,18.0,12.0,55.0,130.0,39.051,7.44581,2
E09000005,Brent,E01000604,Brent 021E,415000.0,4.0,1.0,7.0,3.0,1.0,4.0,4.0,10.0,21.0,34.0,89.0,43.13,8.91884,2
E09000005,Brent,E01000605,Brent 021F,,9.0,13.0,7.0,2.0,2.0,7.0,2.0,38.0,8.0,59.0,147.0,45.54,10.7299,3
E09000005,Brent,E01000606,Brent 016B,498333.3333333333,2.0,2.0,0.0,0.0,0.0,5.0,0.0,8.0,20.0,18.0,55.0,19.696,7.53501,2
E09000005,Brent,E01000607,Brent 013C,523875.0,10.0,3.0,0.0,0.0,0.0,3.0,4.0,3.0,11.0,37.0,71.0,18.814,7.60076,2
E09000005,Brent,E01000608,Brent 013D,361862.5,20.0,13.0,11.0,3.0,3.0,30.0,11.0,63.0,23.0,117.0,294.0,22.141,8.98574,2
E09000005,Brent,E01000609,Brent 016C,398187.5,10.0,0.0,2.0,1.0,0.0,2.0,1.0,7.0,13.0,35.0,71.0,20.99,7.65401,2
E09000005,Brent,E01000610,Brent 019A,485875.0,9.0,3.0,2.0,2.0,0.0,10.0,3.0,11.0,11.0,32.0,83.0,24.925,11.5702,3
E09000005,Brent,E01000611,Brent 016D,441875.0,3.0,2.0,4.0,1.0,0.0,7.0,1.0,10.0,4.0,33.0,65.0,24.049,15.7886,4
E09000005,Brent,E01000612,Brent 019B,522187.5,7.0,6.0,3.0,0.0,0.0,5.0,3.0,13.0,10.0,42.0,89.0,22.985,15.8235,4
E09000005,Brent,E01000613,Brent 013E,266062.5,1.0,4.0,5.0,2.0,0.0,5.0,2.0,10.0,12.0,30.0,71.0,25.258,6.7341,2
E09000005,Brent,E01000615,Brent 017B,515500.0,22.0,25.0,24.0,5.0,3.0,23.0,16.0,88.0,64.0,103.0,373.0,19.767,8.52318,2
E09000005,Brent,E01000616,Brent 020A,494375.0,5.0,6.0,7.0,3.0,0.0,12.0,5.0,22.0,14.0,55.0,129.0,21.621,16.0057,4
E09000005,Brent,E01000617,Brent 017C,428333.3333333333,4.0,10.0,7.0,3.0,2.0,5.0,2.0,26.0,13.0,61.0,133.0,24.108,9.45288,2
E09000005,Brent,E01000618,Brent 017D,504000.0,3.0,6.0,11.0,1.0,0.0,5.0,1.0,12.0,9.0,24.0,72.0,21.83,5.30492,2
E09000005,Brent,E01000619,Brent 017E,,4.0,0.0,6.0,1.0,1.0,4.0,2.0,9.0,4.0,36.0,67.0,19.435,1.01551,1a
E09000005,Brent,E01000620,Brent 020B,304474.875,8.0,10.0,6.0,1.0,1.0,6.0,6.0,8.0,11.0,28.0,85.0,20.903,8.14347,2
E09000005,Brent,E01000621,Brent 020C,529375.0,8.0,7.0,5.0,2.0,1.0,14.0,5.0,17.0,11.0,57.0,127.0,25.172,10.1976,3
E09000005,Brent,E01000622,Brent 010D,306875.0,7.0,5.0,13.0,1.0,0.0,7.0,2.0,14.0,18.0,50.0,117.0,30.14,2.96019,1b
E09000005,Brent,E01000623,Brent 005C,715625.0,7.0,13.0,4.0,1.0,1.0,9.0,3.0,38.0,20.0,15.0,111.0,16.12,4.83839,1b
E09000005,Brent,E01000624,Brent 005D,557187.5,1.0,4.0,4.0,0.0,1.0,2.0,3.0,5.0,14.0,12.0,46.0,18.739,1.83461,1a
E09000005,Brent,E01000625,Brent 009E,515000.0,11.0,5.0,3.0,1.0,1.0,6.0,2.0,12.0,20.0,38.0,99.0,22.448,8.24699,2
E09000005,Brent,E01000626,Brent 010E,286718.75,9.0,9.0,11.0,2.0,2.0,10.0,11.0,22.0,21.0,49.0,146.0,43.498,7.31984,2
E09000005,Brent,E01000627,Brent 014E,483375.0,9.0,12.0,2.0,3.0,2.0,15.0,3.0,19.0,29.0,83.0,177.0,39.15,10.8824,3
E09000005,Brent,E01000628,Brent 014F,525000.0,15.0,17.0,15.0,1.0,3.0,15.0,6.0,53.0,32.0,87.0,244.0,33.655,8.78678,2
E09000005,Brent,E01000629,Brent 005E,564000.0,4.0,8.0,3.0,2.0,0.0,16.0,0.0,12.0,14.0,41.0,100.0,15.786,4.47077,1b
E09000005,Brent,E01000630,Brent 026E,520000.0,10.0,15.0,31.0,12.0,5.0,24.0,15.0,85.0,13.0,93.0,303.0,28.674,12.6801,3
E09000005,Brent,E01000631,Brent 019C,623750.0,23.0,5.0,33.0,6.0,6.0,41.0,2.0,22.0,6.0,83.0,227.0,16.862,9.70624,2
E09000005,Brent,E01000632,Brent 029E,581666.6666666666,6.0,3.0,4.0,1.0,2.0,13.0,5.0,49.0,15.0,54.0,152.0,18.641,12.2081,3
E09000005,Brent,E01000633,Brent 019D,531250.0,23.0,8.0,20.0,3.0,2.0,28.0,18.0,132.0,16.0,84.0,334.0,24.495,21.4938,5
E09000005,Brent,E01000634,Brent 019E,360500.0,6.0,3.0,7.0,3.0,1.0,11.0,1.0,26.0,4.0,50.0,112.0,21.854,14.0097,3
E09000005,Brent,E01000635,Brent 020D,550000.0,21.0,9.0,15.0,2.0,4.0,23.0,18.0,83.0,8.0,96.0,279.0,29.677,22.6437,5
E09000005,Brent,E01000636,Brent 020E,494375.0,5.0,6.0,15.0,13.0,1.0,19.0,11.0,34.0,15.0,67.0,186.0,18.16,16.7044,4
E09000005,Brent,E01000637,Brent 022B,501500.0,6.0,3.0,5.0,0.0,0.0,5.0,1.0,8.0,14.0,25.0,67.0,23.342,13.9611,3
E09000005,Brent,E01000638,Brent 024A,438125.0,21.0,12.0,8.0,1.0,3.0,16.0,7.0,31.0,16.0,48.0,163.0,28.948,10.6557,3
E09000005,Brent,E01000639,Brent 022C,543125.0,6.0,6.0,17.0,1.0,0.0,13.0,0.0,26.0,14.0,37.0,120.0,22.065,14.91,3
E09000005,Brent,E01000640,Brent 024B,442500.0,22.0,9.0,14.0,0.0,1.0,20.0,8.0,50.0,27.0,61.0,212.0,26.984,21.8738,5
E09000005,Brent,E01000641,Brent 024C,426666.6666666667,8.0,6.0,15.0,2.0,2.0,5.0,2.0,11.0,27.0,51.0,129.0,30.752,17.7922,4
E09000005,Brent,E01000642,Brent 022D,585625.0,21.0,25.0,12.0,3.0,3.0,43.0,11.0,120.0,21.0,98.0,357.0,27.298,18.9243,4
E09000005,Brent,E01000643,Brent 024D,490712.5,16.0,11.0,11.0,4.0,0.0,33.0,10.0,51.0,26.0,71.0,233.0,51.118,7.8774,2
E09000005,Brent,E01000644,Brent 022E,498750.0,16.0,11.0,3.0,2.0,0.0,8.0,6.0,31.0,21.0,56.0,154.0,24.997,15.7692,4
E09000005,Brent,E01033424,Brent 017F,373375.0,5.0,5.0,2.0,3.0,2.0,9.0,1.0,23.0,3.0,31.0,84.0,23.051,16.1143,4
E09000005,Brent,E01033455,Brent 031G,,13.0,7.0,24.0,2.0,4.0,22.0,8.0,36.0,16.0,78.0,210.0,42.066,23.8202,5
E09000005,Brent,E01033456,Brent 027F,,16.0,19.0,19.0,2.0,3.0,19.0,7.0,30.0,30.0,80.0,225.0,52.88,8.333,2
E09000005,Brent,E01033457,Brent 017G,,8.0,4.0,16.0,2.0,1.0,27.0,6.0,46.0,15.0,65.0,190.0,20.23,19.7264,4
E09000005,Brent,E01033463,Brent 003G,609062.5,11.0,13.0,2.0,1.0,2.0,11.0,4.0,11.0,19.0,47.0,121.0,13.579,4.51798,1b
E09000005,Brent,E01033464,Brent 010F,555000.0,6.0,6.0,0.0,0.0,1.0,2.0,2.0,11.0,10.0,34.0,72.0,29.746,6.43984,2
E09000005,Brent,E01033485,Brent 031H,481250.0,20.0,10.0,62.0,2.0,3.0,28.0,11.0,50.0,22.0,112.0,320.0,33.913,24.1974,5
E09000006,Bromley,E01000645,Bromley 007A,1178625.125,2.0,5.0,0.0,2.0,1.0,4.0,0.0,8.0,7.0,16.0,45.0,4.426,4.29695,1b
E09000006,Bromley,E01000646,Bromley 016A,347562.5,9.0,9.0,2.0,0.0,0.0,2.0,0.0,15.0,16.0,28.0,81.0,8.685,4.81849,1b
E09000006,Bromley,E01000647,Bromley 016B,548737.5,3.0,5.0,0.0,1.0,0.0,1.0,0.0,7.0,14.0,32.0,63.0,6.901,2.93262,1b
E09000006,Bromley,E01000648,Bromley 016C,516875.0,5.0,1.0,6.0,2.0,1.0,10.0,3.0,40.0,20.0,15.0,103.0,6.434,7.97442,2
E09000006,Bromley,E01000649,Bromley 007B,826875.0,6.0,5.0,3.0,1.0,0.0,7.0,1.0,7.0,15.0,18.0,63.0,9.063,8.30551,2
E09000006,Bromley,E01000650,Bromley 022A,982750.0,1.0,4.0,7.0,2.0,0.0,6.0,0.0,14.0,18.0,11.0,63.0,11.657,4.78328,1b
E09000006,Bromley,E01000651,Bromley 020A,608750.0,4.0,4.0,1.0,0.0,0.0,3.0,3.0,2.0,17.0,18.0,52.0,9.788,8.29657,2
E09000006,Bromley,E01000652,Bromley 022B,669437.5,3.0,8.0,6.0,2.0,0.0,5.0,1.0,4.0,12.0,16.0,57.0,6.271,3.18018,1b
E09000006,Bromley,E01000653,Bromley 016D,614218.75,2.0,5.0,1.0,0.0,1.0,2.0,1.0,4.0,16.0,10.0,42.0,9.788,3.9032,1b
E09000006,Bromley,E01000654,Bromley 039A,397500.0,2.0,2.0,0.0,1.0,0.0,4.0,0.0,2.0,11.0,9.0,31.0,7.92,0.711652,1a
E09000006,Bromley,E01000655,Bromley 039B,393750.0,6.0,3.0,0.0,1.0,0.0,2.0,2.0,9.0,10.0,15.0,48.0,10.106,1.71283,1a
E09000006,Bromley,E01000656,Bromley 039C,494375.0,4.0,5.0,3.0,0.0,0.0,3.0,1.0,4.0,28.0,16.0,64.0,6.82,0.836094,1a
E09000006,Bromley,E01000657,Bromley 039D,377500.0,9.0,3.0,3.0,1.0,1.0,14.0,6.0,74.0,17.0,34.0,162.0,12.177,4.80241,1b
E09000006,Bromley,E01000658,Bromley 042A,488750.0,7.0,2.0,1.0,17.0,1.0,3.0,3.0,1.0,12.0,21.0,68.0,6.924,2.0065,1a
E09000006,Bromley,E01000659,Bromley 039E,444375.0,3.0,1.0,1.0,1.0,0.0,3.0,0.0,5.0,14.0,16.0,44.0,7.687,1.67138,1a
E09000006,Bromley,E01000661,Bromley 026A,362500.0,24.0,9.0,20.0,6.0,6.0,18.0,4.0,30.0,21.0,104.0,242.0,37.586,6.12614,2
E09000006,Bromley,E01000662,Bromley 026B,510437.5,9.0,7.0,5.0,3.0,1.0,5.0,1.0,8.0,26.0,28.0,93.0,18.168,2.57166,1b
E09000006,Bromley,E01000663,Bromley 026C,493750.0,9.0,4.0,2.0,2.0,0.0,6.0,3.0,7.0,6.0,32.0,71.0,17.592,4.26798,1b
E09000006,Bromley,E01000664,Bromley 026D,538125.0,12.0,13.0,6.0,2.0,0.0,14.0,1.0,7.0,14.0,29.0,98.0,19.015,1.7047,1a
E09000006,Bromley,E01000665,Bromley 033A,535875.0,7.0,10.0,7.0,1.0,0.0,4.0,2.0,25.0,23.0,23.0,102.0,11.279,5.66403,2
E09000006,Bromley,E01000666,Bromley 033B,650125.0,7.0,4.0,12.0,0.0,3.0,6.0,2.0,17.0,30.0,27.0,108.0,5.577,2.32615,1a
E09000006,Bromley,E01000667,Bromley 033C,848437.5,21.0,2.0,0.0,3.0,0.0,7.0,3.0,19.0,17.0,29.0,101.0,6.865,5.34512,2
E09000006,Bromley,E01000668,Bromley 020B,346750.0,7.0,9.0,5.0,7.0,1.0,7.0,7.0,39.0,28.0,57.0,167.0,11.493,6.62823,2
E09000006,Bromley,E01000669,Bromley 020C,516275.0,9.0,5.0,4.0,0.0,2.0,6.0,0.0,15.0,37.0,20.0,98.0,8.753,7.89737,2
E09000006,Bromley,E01000670,Bromley 018A,762250.0,12.0,11.0,2.0,0.0,2.0,7.0,3.0,17.0,10.0,33.0,97.0,5.899,20.9143,5
E09000006,Bromley,E01000671,Bromley 020D,512000.0,15.0,9.0,12.0,0.0,3.0,7.0,4.0,24.0,19.0,82.0,175.0,10.594,10.8991,3
E09000006,Bromley,E01000672,Bromley 011A,508750.0,7.0,4.0,2.0,1.0,0.0,4.0,0.0,10.0,24.0,16.0,68.0,7.586,3.9783,1b
E09000006,Bromley,E01000673,Bromley 011B,587812.5,8.0,9.0,1.0,1.0,0.0,4.0,0.0,6.0,25.0,22.0,76.0,8.286,8.33057,2
E09000006,Bromley,E01000674,Bromley 008A,410937.5,9.0,4.0,5.0,1.0,0.0,10.0,1.0,10.0,20.0,30.0,90.0,12.232,10.5695,3
E09000006,Bromley,E01000675,Bromley 018B,388125.0,21.0,14.0,35.0,1.0,4.0,15.0,18.0,54.0,21.0,82.0,265.0,10.154,24.4005,5
E09000006,Bromley,E01000676,Bromley 008B,372250.0,65.0,37.0,161.0,8.0,15.0,95.0,36.0,679.0,32.0,243.0,1371.0,20.773,28.5572,6a
E09000006,Bromley,E01000677,Bromley 018C,502890.625,15.0,13.0,87.0,6.0,2.0,30.0,18.0,299.0,16.0,53.0,539.0,13.342,21.1558,5
E09000006,Bromley,E01000678,Bromley 016E,540625.0,4.0,5.0,12.0,1.0,1.0,3.0,3.0,11.0,22.0,30.0,92.0,8.932,10.4015,3
E09000006,Bromley,E01000679,Bromley 020E,534375.0,7.0,2.0,4.0,1.0,0.0,4.0,2.0,8.0,17.0,16.0,61.0,8.841,4.63573,1b
E09000006,Bromley,E01000680,Bromley 037A,495562.5,8.0,8.0,1.0,2.0,0.0,7.0,0.0,13.0,16.0,21.0,76.0,9.169,0.644017,1a
E09000006,Bromley,E01000681,Bromley 035A,562500.0,1.0,1.0,1.0,1.0,0.0,0.0,0.0,0.0,6.0,11.0,21.0,2.655,7.12198,2
E09000006,Bromley,E01000682,Bromley 035B,551750.0,2.0,2.0,4.0,3.0,0.0,6.0,0.0,22.0,7.0,9.0,55.0,4.327,4.28869,1b
E09000006,Bromley,E01000683,Bromley 035C,453875.0,5.0,4.0,3.0,3.0,0.0,6.0,0.0,7.0,9.0,20.0,57.0,12.312,3.21424,1b
E09000006,Bromley,E01000684,Bromley 035D,610375.0,0.0,1.0,0.0,0.0,0.0,0.0,0.0,7.0,7.0,6.0,21.0,3.543,3.3141,1b
E09000006,Bromley,E01000685,Bromley 037B,512000.0,5.0,5.0,3.0,1.0,0.0,7.0,0.0,7.0,13.0,11.0,52.0,12.631,3.08348,1b
E09000006,Bromley,E01000686,Bromley 037C,609067.5,5.0,1.0,3.0,1.0,1.0,11.0,0.0,6.0,12.0,19.0,59.0,7.29,5.22803,2
E09000006,Bromley,E01000687,Bromley 037D,514750.0,7.0,4.0,2.0,2.0,1.0,5.0,1.0,19.0,4.0,13.0,58.0,6.541,3.45597,1b
E09000006,Bromley,E01000688,Bromley 037E,671125.0,2.0,3.0,1.0,0.0,0.0,1.0,0.0,1.0,6.0,4.0,18.0,2.568,1.88459,1a
E09000006,Bromley,E01000689,Bromley 002A,482625.0,9.0,5.0,5.0,2.0,2.0,8.0,2.0,5.0,13.0,43.0,94.0,21.75,0.864227,1a
E09000006,Bromley,E01000690,Bromley 002B,662500.0,7.0,4.0,3.0,1.0,0.0,6.0,4.0,40.0,9.0,16.0,90.0,7.176,4.51981,1b
E09000006,Bromley,E01000691,Bromley 002C,509000.0,6.0,10.0,0.0,0.0,1.0,4.0,3.0,8.0,8.0,19.0,59.0,13.121,4.50777,1b
E09000006,Bromley,E01000692,Bromley 002D,564687.5,10.0,9.0,1.0,1.0,0.0,9.0,3.0,16.0,20.0,17.0,86.0,6.716,6.05187,2
E09000006,Bromley,E01000693,Bromley 010A,583750.0,7.0,7.0,5.0,2.0,0.0,14.0,0.0,35.0,28.0,53.0,151.0,11.702,2.73488,1b
E09000006,Bromley,E01000694,Bromley 007C,795937.5,1.0,6.0,0.0,1.0,0.0,1.0,1.0,7.0,10.0,20.0,47.0,7.762,4.15811,1b
E09000006,Bromley,E01000695,Bromley 007D,941253.75,9.0,3.0,0.0,0.0,3.0,7.0,3.0,3.0,7.0,16.0,51.0,7.554,2.09427,1a
E09000006,Bromley,E01000696,Bromley 007E,778438.75,6.0,4.0,2.0,0.0,0.0,8.0,0.0,13.0,12.0,35.0,80.0,7.31,3.85493,1b
E09000006,Bromley,E01000697,Bromley 007F,520000.0,8.0,5.0,0.0,3.0,0.0,2.0,2.0,6.0,21.0,18.0,65.0,3.492,6.06957,2
E09000006,Bromley,E01000698,Bromley 010B,1056625.0,8.0,8.0,0.0,0.0,0.0,3.0,0.0,5.0,13.0,28.0,65.0,14.009,3.03878,1b
E09000006,Bromley,E01000699,Bromley 015A,425950.0,9.0,5.0,4.0,1.0,0.0,12.0,4.0,25.0,16.0,24.0,100.0,20.128,14.3404,3
E09000006,Bromley,E01000700,Bromley 013A,456562.5,0.0,5.0,0.0,1.0,0.0,2.0,1.0,3.0,10.0,18.0,40.0,13.73,12.92,3
E09000006,Bromley,E01000701,Bromley 015B,432000.0,6.0,0.0,0.0,1.0,0.0,2.0,1.0,10.0,14.0,9.0,43.0,12.788,13.9283,3
E09000006,Bromley,E01000702,Bromley 013B,518750.0,3.0,4.0,2.0,0.0,2.0,2.0,0.0,10.0,17.0,14.0,54.0,10.113,19.5921,4
E09000006,Bromley,E01000703,Bromley 013C,488270.25,8.0,15.0,3.0,0.0,0.0,5.0,8.0,13.0,21.0,24.0,97.0,10.469,15.8188,4
E09000006,Bromley,E01000704,Bromley 015C,422312.5,9.0,5.0,5.0,2.0,1.0,9.0,1.0,7.0,24.0,12.0,75.0,10.323,12.0814,3
E09000006,Bromley,E01000705,Bromley 015D,483125.0,13.0,3.0,2.0,2.0,1.0,13.0,4.0,14.0,20.0,38.0,110.0,16.348,8.66781,2
E09000006,Bromley,E01000706,Bromley 013D,540250.0,5.0,12.0,5.0,2.0,1.0,9.0,7.0,2.0,22.0,24.0,89.0,16.599,13.9242,3
E09000006,Bromley,E01000707,Bromley 041A,731875.0,3.0,12.0,0.0,0.0,1.0,2.0,1.0,3.0,5.0,8.0,35.0,3.318,8.49433,2
E09000006,Bromley,E01000708,Bromley 041B,536812.5,9.0,7.0,1.0,2.0,0.0,5.0,4.0,6.0,6.0,13.0,53.0,7.865,11.3352,3
E09000006,Bromley,E01000709,Bromley 006A,416875.0,8.0,10.0,1.0,0.0,0.0,2.0,2.0,14.0,11.0,17.0,65.0,16.171,16.3467,4
E09000006,Bromley,E01000710,Bromley 006B,364906.25,10.0,16.0,5.0,2.0,0.0,2.0,7.0,11.0,34.0,26.0,113.0,10.333,7.75415,2
E09000006,Bromley,E01000711,Bromley 006C,361250.0,9.0,19.0,3.0,1.0,1.0,7.0,5.0,29.0,25.0,32.0,131.0,11.785,10.7344,3
E09000006,Bromley,E01000712,Bromley 012A,408500.0,5.0,4.0,2.0,1.0,0.0,2.0,2.0,7.0,16.0,37.0,76.0,7.002,9.9824,2
E09000006,Bromley,E01000713,Bromley 012B,383750.0,8.0,9.0,1.0,1.0,1.0,7.0,1.0,8.0,21.0,21.0,78.0,8.117,6.10035,2
E09000006,Bromley,E01000714,Bromley 006D,419875.0,14.0,15.0,41.0,4.0,2.0,43.0,11.0,87.0,18.0,115.0,350.0,9.987,19.0414,4
E09000006,Bromley,E01000715,Bromley 012C,439062.5,1.0,9.0,1.0,2.0,0.0,1.0,0.0,5.0,11.0,14.0,44.0,6.57,9.40138,2
E09000006,Bromley,E01000716,Bromley 011C,617625.0,2.0,9.0,1.0,1.0,0.0,1.0,0.0,20.0,5.0,15.0,54.0,7.53,5.9385,2
E09000006,Bromley,E01000717,Bromley 011D,340375.0,3.0,6.0,1.0,0.0,0.0,3.0,0.0,5.0,14.0,18.0,50.0,8.436,10.1245,3
E09000006,Bromley,E01000718,Bromley 006E,374375.0,8.0,6.0,4.0,3.0,1.0,10.0,3.0,15.0,38.0,51.0,139.0,27.328,5.76209,2
E09000006,Bromley,E01000719,Bromley 019A,314125.0,31.0,22.0,30.0,5.0,2.0,34.0,12.0,236.0,21.0,68.0,461.0,25.428,6.42454,2
E09000006,Bromley,E01000720,Bromley 019B,321250.0,38.0,12.0,10.0,4.0,3.0,13.0,4.0,11.0,30.0,98.0,223.0,43.281,0.28618,1a
E09000006,Bromley,E01000721,Bromley 019C,295000.0,34.0,10.0,12.0,0.0,3.0,13.0,1.0,10.0,9.0,59.0,151.0,43.217,2.03274,1a
E09000006,Bromley,E01000722,Bromley 023A,426250.0,14.0,17.0,17.0,2.0,4.0,16.0,4.0,109.0,35.0,55.0,273.0,23.575,10.9295,3
E09000006,Bromley,E01000723,Bromley 029A,447687.5,3.0,3.0,1.0,0.0,0.0,0.0,0.0,3.0,6.0,6.0,22.0,13.714,3.18145,1b
E09000006,Bromley,E01000724,Bromley 019D,362000.0,21.0,20.0,8.0,5.0,5.0,9.0,3.0,7.0,22.0,60.0,160.0,36.128,2.02463,1a
E09000006,Bromley,E01000725,Bromley 023B,366250.0,18.0,21.0,12.0,2.0,2.0,9.0,1.0,19.0,19.0,43.0,146.0,27.914,8.85412,2
E09000006,Bromley,E01000726,Bromley 029B,417812.5,4.0,4.0,3.0,0.0,0.0,0.0,0.0,0.0,15.0,17.0,43.0,16.178,3.59992,1b
E09000006,Bromley,E01000727,Bromley 028A,423250.0,16.0,24.0,14.0,5.0,3.0,15.0,3.0,53.0,18.0,38.0,189.0,14.486,9.46883,2
E09000006,Bromley,E01000728,Bromley 019E,389591.875,17.0,9.0,10.0,1.0,2.0,19.0,2.0,74.0,39.0,44.0,217.0,21.443,1.09329,1a
E09000006,Bromley,E01000729,Bromley 014A,324375.0,38.0,24.0,15.0,6.0,3.0,19.0,6.0,54.0,24.0,74.0,263.0,40.937,4.38842,1b
E09000006,Bromley,E01000730,Bromley 014B,401375.0,23.0,14.0,10.0,2.0,3.0,15.0,4.0,22.0,23.0,79.0,195.0,41.8,11.5311,3
E09000006,Bromley,E01000731,Bromley 023C,419375.0,6.0,4.0,2.0,2.0,0.0,3.0,0.0,6.0,16.0,15.0,54.0,29.743,4.1597,1b
E09000006,Bromley,E01000732,Bromley 023D,577500.0,4.0,2.0,4.0,0.0,0.0,2.0,2.0,5.0,14.0,12.0,45.0,14.361,3.8989,1b
E09000006,Bromley,E01000733,Bromley 023E,444625.0,7.0,5.0,4.0,0.0,0.0,6.0,0.0,13.0,16.0,29.0,80.0,19.956,7.03999,2
E09000006,Bromley,E01000734,Bromley 028B,382652.75,2.0,3.0,2.0,1.0,0.0,1.0,0.0,3.0,6.0,23.0,41.0,11.971,2.62358,1b
E09000006,Bromley,E01000735,Bromley 014C,406125.0,17.0,10.0,12.0,3.0,0.0,15.0,3.0,7.0,15.0,69.0,151.0,30.057,4.89802,1b
E09000006,Bromley,E01000736,Bromley 010C,403125.0,18.0,6.0,6.0,2.0,0.0,11.0,0.0,4.0,14.0,61.0,122.0,21.883,3.92591,1b
E09000006,Bromley,E01000737,Bromley 010D,355750.0,14.0,3.0,6.0,1.0,1.0,4.0,4.0,7.0,13.0,33.0,86.0,32.209,3.58034,1b
E09000006,Bromley,E01000738,Bromley 014D,415875.0,12.0,10.0,13.0,5.0,1.0,11.0,1.0,21.0,18.0,37.0,129.0,20.161,4.34076,1b
E09000006,Bromley,E01000739,Bromley 014E,369375.0,31.0,11.0,11.0,4.0,4.0,14.0,5.0,18.0,20.0,70.0,188.0,42.448,6.43171,2
E09000006,Bromley,E01000740,Bromley 005A,315531.5,25.0,12.0,32.0,4.0,2.0,20.0,47.0,60.0,15.0,67.0,284.0,25.699,15.3686,4
E09000006,Bromley,E01000741,Bromley 005B,353250.0,9.0,6.0,11.0,2.0,1.0,5.0,5.0,12.0,20.0,30.0,101.0,24.882,19.8266,4
E09000006,Bromley,E01000742,Bromley 005C,366250.0,14.0,7.0,9.0,1.0,1.0,13.0,3.0,19.0,49.0,36.0,152.0,23.251,15.8842,4
E09000006,Bromley,E01000743,Bromley 009A,327062.5,13.0,12.0,1.0,4.0,1.0,6.0,2.0,26.0,17.0,58.0,140.0,34.812,13.1255,3
E09000006,Bromley,E01000744,Bromley 009B,323812.5,11.0,7.0,14.0,1.0,4.0,10.0,2.0,14.0,25.0,53.0,141.0,41.713,8.68306,2
E09000006,Bromley,E01000745,Bromley 005D,375375.0,7.0,11.0,8.0,3.0,1.0,15.0,6.0,12.0,42.0,25.0,130.0,19.473,12.8424,3
E09000006,Bromley,E01000746,Bromley 005E,479437.5,3.0,6.0,4.0,1.0,1.0,3.0,2.0,13.0,18.0,24.0,75.0,17.48,21.8196,5
E09000006,Bromley,E01000747,Bromley 042B,670625.0,11.0,7.0,1.0,2.0,1.0,10.0,1.0,18.0,19.0,50.0,120.0,20.247,0.957134,1a
E09000006,Bromley,E01000748,Bromley 042C,631875.0,6.0,8.0,1.0,0.0,2.0,4.0,0.0,6.0,17.0,27.0,71.0,12.664,0.405613,1a
E09000006,Bromley,E01000749,Bromley 036A,635000.0,6.0,7.0,2.0,0.0,0.0,3.0,0.0,4.0,17.0,21.0,60.0,11.329,0.476072,1a
E09000006,Bromley,E01000750,Bromley 036B,371875.0,3.0,1.0,4.0,12.0,0.0,3.0,1.0,5.0,12.0,34.0,75.0,30.702,1.21206,1a
E09000006,Bromley,E01000751,Bromley 036C,503125.0,18.0,4.0,4.0,2.0,2.0,28.0,1.0,15.0,13.0,129.0,216.0,6.681,2.06822,1a
E09000006,Bromley,E01000752,Bromley 036D,466125.0,3.0,2.0,3.0,3.0,1.0,3.0,1.0,6.0,11.0,24.0,57.0,8.395,2.24921,1a
E09000006,Bromley,E01000753,Bromley 031A,700562.5,1.0,3.0,1.0,0.0,0.0,4.0,0.0,2.0,7.0,12.0,30.0,6.135,2.42617,1a
E09000006,Bromley,E01000754,Bromley 031B,514750.0,4.0,2.0,7.0,5.0,0.0,3.0,0.0,11.0,8.0,21.0,61.0,7.427,11.5688,3
E09000006,Bromley,E01000755,Bromley 031C,533000.0,7.0,4.0,1.0,2.0,1.0,7.0,0.0,2.0,11.0,9.0,44.0,5.078,9.75678,2
E09000006,Bromley,E01000756,Bromley 033D,2107875.0,5.0,5.0,5.0,1.0,1.0,10.0,3.0,36.0,9.0,48.0,123.0,4.925,4.76967,1b
E09000006,Bromley,E01000757,Bromley 031D,766250.0,2.0,1.0,0.0,0.0,1.0,1.0,0.0,2.0,6.0,6.0,19.0,4.451,3.73619,1b
E09000006,Bromley,E01000758,Bromley 031E,618250.0,5.0,2.0,0.0,0.0,1.0,3.0,1.0,1.0,8.0,6.0,27.0,3.339,14.8711,3
E09000006,Bromley,E01000759,Bromley 034A,600625.0,7.0,3.0,2.0,2.0,0.0,2.0,1.0,5.0,27.0,20.0,69.0,7.816,1.10066,1a
E09000006,Bromley,E01000760,Bromley 034B,611250.0,7.0,10.0,2.0,1.0,0.0,8.0,0.0,15.0,20.0,19.0,82.0,9.071,4.87486,1b
E09000006,Bromley,E01000761,Bromley 034C,620000.0,3.0,0.0,0.0,0.0,0.0,3.0,0.0,5.0,24.0,10.0,45.0,7.262,2.3273,1a
E09000006,Bromley,E01000762,Bromley 018D,463625.0,5.0,3.0,3.0,2.0,1.0,6.0,0.0,6.0,12.0,18.0,56.0,6.964,4.37203,1b
E09000006,Bromley,E01000763,Bromley 027A,767187.5,4.0,1.0,10.0,0.0,0.0,9.0,1.0,9.0,5.0,18.0,57.0,5.404,3.75679,1b
E09000006,Bromley,E01000764,Bromley 027B,558187.5,3.0,2.0,2.0,4.0,0.0,4.0,1.0,2.0,6.0,20.0,44.0,12.203,3.74711,1b
E09000006,Bromley,E01000765,Bromley 034D,653625.0,7.0,22.0,5.0,1.0,0.0,7.0,6.0,33.0,26.0,45.0,152.0,7.214,2.41497,1a
E09000006,Bromley,E01000766,Bromley 027C,712500.0,4.0,4.0,0.0,0.0,0.0,3.0,0.0,2.0,17.0,7.0,37.0,3.044,7.15412,2
E09000006,Bromley,E01000767,Bromley 027D,693875.0,1.0,2.0,7.0,0.0,0.0,1.0,0.0,8.0,17.0,1.0,37.0,4.764,9.53692,2
E09000006,Bromley,E01000768,Bromley 034E,493749.875,2.0,3.0,5.0,0.0,1.0,4.0,0.0,3.0,25.0,13.0,56.0,8.72,7.31486,2
E09000006,Bromley,E01000769,Bromley 024A,638750.0,35.0,9.0,5.0,2.0,0.0,28.0,1.0,23.0,10.0,193.0,306.0,23.938,3.35963,1b
E09000006,Bromley,E01000770,Bromley 012D,585000.0,3.0,8.0,4.0,1.0,1.0,6.0,1.0,15.0,22.0,21.0,82.0,6.02,6.30486,2
E09000006,Bromley,E01000771,Bromley 041C,788750.0,8.0,9.0,3.0,4.0,0.0,11.0,1.0,4.0,21.0,21.0,82.0,5.485,9.24839,2
E09000006,Bromley,E01000772,Bromley 012E,457375.0,6.0,4.0,0.0,2.0,0.0,2.0,0.0,5.0,23.0,20.0,62.0,4.052,4.6789,1b
E09000006,Bromley,E01000773,Bromley 024B,686125.0,2.0,6.0,0.0,0.0,0.0,2.0,1.0,4.0,19.0,7.0,41.0,6.474,3.76763,1b
E09000006,Bromley,E01000774,Bromley 041D,569687.5,16.0,7.0,4.0,1.0,1.0,6.0,4.0,23.0,24.0,34.0,120.0,9.362,7.38448,2
E09000006,Bromley,E01000775,Bromley 024C,755625.0,5.0,14.0,3.0,2.0,0.0,5.0,5.0,26.0,9.0,57.0,126.0,7.336,4.91034,1b
E09000006,Bromley,E01000777,Bromley 024D,666125.0,3.0,2.0,3.0,1.0,2.0,2.0,1.0,6.0,19.0,14.0,53.0,7.717,6.53104,2
E09000006,Bromley,E01000778,Bromley 024E,522500.0,10.0,7.0,2.0,0.0,2.0,5.0,6.0,17.0,14.0,35.0,98.0,13.162,3.67453,1b
E09000006,Bromley,E01000779,Bromley 001A,385000.0,8.0,8.0,13.0,4.0,1.0,11.0,1.0,22.0,16.0,28.0,112.0,15.109,3.49308,1b
E09000006,Bromley,E01000780,Bromley 001B,410625.0,11.0,8.0,8.0,3.0,0.0,8.0,1.0,15.0,13.0,48.0,115.0,22.669,5.5796,2
E09000006,Bromley,E01000781,Bromley 001C,368718.75,8.0,7.0,4.0,5.0,0.0,11.0,1.0,12.0,5.0,58.0,111.0,37.305,7.38845,2
E09000006,Bromley,E01000782,Bromley 001D,368125.0,16.0,6.0,8.0,5.0,0.0,8.0,3.0,19.0,17.0,70.0,152.0,47.689,5.60989,2
E09000006,Bromley,E01000783,Bromley 001E,387900.0,18.0,5.0,5.0,3.0,0.0,14.0,2.0,4.0,10.0,77.0,138.0,31.443,6.55821,2
E09000006,Bromley,E01000784,Bromley 002E,580750.0,8.0,4.0,2.0,1.0,0.0,1.0,0.0,3.0,16.0,13.0,48.0,10.181,4.52413,1b
E09000006,Bromley,E01000785,Bromley 001F,367125.0,20.0,6.0,6.0,3.0,1.0,21.0,1.0,17.0,10.0,66.0,151.0,31.622,3.93254,1b
E09000006,Bromley,E01000786,Bromley 032A,570750.0,8.0,6.0,2.0,0.0,0.0,4.0,1.0,37.0,8.0,28.0,94.0,9.502,2.56309,1b
E09000006,Bromley,E01000787,Bromley 029C,415625.0,12.0,6.0,3.0,1.0,0.0,4.0,1.0,7.0,20.0,28.0,82.0,22.391,3.99293,1b
E09000006,Bromley,E01000788,Bromley 029D,504500.0,15.0,6.0,13.0,0.0,2.0,21.0,4.0,6.0,12.0,29.0,108.0,23.025,11.0892,3
E09000006,Bromley,E01000789,Bromley 032B,186287.5,25.0,7.0,9.0,3.0,1.0,6.0,1.0,15.0,12.0,76.0,155.0,36.636,5.12375,2
E09000006,Bromley,E01000790,Bromley 028C,375625.0,40.0,18.0,16.0,3.0,7.0,57.0,20.0,189.0,35.0,125.0,510.0,13.639,21.7193,5
E09000006,Bromley,E01000791,Bromley 029E,523250.0,2.0,8.0,3.0,1.0,0.0,0.0,2.0,3.0,8.0,14.0,41.0,9.652,5.40641,2
E09000006,Bromley,E01000792,Bromley 032C,476250.0,11.0,4.0,2.0,3.0,2.0,4.0,2.0,9.0,7.0,44.0,88.0,18.856,4.3915,1b
E09000006,Bromley,E01000793,Bromley 032D,687500.0,2.0,12.0,2.0,0.0,0.0,3.0,1.0,1.0,6.0,14.0,41.0,4.826,5.32948,2
E09000006,Bromley,E01000794,Bromley 035E,681875.0,5.0,2.0,1.0,0.0,0.0,1.0,0.0,1.0,6.0,7.0,23.0,3.686,5.19259,2
E09000006,Bromley,E01000795,Bromley 032E,552375.0,6.0,6.0,2.0,0.0,0.0,2.0,1.0,8.0,9.0,13.0,47.0,14.293,2.99055,1b
E09000006,Bromley,E01000796,Bromley 009C,332875.0,16.0,8.0,5.0,2.0,0.0,17.0,1.0,18.0,9.0,71.0,147.0,30.14,13.5919,3
E09000006,Bromley,E01000797,Bromley 013E,777812.5,13.0,17.0,5.0,1.0,0.0,15.0,5.0,27.0,46.0,29.0,158.0,13.477,13.1399,3
E09000006,Bromley,E01000798,Bromley 009D,412125.0,16.0,11.0,9.0,3.0,2.0,15.0,2.0,32.0,17.0,54.0,161.0,42.145,14.3556,3
E09000006,Bromley,E01000799,Bromley 004A,514375.0,26.0,16.0,8.0,7.0,5.0,50.0,15.0,89.0,38.0,134.0,388.0,19.434,17.9432,4
E09000006,Bromley,E01000800,Bromley 009E,355625.0,8.0,6.0,6.0,2.0,3.0,9.0,1.0,21.0,23.0,34.0,113.0,28.064,14.3168,3
E09000006,Bromley,E01000801,Bromley 015E,404081.25,9.0,8.0,2.0,1.0,0.0,8.0,3.0,45.0,24.0,39.0,139.0,18.196,15.2094,4
E09000006,Bromley,E01000802,Bromley 004B,547313.5,11.0,3.0,3.0,1.0,1.0,15.0,6.0,18.0,37.0,30.0,125.0,19.757,16.6572,4
E09000006,Bromley,E01000803,Bromley 004C,475187.5,4.0,8.0,5.0,1.0,1.0,10.0,2.0,9.0,26.0,26.0,92.0,17.243,12.0387,3
E09000006,Bromley,E01000804,Bromley 004D,664500.0,5.0,24.0,0.0,1.0,0.0,5.0,0.0,12.0,39.0,26.0,112.0,8.331,5.26206,2
E09000006,Bromley,E01000805,Bromley 004E,601250.0,9.0,7.0,1.0,0.0,1.0,10.0,1.0,12.0,26.0,38.0,105.0,21.754,13.6843,3
E09000006,Bromley,E01000806,Bromley 009F,340500.0,13.0,9.0,7.0,3.0,1.0,11.0,2.0,29.0,32.0,59.0,166.0,25.697,17.9533,4
E09000006,Bromley,E01000807,Bromley 022C,881232.5,20.0,15.0,6.0,1.0,2.0,9.0,2.0,30.0,12.0,26.0,123.0,6.047,7.3957,2
E09000006,Bromley,E01000808,Bromley 025A,672250.0,4.0,4.0,1.0,2.0,0.0,3.0,0.0,3.0,14.0,9.0,40.0,7.005,3.24554,1b
E09000006,Bromley,E01000809,Bromley 022D,625250.0,2.0,4.0,4.0,3.0,0.0,2.0,1.0,3.0,9.0,9.0,37.0,4.188,5.78398,2
E09000006,Bromley,E01000810,Bromley 025B,869375.0,0.0,4.0,2.0,0.0,0.0,0.0,0.0,3.0,15.0,14.0,38.0,2.339,8.26036,2
E09000006,Bromley,E01000811,Bromley 025C,603750.0,4.0,2.0,2.0,1.0,0.0,2.0,0.0,3.0,13.0,6.0,33.0,5.127,10.7998,3
E09000006,Bromley,E01000812,Bromley 028D,453562.5,5.0,14.0,4.0,3.0,0.0,7.0,1.0,10.0,13.0,21.0,78.0,10.196,7.65251,2
E09000006,Bromley,E01000813,Bromley 025D,669375.0,9.0,5.0,1.0,0.0,1.0,8.0,1.0,41.0,16.0,15.0,97.0,3.255,5.27963,2
E09000006,Bromley,E01000814,Bromley 028E,954677.5,0.0,3.0,1.0,1.0,0.0,1.0,0.0,1.0,9.0,12.0,28.0,4.284,11.9807,3
E09000006,Bromley,E01000815,Bromley 025E,998000.0,3.0,1.0,2.0,0.0,0.0,0.0,0.0,5.0,10.0,7.0,28.0,2.586,6.78654,2
E09000006,Bromley,E01000816,Bromley 040A,492500.0,6.0,6.0,3.0,1.0,1.0,3.0,0.0,1.0,12.0,20.0,53.0,14.081,6.94499,2
E09000006,Bromley,E01000818,Bromley 040B,558892.125,4.0,16.0,2.0,0.0,0.0,3.0,0.0,1.0,10.0,19.0,55.0,13.454,2.37689,1a
E09000006,Bromley,E01000819,Bromley 040C,408937.5,5.0,7.0,8.0,0.0,0.0,10.0,2.0,24.0,25.0,49.0,130.0,26.536,5.58105,2
E09000006,Bromley,E01000820,Bromley 008C,539625.0,18.0,3.0,10.0,1.0,1.0,17.0,2.0,12.0,16.0,39.0,119.0,21.127,4.79018,1b
E09000006,Bromley,E01000822,Bromley 008D,356437.5,5.0,5.0,3.0,0.0,0.0,2.0,1.0,16.0,21.0,23.0,76.0,13.278,8.20768,2
E09000006,Bromley,E01000823,Bromley 008E,448687.5,10.0,9.0,2.0,1.0,0.0,3.0,0.0,13.0,15.0,23.0,76.0,11.568,9.76816,2
E09000006,Bromley,E01000824,Bromley 008F,401390.125,12.0,10.0,5.0,2.0,1.0,9.0,7.0,93.0,16.0,25.0,180.0,15.415,15.9188,4
E09000006,Bromley,E01000825,Bromley 008G,377500.0,11.0,2.0,2.0,3.0,0.0,10.0,0.0,14.0,18.0,29.0,89.0,17.0,10.3366,3
E09000006,Bromley,E01000826,Bromley 021A,1147500.0,0.0,8.0,0.0,0.0,0.0,1.0,0.0,5.0,24.0,8.0,46.0,4.317,2.24561,1a
E09000006,Bromley,E01000827,Bromley 021B,405125.0,4.0,1.0,0.0,1.0,1.0,4.0,2.0,19.0,8.0,18.0,58.0,5.195,4.84076,1b
E09000006,Bromley,E01000828,Bromley 011E,417500.0,3.0,3.0,2.0,1.0,0.0,10.0,0.0,6.0,14.0,39.0,78.0,10.099,8.37147,2
E09000006,Bromley,E01000829,Bromley 018E,522500.0,5.0,2.0,2.0,0.0,2.0,5.0,4.0,5.0,6.0,27.0,58.0,6.085,19.1676,4
E09000006,Bromley,E01000830,Bromley 021C,1031000.0,2.0,4.0,2.0,0.0,0.0,1.0,0.0,9.0,16.0,11.0,45.0,3.748,3.17597,1b
E09000006,Bromley,E01000831,Bromley 021D,418875.0,4.0,3.0,0.0,0.0,0.0,4.0,1.0,3.0,10.0,21.0,46.0,8.153,5.77025,2
E09000006,Bromley,E01000832,Bromley 030A,768750.0,2.0,2.0,1.0,1.0,0.0,4.0,0.0,10.0,11.0,11.0,42.0,5.996,5.32819,2
E09000006,Bromley,E01000833,Bromley 021E,877437.5,1.0,2.0,0.0,1.0,0.0,0.0,0.0,2.0,12.0,8.0,26.0,2.759,2.81427,1b
E09000006,Bromley,E01000834,Bromley 027E,675625.0,2.0,1.0,2.0,2.0,0.0,1.0,0.0,11.0,9.0,7.0,35.0,4.859,3.68791,1b
E09000006,Bromley,E01000835,Bromley 030B,634062.5,11.0,16.0,3.0,0.0,0.0,14.0,4.0,68.0,16.0,45.0,177.0,7.308,7.63649,2
E09000006,Bromley,E01000836,Bromley 030C,647875.0,3.0,3.0,0.0,1.0,0.0,0.0,0.0,2.0,2.0,1.0,12.0,5.562,4.10367,1b
E09000006,Bromley,E01000837,Bromley 030D,509250.0,5.0,6.0,2.0,1.0,0.0,4.0,0.0,4.0,22.0,20.0,64.0,10.214,5.18839,2
E09000006,Bromley,E01000838,Bromley 030E,660625.0,2.0,2.0,1.0,0.0,0.0,3.0,1.0,3.0,13.0,8.0,33.0,5.005,4.17723,1b
E09000006,Bromley,E01000839,Bromley 030F,697875.0,1.0,1.0,0.0,1.0,0.0,1.0,1.0,3.0,21.0,12.0,41.0,4.317,1.55032,1a
E09000006,Bromley,E01000840,Bromley 030G,766562.5,3.0,1.0,3.0,1.0,0.0,2.0,1.0,5.0,18.0,19.0,53.0,10.385,3.12167,1b
E09000006,Bromley,E01000841,Bromley 030H,644562.875,5.0,8.0,3.0,0.0,0.0,7.0,0.0,10.0,29.0,12.0,74.0,4.549,4.0552,1b
E09000006,Bromley,E01032562,Bromley 040D,371500.0,13.0,6.0,1.0,0.0,1.0,12.0,3.0,7.0,14.0,58.0,115.0,32.456,5.47998,2
E09000006,Bromley,E01032563,Bromley 040E,529125.0,4.0,8.0,1.0,1.0,1.0,1.0,1.0,5.0,21.0,8.0,51.0,8.916,5.14985,2
E09000006,Bromley,E01032568,Bromley 041E,428562.5,14.0,5.0,3.0,1.0,1.0,18.0,9.0,133.0,22.0,64.0,270.0,25.535,12.1081,3
E09000006,Bromley,E01032570,Bromley 042D,427500.0,9.0,8.0,4.0,1.0,0.0,6.0,5.0,50.0,11.0,29.0,123.0,12.512,3.54951,1b
E09000007,Camden,E01000842,Camden 011A,1006250.0,0.0,11.0,4.0,1.0,0.0,2.0,1.0,16.0,13.0,15.0,63.0,8.523,12.1622,3
E09000007,Camden,E01000843,Camden 014A,1140500.0,3.0,10.0,1.0,1.0,1.0,7.0,2.0,24.0,15.0,14.0,78.0,13.567,13.1695,3
E09000007,Camden,E01000844,Camden 011B,928437.5,4.0,8.0,1.0,4.0,0.0,6.0,2.0,34.0,25.0,23.0,107.0,9.797,17.3376,4
E09000007,Camden,E01000845,Camden 014B,906500.0,17.0,14.0,2.0,1.0,0.0,13.0,3.0,42.0,22.0,32.0,146.0,11.305,11.618,3
E09000007,Camden,E01000846,Camden 014C,1606250.0,4.0,8.0,3.0,2.0,1.0,6.0,9.0,19.0,17.0,25.0,94.0,22.13,10.2054,3
E09000007,Camden,E01000847,Camden 014D,1375625.0,6.0,17.0,1.0,1.0,2.0,8.0,5.0,20.0,36.0,21.0,117.0,17.13,17.3803,4
E09000007,Camden,E01000848,Camden 011C,1143750.0,5.0,10.0,3.0,1.0,0.0,6.0,2.0,25.0,43.0,15.0,110.0,6.035,13.2437,3
E09000007,Camden,E01000849,Camden 011D,635625.0,6.0,10.0,2.0,1.0,0.0,13.0,3.0,39.0,17.0,21.0,112.0,7.694,17.436,4
E09000007,Camden,E01000850,Camden 026A,797500.0,13.0,40.0,33.0,6.0,5.0,55.0,57.0,686.0,38.0,90.0,1023.0,14.252,62.6618,6b
E09000007,Camden,E01000851,Camden 026B,804562.375,15.0,44.0,13.0,3.0,3.0,12.0,22.0,381.0,14.0,42.0,549.0,14.959,55.0582,6b
E09000007,Camden,E01000852,Camden 026C,736875.0,31.0,55.0,59.0,8.0,8.0,76.0,75.0,1138.0,37.0,229.0,1716.0,14.633,83.1544,6b
E09000007,Camden,E01000853,Camden 025A,551333.3333333334,12.0,19.0,12.0,1.0,1.0,30.0,7.0,196.0,7.0,40.0,325.0,30.826,73.1792,6b
E09000007,Camden,E01000854,Camden 026D,696250.0,31.0,55.0,59.0,8.0,8.0,76.0,75.0,1138.0,37.0,229.0,1716.0,15.832,67.7297,6b
E09000007,Camden,E01000855,Camden 028A,293750.0,34.0,39.0,52.0,7.0,5.0,61.0,66.0,828.0,62.0,147.0,1301.0,14.66,63.19,6b
E09000007,Camden,E01000856,Camden 019A,610874.75,22.0,18.0,65.0,7.0,3.0,36.0,21.0,98.0,25.0,90.0,385.0,31.404,42.4264,6b
E09000007,Camden,E01000857,Camden 018A,876875.125,8.0,6.0,1.0,1.0,0.0,4.0,0.0,17.0,33.0,13.0,83.0,14.85,12.1124,3
E09000007,Camden,E01000858,Camden 018B,571500.0,7.0,15.0,68.0,4.0,5.0,22.0,17.0,167.0,25.0,117.0,447.0,37.66,25.9939,6a
E09000007,Camden,E01000859,Camden 018C,1465000.0,5.0,16.0,4.0,0.0,0.0,7.0,2.0,61.0,24.0,35.0,154.0,7.224,11.7204,3
E09000007,Camden,E01000860,Camden 018D,1425000.0,5.0,12.0,3.0,2.0,2.0,3.0,6.0,21.0,14.0,14.0,82.0,17.703,7.15373,2
E09000007,Camden,E01000861,Camden 019B,575125.0,21.0,19.0,18.0,2.0,6.0,27.0,17.0,177.0,36.0,92.0,415.0,33.498,41.5854,6b
E09000007,Camden,E01000862,Camden 018E,1310625.0,13.0,33.0,48.0,3.0,3.0,11.0,8.0,221.0,53.0,41.0,434.0,10.864,21.9385,5
E09000007,Camden,E01000863,Camden 021A,745312.5,61.0,56.0,208.0,13.0,9.0,116.0,108.0,955.0,60.0,369.0,1955.0,34.37,43.6587,6b
E09000007,Camden,E01000864,Camden 015A,625000.0,20.0,13.0,22.0,0.0,0.0,19.0,11.0,234.0,64.0,57.0,440.0,17.932,7.84971,2
E09000007,Camden,E01000865,Camden 015B,846368.75,20.0,13.0,22.0,0.0,0.0,19.0,11.0,234.0,64.0,57.0,440.0,13.236,17.2052,4
E09000007,Camden,E01000866,Camden 009A,685750.0,19.0,16.0,7.0,2.0,1.0,17.0,6.0,58.0,29.0,61.0,216.0,22.434,24.6208,5
E09000007,Camden,E01000867,Camden 015C,518333.3333333333,12.0,17.0,9.0,0.0,1.0,14.0,3.0,27.0,22.0,44.0,149.0,28.4,35.5049,6a
E09000007,Camden,E01000868,Camden 015D,733125.0,9.0,7.0,9.0,2.0,1.0,3.0,1.0,15.0,13.0,38.0,98.0,39.291,5.92594,2
E09000007,Camden,E01000869,Camden 015E,653625.0,4.0,11.0,6.0,2.0,0.0,8.0,9.0,22.0,34.0,36.0,132.0,22.144,14.1162,3
E09000007,Camden,E01000870,Camden 009B,540187.5,17.0,5.0,2.0,1.0,0.0,7.0,5.0,38.0,30.0,47.0,152.0,26.832,22.4492,5
E09000007,Camden,E01000871,Camden 005A,713750.0,3.0,11.0,1.0,0.0,0.0,8.0,2.0,28.0,31.0,17.0,101.0,14.237,9.91706,2
E09000007,Camden,E01000872,Camden 005B,525125.0,15.0,21.0,9.0,1.0,2.0,16.0,5.0,51.0,39.0,47.0,206.0,24.312,19.5099,4
E09000007,Camden,E01000873,Camden 005C,773750.0,4.0,10.0,2.0,1.0,1.0,4.0,1.0,9.0,23.0,33.0,88.0,8.615,10.2418,3
E09000007,Camden,E01000874,Camden 005D,928750.0,3.0,11.0,0.0,2.0,0.0,4.0,0.0,9.0,9.0,14.0,52.0,4.907,23.6788,5
E09000007,Camden,E01000875,Camden 013A,431100.0,12.0,5.0,5.0,4.0,1.0,11.0,0.0,18.0,20.0,42.0,118.0,21.838,19.1387,4
E09000007,Camden,E01000876,Camden 013B,490375.0,27.0,7.0,7.0,1.0,3.0,8.0,5.0,10.0,12.0,41.0,121.0,29.94,15.0746,4
E09000007,Camden,E01000877,Camden 005E,868125.0,4.0,8.0,2.0,0.0,0.0,8.0,2.0,19.0,24.0,15.0,82.0,11.158,18.0408,4
E09000007,Camden,E01000878,Camden 004A,949125.0,6.0,17.0,3.0,0.0,0.0,3.0,0.0,13.0,25.0,26.0,93.0,5.647,14.2155,3
E09000007,Camden,E01000879,Camden 004B,1073125.0,7.0,5.0,1.0,0.0,0.0,12.0,1.0,31.0,20.0,18.0,95.0,5.877,18.5891,4
E09000007,Camden,E01000880,Camden 004C,1245625.0,6.0,15.0,2.0,1.0,0.0,2.0,2.0,11.0,23.0,20.0,82.0,6.105,20.6078,5
E09000007,Camden,E01000881,Camden 008A,851875.0,2.0,11.0,2.0,2.0,0.0,2.0,0.0,18.0,25.0,18.0,80.0,13.429,26.9112,6a
E09000007,Camden,E01000882,Camden 008B,813125.0,4.0,8.0,3.0,0.0,0.0,0.0,3.0,26.0,29.0,10.0,83.0,4.319,21.9953,5
E09000007,Camden,E01000883,Camden 008C,1141999.875,13.0,19.0,3.0,0.0,0.0,7.0,8.0,84.0,22.0,26.0,182.0,9.536,31.3927,6a
E09000007,Camden,E01000884,Camden 004D,2398750.0,9.0,9.0,1.0,1.0,0.0,1.0,2.0,4.0,37.0,10.0,74.0,5.273,5.72284,2
E09000007,Camden,E01000885,Camden 004E,2459375.0,0.0,7.0,0.0,0.0,0.0,1.0,2.0,2.0,30.0,11.0,53.0,7.027,5.68296,2
E09000007,Camden,E01000886,Camden 006A,1069125.0,4.0,8.0,4.0,0.0,3.0,2.0,5.0,15.0,11.0,15.0,67.0,9.126,12.5612,3
E09000007,Camden,E01000887,Camden 006B,698937.5,5.0,8.0,6.0,0.0,0.0,20.0,3.0,31.0,12.0,38.0,123.0,13.063,18.925,4
E09000007,Camden,E01000888,Camden 006C,1640718.875,2.0,7.0,5.0,0.0,0.0,9.0,8.0,14.0,16.0,23.0,84.0,14.584,14.3022,3
E09000007,Camden,E01000889,Camden 007A,440362.5,12.0,5.0,6.0,1.0,0.0,13.0,1.0,19.0,15.0,43.0,115.0,30.868,12.6576,3
E09000007,Camden,E01000890,Camden 007B,,10.0,18.0,9.0,0.0,1.0,5.0,4.0,15.0,11.0,25.0,98.0,40.883,11.3929,3
E09000007,Camden,E01000891,Camden 007C,435000.0,11.0,16.0,7.0,1.0,2.0,15.0,5.0,42.0,14.0,63.0,176.0,38.283,11.0683,3
E09000007,Camden,E01000892,Camden 006D,816250.0,3.0,11.0,0.0,0.0,0.0,2.0,5.0,20.0,15.0,26.0,82.0,15.799,16.9827,4
E09000007,Camden,E01000893,Camden 002A,1112125.0,4.0,9.0,5.0,0.0,0.0,6.0,3.0,18.0,23.0,14.0,82.0,5.314,4.60725,1b
E09000007,Camden,E01000894,Camden 002B,2060958.25,6.0,8.0,2.0,0.0,0.0,7.0,9.0,35.0,29.0,17.0,113.0,6.601,9.43746,2
E09000007,Camden,E01000895,Camden 002C,955001.25,6.0,11.0,1.0,2.0,1.0,10.0,11.0,107.0,17.0,38.0,204.0,8.367,13.906,3
E09000007,Camden,E01000896,Camden 002D,1782125.0,18.0,14.0,1.0,0.0,1.0,8.0,3.0,37.0,31.0,13.0,126.0,5.734,15.3479,4
E09000007,Camden,E01000897,Camden 008D,1396875.0,5.0,7.0,2.0,1.0,0.0,5.0,1.0,10.0,23.0,4.0,58.0,5.398,15.777,4
E09000007,Camden,E01000898,Camden 008E,994156.25,8.0,14.0,7.0,1.0,2.0,32.0,13.0,147.0,17.0,100.0,341.0,11.81,19.3603,4
E09000007,Camden,E01000899,Camden 002E,2226250.0,6.0,16.0,5.0,0.0,0.0,9.0,4.0,21.0,26.0,24.0,111.0,5.971,4.94096,1b
E09000007,Camden,E01000900,Camden 012A,687500.0,5.0,9.0,18.0,5.0,1.0,11.0,3.0,35.0,23.0,53.0,163.0,26.042,16.8435,4
E09000007,Camden,E01000901,Camden 007D,405625.0,15.0,15.0,5.0,2.0,0.0,17.0,3.0,26.0,12.0,43.0,138.0,30.351,19.9858,4
E09000007,Camden,E01000902,Camden 012B,515000.0,3.0,6.0,7.0,1.0,3.0,12.0,3.0,18.0,10.0,44.0,107.0,36.241,14.9716,3
E09000007,Camden,E01000903,Camden 006E,819125.0,6.0,3.0,4.0,2.0,0.0,11.0,2.0,14.0,21.0,29.0,92.0,18.925,13.4116,3
E09000007,Camden,E01000904,Camden 012C,631666.6666666666,18.0,15.0,22.0,4.0,2.0,23.0,11.0,82.0,26.0,99.0,302.0,24.584,28.539,6a
E09000007,Camden,E01000905,Camden 012D,494375.0,15.0,14.0,9.0,1.0,0.0,12.0,2.0,32.0,15.0,58.0,158.0,38.075,20.7067,5
E09000007,Camden,E01000906,Camden 012E,639375.0,5.0,10.0,5.0,3.0,1.0,5.0,3.0,20.0,27.0,22.0,101.0,10.421,18.2211,4
E09000007,Camden,E01000907,Camden 001A,753765.625,17.0,11.0,10.0,5.0,2.0,13.0,2.0,11.0,16.0,49.0,136.0,33.796,13.7572,3
E09000007,Camden,E01000908,Camden 001B,488750.0,15.0,7.0,4.0,0.0,0.0,5.0,1.0,12.0,18.0,32.0,94.0,27.211,6.31415,2
E09000007,Camden,E01000909,Camden 001C,1499125.0,5.0,5.0,1.0,0.0,1.0,4.0,3.0,18.0,21.0,19.0,77.0,11.771,8.16553,2
E09000007,Camden,E01000910,Camden 003A,1520625.0,7.0,7.0,2.0,1.0,0.0,5.0,1.0,19.0,20.0,20.0,82.0,9.73,17.9521,4
E09000007,Camden,E01000911,Camden 003B,568500.0,9.0,8.0,2.0,0.0,2.0,4.0,3.0,12.0,16.0,26.0,82.0,16.959,19.6645,4
E09000007,Camden,E01000912,Camden 001D,534062.5,15.0,10.0,9.0,2.0,1.0,14.0,19.0,54.0,16.0,68.0,208.0,22.316,6.58256,2
E09000007,Camden,E01000913,Camden 001E,2080000.0,17.0,13.0,3.0,1.0,0.0,26.0,9.0,59.0,46.0,133.0,307.0,9.279,3.64315,1b
E09000007,Camden,E01000914,Camden 028B,701312.5,38.0,63.0,12.0,5.0,7.0,64.0,44.0,898.0,100.0,199.0,1430.0,13.106,60.1685,6b
E09000007,Camden,E01000915,Camden 027A,755000.0,19.0,13.0,19.0,4.0,3.0,34.0,4.0,45.0,11.0,87.0,239.0,23.058,50.4737,6b
E09000007,Camden,E01000916,Camden 027B,1022500.0,16.0,45.0,9.0,6.0,3.0,24.0,17.0,196.0,75.0,60.0,451.0,19.491,55.1058,6b
E09000007,Camden,E01000917,Camden 027C,436125.0,11.0,14.0,4.0,2.0,0.0,16.0,7.0,116.0,6.0,55.0,231.0,34.957,58.3439,6b
E09000007,Camden,E01000918,Camden 028C,1209250.0,43.0,35.0,21.0,3.0,3.0,36.0,35.0,632.0,180.0,143.0,1131.0,20.684,83.5067,6b
E09000007,Camden,E01000919,Camden 028D,1143125.0,31.0,71.0,101.0,10.0,6.0,47.0,64.0,1304.0,30.0,149.0,1813.0,21.741,87.5882,6b
E09000007,Camden,E01000920,Camden 027D,1173925.0,10.0,25.0,14.0,4.0,0.0,19.0,7.0,130.0,14.0,51.0,274.0,15.017,43.1404,6b
E09000007,Camden,E01000921,Camden 003C,470000.0,12.0,15.0,6.0,3.0,1.0,19.0,28.0,108.0,22.0,68.0,282.0,15.197,25.1522,6a
E09000007,Camden,E01000922,Camden 007E,820000.0,17.0,16.0,9.0,1.0,2.0,25.0,7.0,67.0,14.0,77.0,235.0,21.717,22.4201,5
E09000007,Camden,E01000923,Camden 003D,963750.0,4.0,5.0,2.0,4.0,0.0,10.0,0.0,17.0,23.0,21.0,86.0,19.37,22.28,5
E09000007,Camden,E01000924,Camden 009C,640750.0,7.0,13.0,1.0,0.0,1.0,11.0,8.0,30.0,24.0,40.0,135.0,13.294,18.733,4
E09000007,Camden,E01000925,Camden 009D,831250.0,8.0,10.0,3.0,1.0,0.0,5.0,3.0,16.0,11.0,29.0,86.0,29.369,20.5869,5
E09000007,Camden,E01000926,Camden 009E,618625.0,12.0,4.0,6.0,0.0,1.0,7.0,3.0,21.0,20.0,27.0,101.0,17.412,18.2701,4
E09000007,Camden,E01000927,Camden 007F,1161562.5,19.0,17.0,19.0,5.0,2.0,19.0,5.0,66.0,20.0,48.0,220.0,14.937,30.7341,6a
E09000007,Camden,E01000928,Camden 003E,798000.0,11.0,19.0,11.0,0.0,1.0,20.0,11.0,92.0,23.0,63.0,251.0,20.295,20.2364,5
E09000007,Camden,E01000929,Camden 020A,645750.0,5.0,17.0,8.0,1.0,3.0,19.0,2.0,7.0,20.0,53.0,135.0,25.374,19.4136,4
E09000007,Camden,E01000930,Camden 020B,407162.75,33.0,42.0,12.0,8.0,3.0,41.0,19.0,168.0,35.0,112.0,473.0,30.755,27.3387,6a
E09000007,Camden,E01000931,Camden 013C,653125.0,21.0,18.0,7.0,7.0,5.0,39.0,15.0,198.0,30.0,135.0,475.0,34.552,21.9324,5
E09000007,Camden,E01000932,Camden 013D,567500.5,5.0,14.0,3.0,2.0,0.0,11.0,2.0,19.0,17.0,27.0,100.0,20.043,25.2571,6a
E09000007,Camden,E01000933,Camden 020C,628780.0,14.0,18.0,4.0,0.0,2.0,15.0,8.0,86.0,32.0,50.0,229.0,25.739,28.7906,6a
E09000007,Camden,E01000934,Camden 020D,486666.6666666667,9.0,11.0,4.0,1.0,0.0,8.0,4.0,18.0,14.0,27.0,96.0,35.446,16.2306,4
E09000007,Camden,E01000935,Camden 020E,388666.6666666667,9.0,9.0,1.0,2.0,0.0,10.0,2.0,21.0,14.0,41.0,109.0,32.327,14.4791,3
E09000007,Camden,E01000936,Camden 024A,1097500.0,11.0,12.0,17.0,1.0,1.0,17.0,15.0,80.0,13.0,66.0,233.0,21.454,32.3907,6a
E09000007,Camden,E01000937,Camden 025B,318875.0,8.0,4.0,24.0,3.0,1.0,10.0,6.0,52.0,15.0,17.0,140.0,14.324,51.5901,6b
E09000007,Camden,E01000938,Camden 024B,,21.0,14.0,21.0,3.0,4.0,18.0,12.0,164.0,25.0,118.0,400.0,33.666,73.2331,6b
E09000007,Camden,E01000939,Camden 024C,,16.0,17.0,42.0,6.0,5.0,30.0,22.0,140.0,11.0,109.0,398.0,39.074,82.7078,6b
E09000007,Camden,E01000940,Camden 024D,,11.0,12.0,17.0,1.0,1.0,17.0,15.0,80.0,13.0,66.0,233.0,19.688,57.595,6b
E09000007,Camden,E01000941,Camden 025C,,6.0,11.0,18.0,3.0,3.0,4.0,7.0,46.0,8.0,33.0,139.0,38.035,71.9473,6b
E09000007,Camden,E01000942,Camden 025D,534062.5,12.0,21.0,28.0,3.0,1.0,19.0,14.0,217.0,12.0,33.0,360.0,15.339,91.7288,6b
E09000007,Camden,E01000943,Camden 025E,561500.0,14.0,51.0,15.0,1.0,0.0,16.0,11.0,168.0,14.0,37.0,327.0,19.812,78.3652,6b
E09000007,Camden,E01000944,Camden 023A,,6.0,7.0,6.0,2.0,0.0,10.0,2.0,15.0,7.0,26.0,81.0,22.702,30.568,6a
E09000007,Camden,E01000945,Camden 023B,468750.0,28.0,28.0,37.0,5.0,3.0,44.0,24.0,245.0,43.0,155.0,612.0,29.491,58.5862,6b
E09000007,Camden,E01000946,Camden 021B,2431875.0,12.0,20.0,10.0,2.0,3.0,22.0,12.0,123.0,27.0,63.0,294.0,14.777,23.0251,5
E09000007,Camden,E01000947,Camden 021C,785437.5,28.0,21.0,29.0,4.0,1.0,52.0,26.0,316.0,65.0,152.0,694.0,24.682,37.842,6a
E09000007,Camden,E01000948,Camden 021D,1288750.0,18.0,10.0,11.0,1.0,2.0,11.0,9.0,46.0,49.0,57.0,214.0,28.939,20.994,5
E09000007,Camden,E01000949,Camden 023C,,5.0,11.0,3.0,0.0,0.0,3.0,0.0,13.0,27.0,15.0,77.0,19.618,18.7654,4
E09000007,Camden,E01000950,Camden 023D,,28.0,28.0,37.0,5.0,3.0,44.0,24.0,245.0,43.0,155.0,612.0,39.726,27.6479,6a
E09000007,Camden,E01000951,Camden 023E,330000.0,3.0,6.0,5.0,0.0,2.0,6.0,1.0,13.0,17.0,20.0,73.0,34.249,35.5703,6a
E09000007,Camden,E01000952,Camden 022A,608750.0,11.0,9.0,7.0,3.0,0.0,8.0,4.0,27.0,16.0,45.0,130.0,33.388,45.221,6b
E09000007,Camden,E01000953,Camden 022B,980500.0,8.0,5.0,5.0,0.0,0.0,7.0,4.0,38.0,20.0,50.0,137.0,37.205,45.0041,6b
E09000007,Camden,E01000954,Camden 022C,,3.0,3.0,1.0,0.0,0.0,8.0,4.0,16.0,8.0,36.0,79.0,34.893,36.3043,6a
E09000007,Camden,E01000955,Camden 022D,,5.0,11.0,6.0,2.0,1.0,7.0,4.0,31.0,14.0,50.0,131.0,33.231,63.7766,6b
E09000007,Camden,E01000956,Camden 022E,547500.0,32.0,27.0,33.0,6.0,3.0,31.0,14.0,239.0,20.0,118.0,523.0,33.601,83.8862,6b
E09000007,Camden,E01000957,Camden 019C,577556.25,9.0,7.0,5.0,4.0,1.0,9.0,3.0,24.0,32.0,22.0,116.0,26.314,16.2338,4
E09000007,Camden,E01000958,Camden 019D,520833.3333333333,40.0,25.0,15.0,0.0,2.0,38.0,11.0,137.0,42.0,192.0,502.0,24.531,36.7298,6a
E09000007,Camden,E01000959,Camden 019E,481375.0,14.0,12.0,7.0,3.0,2.0,22.0,2.0,28.0,11.0,62.0,163.0,39.028,42.9236,6b
E09000007,Camden,E01000960,Camden 017A,652750.0,18.0,16.0,1.0,1.0,1.0,14.0,8.0,132.0,35.0,48.0,274.0,16.477,37.2568,6a
E09000007,Camden,E01000961,Camden 017B,687500.0,7.0,9.0,4.0,0.0,2.0,9.0,12.0,25.0,19.0,43.0,130.0,22.612,28.8328,6a
E09000007,Camden,E01000962,Camden 016A,888793.75,3.0,8.0,0.0,1.0,0.0,10.0,1.0,14.0,18.0,5.0,60.0,6.05,28.1847,6a
E09000007,Camden,E01000963,Camden 017C,1463125.0,12.0,8.0,6.0,1.0,3.0,23.0,11.0,144.0,25.0,68.0,301.0,8.751,26.8844,6a
E09000007,Camden,E01000964,Camden 016B,876250.0,5.0,9.0,3.0,4.0,0.0,3.0,1.0,12.0,22.0,26.0,85.0,17.855,36.0696,6a
E09000007,Camden,E01000965,Camden 016C,702500.0,5.0,13.0,1.0,1.0,0.0,3.0,3.0,20.0,42.0,24.0,112.0,17.42,26.5335,6a
E09000007,Camden,E01000966,Camden 016D,997375.0,7.0,8.0,2.0,0.0,1.0,1.0,2.0,6.0,17.0,7.0,51.0,6.968,21.1491,5
E09000007,Camden,E01000967,Camden 017D,1489375.0,2.0,6.0,2.0,1.0,1.0,2.0,3.0,12.0,34.0,11.0,74.0,9.325,7.65545,2
E09000007,Camden,E01000968,Camden 016E,833750.0,4.0,8.0,0.0,2.0,0.0,6.0,2.0,15.0,21.0,20.0,78.0,14.268,27.5282,6a
E09000007,Camden,E01000969,Camden 010A,768750.0,13.0,21.0,4.0,2.0,1.0,13.0,4.0,50.0,22.0,42.0,172.0,6.278,26.6359,6a
E09000007,Camden,E01000970,Camden 010B,664875.0,18.0,11.0,5.0,0.0,1.0,5.0,1.0,16.0,10.0,21.0,88.0,10.284,22.4513,5
E09000007,Camden,E01000971,Camden 010C,997812.5,5.0,3.0,2.0,1.0,0.0,2.0,0.0,5.0,12.0,15.0,45.0,7.866,16.8373,4
E09000007,Camden,E01000972,Camden 010D,783125.0,20.0,21.0,6.0,1.0,1.0,31.0,7.0,144.0,30.0,98.0,359.0,27.096,28.7901,6a
E09000007,Camden,E01000973,Camden 010E,570625.0,15.0,26.0,13.0,2.0,4.0,16.0,7.0,69.0,36.0,96.0,284.0,20.581,28.3065,6a
E09000007,Camden,E01000974,Camden 013E,587750.0,8.0,16.0,2.0,1.0,2.0,13.0,2.0,29.0,18.0,57.0,148.0,25.094,23.2694,5
E09000008,Croydon,E01000975,Croydon 022A,422500.0,11.0,9.0,8.0,2.0,1.0,11.0,8.0,30.0,21.0,50.0,151.0,17.721,47.5401,6b
E09000008,Croydon,E01000976,Croydon 022B,372537.5,25.0,19.0,9.0,5.0,6.0,13.0,10.0,41.0,29.0,62.0,219.0,25.791,17.6807,4
E09000008,Croydon,E01000977,Croydon 022C,291875.0,18.0,13.0,8.0,5.0,3.0,8.0,1.0,20.0,15.0,74.0,165.0,28.332,16.394,4
E09000008,Croydon,E01000978,Croydon 022D,257625.0,3.0,17.0,7.0,2.0,0.0,6.0,0.0,8.0,12.0,28.0,83.0,20.55,17.8068,4
E09000008,Croydon,E01000979,Croydon 022E,465125.0,11.0,14.0,7.0,2.0,0.0,6.0,1.0,45.0,18.0,48.0,152.0,17.568,35.4789,6a
E09000008,Croydon,E01000980,Croydon 017A,404875.0,4.0,0.0,4.0,1.0,2.0,10.0,0.0,10.0,25.0,27.0,83.0,26.51,5.00434,2
E09000008,Croydon,E01000981,Croydon 017B,433250.0,8.0,8.0,5.0,2.0,0.0,4.0,5.0,9.0,23.0,39.0,103.0,13.993,11.3124,3
E09000008,Croydon,E01000982,Croydon 017C,401375.0,10.0,8.0,3.0,0.0,1.0,7.0,1.0,19.0,15.0,39.0,103.0,18.644,5.57008,2
E09000008,Croydon,E01000983,Croydon 017D,424375.0,11.0,12.0,1.0,2.0,0.0,6.0,3.0,13.0,23.0,29.0,100.0,13.494,12.1659,3
E09000008,Croydon,E01000984,Croydon 022F,319750.0,11.0,4.0,8.0,1.0,1.0,1.0,4.0,13.0,19.0,59.0,121.0,30.644,9.66633,2
E09000008,Croydon,E01000985,Croydon 021A,596876.25,10.0,4.0,3.0,0.0,0.0,4.0,0.0,5.0,16.0,17.0,59.0,8.729,6.61153,2
E09000008,Croydon,E01000986,Croydon 021B,485625.0,5.0,9.0,5.0,1.0,0.0,6.0,8.0,37.0,28.0,43.0,142.0,13.043,12.0438,3
E09000008,Croydon,E01000987,Croydon 021C,538125.0,4.0,5.0,4.0,1.0,1.0,7.0,2.0,9.0,20.0,25.0,78.0,9.378,12.2564,3
E09000008,Croydon,E01000989,Croydon 018A,496250.0,6.0,2.0,2.0,3.0,0.0,2.0,0.0,1.0,22.0,15.0,53.0,12.449,2.73496,1b
E09000008,Croydon,E01000990,Croydon 045A,378250.0,8.0,5.0,7.0,0.0,0.0,9.0,6.0,12.0,13.0,31.0,91.0,40.278,8.96779,2
E09000008,Croydon,E01000991,Croydon 018B,555412.5,9.0,3.0,5.0,0.0,0.0,1.0,0.0,10.0,18.0,15.0,61.0,8.842,1.70561,1a
E09000008,Croydon,E01000992,Croydon 014A,442375.0,13.0,8.0,9.0,1.0,6.0,8.0,3.0,51.0,13.0,59.0,171.0,32.164,7.71603,2
E09000008,Croydon,E01000993,Croydon 021D,473625.0,7.0,5.0,6.0,4.0,0.0,10.0,12.0,29.0,24.0,31.0,128.0,12.212,15.1917,4
E09000008,Croydon,E01000994,Croydon 009A,465000.0,4.0,2.0,5.0,1.0,0.0,2.0,3.0,11.0,23.0,37.0,88.0,19.762,5.78846,2
E09000008,Croydon,E01000995,Croydon 009B,261375.0,7.0,4.0,4.0,2.0,0.0,7.0,2.0,49.0,17.0,49.0,141.0,20.555,5.73622,2
E09000008,Croydon,E01000996,Croydon 009C,441187.5,9.0,2.0,5.0,0.0,0.0,3.0,3.0,5.0,13.0,14.0,54.0,19.945,7.88526,2
E09000008,Croydon,E01000997,Croydon 009D,430000.0,6.0,3.0,5.0,6.0,0.0,8.0,2.0,15.0,19.0,40.0,104.0,22.343,14.9387,3
E09000008,Croydon,E01000998,Croydon 010A,356812.5,13.0,2.0,12.0,7.0,3.0,4.0,5.0,28.0,18.0,61.0,153.0,32.577,15.261,4
E09000008,Croydon,E01000999,Croydon 009E,439250.0,4.0,4.0,2.0,2.0,1.0,4.0,0.0,3.0,21.0,20.0,61.0,22.777,9.77532,2
E09000008,Croydon,E01001000,Croydon 010B,335000.0,4.0,8.0,6.0,6.0,3.0,10.0,5.0,30.0,13.0,63.0,148.0,28.215,16.508,4
E09000008,Croydon,E01001001,Croydon 013A,353312.5,5.0,7.0,5.0,4.0,1.0,11.0,1.0,15.0,18.0,54.0,121.0,37.455,14.5739,3
E09000008,Croydon,E01001002,Croydon 009F,397812.5,4.0,2.0,5.0,1.0,0.0,3.0,2.0,7.0,20.0,37.0,81.0,22.163,11.9305,3
E09000008,Croydon,E01001003,Croydon 010C,377562.5,8.0,6.0,4.0,0.0,0.0,9.0,2.0,9.0,35.0,23.0,96.0,24.98,10.512,3
E09000008,Croydon,E01001004,Croydon 015A,297875.0,9.0,7.0,9.0,3.0,3.0,16.0,3.0,17.0,19.0,72.0,158.0,26.942,6.5655,2
E09000008,Croydon,E01001005,Croydon 019A,370562.625,9.0,8.0,14.0,4.0,4.0,10.0,13.0,50.0,28.0,57.0,197.0,23.204,16.5447,4
E09000008,Croydon,E01001006,Croydon 016A,312375.0,14.0,28.0,10.0,1.0,2.0,10.0,9.0,51.0,28.0,58.0,211.0,30.661,7.39707,2
E09000008,Croydon,E01001007,Croydon 016B,413750.0,6.0,7.0,3.0,1.0,4.0,15.0,3.0,9.0,17.0,20.0,85.0,18.879,8.63286,2
E09000008,Croydon,E01001008,Croydon 019B,385000.0,10.0,9.0,21.0,1.0,0.0,7.0,7.0,19.0,25.0,58.0,157.0,30.401,8.70143,2
E09000008,Croydon,E01001009,Croydon 019C,339437.5,8.0,5.0,10.0,1.0,0.0,5.0,6.0,19.0,24.0,49.0,127.0,23.746,11.6571,3
E09000008,Croydon,E01001010,Croydon 019D,387000.0,26.0,22.0,18.0,7.0,1.0,31.0,16.0,89.0,70.0,83.0,363.0,41.778,8.46356,2
E09000008,Croydon,E01001011,Croydon 019E,360625.0,24.0,27.0,18.0,3.0,3.0,17.0,16.0,57.0,39.0,137.0,341.0,30.871,21.9286,5
E09000008,Croydon,E01001012,Croydon 020A,278750.0,32.0,17.0,21.0,1.0,6.0,20.0,11.0,30.0,40.0,101.0,279.0,37.546,35.5055,6a
E09000008,Croydon,E01001013,Croydon 020B,275125.0,43.0,27.0,143.0,6.0,8.0,68.0,44.0,221.0,34.0,213.0,807.0,46.101,39.6243,6a
E09000008,Croydon,E01001014,Croydon 024A,320000.0,6.0,10.0,12.0,0.0,1.0,11.0,12.0,16.0,27.0,39.0,134.0,30.289,24.7603,5
E09000008,Croydon,E01001015,Croydon 041A,480625.0,18.0,7.0,5.0,2.0,0.0,3.0,3.0,8.0,22.0,44.0,112.0,24.292,6.22204,2
E09000008,Croydon,E01001016,Croydon 041B,508750.0,13.0,7.0,2.0,2.0,0.0,8.0,1.0,7.0,24.0,29.0,93.0,14.363,3.89668,1b
E09000008,Croydon,E01001017,Croydon 043A,628813.75,5.0,6.0,2.0,0.0,0.0,1.0,0.0,0.0,10.0,13.0,37.0,8.041,1.37466,1a
E09000008,Croydon,E01001018,Croydon 044A,534750.0,3.0,8.0,2.0,1.0,0.0,1.0,2.0,8.0,13.0,15.0,53.0,6.431,2.04846,1a
E09000008,Croydon,E01001019,Croydon 044B,648750.0,6.0,3.0,1.0,1.0,0.0,5.0,2.0,2.0,13.0,28.0,61.0,5.448,3.36328,1b
E09000008,Croydon,E01001020,Croydon 044C,501375.0,5.0,5.0,3.0,0.0,1.0,6.0,1.0,12.0,11.0,33.0,77.0,8.448,4.67434,1b
E09000008,Croydon,E01001021,Croydon 044D,476625.0,17.0,6.0,5.0,4.0,0.0,2.0,1.0,9.0,7.0,53.0,104.0,35.481,1.14617,1a
E09000008,Croydon,E01001022,Croydon 044E,500000.0,2.0,4.0,3.0,3.0,0.0,3.0,0.0,4.0,8.0,18.0,45.0,9.338,1.60887,1a
E09000008,Croydon,E01001023,Croydon 041C,353875.0,25.0,21.0,9.0,2.0,2.0,24.0,8.0,41.0,22.0,74.0,228.0,23.385,10.4685,3
E09000008,Croydon,E01001024,Croydon 043B,451500.0,1.0,6.0,0.0,4.0,0.0,2.0,2.0,6.0,16.0,12.0,49.0,8.874,8.51651,2
E09000008,Croydon,E01001025,Croydon 043C,589000.0,6.0,1.0,3.0,17.0,0.0,5.0,0.0,6.0,11.0,10.0,59.0,6.227,6.14325,2
E09000008,Croydon,E01001026,Croydon 043D,474140.5,11.0,7.0,1.0,0.0,0.0,2.0,0.0,6.0,18.0,13.0,58.0,12.713,5.27346,2
E09000008,Croydon,E01001027,Croydon 043E,620625.0,8.0,7.0,8.0,2.0,0.0,5.0,1.0,41.0,14.0,16.0,102.0,10.503,2.24387,1a
E09000008,Croydon,E01001028,Croydon 038A,874125.0,2.0,8.0,0.0,2.0,0.0,5.0,1.0,4.0,23.0,25.0,70.0,6.172,2.08379,1a
E09000008,Croydon,E01001029,Croydon 038B,627656.25,8.0,22.0,2.0,2.0,2.0,6.0,2.0,10.0,26.0,26.0,106.0,14.98,9.23043,2
E09000008,Croydon,E01001030,Croydon 038C,719646.5,1.0,4.0,2.0,0.0,0.0,3.0,0.0,4.0,22.0,15.0,51.0,7.277,5.9164,2
E09000008,Croydon,E01001031,Croydon 038D,670312.5,4.0,4.0,0.0,0.0,1.0,0.0,0.0,2.0,17.0,24.0,52.0,6.872,4.79156,1b
E09000008,Croydon,E01001032,Croydon 035A,762375.0,0.0,5.0,0.0,0.0,1.0,1.0,0.0,2.0,27.0,16.0,52.0,3.765,2.77842,1b
E09000008,Croydon,E01001033,Croydon 031A,451250.0,8.0,19.0,4.0,0.0,1.0,4.0,3.0,13.0,21.0,49.0,122.0,14.464,9.35754,2
E09000008,Croydon,E01001034,Croydon 031B,367937.5,5.0,6.0,5.0,2.0,0.0,5.0,3.0,11.0,12.0,25.0,74.0,14.826,8.50363,2
E09000008,Croydon,E01001035,Croydon 027A,298863.125,6.0,1.0,6.0,0.0,3.0,2.0,1.0,9.0,6.0,52.0,86.0,18.386,13.8659,3
E09000008,Croydon,E01001036,Croydon 029A,364000.0,9.0,9.0,6.0,4.0,3.0,3.0,4.0,8.0,36.0,19.0,101.0,11.983,5.14987,2
E09000008,Croydon,E01001037,Croydon 029B,364500.0,8.0,11.0,11.0,2.0,5.0,13.0,5.0,72.0,12.0,51.0,190.0,20.404,20.9699,5
E09000008,Croydon,E01001038,Croydon 029C,309500.0,2.0,5.0,6.0,0.0,3.0,3.0,4.0,10.0,23.0,38.0,94.0,18.538,11.1825,3
E09000008,Croydon,E01001039,Croydon 029D,606875.0,4.0,1.0,2.0,0.0,0.0,1.0,0.0,5.0,8.0,17.0,38.0,8.629,3.77248,1b
E09000008,Croydon,E01001040,Croydon 029E,372089.875,7.0,7.0,4.0,0.0,3.0,5.0,2.0,23.0,21.0,43.0,115.0,15.153,12.3905,3
E09000008,Croydon,E01001041,Croydon 031C,329124.875,8.0,8.0,7.0,2.0,2.0,7.0,3.0,18.0,26.0,54.0,135.0,21.138,9.03691,2
E09000008,Croydon,E01001042,Croydon 024B,343750.0,35.0,27.0,74.0,3.0,15.0,50.0,37.0,103.0,29.0,155.0,528.0,36.634,36.4641,6a
E09000008,Croydon,E01001043,Croydon 027B,303875.0,4.0,16.0,18.0,2.0,3.0,3.0,3.0,16.0,9.0,43.0,117.0,31.45,53.9885,6b
E09000008,Croydon,E01001044,Croydon 023A,375312.5,5.0,9.0,0.0,1.0,0.0,6.0,6.0,19.0,21.0,36.0,103.0,10.209,7.24152,2
E09000008,Croydon,E01001045,Croydon 027C,272250.0,27.0,27.0,71.0,8.0,7.0,56.0,44.0,84.0,30.0,203.0,557.0,35.775,60.7208,6b
E09000008,Croydon,E01001046,Croydon 023B,313368.75,5.0,10.0,1.0,0.0,0.0,1.0,4.0,9.0,15.0,19.0,64.0,9.773,20.2095,5
E09000008,Croydon,E01001047,Croydon 027D,308750.0,17.0,12.0,12.0,1.0,1.0,7.0,6.0,21.0,11.0,58.0,146.0,22.051,22.8577,5
E09000008,Croydon,E01001048,Croydon 020C,287500.0,14.0,10.0,11.0,4.0,1.0,6.0,7.0,19.0,20.0,77.0,169.0,28.921,60.9067,6b
E09000008,Croydon,E01001049,Croydon 023C,923750.0,6.0,17.0,5.0,1.0,0.0,6.0,8.0,14.0,27.0,18.0,102.0,12.324,4.71877,1b
E09000008,Croydon,E01001050,Croydon 023D,324625.0,8.0,8.0,5.0,1.0,0.0,4.0,1.0,5.0,15.0,26.0,73.0,22.047,39.7709,6a
E09000008,Croydon,E01001051,Croydon 030A,257333.33333333334,14.0,3.0,12.0,3.0,1.0,4.0,4.0,11.0,16.0,47.0,115.0,39.057,6.96127,2
E09000008,Croydon,E01001052,Croydon 030B,342500.0,8.0,1.0,3.0,1.0,1.0,8.0,4.0,9.0,16.0,36.0,87.0,42.12,5.23147,2
E09000008,Croydon,E01001053,Croydon 032A,388687.5,19.0,3.0,4.0,2.0,1.0,8.0,0.0,3.0,8.0,28.0,76.0,32.404,8.99229,2
E09000008,Croydon,E01001054,Croydon 030C,344250.0,9.0,6.0,9.0,3.0,0.0,6.0,1.0,16.0,15.0,40.0,105.0,34.919,11.4463,3
E09000008,Croydon,E01001055,Croydon 032B,396375.0,7.0,4.0,8.0,2.0,0.0,7.0,1.0,8.0,6.0,35.0,78.0,38.85,7.5247,2
E09000008,Croydon,E01001056,Croydon 030D,400000.0,6.0,3.0,3.0,3.0,1.0,2.0,1.0,11.0,7.0,46.0,83.0,37.89,8.14277,2
E09000008,Croydon,E01001057,Croydon 030E,,9.0,8.0,6.0,3.0,1.0,4.0,2.0,14.0,12.0,62.0,121.0,40.503,10.4083,3
E09000008,Croydon,E01001058,Croydon 034A,385000.0,5.0,3.0,1.0,0.0,0.0,2.0,2.0,5.0,16.0,9.0,43.0,11.624,4.61493,1b
E09000008,Croydon,E01001059,Croydon 034B,293662.5,10.0,4.0,1.0,2.0,0.0,1.0,0.0,9.0,9.0,20.0,56.0,15.24,4.41691,1b
E09000008,Croydon,E01001060,Croydon 034C,338875.0,15.0,8.0,0.0,2.0,1.0,12.0,0.0,9.0,11.0,36.0,94.0,20.543,2.61159,1b
E09000008,Croydon,E01001061,Croydon 034D,244312.5,7.0,8.0,8.0,0.0,1.0,9.0,1.0,10.0,13.0,38.0,95.0,23.65,3.65065,1b
E09000008,Croydon,E01001062,Croydon 026A,714375.0,8.0,9.0,10.0,2.0,2.0,11.0,5.0,30.0,25.0,37.0,139.0,9.874,4.77354,1b
E09000008,Croydon,E01001063,Croydon 026B,582437.5,3.0,11.0,3.0,2.0,0.0,6.0,1.0,5.0,23.0,11.0,65.0,6.864,6.27467,2
E09000008,Croydon,E01001064,Croydon 026C,541250.0,7.0,5.0,37.0,0.0,3.0,9.0,4.0,8.0,16.0,26.0,115.0,12.837,3.8942,1b
E09000008,Croydon,E01001065,Croydon 034E,300312.5,15.0,10.0,5.0,0.0,1.0,14.0,7.0,46.0,19.0,34.0,151.0,15.885,7.73385,2
E09000008,Croydon,E01001066,Croydon 034F,442500.0,13.0,0.0,2.0,2.0,0.0,7.0,0.0,9.0,9.0,27.0,69.0,38.911,2.20907,1a
E09000008,Croydon,E01001067,Croydon 041D,616500.0,5.0,14.0,2.0,0.0,1.0,1.0,0.0,6.0,14.0,7.0,50.0,6.996,2.15772,1a
E09000008,Croydon,E01001068,Croydon 042A,402750.0,3.0,7.0,5.0,2.0,0.0,4.0,0.0,7.0,15.0,34.0,77.0,17.303,3.55486,1b
E09000008,Croydon,E01001069,Croydon 040A,509000.0,1.0,5.0,1.0,0.0,0.0,1.0,1.0,4.0,15.0,11.0,39.0,9.762,3.46202,1b
E09000008,Croydon,E01001070,Croydon 040B,541993.75,4.0,6.0,2.0,9.0,0.0,7.0,2.0,17.0,24.0,26.0,97.0,14.452,1.77365,1a
E09000008,Croydon,E01001071,Croydon 042B,497125.0,9.0,5.0,1.0,0.0,0.0,3.0,0.0,13.0,18.0,15.0,64.0,12.944,3.236,1b
E09000008,Croydon,E01001072,Croydon 042C,1026624.375,2.0,8.0,2.0,2.0,0.0,1.0,1.0,4.0,8.0,15.0,43.0,8.211,0.191141,1a
E09000008,Croydon,E01001073,Croydon 037A,403187.5,8.0,7.0,3.0,1.0,0.0,1.0,1.0,7.0,14.0,24.0,66.0,16.333,7.29668,2
E09000008,Croydon,E01001074,Croydon 041E,413000.0,10.0,13.0,2.0,2.0,1.0,12.0,1.0,17.0,18.0,51.0,127.0,18.325,8.73726,2
E09000008,Croydon,E01001075,Croydon 040C,388750.0,5.0,6.0,0.0,0.0,0.0,7.0,2.0,13.0,6.0,22.0,61.0,11.58,5.34083,2
E09000008,Croydon,E01001076,Croydon 036A,374250.0,17.0,8.0,11.0,5.0,0.0,31.0,11.0,78.0,8.0,84.0,253.0,36.214,7.85997,2
E09000008,Croydon,E01001077,Croydon 032C,390812.5,7.0,6.0,8.0,1.0,2.0,3.0,1.0,6.0,13.0,17.0,64.0,18.542,11.1982,3
E09000008,Croydon,E01001078,Croydon 032D,390000.0,14.0,9.0,7.0,1.0,1.0,5.0,2.0,15.0,10.0,35.0,99.0,36.004,10.7452,3
E09000008,Croydon,E01001079,Croydon 036B,360201.25,19.0,10.0,7.0,3.0,1.0,7.0,1.0,8.0,7.0,44.0,107.0,33.984,5.73502,2
E09000008,Croydon,E01001080,Croydon 036C,,9.0,10.0,7.0,0.0,1.0,6.0,0.0,11.0,5.0,51.0,100.0,49.591,8.82638,2
E09000008,Croydon,E01001081,Croydon 036D,409500.0,9.0,16.0,1.0,6.0,1.0,8.0,0.0,14.0,8.0,44.0,107.0,34.64,4.15227,1b
E09000008,Croydon,E01001082,Croydon 032E,370000.0,15.0,9.0,2.0,1.0,0.0,7.0,1.0,9.0,12.0,48.0,104.0,33.023,6.28667,2
E09000008,Croydon,E01001083,Croydon 003A,706250.0,3.0,8.0,3.0,0.0,2.0,5.0,2.0,9.0,10.0,18.0,60.0,13.37,8.44081,2
E09000008,Croydon,E01001084,Croydon 002A,725375.0,7.0,8.0,7.0,1.0,3.0,12.0,7.0,19.0,17.0,37.0,118.0,13.991,4.72448,1b
E09000008,Croydon,E01001085,Croydon 004A,552500.0,17.0,8.0,4.0,0.0,3.0,14.0,8.0,28.0,22.0,41.0,145.0,18.622,15.3249,4
E09000008,Croydon,E01001086,Croydon 003B,543750.0,10.0,12.0,8.0,1.0,1.0,3.0,5.0,8.0,19.0,31.0,98.0,16.705,6.09406,2
E09000008,Croydon,E01001087,Croydon 003C,332187.5,20.0,18.0,17.0,5.0,1.0,26.0,22.0,51.0,35.0,96.0,291.0,23.96,13.2258,3
E09000008,Croydon,E01001088,Croydon 004B,471812.5,5.0,5.0,5.0,0.0,0.0,2.0,6.0,7.0,19.0,38.0,87.0,16.133,4.84786,1b
E09000008,Croydon,E01001089,Croydon 004C,414396.25,13.0,8.0,4.0,1.0,1.0,7.0,10.0,33.0,17.0,43.0,137.0,28.744,12.7121,3
E09000008,Croydon,E01001090,Croydon 004D,391250.0,19.0,6.0,3.0,7.0,1.0,15.0,4.0,14.0,30.0,48.0,147.0,23.381,10.9367,3
E09000008,Croydon,E01001091,Croydon 004E,614625.0,7.0,10.0,22.0,1.0,0.0,4.0,7.0,11.0,19.0,19.0,100.0,15.404,3.0854,1b
E09000008,Croydon,E01001092,Croydon 037B,427812.5,9.0,18.0,9.0,1.0,2.0,10.0,2.0,18.0,25.0,36.0,130.0,19.832,5.93937,2
E09000008,Croydon,E01001093,Croydon 037C,509125.0,3.0,7.0,1.0,2.0,1.0,4.0,1.0,8.0,19.0,30.0,76.0,11.683,8.85416,2
E09000008,Croydon,E01001094,Croydon 038E,1180375.0,6.0,13.0,0.0,1.0,0.0,4.0,0.0,8.0,17.0,56.0,105.0,8.462,2.05585,1a
E09000008,Croydon,E01001095,Croydon 031D,339750.0,10.0,7.0,8.0,5.0,1.0,6.0,2.0,11.0,19.0,44.0,113.0,16.293,10.7356,3
E09000008,Croydon,E01001096,Croydon 037D,658312.5,3.0,8.0,1.0,0.0,0.0,0.0,0.0,3.0,15.0,8.0,38.0,7.102,4.41719,1b
E09000008,Croydon,E01001097,Croydon 037E,313062.5,32.0,39.0,22.0,3.0,4.0,52.0,27.0,155.0,26.0,147.0,507.0,22.424,17.5554,4
E09000008,Croydon,E01001098,Croydon 037F,572625.0,1.0,7.0,1.0,0.0,0.0,4.0,1.0,7.0,18.0,20.0,59.0,7.535,3.26602,1b
E09000008,Croydon,E01001099,Croydon 040D,415625.0,0.0,7.0,1.0,1.0,0.0,2.0,1.0,5.0,17.0,24.0,58.0,19.716,5.5911,2
E09000008,Croydon,E01001100,Croydon 031E,428968.75,5.0,4.0,6.0,0.0,1.0,2.0,0.0,6.0,10.0,16.0,50.0,8.833,9.60498,2
E09000008,Croydon,E01001101,Croydon 035B,710312.5,3.0,4.0,0.0,0.0,0.0,1.0,0.0,3.0,13.0,13.0,37.0,5.124,1.46314,1a
E09000008,Croydon,E01001102,Croydon 035C,572625.0,3.0,6.0,1.0,1.0,1.0,7.0,2.0,6.0,14.0,17.0,58.0,7.129,3.41913,1b
E09000008,Croydon,E01001103,Croydon 039A,602500.0,3.0,7.0,1.0,1.0,0.0,5.0,3.0,21.0,13.0,5.0,59.0,7.187,2.02801,1a
E09000008,Croydon,E01001104,Croydon 042D,587187.5,1.0,12.0,2.0,2.0,1.0,6.0,0.0,8.0,15.0,17.0,64.0,5.761,1.96121,1a
E09000008,Croydon,E01001105,Croydon 039B,500000.0,6.0,8.0,2.0,2.0,1.0,2.0,0.0,8.0,10.0,26.0,65.0,20.775,1.46731,1a
E09000008,Croydon,E01001106,Croydon 039C,554368.75,3.0,7.0,5.0,3.0,0.0,4.0,0.0,11.0,12.0,31.0,76.0,12.55,2.00879,1a
E09000008,Croydon,E01001107,Croydon 035D,423125.0,2.0,8.0,0.0,1.0,0.0,1.0,2.0,8.0,9.0,19.0,50.0,7.039,2.94006,1b
E09000008,Croydon,E01001108,Croydon 035E,678125.0,5.0,6.0,0.0,0.0,0.0,0.0,2.0,4.0,15.0,12.0,44.0,5.129,2.22322,1a
E09000008,Croydon,E01001109,Croydon 013B,329612.5,31.0,25.0,12.0,6.0,3.0,23.0,2.0,43.0,34.0,101.0,280.0,32.11,8.95654,2
E09000008,Croydon,E01001110,Croydon 020D,276250.0,11.0,12.0,15.0,1.0,4.0,17.0,4.0,32.0,23.0,90.0,209.0,43.021,28.3125,6a
E09000008,Croydon,E01001111,Croydon 010D,404218.75,15.0,6.0,37.0,3.0,1.0,10.0,11.0,45.0,22.0,54.0,204.0,28.48,16.9747,4
E09000008,Croydon,E01001112,Croydon 013C,318625.0,17.0,7.0,6.0,5.0,3.0,6.0,2.0,13.0,10.0,47.0,116.0,30.378,10.6505,3
E09000008,Croydon,E01001113,Croydon 013D,358437.5,14.0,7.0,22.0,2.0,0.0,16.0,5.0,34.0,24.0,76.0,200.0,28.381,15.5807,4
E09000008,Croydon,E01001114,Croydon 013E,317625.0,12.0,21.0,17.0,2.0,5.0,8.0,2.0,25.0,26.0,56.0,174.0,41.451,14.3506,3
E09000008,Croydon,E01001115,Croydon 015B,332500.0,16.0,8.0,15.0,2.0,3.0,8.0,1.0,18.0,31.0,63.0,165.0,44.37,7.95014,2
E09000008,Croydon,E01001116,Croydon 013F,372625.0,22.0,14.0,14.0,5.0,4.0,17.0,5.0,50.0,18.0,77.0,226.0,28.878,13.8783,3
E09000008,Croydon,E01001117,Croydon 015C,332125.0,12.0,14.0,2.0,0.0,3.0,7.0,2.0,9.0,15.0,21.0,85.0,27.454,14.6037,3
E09000008,Croydon,E01001118,Croydon 020E,316762.5,34.0,10.0,55.0,3.0,7.0,35.0,3.0,32.0,27.0,139.0,345.0,40.478,14.7016,3
E09000008,Croydon,E01001119,Croydon 034G,438562.5,3.0,1.0,0.0,3.0,0.0,0.0,1.0,3.0,10.0,2.0,23.0,8.868,2.81466,1b
E09000008,Croydon,E01001120,Croydon 033A,483125.0,3.0,1.0,1.0,2.0,0.0,4.0,0.0,25.0,9.0,22.0,67.0,10.028,4.18145,1b
E09000008,Croydon,E01001121,Croydon 039D,696375.0,0.0,3.0,0.0,0.0,0.0,2.0,0.0,2.0,3.0,16.0,26.0,7.244,1.18399,1a
E09000008,Croydon,E01001122,Croydon 033B,646750.0,1.0,4.0,2.0,2.0,1.0,3.0,3.0,6.0,7.0,16.0,45.0,9.529,3.56812,1b
E09000008,Croydon,E01001123,Croydon 033C,594625.0,4.0,4.0,1.0,1.0,0.0,0.0,0.0,6.0,25.0,12.0,53.0,9.235,2.10248,1a
E09000008,Croydon,E01001124,Croydon 033D,732625.0,4.0,3.0,1.0,2.0,0.0,0.0,0.0,0.0,11.0,7.0,28.0,5.837,2.58412,1b
E09000008,Croydon,E01001125,Croydon 033E,531750.0,10.0,6.0,4.0,5.0,2.0,13.0,3.0,24.0,6.0,41.0,114.0,12.056,6.19633,2
E09000008,Croydon,E01001126,Croydon 034H,432500.0,1.0,2.0,0.0,0.0,0.0,1.0,0.0,1.0,9.0,8.0,22.0,6.813,3.31546,1b
E09000008,Croydon,E01001127,Croydon 025A,595937.5,4.0,3.0,4.0,2.0,2.0,0.0,1.0,5.0,16.0,25.0,62.0,9.41,3.62671,1b
E09000008,Croydon,E01001128,Croydon 025B,413125.0,9.0,4.0,7.0,2.0,2.0,5.0,1.0,7.0,10.0,40.0,87.0,34.857,3.93676,1b
E09000008,Croydon,E01001129,Croydon 026D,619392.25,3.0,11.0,1.0,0.0,0.0,0.0,0.0,8.0,15.0,20.0,58.0,4.626,3.70236,1b
E09000008,Croydon,E01001130,Croydon 025C,,13.0,3.0,7.0,5.0,1.0,10.0,1.0,7.0,7.0,74.0,128.0,37.162,3.31092,1b
E09000008,Croydon,E01001131,Croydon 018C,373187.5,4.0,2.0,1.0,2.0,0.0,2.0,0.0,8.0,13.0,23.0,55.0,12.694,1.02423,1a
E09000008,Croydon,E01001132,Croydon 018D,621250.0,11.0,8.0,2.0,1.0,1.0,4.0,1.0,14.0,19.0,31.0,92.0,9.259,3.00865,1b
E09000008,Croydon,E01001133,Croydon 026E,362125.0,3.0,6.0,5.0,1.0,1.0,2.0,4.0,5.0,22.0,16.0,65.0,11.327,5.21562,2
E09000008,Croydon,E01001134,Croydon 018E,442500.0,6.0,6.0,2.0,2.0,0.0,4.0,0.0,6.0,14.0,26.0,66.0,9.9,4.0949,1b
E09000008,Croydon,E01001135,Croydon 025D,580375.0,2.0,8.0,8.0,3.0,1.0,5.0,4.0,29.0,23.0,21.0,104.0,8.602,5.39222,2
E09000008,Croydon,E01001136,Croydon 007A,290562.5,24.0,23.0,18.0,3.0,9.0,39.0,17.0,121.0,17.0,101.0,372.0,32.903,20.6391,5
E09000008,Croydon,E01001137,Croydon 001A,415625.0,11.0,11.0,7.0,3.0,0.0,12.0,4.0,13.0,27.0,73.0,161.0,23.5,7.3365,2
E09000008,Croydon,E01001138,Croydon 001B,397275.25,9.0,4.0,2.0,2.0,0.0,7.0,3.0,19.0,17.0,22.0,85.0,18.603,8.5288,2
E09000008,Croydon,E01001139,Croydon 007B,446125.0,14.0,10.0,7.0,1.0,0.0,11.0,2.0,13.0,17.0,30.0,105.0,19.585,12.2328,3
E09000008,Croydon,E01001140,Croydon 007C,300812.5,6.0,5.0,2.0,0.0,1.0,5.0,0.0,10.0,23.0,19.0,71.0,21.715,5.83809,2
E09000008,Croydon,E01001141,Croydon 008A,419875.0,3.0,2.0,0.0,1.0,1.0,2.0,2.0,10.0,19.0,19.0,59.0,27.47,8.06069,2
E09000008,Croydon,E01001142,Croydon 007D,504375.0,8.0,11.0,10.0,3.0,1.0,10.0,3.0,29.0,33.0,41.0,149.0,21.44,11.5129,3
E09000008,Croydon,E01001143,Croydon 008B,412812.5,16.0,7.0,2.0,1.0,0.0,7.0,4.0,15.0,17.0,39.0,108.0,30.177,10.6516,3
E09000008,Croydon,E01001144,Croydon 007E,308000.0,13.0,7.0,5.0,1.0,2.0,10.0,0.0,15.0,28.0,62.0,143.0,37.101,19.0996,4
E09000008,Croydon,E01001145,Croydon 008C,273000.0,13.0,14.0,15.0,7.0,2.0,20.0,11.0,26.0,8.0,94.0,210.0,39.931,20.6841,5
E09000008,Croydon,E01001146,Croydon 006A,398640.625,11.0,3.0,4.0,3.0,4.0,5.0,0.0,11.0,14.0,38.0,93.0,19.749,4.45021,1b
E09000008,Croydon,E01001147,Croydon 005A,300625.0,9.0,8.0,6.0,0.0,1.0,5.0,2.0,18.0,10.0,47.0,106.0,34.0,5.38933,2
E09000008,Croydon,E01001148,Croydon 005B,408625.0,8.0,5.0,6.0,1.0,1.0,7.0,4.0,13.0,23.0,37.0,105.0,23.162,3.73534,1b
E09000008,Croydon,E01001149,Croydon 006B,440000.0,6.0,1.0,4.0,2.0,0.0,4.0,0.0,3.0,13.0,30.0,63.0,16.06,3.9559,1b
E09000008,Croydon,E01001150,Croydon 006C,479406.25,6.0,2.0,5.0,1.0,1.0,7.0,5.0,21.0,35.0,38.0,121.0,20.545,5.4912,2
E09000008,Croydon,E01001151,Croydon 005C,381000.0,24.0,10.0,9.0,1.0,1.0,20.0,2.0,18.0,23.0,73.0,181.0,40.839,11.5244,3
E09000008,Croydon,E01001152,Croydon 005D,304375.0,13.0,12.0,19.0,4.0,2.0,18.0,8.0,30.0,17.0,63.0,186.0,37.166,14.2179,3
E09000008,Croydon,E01001153,Croydon 006D,450375.0,9.0,5.0,4.0,3.0,2.0,7.0,1.0,15.0,15.0,45.0,106.0,22.665,12.7251,3
E09000008,Croydon,E01001154,Croydon 006E,354199.5,7.0,7.0,14.0,3.0,6.0,15.0,7.0,47.0,16.0,92.0,214.0,28.926,16.3767,4
E09000008,Croydon,E01001155,Croydon 010E,314250.0,25.0,13.0,37.0,4.0,6.0,28.0,13.0,68.0,29.0,128.0,351.0,43.809,18.3158,4
E09000008,Croydon,E01001156,Croydon 001C,394687.5,5.0,4.0,2.0,1.0,0.0,5.0,3.0,10.0,21.0,25.0,76.0,26.234,7.79475,2
E09000008,Croydon,E01001157,Croydon 002B,594662.5,7.0,4.0,5.0,5.0,1.0,8.0,6.0,19.0,23.0,44.0,122.0,18.181,4.17033,1b
E09000008,Croydon,E01001158,Croydon 005E,367750.0,6.0,9.0,7.0,3.0,0.0,2.0,4.0,13.0,14.0,21.0,79.0,20.443,6.97896,2
E09000008,Croydon,E01001159,Croydon 002C,445462.5,7.0,12.0,8.0,1.0,3.0,11.0,4.0,12.0,23.0,39.0,120.0,14.456,6.86094,2
E09000008,Croydon,E01001160,Croydon 002D,572500.0,9.0,2.0,3.0,4.0,0.0,13.0,7.0,39.0,15.0,53.0,145.0,13.743,3.7993,1b
E09000008,Croydon,E01001161,Croydon 003D,418750.0,15.0,2.0,7.0,1.0,2.0,7.0,3.0,10.0,24.0,51.0,122.0,42.566,4.91127,1b
E09000008,Croydon,E01001162,Croydon 001D,474200.0,10.0,10.0,4.0,0.0,0.0,11.0,4.0,17.0,20.0,42.0,118.0,28.352,9.15466,2
E09000008,Croydon,E01001163,Croydon 002E,430000.0,7.0,6.0,5.0,1.0,0.0,7.0,10.0,14.0,22.0,19.0,91.0,16.31,8.4111,2
E09000008,Croydon,E01001164,Croydon 001E,348550.0,20.0,20.0,10.0,2.0,1.0,23.0,13.0,52.0,15.0,74.0,230.0,20.492,18.0235,4
E09000008,Croydon,E01001165,Croydon 024C,426950.0,13.0,11.0,5.0,1.0,1.0,6.0,3.0,18.0,13.0,36.0,107.0,24.16,16.8347,4
E09000008,Croydon,E01001166,Croydon 024D,367937.5,10.0,7.0,13.0,6.0,0.0,9.0,9.0,27.0,22.0,67.0,170.0,32.149,21.47,5
E09000008,Croydon,E01001167,Croydon 028A,438875.0,24.0,21.0,15.0,4.0,1.0,20.0,6.0,42.0,42.0,56.0,231.0,21.834,10.6564,3
E09000008,Croydon,E01001168,Croydon 024E,350750.0,14.0,9.0,8.0,2.0,0.0,11.0,2.0,16.0,22.0,55.0,139.0,21.176,13.6122,3
E09000008,Croydon,E01001169,Croydon 028B,450875.0,10.0,10.0,2.0,0.0,0.0,10.0,2.0,2.0,32.0,51.0,119.0,32.702,6.67047,2
E09000008,Croydon,E01001170,Croydon 027E,274312.5,23.0,24.0,5.0,3.0,2.0,13.0,0.0,23.0,20.0,82.0,195.0,27.089,18.5177,4
E09000008,Croydon,E01001171,Croydon 028C,364000.0,8.0,9.0,4.0,3.0,2.0,7.0,1.0,11.0,20.0,33.0,98.0,24.566,11.0295,3
E09000008,Croydon,E01001172,Croydon 028D,425750.0,24.0,16.0,19.0,5.0,1.0,30.0,5.0,67.0,42.0,123.0,332.0,43.062,5.20042,2
E09000008,Croydon,E01001173,Croydon 028E,295125.0,14.0,10.0,10.0,3.0,1.0,4.0,0.0,19.0,26.0,62.0,149.0,19.768,3.92644,1b
E09000008,Croydon,E01001174,Croydon 011A,449250.0,4.0,3.0,3.0,2.0,1.0,4.0,3.0,4.0,25.0,32.0,81.0,22.452,3.57748,1b
E09000008,Croydon,E01001175,Croydon 011B,398000.0,11.0,1.0,11.0,3.0,2.0,9.0,4.0,16.0,19.0,45.0,121.0,30.599,12.1109,3
E09000008,Croydon,E01001176,Croydon 011C,394375.0,20.0,14.0,14.0,7.0,3.0,16.0,7.0,19.0,39.0,41.0,180.0,22.748,7.8819,2
E09000008,Croydon,E01001177,Croydon 016C,408333.3333333333,19.0,10.0,10.0,5.0,1.0,11.0,10.0,36.0,55.0,75.0,232.0,31.6,5.57449,2
E09000008,Croydon,E01001178,Croydon 015D,180000.0,42.0,18.0,24.0,5.0,9.0,52.0,7.0,86.0,34.0,245.0,522.0,58.173,11.3036,3
E09000008,Croydon,E01001179,Croydon 016D,391250.0,9.0,11.0,4.0,0.0,1.0,0.0,1.0,3.0,17.0,39.0,85.0,20.706,6.14915,2
E09000008,Croydon,E01001180,Croydon 016E,338875.0,8.0,12.0,4.0,4.0,0.0,4.0,6.0,14.0,37.0,45.0,134.0,27.841,8.17941,2
E09000008,Croydon,E01001181,Croydon 015E,233500.0,21.0,22.0,19.0,4.0,1.0,23.0,3.0,28.0,28.0,112.0,261.0,42.449,11.9405,3
E09000008,Croydon,E01001182,Croydon 011D,492500.0,11.0,8.0,7.0,3.0,1.0,2.0,5.0,12.0,8.0,28.0,85.0,21.65,5.69905,2
E09000008,Croydon,E01001183,Croydon 011E,354500.0,15.0,5.0,16.0,2.0,6.0,20.0,16.0,140.0,30.0,96.0,346.0,24.133,9.61681,2
E09000008,Croydon,E01001184,Croydon 011F,474000.0,5.0,3.0,2.0,1.0,0.0,4.0,6.0,13.0,13.0,39.0,86.0,16.909,4.81027,1b
E09000008,Croydon,E01001185,Croydon 014B,317987.5,14.0,4.0,5.0,1.0,0.0,3.0,4.0,15.0,13.0,60.0,119.0,19.985,14.2253,3
E09000008,Croydon,E01001186,Croydon 014C,331875.0,10.0,6.0,6.0,1.0,1.0,13.0,2.0,16.0,22.0,55.0,132.0,29.074,10.3514,3
E09000008,Croydon,E01001187,Croydon 017E,401174.25,7.0,7.0,3.0,1.0,0.0,5.0,2.0,19.0,27.0,41.0,112.0,20.607,5.57256,2
E09000008,Croydon,E01001188,Croydon 014D,406096.875,12.0,7.0,8.0,2.0,1.0,7.0,5.0,27.0,19.0,50.0,138.0,28.153,16.6518,4
E09000008,Croydon,E01001189,Croydon 045B,440062.5,11.0,4.0,5.0,2.0,0.0,4.0,1.0,7.0,16.0,27.0,77.0,17.717,12.9091,3
E09000008,Croydon,E01001190,Croydon 045C,444690.0,2.0,7.0,4.0,4.0,1.0,3.0,8.0,9.0,12.0,22.0,72.0,27.441,8.52501,2
E09000008,Croydon,E01001191,Croydon 008D,348500.0,11.0,11.0,17.0,5.0,1.0,20.0,7.0,59.0,29.0,80.0,240.0,34.93,20.2794,5
E09000008,Croydon,E01001192,Croydon 008E,390125.0,13.0,9.0,6.0,3.0,0.0,8.0,1.0,19.0,15.0,50.0,124.0,27.765,13.6709,3
E09000008,Croydon,E01001193,Croydon 014E,398125.0,15.0,6.0,8.0,2.0,0.0,11.0,2.0,12.0,18.0,46.0,120.0,34.356,5.90949,2
E09000008,Croydon,E01001194,Croydon 045D,465875.0,4.0,7.0,6.0,0.0,0.0,7.0,6.0,18.0,17.0,46.0,111.0,18.25,9.51461,2
E09000008,Croydon,E01032569,Croydon 045E,388500.0,11.0,6.0,9.0,0.0,1.0,18.0,12.0,16.0,18.0,82.0,173.0,45.186,7.5301,2
E09000009,Ealing,E01001195,Ealing 021A,829875.0,5.0,18.0,2.0,3.0,2.0,6.0,3.0,12.0,18.0,23.0,92.0,13.986,8.06875,2
E09000009,Ealing,E01001196,Ealing 015A,447250.0,8.0,3.0,4.0,1.0,1.0,8.0,0.0,24.0,10.0,52.0,111.0,38.041,11.8436,3
E09000009,Ealing,E01001197,Ealing 021B,666875.0,5.0,8.0,1.0,1.0,0.0,8.0,1.0,17.0,21.0,21.0,83.0,22.602,7.27699,2
E09000009,Ealing,E01001198,Ealing 021C,929000.0,8.0,0.0,0.0,0.0,0.0,4.0,0.0,9.0,25.0,22.0,68.0,14.822,6.1072,2
E09000009,Ealing,E01001199,Ealing 021D,513437.5,8.0,8.0,1.0,0.0,0.0,18.0,1.0,44.0,17.0,40.0,137.0,22.254,7.80866,2
E09000009,Ealing,E01001200,Ealing 025A,611562.5,12.0,10.0,8.0,0.0,3.0,4.0,3.0,21.0,33.0,36.0,130.0,15.981,4.75259,1b
E09000009,Ealing,E01001201,Ealing 025B,741000.0,5.0,1.0,3.0,0.0,0.0,9.0,0.0,15.0,21.0,26.0,80.0,17.646,5.55384,2
E09000009,Ealing,E01001202,Ealing 025C,565062.5,26.0,35.0,29.0,7.0,1.0,47.0,15.0,120.0,24.0,118.0,422.0,33.786,15.4907,4
E09000009,Ealing,E01001203,Ealing 025D,449062.5,11.0,4.0,6.0,0.0,1.0,12.0,2.0,40.0,27.0,55.0,158.0,32.757,11.5373,3
E09000009,Ealing,E01001204,Ealing 018A,914375.0,1.0,5.0,2.0,0.0,0.0,4.0,0.0,5.0,16.0,20.0,53.0,13.681,9.82003,2
E09000009,Ealing,E01001205,Ealing 018B,497006.25,4.0,2.0,2.0,1.0,1.0,11.0,1.0,4.0,8.0,27.0,61.0,31.013,7.12506,2
E09000009,Ealing,E01001206,Ealing 018C,,6.0,7.0,5.0,0.0,0.0,8.0,2.0,11.0,16.0,54.0,109.0,42.319,5.11688,2
E09000009,Ealing,E01001207,Ealing 018D,741187.5,4.0,3.0,2.0,2.0,0.0,5.0,3.0,15.0,24.0,32.0,90.0,16.207,11.1594,3
E09000009,Ealing,E01001208,Ealing 018E,926000.0,1.0,6.0,3.0,1.0,0.0,4.0,1.0,4.0,9.0,21.0,50.0,11.841,8.15917,2
E09000009,Ealing,E01001209,Ealing 013A,896562.5,11.0,4.0,0.0,2.0,0.0,9.0,4.0,22.0,20.0,30.0,102.0,7.107,4.40132,1b
E09000009,Ealing,E01001210,Ealing 016A,745000.0,11.0,8.0,13.0,0.0,0.0,14.0,9.0,11.0,15.0,54.0,135.0,50.708,9.25472,2
E09000009,Ealing,E01001211,Ealing 013B,595187.5,5.0,8.0,2.0,0.0,2.0,3.0,0.0,18.0,11.0,24.0,73.0,10.395,6.77418,2
E09000009,Ealing,E01001212,Ealing 018F,545625.0,6.0,3.0,3.0,3.0,0.0,6.0,4.0,6.0,27.0,19.0,77.0,13.453,8.41055,2
E09000009,Ealing,E01001213,Ealing 023A,,14.0,10.0,4.0,6.0,2.0,19.0,1.0,11.0,21.0,62.0,150.0,28.161,12.4024,3
E09000009,Ealing,E01001214,Ealing 023B,,4.0,5.0,1.0,2.0,0.0,4.0,2.0,3.0,1.0,28.0,50.0,15.937,8.05694,2
E09000009,Ealing,E01001215,Ealing 023C,275000.0,13.0,15.0,9.0,3.0,2.0,14.0,3.0,33.0,26.0,73.0,191.0,30.196,17.6073,4
E09000009,Ealing,E01001216,Ealing 023D,285500.0,8.0,3.0,4.0,2.0,1.0,5.0,2.0,9.0,11.0,27.0,72.0,22.184,10.8794,3
E09000009,Ealing,E01001217,Ealing 014A,510625.0,4.0,6.0,2.0,1.0,0.0,7.0,1.0,4.0,9.0,33.0,67.0,16.083,4.49055,1b
E09000009,Ealing,E01001218,Ealing 012A,318450.0,16.0,8.0,5.0,2.0,2.0,10.0,1.0,14.0,20.0,76.0,154.0,36.313,4.8878,1b
E09000009,Ealing,E01001219,Ealing 029A,320625.0,18.0,15.0,18.0,4.0,2.0,6.0,4.0,25.0,13.0,65.0,170.0,36.023,5.44864,2
E09000009,Ealing,E01001220,Ealing 029B,270000.0,7.0,5.0,4.0,1.0,0.0,10.0,6.0,17.0,10.0,45.0,105.0,47.749,7.48066,2
E09000009,Ealing,E01001221,Ealing 020A,628769.25,61.0,30.0,21.0,8.0,8.0,81.0,43.0,622.0,51.0,232.0,1157.0,24.068,31.6011,6a
E09000009,Ealing,E01001222,Ealing 019A,481250.0,8.0,9.0,6.0,5.0,3.0,13.0,3.0,45.0,30.0,52.0,174.0,21.852,19.6876,4
E09000009,Ealing,E01001223,Ealing 020B,611562.5,5.0,14.0,2.0,1.0,0.0,4.0,0.0,5.0,12.0,20.0,63.0,11.671,14.3254,3
E09000009,Ealing,E01001224,Ealing 019B,1618743.75,2.0,5.0,5.0,0.0,0.0,3.0,1.0,5.0,18.0,13.0,52.0,9.146,8.95784,2
E09000009,Ealing,E01001225,Ealing 020C,938875.0,10.0,15.0,44.0,2.0,2.0,22.0,13.0,135.0,43.0,70.0,356.0,21.713,32.1159,6a
E09000009,Ealing,E01001226,Ealing 019C,520625.0,3.0,9.0,1.0,1.0,0.0,3.0,3.0,10.0,11.0,12.0,53.0,13.363,16.6827,4
E09000009,Ealing,E01001227,Ealing 019D,922500.0,9.0,4.0,1.0,1.0,0.0,3.0,0.0,9.0,17.0,30.0,74.0,10.29,9.71054,2
E09000009,Ealing,E01001228,Ealing 019E,495000.0,4.0,8.0,1.0,0.0,1.0,5.0,1.0,13.0,15.0,16.0,64.0,11.398,24.1783,5
E09000009,Ealing,E01001229,Ealing 031A,532375.0,4.0,10.0,2.0,0.0,1.0,5.0,1.0,9.0,21.0,41.0,94.0,30.226,7.69599,2
E09000009,Ealing,E01001230,Ealing 031B,755937.5,15.0,9.0,9.0,2.0,1.0,14.0,1.0,16.0,16.0,35.0,118.0,21.257,8.20796,2
E09000009,Ealing,E01001231,Ealing 027A,1026250.0,10.0,9.0,2.0,1.0,2.0,6.0,3.0,22.0,30.0,31.0,116.0,13.847,13.3763,3
E09000009,Ealing,E01001232,Ealing 031C,586562.5,6.0,6.0,4.0,2.0,0.0,2.0,1.0,5.0,11.0,29.0,66.0,23.753,3.38281,1b
E09000009,Ealing,E01001233,Ealing 031D,660500.0,4.0,15.0,5.0,1.0,3.0,13.0,3.0,41.0,27.0,30.0,142.0,23.841,12.0256,3
E09000009,Ealing,E01001234,Ealing 027B,513648.0,20.0,9.0,7.0,0.0,3.0,9.0,3.0,30.0,47.0,25.0,153.0,22.923,16.0027,4
E09000009,Ealing,E01001235,Ealing 020D,519375.0,13.0,16.0,1.0,3.0,0.0,16.0,5.0,31.0,17.0,56.0,158.0,14.225,28.2544,6a
E09000009,Ealing,E01001236,Ealing 020E,539625.0,3.0,16.0,5.0,0.0,1.0,3.0,4.0,19.0,16.0,14.0,81.0,16.278,14.1672,3
E09000009,Ealing,E01001237,Ealing 031E,705612.5,8.0,10.0,5.0,0.0,1.0,12.0,3.0,12.0,50.0,30.0,131.0,17.023,4.9571,1b
E09000009,Ealing,E01001238,Ealing 015B,362625.0,21.0,28.0,7.0,3.0,3.0,23.0,3.0,26.0,26.0,69.0,209.0,24.534,18.5242,4
E09000009,Ealing,E01001239,Ealing 015C,373750.0,6.0,9.0,4.0,3.0,1.0,6.0,1.0,12.0,18.0,45.0,105.0,32.662,14.9832,3
E09000009,Ealing,E01001240,Ealing 024A,612500.0,5.0,8.0,10.0,3.0,3.0,8.0,0.0,14.0,11.0,61.0,123.0,20.451,21.5877,5
E09000009,Ealing,E01001241,Ealing 024B,442750.0,9.0,8.0,14.0,3.0,0.0,19.0,5.0,32.0,22.0,77.0,189.0,22.203,9.75545,2
E09000009,Ealing,E01001242,Ealing 024C,790062.5,2.0,9.0,8.0,0.0,0.0,7.0,2.0,9.0,12.0,28.0,77.0,26.914,3.50465,1b
E09000009,Ealing,E01001243,Ealing 024D,463638.75,9.0,11.0,12.0,0.0,2.0,14.0,5.0,18.0,20.0,44.0,135.0,25.381,13.3793,3
E09000009,Ealing,E01001244,Ealing 024E,353525.0,10.0,11.0,17.0,1.0,1.0,14.0,3.0,22.0,14.0,56.0,149.0,28.857,10.7863,3
E09000009,Ealing,E01001245,Ealing 024F,628125.0,13.0,8.0,9.0,0.0,1.0,12.0,3.0,62.0,23.0,43.0,174.0,15.441,10.9549,3
E09000009,Ealing,E01001246,Ealing 015D,527500.0,16.0,34.0,13.0,8.0,0.0,16.0,4.0,35.0,53.0,60.0,239.0,32.021,12.8549,3
E09000009,Ealing,E01001247,Ealing 015E,635000.0,49.0,36.0,17.0,7.0,4.0,37.0,19.0,195.0,213.0,180.0,757.0,21.278,10.3616,3
E09000009,Ealing,E01001248,Ealing 035A,531500.0,5.0,5.0,3.0,0.0,1.0,6.0,12.0,14.0,21.0,36.0,103.0,17.386,4.91454,1b
E09000009,Ealing,E01001249,Ealing 028A,494687.5,12.0,12.0,13.0,6.0,2.0,21.0,7.0,91.0,17.0,108.0,289.0,41.534,18.7442,4
E09000009,Ealing,E01001250,Ealing 028B,509537.375,31.0,21.0,11.0,3.0,1.0,13.0,4.0,30.0,19.0,74.0,207.0,37.117,13.1669,3
E09000009,Ealing,E01001251,Ealing 030A,597500.0,13.0,4.0,7.0,1.0,0.0,6.0,0.0,11.0,14.0,44.0,100.0,18.709,14.279,3
E09000009,Ealing,E01001252,Ealing 030B,576750.0,19.0,13.0,10.0,2.0,1.0,31.0,3.0,46.0,31.0,90.0,246.0,25.654,14.8905,3
E09000009,Ealing,E01001253,Ealing 030C,598375.0,4.0,3.0,5.0,2.0,0.0,4.0,2.0,9.0,12.0,29.0,70.0,15.645,5.60893,2
E09000009,Ealing,E01001254,Ealing 030D,627000.0,11.0,2.0,2.0,2.0,0.0,10.0,4.0,12.0,14.0,25.0,82.0,14.588,8.62924,2
E09000009,Ealing,E01001255,Ealing 028C,726531.25,5.0,0.0,1.0,1.0,0.0,5.0,0.0,12.0,21.0,15.0,60.0,13.456,7.70175,2
E09000009,Ealing,E01001257,Ealing 008A,281875.0,11.0,16.0,12.0,2.0,3.0,17.0,7.0,13.0,13.0,80.0,174.0,40.826,7.0454,2
E09000009,Ealing,E01001258,Ealing 010B,451625.0,5.0,4.0,5.0,3.0,0.0,4.0,1.0,5.0,12.0,25.0,64.0,15.858,10.0857,3
E09000009,Ealing,E01001259,Ealing 014B,489337.5,9.0,2.0,1.0,2.0,0.0,5.0,1.0,11.0,13.0,35.0,79.0,20.119,11.9615,3
E09000009,Ealing,E01001260,Ealing 012B,431492.5,9.0,13.0,4.0,1.0,1.0,2.0,1.0,11.0,16.0,38.0,96.0,20.741,13.7473,3
E09000009,Ealing,E01001261,Ealing 012C,349750.0,28.0,11.0,17.0,2.0,5.0,45.0,19.0,122.0,44.0,132.0,425.0,22.674,16.0815,4
E09000009,Ealing,E01001262,Ealing 010C,393333.3333333333,8.0,11.0,6.0,1.0,0.0,7.0,2.0,8.0,18.0,29.0,90.0,31.334,5.98263,2
E09000009,Ealing,E01001263,Ealing 010D,363750.0,13.0,10.0,6.0,3.0,1.0,19.0,2.0,18.0,14.0,79.0,165.0,34.487,3.78341,1b
E09000009,Ealing,E01001264,Ealing 010E,555000.0,12.0,5.0,3.0,0.0,1.0,6.0,0.0,9.0,16.0,34.0,86.0,24.398,3.27381,1b
E09000009,Ealing,E01001265,Ealing 006A,340000.0,5.0,10.0,4.0,0.0,0.0,11.0,1.0,16.0,19.0,30.0,96.0,20.568,2.13603,1a
E09000009,Ealing,E01001266,Ealing 006B,555000.0,9.0,5.0,14.0,3.0,0.0,23.0,5.0,71.0,45.0,47.0,222.0,16.109,9.70967,2
E09000009,Ealing,E01001267,Ealing 006C,356562.5,15.0,10.0,8.0,3.0,0.0,12.0,1.0,26.0,13.0,66.0,154.0,31.849,8.61345,2
E09000009,Ealing,E01001268,Ealing 012D,488431.25,4.0,5.0,1.0,1.0,0.0,7.0,3.0,3.0,21.0,32.0,77.0,18.541,4.44543,1b
E09000009,Ealing,E01001269,Ealing 001A,502712.5,11.0,5.0,9.0,1.0,1.0,7.0,2.0,18.0,12.0,32.0,98.0,13.557,8.36389,2
E09000009,Ealing,E01001270,Ealing 004A,513750.0,9.0,6.0,2.0,1.0,0.0,7.0,0.0,14.0,14.0,39.0,92.0,15.651,3.36559,1b
E09000009,Ealing,E01001271,Ealing 001B,435625.0,8.0,8.0,5.0,2.0,1.0,9.0,3.0,18.0,14.0,62.0,130.0,16.877,6.9661,2
E09000009,Ealing,E01001272,Ealing 006D,475625.0,5.0,7.0,9.0,5.0,1.0,17.0,5.0,48.0,12.0,57.0,166.0,19.058,14.6829,3
E09000009,Ealing,E01001273,Ealing 020F,1064875.0,7.0,11.0,7.0,0.0,0.0,9.0,3.0,8.0,54.0,32.0,131.0,9.462,9.99397,2
E09000009,Ealing,E01001274,Ealing 020G,838124.75,4.0,7.0,0.0,1.0,0.0,3.0,2.0,5.0,25.0,13.0,60.0,8.494,8.73261,2
E09000009,Ealing,E01001275,Ealing 020H,497125.0,4.0,14.0,3.0,2.0,0.0,14.0,1.0,13.0,26.0,43.0,120.0,19.035,18.8954,4
E09000009,Ealing,E01001276,Ealing 011A,502625.0,13.0,9.0,5.0,0.0,1.0,7.0,10.0,26.0,87.0,53.0,211.0,20.56,6.17392,2
E09000009,Ealing,E01001277,Ealing 011B,325263.0,15.0,10.0,10.0,7.0,1.0,21.0,4.0,18.0,67.0,57.0,210.0,17.535,12.7076,3
E09000009,Ealing,E01001278,Ealing 011C,830000.0,25.0,18.0,17.0,4.0,5.0,23.0,9.0,52.0,143.0,75.0,371.0,23.769,17.0625,4
E09000009,Ealing,E01001279,Ealing 013C,950000.0,3.0,3.0,1.0,1.0,0.0,0.0,0.0,2.0,22.0,11.0,43.0,7.15,6.53397,2
E09000009,Ealing,E01001280,Ealing 011D,498737.5,5.0,8.0,0.0,1.0,0.0,7.0,2.0,4.0,18.0,22.0,67.0,13.686,8.94619,2
E09000009,Ealing,E01001281,Ealing 013D,790112.5,6.0,8.0,1.0,1.0,0.0,3.0,2.0,5.0,19.0,13.0,58.0,7.459,5.89419,2
E09000009,Ealing,E01001282,Ealing 016B,478125.0,5.0,4.0,4.0,1.0,0.0,2.0,0.0,9.0,17.0,25.0,67.0,35.01,8.6282,2
E09000009,Ealing,E01001283,Ealing 016C,348937.5,6.0,5.0,5.0,2.0,0.0,11.0,1.0,10.0,20.0,54.0,114.0,40.085,12.9575,3
E09000009,Ealing,E01001284,Ealing 022A,587875.0,7.0,4.0,1.0,0.0,0.0,2.0,2.0,6.0,16.0,21.0,59.0,15.752,7.34406,2
E09000009,Ealing,E01001285,Ealing 016D,562500.0,9.0,6.0,13.0,2.0,0.0,15.0,3.0,16.0,20.0,47.0,131.0,23.184,7.67392,2
E09000009,Ealing,E01001286,Ealing 016E,500937.5,5.0,6.0,2.0,0.0,0.0,8.0,0.0,16.0,10.0,40.0,87.0,23.532,6.75251,2
E09000009,Ealing,E01001287,Ealing 016F,677500.0,7.0,2.0,0.0,1.0,0.0,3.0,1.0,2.0,6.0,24.0,46.0,31.223,5.17745,2
E09000009,Ealing,E01001288,Ealing 022B,701562.5,9.0,3.0,4.0,3.0,0.0,5.0,2.0,7.0,13.0,22.0,68.0,16.018,8.26332,2
E09000009,Ealing,E01001289,Ealing 022C,625312.5,3.0,8.0,2.0,3.0,0.0,4.0,0.0,4.0,17.0,21.0,62.0,15.526,8.6852,2
E09000009,Ealing,E01001290,Ealing 022D,496375.0,9.0,2.0,16.0,1.0,1.0,13.0,2.0,21.0,17.0,32.0,114.0,12.68,5.79316,2
E09000009,Ealing,E01001291,Ealing 014C,526000.0,3.0,6.0,4.0,0.0,0.0,4.0,3.0,7.0,24.0,45.0,96.0,19.365,8.70156,2
E09000009,Ealing,E01001292,Ealing 014D,524750.0,3.0,5.0,3.0,2.0,0.0,14.0,0.0,3.0,14.0,37.0,81.0,13.864,7.31996,2
E09000009,Ealing,E01001293,Ealing 014E,485875.0,7.0,6.0,7.0,2.0,1.0,8.0,0.0,7.0,11.0,39.0,88.0,17.362,5.52276,2
E09000009,Ealing,E01001294,Ealing 017A,599950.0,3.0,6.0,3.0,3.0,0.0,10.0,0.0,6.0,15.0,44.0,90.0,22.485,5.55236,2
E09000009,Ealing,E01001295,Ealing 017B,433333.3333333333,3.0,2.0,7.0,3.0,0.0,1.0,1.0,4.0,11.0,36.0,68.0,17.222,5.83494,2
E09000009,Ealing,E01001296,Ealing 017C,425000.0,3.0,10.0,5.0,2.0,2.0,5.0,1.0,2.0,7.0,27.0,64.0,22.011,6.06176,2
E09000009,Ealing,E01001297,Ealing 017D,467500.0,6.0,4.0,9.0,2.0,1.0,6.0,7.0,12.0,18.0,37.0,102.0,23.36,5.43935,2
E09000009,Ealing,E01001298,Ealing 017E,482500.0,9.0,11.0,3.0,2.0,0.0,8.0,0.0,16.0,12.0,36.0,97.0,27.974,7.63031,2
E09000009,Ealing,E01001299,Ealing 035B,895687.5,9.0,3.0,2.0,3.0,0.0,8.0,2.0,15.0,21.0,17.0,80.0,8.007,9.2001,2
E09000009,Ealing,E01001300,Ealing 039A,860000.0,4.0,1.0,0.0,0.0,0.0,1.0,1.0,11.0,17.0,22.0,57.0,8.87,13.2409,3
E09000009,Ealing,E01001301,Ealing 039B,515875.0,11.0,12.0,2.0,2.0,1.0,12.0,3.0,19.0,9.0,38.0,109.0,20.032,8.74339,2
E09000009,Ealing,E01001302,Ealing 039C,676265.5,5.0,8.0,2.0,0.0,1.0,6.0,7.0,9.0,13.0,10.0,61.0,11.697,11.1281,3
E09000009,Ealing,E01001303,Ealing 032A,851875.0,6.0,7.0,4.0,0.0,2.0,5.0,5.0,35.0,16.0,23.0,103.0,9.914,12.4175,3
E09000009,Ealing,E01001304,Ealing 039D,542806.25,6.0,8.0,3.0,3.0,1.0,7.0,0.0,10.0,22.0,37.0,97.0,14.074,9.87991,2
E09000009,Ealing,E01001305,Ealing 035C,809750.0,2.0,2.0,2.0,2.0,0.0,2.0,2.0,3.0,17.0,16.0,48.0,7.673,7.02562,2
E09000009,Ealing,E01001306,Ealing 035D,759750.0,3.0,2.0,1.0,0.0,0.0,2.0,1.0,15.0,11.0,9.0,44.0,8.308,9.20336,2
E09000009,Ealing,E01001307,Ealing 002A,514375.0,6.0,8.0,12.0,3.0,1.0,5.0,3.0,12.0,17.0,29.0,96.0,11.103,2.71695,1b
E09000009,Ealing,E01001308,Ealing 002B,651625.0,12.0,6.0,5.0,0.0,1.0,9.0,1.0,8.0,12.0,38.0,92.0,11.391,4.37092,1b
E09000009,Ealing,E01001309,Ealing 001C,495000.0,5.0,10.0,2.0,0.0,0.0,7.0,0.0,3.0,13.0,52.0,92.0,15.083,4.05564,1b
E09000009,Ealing,E01001310,Ealing 001D,357625.0,5.0,7.0,9.0,1.0,0.0,6.0,0.0,42.0,15.0,32.0,117.0,18.59,6.85308,2
E09000009,Ealing,E01001311,Ealing 001E,448500.0,6.0,4.0,7.0,0.0,0.0,5.0,4.0,8.0,9.0,65.0,108.0,28.942,6.10874,2
E09000009,Ealing,E01001312,Ealing 002C,541666.6666666666,8.0,8.0,3.0,2.0,4.0,6.0,1.0,15.0,13.0,21.0,81.0,16.657,11.9273,3
E09000009,Ealing,E01001313,Ealing 002D,531312.5,2.0,3.0,4.0,2.0,0.0,2.0,1.0,9.0,9.0,23.0,55.0,13.693,7.06644,2
E09000009,Ealing,E01001314,Ealing 002E,529000.0,1.0,3.0,2.0,2.0,1.0,6.0,3.0,12.0,19.0,23.0,72.0,10.954,4.14117,1b
E09000009,Ealing,E01001315,Ealing 003A,459500.0,3.0,10.0,7.0,0.0,2.0,4.0,0.0,7.0,5.0,25.0,63.0,18.255,7.7952,2
E09000009,Ealing,E01001316,Ealing 003B,345500.0,16.0,12.0,9.0,1.0,0.0,10.0,1.0,9.0,13.0,47.0,118.0,31.82,9.92037,2
E09000009,Ealing,E01001317,Ealing 003C,358625.0,9.0,2.0,5.0,3.0,0.0,4.0,2.0,13.0,11.0,67.0,116.0,26.465,6.90337,2
E09000009,Ealing,E01001318,Ealing 003D,353625.0,9.0,3.0,8.0,1.0,2.0,15.0,2.0,14.0,27.0,49.0,130.0,36.013,10.7324,3
E09000009,Ealing,E01001319,Ealing 004B,474362.5,0.0,2.0,2.0,0.0,0.0,11.0,1.0,5.0,7.0,15.0,43.0,18.036,10.536,3
E09000009,Ealing,E01001320,Ealing 003E,352500.0,9.0,2.0,3.0,1.0,0.0,15.0,0.0,12.0,10.0,54.0,106.0,41.628,1.14032,1a
E09000009,Ealing,E01001321,Ealing 003F,501875.0,11.0,12.0,9.0,4.0,1.0,10.0,2.0,15.0,14.0,40.0,118.0,26.07,7.9491,2
E09000009,Ealing,E01001322,Ealing 004C,410000.0,17.0,7.0,19.0,2.0,2.0,18.0,4.0,35.0,28.0,58.0,190.0,23.866,10.0203,3
E09000009,Ealing,E01001323,Ealing 004D,364250.0,12.0,7.0,15.0,2.0,1.0,25.0,3.0,43.0,17.0,72.0,197.0,23.054,14.4146,3
E09000009,Ealing,E01001324,Ealing 008B,262500.0,13.0,5.0,1.0,2.0,1.0,9.0,2.0,7.0,23.0,60.0,123.0,33.507,6.31855,2
E09000009,Ealing,E01001325,Ealing 009A,453875.0,4.0,5.0,2.0,1.0,0.0,12.0,1.0,20.0,21.0,47.0,113.0,26.632,1.6983,1a
E09000009,Ealing,E01001326,Ealing 008C,392187.5,12.0,4.0,8.0,6.0,1.0,21.0,8.0,35.0,19.0,54.0,168.0,33.051,1.3623,1a
E09000009,Ealing,E01001327,Ealing 009B,483500.0,11.0,11.0,8.0,3.0,1.0,13.0,4.0,38.0,22.0,58.0,169.0,30.832,6.8946,2
E09000009,Ealing,E01001328,Ealing 009C,473833.3333333333,15.0,14.0,8.0,1.0,1.0,12.0,4.0,38.0,23.0,63.0,179.0,33.629,6.96882,2
E09000009,Ealing,E01001329,Ealing 009D,448106.25,4.0,5.0,1.0,0.0,0.0,5.0,0.0,6.0,24.0,33.0,78.0,24.129,4.09514,1b
E09000009,Ealing,E01001330,Ealing 008D,324250.0,14.0,15.0,18.0,1.0,1.0,8.0,2.0,11.0,21.0,58.0,149.0,42.882,6.55277,2
E09000009,Ealing,E01001331,Ealing 009E,372500.0,5.0,7.0,12.0,1.0,1.0,6.0,2.0,5.0,13.0,30.0,82.0,37.261,6.28616,2
E09000009,Ealing,E01001332,Ealing 008E,268500.0,12.0,3.0,8.0,1.0,1.0,8.0,2.0,10.0,14.0,42.0,101.0,39.944,7.33593,2
E09000009,Ealing,E01001333,Ealing 038A,376250.0,24.0,30.0,25.0,2.0,1.0,20.0,5.0,32.0,35.0,91.0,265.0,39.653,11.5261,3
E09000009,Ealing,E01001334,Ealing 029C,,7.0,7.0,5.0,1.0,1.0,2.0,0.0,14.0,7.0,44.0,88.0,41.199,4.94345,1b
E09000009,Ealing,E01001335,Ealing 038B,768750.0,10.0,11.0,11.0,3.0,0.0,6.0,1.0,11.0,23.0,44.0,120.0,20.851,1.55448,1a
E09000009,Ealing,E01001336,Ealing 038C,842500.0,7.0,14.0,7.0,1.0,0.0,5.0,0.0,9.0,16.0,33.0,92.0,24.895,3.76878,1b
E09000009,Ealing,E01001337,Ealing 029D,444500.0,19.0,18.0,7.0,9.0,0.0,29.0,6.0,52.0,17.0,144.0,301.0,35.728,3.47932,1b
E09000009,Ealing,E01001338,Ealing 029E,412158.5,8.0,14.0,11.0,3.0,0.0,18.0,4.0,26.0,22.0,53.0,159.0,27.178,5.79925,2
E09000009,Ealing,E01001339,Ealing 029F,299000.0,13.0,8.0,4.0,11.0,0.0,16.0,4.0,26.0,10.0,82.0,174.0,35.644,2.0779,1a
E09000009,Ealing,E01001340,Ealing 029G,321875.0,22.0,6.0,5.0,3.0,2.0,38.0,0.0,12.0,7.0,189.0,284.0,38.035,4.40091,1b
E09000009,Ealing,E01001341,Ealing 005A,540625.0,6.0,2.0,1.0,2.0,2.0,4.0,0.0,13.0,14.0,40.0,84.0,12.828,3.12931,1b
E09000009,Ealing,E01001342,Ealing 005B,523375.0,9.0,0.0,2.0,3.0,1.0,2.0,2.0,7.0,6.0,35.0,67.0,14.813,4.0642,1b
E09000009,Ealing,E01001343,Ealing 005C,573875.0,5.0,5.0,3.0,9.0,0.0,4.0,1.0,11.0,17.0,19.0,74.0,15.378,4.17243,1b
E09000009,Ealing,E01001344,Ealing 007A,415625.0,12.0,22.0,4.0,1.0,1.0,19.0,5.0,14.0,35.0,56.0,169.0,18.422,9.27271,2
E09000009,Ealing,E01001345,Ealing 005D,503341.6666666667,10.0,2.0,4.0,1.0,1.0,6.0,0.0,5.0,10.0,39.0,78.0,17.505,4.40317,1b
E09000009,Ealing,E01001346,Ealing 007B,539375.0,5.0,4.0,8.0,2.0,0.0,10.0,1.0,9.0,15.0,33.0,87.0,12.0,7.01963,2
E09000009,Ealing,E01001347,Ealing 007C,544843.75,25.0,16.0,8.0,2.0,3.0,28.0,6.0,119.0,76.0,76.0,359.0,18.682,4.07255,1b
E09000009,Ealing,E01001348,Ealing 007D,504625.0,21.0,9.0,13.0,3.0,0.0,15.0,5.0,101.0,33.0,54.0,254.0,19.431,10.9236,3
E09000009,Ealing,E01001349,Ealing 006E,433332.5,21.0,5.0,2.0,1.0,1.0,8.0,1.0,5.0,21.0,37.0,102.0,33.598,8.29634,2
E09000009,Ealing,E01001350,Ealing 027C,533000.0,7.0,7.0,2.0,0.0,0.0,2.0,2.0,6.0,19.0,13.0,58.0,16.166,11.7325,3
E09000009,Ealing,E01001351,Ealing 025E,493125.0,52.0,15.0,48.0,13.0,9.0,58.0,8.0,44.0,15.0,162.0,424.0,28.006,19.5928,4
E09000009,Ealing,E01001352,Ealing 027D,981250.0,11.0,5.0,3.0,0.0,1.0,9.0,5.0,20.0,18.0,26.0,98.0,15.249,18.863,4
E09000009,Ealing,E01001353,Ealing 033A,596250.0,6.0,11.0,4.0,1.0,0.0,6.0,0.0,9.0,12.0,27.0,76.0,23.368,18.2015,4
E09000009,Ealing,E01001354,Ealing 027E,608625.0,12.0,10.0,4.0,1.0,0.0,16.0,6.0,213.0,23.0,56.0,341.0,22.226,20.0663,5
E09000009,Ealing,E01001355,Ealing 033B,554375.0,17.0,5.0,5.0,0.0,1.0,20.0,0.0,24.0,27.0,66.0,165.0,24.463,14.0272,3
E09000009,Ealing,E01001356,Ealing 033C,366250.0,12.0,9.0,20.0,1.0,1.0,5.0,4.0,8.0,4.0,56.0,120.0,45.936,16.5029,4
E09000009,Ealing,E01001357,Ealing 033D,537500.0,14.0,18.0,4.0,2.0,1.0,7.0,3.0,20.0,8.0,38.0,115.0,41.995,10.0101,3
E09000009,Ealing,E01001358,Ealing 033E,538125.0,5.0,26.0,8.0,0.0,0.0,9.0,2.0,15.0,15.0,28.0,108.0,45.789,13.3212,3
E09000009,Ealing,E01001359,Ealing 026A,455000.0,18.0,15.0,11.0,6.0,1.0,26.0,5.0,45.0,24.0,76.0,227.0,24.895,8.32297,2
E09000009,Ealing,E01001360,Ealing 026B,,7.0,6.0,3.0,2.0,0.0,8.0,3.0,13.0,36.0,56.0,134.0,29.132,15.3754,4
E09000009,Ealing,E01001361,Ealing 023E,315000.0,30.0,35.0,19.0,4.0,0.0,70.0,42.0,380.0,50.0,224.0,854.0,34.209,15.907,4
E09000009,Ealing,E01001362,Ealing 026C,363656.25,18.0,34.0,47.0,3.0,0.0,19.0,14.0,60.0,43.0,97.0,335.0,29.18,11.7676,3
E09000009,Ealing,E01001363,Ealing 026D,293500.0,9.0,10.0,5.0,1.0,2.0,8.0,2.0,12.0,24.0,30.0,103.0,26.151,6.80424,2
E09000009,Ealing,E01001364,Ealing 026E,,10.0,3.0,13.0,2.0,0.0,8.0,2.0,8.0,10.0,49.0,105.0,42.16,4.90491,1b
E09000009,Ealing,E01001365,Ealing 026F,,11.0,6.0,4.0,4.0,1.0,7.0,1.0,12.0,27.0,77.0,150.0,28.015,1.96248,1a
E09000009,Ealing,E01001366,Ealing 037A,379375.0,19.0,8.0,11.0,4.0,0.0,7.0,3.0,6.0,23.0,51.0,132.0,28.541,5.22467,2
E09000009,Ealing,E01001367,Ealing 037B,,20.0,26.0,10.0,1.0,2.0,29.0,22.0,139.0,55.0,143.0,447.0,30.306,14.3203,3
E09000009,Ealing,E01001368,Ealing 037C,,8.0,3.0,9.0,3.0,1.0,6.0,1.0,14.0,21.0,67.0,133.0,28.942,6.58663,2
E09000009,Ealing,E01001369,Ealing 038D,283750.0,18.0,14.0,5.0,2.0,1.0,5.0,5.0,16.0,35.0,84.0,185.0,24.898,10.4996,3
E09000009,Ealing,E01001370,Ealing 037D,373125.0,11.0,14.0,9.0,3.0,1.0,10.0,2.0,17.0,46.0,63.0,176.0,25.905,4.14536,1b
E09000009,Ealing,E01001371,Ealing 037E,356333.0,18.0,22.0,23.0,1.0,0.0,7.0,5.0,15.0,27.0,66.0,184.0,27.142,6.87915,2
E09000009,Ealing,E01001372,Ealing 037F,348916.6666666667,8.0,13.0,6.0,3.0,2.0,6.0,2.0,17.0,24.0,66.0,147.0,31.007,7.11601,2
E09000009,Ealing,E01001373,Ealing 037G,300000.0,7.0,7.0,19.0,3.0,2.0,9.0,5.0,14.0,27.0,67.0,160.0,26.285,9.24759,2
E09000009,Ealing,E01001374,Ealing 040A,800312.5,3.0,2.0,0.0,1.0,0.0,1.0,1.0,7.0,14.0,13.0,42.0,11.21,7.19784,2
E09000009,Ealing,E01001375,Ealing 034A,1185625.0,3.0,4.0,0.0,0.0,0.0,5.0,0.0,7.0,15.0,20.0,54.0,5.53,7.88778,2
E09000009,Ealing,E01001376,Ealing 040B,618125.0,6.0,8.0,4.0,1.0,0.0,7.0,1.0,9.0,18.0,39.0,93.0,23.916,6.40356,2
E09000009,Ealing,E01001377,Ealing 034B,1734462.5,6.0,7.0,0.0,0.0,0.0,7.0,0.0,12.0,19.0,12.0,63.0,8.237,13.3374,3
E09000009,Ealing,E01001379,Ealing 034C,1244375.0,2.0,4.0,0.0,0.0,0.0,2.0,1.0,7.0,16.0,16.0,48.0,6.511,8.07519,2
E09000009,Ealing,E01001380,Ealing 040C,738750.0,7.0,6.0,1.0,1.0,1.0,6.0,1.0,9.0,23.0,30.0,85.0,12.501,12.2946,3
E09000009,Ealing,E01001381,Ealing 034D,679000.0,17.0,15.0,13.0,2.0,1.0,20.0,5.0,56.0,33.0,40.0,202.0,18.031,9.9014,2
E09000009,Ealing,E01001382,Ealing 032B,1168125.0,6.0,5.0,2.0,0.0,1.0,8.0,9.0,4.0,14.0,13.0,62.0,8.388,9.00221,2
E09000009,Ealing,E01001383,Ealing 028D,826000.0,3.0,3.0,4.0,0.0,0.0,6.0,0.0,10.0,16.0,18.0,60.0,11.57,8.34792,2
E09000009,Ealing,E01001384,Ealing 032C,694662.5,5.0,6.0,1.0,0.0,0.0,14.0,2.0,27.0,9.0,30.0,94.0,9.84,11.5707,3
E09000009,Ealing,E01001385,Ealing 032D,827500.0,9.0,6.0,7.0,2.0,1.0,3.0,5.0,12.0,17.0,27.0,89.0,8.565,11.0812,3
E09000009,Ealing,E01001386,Ealing 031F,842025.0,5.0,7.0,6.0,0.0,2.0,11.0,9.0,22.0,28.0,28.0,118.0,9.924,10.2136,3
E09000009,Ealing,E01001387,Ealing 032E,472625.0,16.0,10.0,7.0,4.0,0.0,14.0,7.0,31.0,45.0,51.0,185.0,16.451,16.6774,4
E09000009,Ealing,E01001388,Ealing 028E,735750.0,12.0,10.0,14.0,0.0,1.0,12.0,3.0,32.0,43.0,87.0,214.0,34.821,19.7149,4
E09000009,Ealing,E01001389,Ealing 028F,683150.0,21.0,13.0,3.0,2.0,7.0,29.0,6.0,110.0,30.0,57.0,278.0,21.071,15.5369,4
E09000009,Ealing,E01032572,Ealing 040D,760125.0,6.0,6.0,6.0,1.0,0.0,4.0,5.0,51.0,25.0,20.0,124.0,16.309,16.6446,4
E09000009,Ealing,E01032743,Ealing 010F,272187.5,7.0,6.0,3.0,2.0,0.0,2.0,2.0,7.0,12.0,64.0,105.0,27.393,7.9912,2
E09000009,Ealing,E01032744,Ealing 010G,405000.0,10.0,10.0,15.0,2.0,5.0,19.0,1.0,30.0,9.0,74.0,175.0,33.801,10.3781,3
E09000010,Enfield,E01001390,Enfield 036A,630748.125,10.0,3.0,3.0,2.0,2.0,6.0,4.0,10.0,16.0,28.0,84.0,10.543,22.0523,5
E09000010,Enfield,E01001391,Enfield 036B,569375.0,8.0,8.0,3.0,2.0,0.0,3.0,4.0,11.0,9.0,49.0,97.0,25.639,11.9268,3
E09000010,Enfield,E01001392,Enfield 032A,717750.0,5.0,8.0,4.0,2.0,0.0,2.0,9.0,4.0,17.0,22.0,73.0,10.702,15.6239,4
E09000010,Enfield,E01001393,Enfield 036C,484500.0,13.0,9.0,5.0,1.0,0.0,8.0,2.0,14.0,14.0,31.0,97.0,19.095,15.7885,4
E09000010,Enfield,E01001394,Enfield 035A,403750.0,12.0,5.0,11.0,1.0,2.0,15.0,4.0,12.0,29.0,36.0,127.0,26.964,11.4705,3
E09000010,Enfield,E01001395,Enfield 035B,540875.0,20.0,3.0,2.0,3.0,1.0,5.0,7.0,6.0,15.0,39.0,101.0,35.279,2.87649,1b
E09000010,Enfield,E01001396,Enfield 036D,670000.0,11.0,1.0,4.0,2.0,0.0,3.0,6.0,10.0,24.0,20.0,81.0,19.048,11.9094,3
E09000010,Enfield,E01001397,Enfield 035C,328687.5,18.0,8.0,9.0,1.0,1.0,7.0,2.0,10.0,38.0,73.0,167.0,24.623,7.4498,2
E09000010,Enfield,E01001398,Enfield 021A,639500.0,6.0,3.0,1.0,1.0,0.0,2.0,0.0,10.0,30.0,22.0,75.0,9.217,8.65624,2
E09000010,Enfield,E01001399,Enfield 021B,591250.0,8.0,5.0,4.0,0.0,2.0,1.0,2.0,6.0,28.0,19.0,75.0,11.221,7.35201,2
E09000010,Enfield,E01001400,Enfield 021C,643812.5,1.0,11.0,2.0,0.0,0.0,2.0,0.0,10.0,24.0,19.0,69.0,10.379,7.77059,2
E09000010,Enfield,E01001401,Enfield 016A,537750.0,4.0,1.0,1.0,1.0,0.0,1.0,1.0,10.0,8.0,20.0,47.0,12.406,8.2105,2
E09000010,Enfield,E01001402,Enfield 021D,519368.75,8.0,12.0,3.0,1.0,1.0,4.0,5.0,16.0,26.0,15.0,91.0,8.991,6.76976,2
E09000010,Enfield,E01001403,Enfield 021E,500000.0,4.0,12.0,2.0,2.0,2.0,10.0,2.0,9.0,24.0,32.0,99.0,15.86,5.44121,2
E09000010,Enfield,E01001404,Enfield 026A,645625.0,3.0,7.0,2.0,1.0,0.0,5.0,6.0,7.0,21.0,28.0,80.0,19.168,1.38797,1a
E09000010,Enfield,E01001405,Enfield 015A,422500.0,9.0,16.0,4.0,1.0,2.0,1.0,3.0,7.0,27.0,15.0,85.0,12.081,8.7394,2
E09000010,Enfield,E01001406,Enfield 015B,491750.0,17.0,25.0,12.0,4.0,1.0,18.0,10.0,60.0,19.0,43.0,209.0,24.464,8.22871,2
E09000010,Enfield,E01001407,Enfield 005A,444000.0,10.0,12.0,3.0,3.0,2.0,12.0,6.0,13.0,24.0,32.0,117.0,18.518,1.17166,1a
E09000010,Enfield,E01001408,Enfield 004A,458750.0,10.0,9.0,1.0,0.0,0.0,6.0,4.0,30.0,29.0,36.0,125.0,16.678,9.04163,2
E09000010,Enfield,E01001409,Enfield 005B,291187.5,13.0,11.0,3.0,3.0,0.0,10.0,6.0,9.0,25.0,46.0,126.0,34.902,3.28459,1b
E09000010,Enfield,E01001410,Enfield 005C,302375.0,16.0,13.0,10.0,4.0,0.0,17.0,6.0,18.0,24.0,84.0,192.0,45.507,1.52191,1a
E09000010,Enfield,E01001411,Enfield 004B,517343.75,14.0,9.0,3.0,1.0,0.0,8.0,5.0,24.0,25.0,45.0,134.0,13.411,5.30008,2
E09000010,Enfield,E01001412,Enfield 004C,463750.0,18.0,35.0,11.0,2.0,3.0,28.0,3.0,15.0,56.0,92.0,263.0,28.35,0.567043,1a
E09000010,Enfield,E01001413,Enfield 004D,660000.0,5.0,15.0,1.0,0.0,0.0,5.0,0.0,5.0,18.0,22.0,71.0,7.768,2.48798,1a
E09000010,Enfield,E01001414,Enfield 004E,433750.0,11.0,7.0,12.0,2.0,0.0,11.0,0.0,11.0,21.0,61.0,136.0,42.821,3.94336,1b
E09000010,Enfield,E01001415,Enfield 011A,447500.0,12.0,17.0,3.0,3.0,0.0,6.0,6.0,54.0,46.0,41.0,188.0,15.471,7.82283,2
E09000010,Enfield,E01001416,Enfield 013A,887811.25,2.0,5.0,9.0,4.0,0.0,1.0,0.0,5.0,19.0,19.0,64.0,7.674,6.84386,2
E09000010,Enfield,E01001417,Enfield 011B,1400000.0,8.0,20.0,3.0,1.0,1.0,11.0,3.0,20.0,22.0,44.0,133.0,8.251,0.982582,1a
E09000010,Enfield,E01001418,Enfield 011C,739062.5,9.0,13.0,1.0,0.0,2.0,12.0,1.0,10.0,24.0,34.0,106.0,21.09,9.09324,2
E09000010,Enfield,E01001419,Enfield 020A,410923.5,5.0,12.0,5.0,0.0,2.0,7.0,8.0,22.0,28.0,38.0,127.0,15.206,11.7099,3
E09000010,Enfield,E01001420,Enfield 020B,576875.0,8.0,10.0,2.0,1.0,0.0,12.0,0.0,9.0,40.0,32.0,114.0,26.371,4.87497,1b
E09000010,Enfield,E01001421,Enfield 020C,341375.0,4.0,5.0,4.0,0.0,0.0,4.0,0.0,5.0,17.0,29.0,68.0,26.74,6.27626,2
E09000010,Enfield,E01001422,Enfield 011D,2012500.0,7.0,15.0,2.0,0.0,0.0,3.0,1.0,9.0,18.0,23.0,78.0,7.863,1.58118,1a
E09000010,Enfield,E01001423,Enfield 027A,392500.0,10.0,4.0,6.0,2.0,0.0,13.0,3.0,18.0,24.0,55.0,135.0,31.815,12.8801,3
E09000010,Enfield,E01001424,Enfield 030A,275625.0,4.0,2.0,4.0,1.0,2.0,3.0,0.0,13.0,15.0,26.0,70.0,45.659,21.2573,5
E09000010,Enfield,E01001425,Enfield 027B,367000.0,19.0,18.0,33.0,4.0,6.0,25.0,34.0,45.0,32.0,107.0,323.0,48.205,17.237,4
E09000010,Enfield,E01001426,Enfield 030B,404750.0,23.0,9.0,18.0,3.0,4.0,13.0,8.0,25.0,30.0,83.0,216.0,41.035,7.94062,2
E09000010,Enfield,E01001427,Enfield 030C,406666.6666666667,25.0,18.0,32.0,8.0,8.0,20.0,14.0,48.0,157.0,98.0,428.0,42.558,2.87703,1b
E09000010,Enfield,E01001428,Enfield 027C,405625.0,9.0,13.0,11.0,2.0,2.0,6.0,4.0,21.0,26.0,34.0,128.0,38.085,8.04777,2
E09000010,Enfield,E01001429,Enfield 030D,,74.0,31.0,104.0,7.0,10.0,70.0,38.0,442.0,62.0,245.0,1083.0,46.391,22.6282,5
E09000010,Enfield,E01001430,Enfield 030E,325000.0,3.0,8.0,12.0,3.0,0.0,8.0,3.0,11.0,23.0,37.0,108.0,42.061,19.3486,4
E09000010,Enfield,E01001431,Enfield 033A,312750.0,13.0,5.0,14.0,1.0,1.0,19.0,4.0,16.0,28.0,60.0,161.0,43.347,6.33529,2
E09000010,Enfield,E01001432,Enfield 033B,408750.0,28.0,9.0,18.0,3.0,2.0,17.0,7.0,38.0,40.0,71.0,233.0,39.635,14.7528,3
E09000010,Enfield,E01001433,Enfield 007A,397500.0,10.0,10.0,12.0,1.0,1.0,12.0,3.0,28.0,25.0,69.0,171.0,36.086,5.31403,2
E09000010,Enfield,E01001434,Enfield 007B,421875.0,7.0,19.0,0.0,6.0,1.0,11.0,0.0,22.0,18.0,58.0,142.0,28.191,3.48845,1b
E09000010,Enfield,E01001435,Enfield 007C,430500.0,5.0,7.0,3.0,1.0,1.0,8.0,4.0,7.0,18.0,18.0,72.0,26.237,5.15217,2
E09000010,Enfield,E01001436,Enfield 007D,442000.0,11.0,15.0,3.0,2.0,2.0,17.0,1.0,16.0,18.0,64.0,149.0,28.56,4.71077,1b
E09000010,Enfield,E01001437,Enfield 014A,306062.5,27.0,25.0,27.0,5.0,6.0,27.0,23.0,50.0,47.0,91.0,328.0,38.766,1.97324,1a
E09000010,Enfield,E01001438,Enfield 007E,455312.5,19.0,11.0,11.0,6.0,2.0,17.0,5.0,33.0,28.0,77.0,209.0,34.949,7.039,2
E09000010,Enfield,E01001439,Enfield 006A,367437.5,25.0,25.0,22.0,2.0,7.0,20.0,17.0,90.0,39.0,126.0,373.0,35.255,7.97897,2
E09000010,Enfield,E01001440,Enfield 012A,381375.0,7.0,11.0,12.0,1.0,4.0,13.0,14.0,25.0,18.0,48.0,153.0,30.551,7.76851,2
E09000010,Enfield,E01001441,Enfield 006B,348437.5,12.0,11.0,11.0,2.0,12.0,18.0,24.0,37.0,26.0,83.0,236.0,37.103,5.27178,2
E09000010,Enfield,E01001442,Enfield 002A,344373.125,12.0,14.0,13.0,5.0,5.0,25.0,9.0,20.0,17.0,62.0,182.0,44.482,8.96896,2
E09000010,Enfield,E01001444,Enfield 001A,421250.0,14.0,17.0,1.0,2.0,0.0,10.0,8.0,36.0,40.0,46.0,174.0,22.75,6.07616,2
E09000010,Enfield,E01001445,Enfield 003B,302500.0,27.0,12.0,3.0,3.0,1.0,21.0,9.0,31.0,81.0,87.0,275.0,29.846,3.27794,1b
E09000010,Enfield,E01001446,Enfield 001B,316687.5,8.0,24.0,5.0,0.0,1.0,6.0,4.0,21.0,21.0,45.0,135.0,27.924,7.56173,2
E09000010,Enfield,E01001447,Enfield 003C,367873.75,11.0,11.0,9.0,5.0,0.0,14.0,5.0,22.0,37.0,59.0,173.0,42.79,6.99831,2
E09000010,Enfield,E01001448,Enfield 003D,415312.0,7.0,10.0,5.0,2.0,2.0,12.0,1.0,18.0,18.0,76.0,151.0,30.162,7.98339,2
E09000010,Enfield,E01001449,Enfield 003E,415625.0,5.0,1.0,5.0,4.0,2.0,4.0,1.0,9.0,14.0,43.0,88.0,29.422,7.15805,2
E09000010,Enfield,E01001450,Enfield 015C,347092.25,29.0,34.0,9.0,2.0,7.0,35.0,38.0,340.0,34.0,138.0,666.0,21.426,16.3938,4
E09000010,Enfield,E01001451,Enfield 017A,648375.0,13.0,14.0,3.0,1.0,0.0,10.0,13.0,35.0,25.0,21.0,135.0,16.806,8.44367,2
E09000010,Enfield,E01001452,Enfield 017B,918125.0,4.0,5.0,0.0,0.0,0.0,7.0,0.0,0.0,13.0,15.0,44.0,11.358,3.50152,1b
E09000010,Enfield,E01001453,Enfield 017C,797187.5,3.0,4.0,1.0,1.0,1.0,1.0,0.0,3.0,21.0,11.0,46.0,6.185,5.34408,2
E09000010,Enfield,E01001454,Enfield 017D,843875.0,4.0,4.0,6.0,1.0,0.0,2.0,1.0,6.0,23.0,16.0,63.0,9.141,7.6884,2
E09000010,Enfield,E01001455,Enfield 021F,634749.375,2.0,9.0,3.0,1.0,0.0,2.0,2.0,6.0,33.0,22.0,80.0,11.174,5.50234,2
E09000010,Enfield,E01001456,Enfield 022A,908125.0,3.0,3.0,0.0,0.0,0.0,1.0,1.0,9.0,21.0,11.0,49.0,5.686,8.25406,2
E09000010,Enfield,E01001457,Enfield 010A,405243.75,4.0,7.0,6.0,1.0,0.0,11.0,2.0,22.0,24.0,23.0,100.0,13.891,14.2864,3
E09000010,Enfield,E01001458,Enfield 037A,288500.0,10.0,6.0,18.0,3.0,3.0,14.0,9.0,24.0,20.0,52.0,159.0,40.254,10.5278,3
E09000010,Enfield,E01001459,Enfield 024A,449000.0,4.0,12.0,6.0,5.0,1.0,3.0,3.0,13.0,22.0,41.0,110.0,23.802,5.01113,2
E09000010,Enfield,E01001460,Enfield 024B,300000.0,15.0,9.0,10.0,5.0,0.0,7.0,5.0,14.0,25.0,76.0,166.0,38.272,17.6689,4
E09000010,Enfield,E01001461,Enfield 027D,342000.0,16.0,21.0,27.0,4.0,1.0,10.0,4.0,47.0,17.0,86.0,233.0,40.049,5.73127,2
E09000010,Enfield,E01001462,Enfield 024C,410250.0,10.0,8.0,13.0,2.0,1.0,4.0,3.0,13.0,21.0,46.0,121.0,35.063,8.25871,2
E09000010,Enfield,E01001463,Enfield 031A,407500.0,0.0,5.0,3.0,2.0,0.0,4.0,3.0,9.0,13.0,25.0,64.0,22.651,5.47216,2
E09000010,Enfield,E01001464,Enfield 027E,452500.0,4.0,8.0,4.0,0.0,1.0,4.0,1.0,13.0,15.0,39.0,89.0,38.337,4.29331,1b
E09000010,Enfield,E01001465,Enfield 031B,463750.0,7.0,7.0,13.0,4.0,4.0,14.0,5.0,22.0,20.0,69.0,165.0,24.442,6.53176,2
E09000010,Enfield,E01001466,Enfield 031C,400750.0,7.0,9.0,7.0,2.0,1.0,1.0,2.0,12.0,24.0,46.0,111.0,28.341,9.78184,2
E09000010,Enfield,E01001467,Enfield 031D,411875.0,7.0,1.0,3.0,0.0,0.0,4.0,4.0,11.0,20.0,55.0,105.0,26.454,8.5854,2
E09000010,Enfield,E01001468,Enfield 010B,689000.0,36.0,9.0,6.0,7.0,0.0,26.0,2.0,32.0,15.0,224.0,357.0,29.819,4.64574,1b
E09000010,Enfield,E01001469,Enfield 008A,474000.0,8.0,9.0,2.0,0.0,1.0,2.0,3.0,4.0,20.0,42.0,91.0,23.277,8.29827,2
E09000010,Enfield,E01001470,Enfield 013B,667375.0,6.0,10.0,1.0,1.0,1.0,6.0,1.0,20.0,32.0,26.0,104.0,10.556,2.17007,1a
E09000010,Enfield,E01001471,Enfield 010C,295687.5,7.0,8.0,3.0,0.0,0.0,7.0,3.0,25.0,28.0,29.0,110.0,17.36,4.387,1b
E09000010,Enfield,E01001472,Enfield 010D,394875.0,6.0,6.0,2.0,0.0,0.0,5.0,3.0,18.0,14.0,30.0,84.0,13.774,10.9356,3
E09000010,Enfield,E01001473,Enfield 013C,677187.5,5.0,9.0,0.0,2.0,1.0,4.0,2.0,5.0,18.0,36.0,82.0,15.973,3.26282,1b
E09000010,Enfield,E01001474,Enfield 010E,450000.0,1.0,17.0,0.0,1.0,2.0,2.0,5.0,15.0,17.0,14.0,74.0,13.064,7.25554,2
E09000010,Enfield,E01001475,Enfield 013D,833230.0,7.0,5.0,5.0,3.0,0.0,2.0,0.0,5.0,8.0,15.0,50.0,7.273,5.90111,2
E09000010,Enfield,E01001476,Enfield 018A,389250.0,11.0,7.0,11.0,2.0,2.0,14.0,6.0,30.0,19.0,57.0,159.0,28.029,7.52983,2
E09000010,Enfield,E01001477,Enfield 018B,395875.0,15.0,10.0,6.0,4.0,2.0,10.0,2.0,14.0,17.0,63.0,143.0,34.984,2.05333,1a
E09000010,Enfield,E01001478,Enfield 016B,430859.25,4.0,8.0,4.0,1.0,0.0,3.0,2.0,10.0,14.0,15.0,61.0,25.908,3.89408,1b
E09000010,Enfield,E01001479,Enfield 023A,383750.0,20.0,14.0,18.0,4.0,1.0,13.0,8.0,31.0,30.0,69.0,208.0,33.274,6.5805,2
E09000010,Enfield,E01001480,Enfield 024D,445625.0,6.0,8.0,8.0,0.0,0.0,10.0,3.0,17.0,20.0,42.0,114.0,30.603,4.34252,1b
E09000010,Enfield,E01001481,Enfield 018C,422625.0,6.0,3.0,6.0,2.0,3.0,7.0,2.0,12.0,21.0,44.0,106.0,26.529,3.89618,1b
E09000010,Enfield,E01001482,Enfield 023B,297743.75,7.0,10.0,8.0,0.0,0.0,5.0,1.0,12.0,17.0,53.0,113.0,38.527,4.53853,1b
E09000010,Enfield,E01001483,Enfield 025A,327000.0,10.0,18.0,20.0,0.0,2.0,11.0,2.0,23.0,47.0,63.0,196.0,53.716,1.3126,1a
E09000010,Enfield,E01001484,Enfield 016C,419625.0,7.0,11.0,5.0,2.0,0.0,10.0,2.0,19.0,29.0,43.0,128.0,24.503,4.78858,1b
E09000010,Enfield,E01001485,Enfield 025B,366625.0,7.0,5.0,19.0,2.0,2.0,14.0,6.0,27.0,46.0,39.0,167.0,37.13,20.3416,5
E09000010,Enfield,E01001486,Enfield 025C,373812.5,14.0,7.0,19.0,2.0,0.0,15.0,6.0,22.0,37.0,68.0,190.0,41.507,5.79745,2
E09000010,Enfield,E01001487,Enfield 023C,381187.5,7.0,9.0,18.0,2.0,2.0,11.0,3.0,13.0,26.0,58.0,149.0,35.047,11.7077,3
E09000010,Enfield,E01001488,Enfield 024E,403625.0,8.0,4.0,16.0,4.0,3.0,2.0,8.0,19.0,18.0,72.0,154.0,30.484,10.0051,3
E09000010,Enfield,E01001489,Enfield 023D,381000.0,6.0,11.0,14.0,2.0,4.0,9.0,5.0,17.0,40.0,49.0,157.0,30.915,7.01077,2
E09000010,Enfield,E01001491,Enfield 023E,384000.0,10.0,14.0,15.0,3.0,2.0,16.0,5.0,26.0,25.0,74.0,190.0,32.824,17.5329,4
E09000010,Enfield,E01001492,Enfield 025E,380828.125,5.0,11.0,5.0,3.0,2.0,3.0,2.0,14.0,38.0,62.0,145.0,32.044,8.64801,2
E09000010,Enfield,E01001493,Enfield 026B,503875.0,5.0,4.0,1.0,2.0,0.0,2.0,1.0,10.0,12.0,26.0,63.0,29.242,3.66313,1b
E09000010,Enfield,E01001494,Enfield 026C,586666.6666666666,8.0,5.0,3.0,1.0,1.0,3.0,0.0,8.0,23.0,23.0,75.0,15.474,3.24991,1b
E09000010,Enfield,E01001495,Enfield 029A,440625.0,9.0,13.0,6.0,1.0,0.0,8.0,3.0,14.0,13.0,38.0,105.0,12.544,8.26542,2
E09000010,Enfield,E01001496,Enfield 026D,601562.5,2.0,4.0,1.0,0.0,1.0,9.0,3.0,8.0,24.0,21.0,73.0,14.271,2.86578,1b
E09000010,Enfield,E01001497,Enfield 031E,522562.5,4.0,6.0,8.0,1.0,1.0,4.0,5.0,5.0,18.0,16.0,68.0,23.466,2.7382,1b
E09000010,Enfield,E01001498,Enfield 029B,491875.0,13.0,24.0,16.0,4.0,0.0,26.0,15.0,119.0,36.0,64.0,317.0,17.405,11.0077,3
E09000010,Enfield,E01001499,Enfield 031F,556249.375,7.0,12.0,7.0,1.0,0.0,8.0,1.0,10.0,26.0,37.0,109.0,24.023,5.506,2
E09000010,Enfield,E01001500,Enfield 035D,608150.0,11.0,5.0,8.0,2.0,0.0,10.0,2.0,22.0,26.0,28.0,114.0,19.827,6.56153,2
E09000010,Enfield,E01001501,Enfield 036E,486875.0,28.0,23.0,19.0,0.0,0.0,16.0,9.0,48.0,53.0,81.0,277.0,26.291,12.5109,3
E09000010,Enfield,E01001502,Enfield 018D,341000.0,18.0,14.0,10.0,2.0,2.0,17.0,9.0,53.0,35.0,47.0,207.0,31.213,6.39368,2
E09000010,Enfield,E01001503,Enfield 018E,413375.0,13.0,8.0,13.0,2.0,1.0,6.0,2.0,26.0,36.0,51.0,158.0,28.155,7.15,2
E09000010,Enfield,E01001504,Enfield 012B,388875.0,11.0,9.0,4.0,3.0,0.0,2.0,5.0,20.0,26.0,36.0,116.0,30.29,6.6924,2
E09000010,Enfield,E01001505,Enfield 012C,404000.0,7.0,10.0,11.0,1.0,2.0,8.0,10.0,34.0,18.0,67.0,168.0,33.573,13.4337,3
E09000010,Enfield,E01001506,Enfield 014B,364666.6666666667,26.0,32.0,16.0,5.0,2.0,13.0,12.0,75.0,41.0,110.0,332.0,38.67,3.20376,1b
E09000010,Enfield,E01001507,Enfield 012D,344625.0,26.0,30.0,32.0,2.0,3.0,29.0,40.0,104.0,55.0,153.0,474.0,40.471,13.134,3
E09000010,Enfield,E01001508,Enfield 012E,382000.0,16.0,15.0,14.0,8.0,3.0,17.0,7.0,18.0,28.0,79.0,205.0,31.854,10.6091,3
E09000010,Enfield,E01001509,Enfield 014C,314687.5,11.0,7.0,12.0,4.0,1.0,12.0,5.0,18.0,27.0,56.0,153.0,34.342,8.03187,2
E09000010,Enfield,E01001510,Enfield 014D,,26.0,32.0,16.0,5.0,2.0,13.0,12.0,75.0,41.0,110.0,332.0,47.177,6.11118,2
E09000010,Enfield,E01001511,Enfield 016D,468875.0,24.0,7.0,6.0,5.0,4.0,16.0,7.0,56.0,45.0,61.0,231.0,21.859,9.96331,2
E09000010,Enfield,E01001512,Enfield 015D,466284.125,13.0,13.0,10.0,2.0,0.0,12.0,7.0,66.0,43.0,61.0,227.0,18.403,14.4902,3
E09000010,Enfield,E01001513,Enfield 012F,391562.5,36.0,26.0,16.0,6.0,6.0,42.0,25.0,185.0,93.0,141.0,576.0,33.421,7.43327,2
E09000010,Enfield,E01001514,Enfield 016E,438737.5,5.0,4.0,9.0,2.0,1.0,5.0,4.0,16.0,12.0,36.0,94.0,21.731,5.78446,2
E09000010,Enfield,E01001515,Enfield 015E,364062.5,13.0,12.0,8.0,1.0,0.0,16.0,7.0,24.0,19.0,75.0,175.0,37.118,8.15854,2
E09000010,Enfield,E01001516,Enfield 005D,432437.5,17.0,15.0,7.0,4.0,0.0,22.0,12.0,26.0,31.0,68.0,202.0,28.911,3.86339,1b
E09000010,Enfield,E01001517,Enfield 006C,303750.0,12.0,9.0,8.0,5.0,4.0,5.0,4.0,19.0,21.0,81.0,168.0,48.739,5.99545,2
E09000010,Enfield,E01001518,Enfield 016F,403750.0,9.0,10.0,15.0,2.0,0.0,7.0,4.0,29.0,48.0,50.0,174.0,22.402,8.49619,2
E09000010,Enfield,E01001519,Enfield 020D,356875.0,14.0,19.0,13.0,3.0,1.0,27.0,24.0,52.0,32.0,89.0,274.0,13.242,16.7571,4
E09000010,Enfield,E01001520,Enfield 019A,736250.0,8.0,14.0,3.0,0.0,0.0,6.0,5.0,13.0,16.0,42.0,107.0,17.439,11.8367,3
E09000010,Enfield,E01001521,Enfield 028A,786875.0,4.0,11.0,2.0,0.0,1.0,3.0,2.0,6.0,21.0,17.0,67.0,8.942,11.2338,3
E09000010,Enfield,E01001522,Enfield 019B,394125.0,6.0,4.0,2.0,0.0,0.0,4.0,1.0,29.0,17.0,20.0,83.0,14.078,3.44205,1b
E09000010,Enfield,E01001523,Enfield 019C,538125.0,2.0,6.0,1.0,2.0,0.0,2.0,1.0,3.0,24.0,24.0,65.0,8.803,2.54461,1b
E09000010,Enfield,E01001524,Enfield 019D,739000.0,6.0,4.0,0.0,0.0,0.0,5.0,0.0,4.0,16.0,25.0,60.0,21.144,8.07689,2
E09000010,Enfield,E01001525,Enfield 020E,591312.5,1.0,1.0,4.0,1.0,1.0,10.0,0.0,9.0,22.0,43.0,92.0,16.784,8.66593,2
E09000010,Enfield,E01001526,Enfield 019E,774498.75,4.0,7.0,0.0,0.0,0.0,2.0,1.0,2.0,19.0,10.0,45.0,10.158,3.27332,1b
E09000010,Enfield,E01001527,Enfield 036F,611937.5,5.0,10.0,4.0,4.0,2.0,8.0,5.0,15.0,30.0,33.0,116.0,15.807,8.82121,2
E09000010,Enfield,E01001528,Enfield 032B,358750.0,10.0,12.0,14.0,0.0,5.0,8.0,6.0,19.0,39.0,56.0,169.0,34.923,17.6354,4
E09000010,Enfield,E01001529,Enfield 032C,360000.0,7.0,10.0,4.0,5.0,1.0,6.0,1.0,9.0,22.0,49.0,114.0,32.233,23.4961,5
E09000010,Enfield,E01001530,Enfield 032D,631275.0,7.0,8.0,4.0,5.0,3.0,3.0,0.0,9.0,13.0,29.0,81.0,20.501,16.4096,4
E09000010,Enfield,E01001531,Enfield 028B,970000.0,1.0,4.0,0.0,5.0,1.0,0.0,0.0,7.0,14.0,6.0,38.0,8.429,5.2557,2
E09000010,Enfield,E01001532,Enfield 028C,940656.25,7.0,11.0,6.0,0.0,1.0,6.0,0.0,11.0,30.0,16.0,88.0,8.506,6.98344,2
E09000010,Enfield,E01001533,Enfield 028D,846812.5,3.0,6.0,0.0,0.0,0.0,2.0,1.0,4.0,27.0,7.0,50.0,7.078,5.02745,2
E09000010,Enfield,E01001534,Enfield 032E,756937.5,10.0,6.0,9.0,2.0,2.0,16.0,5.0,30.0,47.0,38.0,165.0,11.197,15.5492,4
E09000010,Enfield,E01001535,Enfield 028E,842624.75,6.0,8.0,4.0,3.0,3.0,10.0,8.0,6.0,28.0,31.0,107.0,14.357,12.4735,3
E09000010,Enfield,E01001536,Enfield 008B,637187.5,16.0,38.0,11.0,1.0,4.0,40.0,30.0,135.0,44.0,80.0,399.0,18.752,16.2406,4
E09000010,Enfield,E01001537,Enfield 005E,348624.375,11.0,12.0,1.0,2.0,1.0,3.0,3.0,10.0,19.0,21.0,83.0,11.559,3.08794,1b
E09000010,Enfield,E01001538,Enfield 009A,568687.5,3.0,7.0,0.0,4.0,0.0,1.0,2.0,3.0,16.0,13.0,49.0,11.124,2.47806,1a
E09000010,Enfield,E01001539,Enfield 009B,491500.0,11.0,3.0,1.0,1.0,0.0,7.0,3.0,11.0,12.0,19.0,68.0,15.185,3.62389,1b
E09000010,Enfield,E01001540,Enfield 008C,327125.0,8.0,18.0,2.0,0.0,0.0,10.0,4.0,78.0,35.0,40.0,195.0,14.261,10.0645,3
E09000010,Enfield,E01001541,Enfield 008D,491250.0,10.0,7.0,1.0,1.0,0.0,2.0,0.0,15.0,20.0,14.0,70.0,9.711,7.14989,2
E09000010,Enfield,E01001542,Enfield 008E,336000.0,6.0,8.0,3.0,1.0,0.0,10.0,3.0,11.0,16.0,39.0,97.0,18.608,6.09526,2
E09000010,Enfield,E01001543,Enfield 009C,575750.0,2.0,6.0,4.0,2.0,1.0,1.0,0.0,6.0,17.0,21.0,60.0,9.625,3.31608,1b
E09000010,Enfield,E01001544,Enfield 009D,615875.0,11.0,13.0,5.0,0.0,3.0,7.0,3.0,23.0,26.0,58.0,149.0,9.567,13.137,3
E09000010,Enfield,E01001545,Enfield 002B,298500.0,10.0,8.0,10.0,5.0,0.0,7.0,3.0,13.0,16.0,59.0,131.0,45.483,3.99603,1b
E09000010,Enfield,E01001546,Enfield 001C,423125.0,9.0,13.0,3.0,5.0,0.0,12.0,4.0,14.0,17.0,41.0,118.0,27.925,4.36887,1b
E09000010,Enfield,E01001547,Enfield 002C,448875.0,10.0,15.0,10.0,2.0,7.0,20.0,5.0,41.0,33.0,60.0,203.0,29.152,7.18474,2
E09000010,Enfield,E01001548,Enfield 002D,401498.75,8.0,18.0,7.0,3.0,3.0,5.0,5.0,10.0,22.0,61.0,142.0,32.093,5.88398,2
E09000010,Enfield,E01001549,Enfield 006D,248958.33333333334,14.0,9.0,17.0,5.0,0.0,16.0,4.0,33.0,21.0,65.0,184.0,42.876,4.96912,1b
E09000010,Enfield,E01001550,Enfield 006E,411000.0,8.0,5.0,2.0,1.0,1.0,8.0,3.0,10.0,19.0,35.0,92.0,36.024,4.12527,1b
E09000010,Enfield,E01001551,Enfield 002E,411333.3333333333,20.0,24.0,10.0,6.0,2.0,19.0,1.0,29.0,25.0,57.0,193.0,42.143,3.8337,1b
E09000010,Enfield,E01001552,Enfield 001D,470625.0,12.0,24.0,3.0,0.0,2.0,16.0,13.0,25.0,34.0,59.0,188.0,26.37,7.18376,2
E09000010,Enfield,E01001553,Enfield 037B,410250.0,7.0,7.0,7.0,4.0,0.0,7.0,2.0,9.0,23.0,36.0,102.0,38.285,6.27548,2
E09000010,Enfield,E01001554,Enfield 037C,,20.0,19.0,45.0,54.0,11.0,13.0,18.0,35.0,25.0,90.0,330.0,42.024,14.8202,3
E09000010,Enfield,E01001555,Enfield 033C,400125.0,18.0,17.0,19.0,11.0,4.0,17.0,11.0,34.0,53.0,66.0,250.0,34.676,16.8233,4
E09000010,Enfield,E01001556,Enfield 035E,526875.0,6.0,6.0,6.0,0.0,0.0,14.0,1.0,11.0,20.0,25.0,89.0,19.27,5.51978,2
E09000010,Enfield,E01001557,Enfield 033D,400000.0,4.0,14.0,3.0,1.0,0.0,10.0,1.0,17.0,31.0,50.0,131.0,30.164,4.19238,1b
E09000010,Enfield,E01001558,Enfield 033E,310000.0,25.0,20.0,33.0,14.0,7.0,38.0,28.0,157.0,52.0,125.0,499.0,39.726,19.9923,4
E09000010,Enfield,E01001559,Enfield 033F,369125.0,36.0,22.0,22.0,8.0,4.0,32.0,13.0,308.0,240.0,97.0,782.0,41.09,4.19771,1b
E09000010,Enfield,E01001560,Enfield 035F,487499.75,14.0,6.0,6.0,3.0,1.0,6.0,7.0,9.0,23.0,52.0,127.0,34.488,8.10062,2
E09000010,Enfield,E01001562,Enfield 037D,208562.5,8.0,21.0,9.0,2.0,1.0,12.0,3.0,25.0,25.0,79.0,185.0,46.641,6.18583,2
E09000010,Enfield,E01032574,Enfield 037E,415250.0,29.0,23.0,13.0,5.0,4.0,42.0,5.0,81.0,110.0,197.0,509.0,31.481,10.6691,3
E09000010,Enfield,E01033146,Enfield 025F,240000.0,6.0,9.0,7.0,1.0,0.0,3.0,0.0,21.0,28.0,43.0,118.0,37.571,4.5284,1b
E09000010,Enfield,E01033148,Enfield 003F,400000.0,12.0,13.0,7.0,0.0,1.0,7.0,8.0,20.0,12.0,46.0,126.0,35.962,1.95646,1a
E09000010,Enfield,E01033150,Enfield 003G,270312.5,20.0,11.0,4.0,2.0,1.0,7.0,3.0,15.0,23.0,52.0,138.0,26.753,4.59153,1b
E09000010,Enfield,E01033151,Enfield 025G,227000.0,13.0,11.0,20.0,1.0,3.0,5.0,5.0,13.0,33.0,36.0,140.0,39.664,1.50806,1a
E09000010,Enfield,E01001563,Enfield 029C,517750.0,17.0,24.0,6.0,2.0,2.0,19.0,2.0,126.0,42.0,53.0,293.0,16.576,7.85202,2
E09000010,Enfield,E01001564,Enfield 022B,761437.5,7.0,2.0,3.0,1.0,0.0,2.0,2.0,4.0,27.0,13.0,61.0,10.265,8.09673,2
E09000010,Enfield,E01001565,Enfield 029D,765134.375,2.0,4.0,2.0,1.0,1.0,0.0,0.0,6.0,13.0,14.0,43.0,16.271,6.13872,2
E09000010,Enfield,E01001566,Enfield 029E,914187.5,10.0,4.0,1.0,2.0,0.0,3.0,0.0,15.0,15.0,21.0,71.0,13.927,10.6742,3
E09000010,Enfield,E01001567,Enfield 022C,970625.0,6.0,8.0,1.0,0.0,0.0,1.0,0.0,5.0,21.0,19.0,61.0,6.287,7.63737,2
E09000010,Enfield,E01001568,Enfield 022D,1129375.0,7.0,8.0,1.0,0.0,0.0,1.0,1.0,3.0,25.0,7.0,53.0,9.832,4.31206,1b
E09000010,Enfield,E01001569,Enfield 022E,652500.0,8.0,13.0,1.0,3.0,0.0,11.0,0.0,13.0,24.0,34.0,107.0,10.386,9.19083,2
E09000010,Enfield,E01001570,Enfield 026E,519925.0,11.0,11.0,11.0,3.0,2.0,9.0,4.0,85.0,29.0,47.0,212.0,17.923,4.11679,1b
E09000011,Greenwich,E01001571,Greenwich 008A,406125.0,10.0,16.0,5.0,5.0,1.0,6.0,4.0,20.0,22.0,50.0,139.0,17.934,7.74002,2
E09000011,Greenwich,E01001572,Greenwich 008B,421250.0,10.0,10.0,4.0,1.0,1.0,2.0,2.0,6.0,17.0,26.0,79.0,15.488,12.9467,3
E09000011,Greenwich,E01001573,Greenwich 008C,413000.0,12.0,22.0,11.0,3.0,0.0,3.0,1.0,30.0,17.0,18.0,117.0,15.713,8.06914,2
E09000011,Greenwich,E01001574,Greenwich 008D,312125.0,24.0,5.0,10.0,3.0,3.0,9.0,4.0,27.0,18.0,99.0,202.0,39.32,4.48118,1b
E09000011,Greenwich,E01001575,Greenwich 003A,379250.0,20.0,8.0,15.0,8.0,1.0,8.0,3.0,25.0,26.0,74.0,188.0,47.53,11.7311,3
E09000011,Greenwich,E01001576,Greenwich 003B,368750.0,17.0,5.0,11.0,3.0,5.0,10.0,5.0,21.0,26.0,75.0,178.0,39.498,4.19249,1b
E09000011,Greenwich,E01001577,Greenwich 003C,330625.0,14.0,5.0,12.0,0.0,1.0,8.0,1.0,15.0,20.0,55.0,131.0,33.562,12.0021,3
E09000011,Greenwich,E01001578,Greenwich 003D,398562.5,21.0,24.0,10.0,5.0,2.0,22.0,9.0,51.0,50.0,84.0,278.0,26.804,13.1268,3
E09000011,Greenwich,E01001579,Greenwich 003E,360262.5,13.0,9.0,12.0,0.0,9.0,8.0,2.0,15.0,19.0,44.0,131.0,37.671,4.57239,1b
E09000011,Greenwich,E01001580,Greenwich 021A,579300.0,11.0,8.0,11.0,3.0,0.0,25.0,12.0,74.0,34.0,31.0,209.0,10.762,13.6361,3
E09000011,Greenwich,E01001581,Greenwich 016A,535750.0,12.0,20.0,1.0,2.0,0.0,9.0,3.0,28.0,18.0,48.0,141.0,20.417,18.2808,4
E09000011,Greenwich,E01001582,Greenwich 021B,526250.0,10.0,7.0,4.0,1.0,0.0,9.0,2.0,19.0,15.0,46.0,113.0,23.276,5.49672,2
E09000011,Greenwich,E01001583,Greenwich 021C,432500.0,7.0,1.0,2.0,1.0,1.0,5.0,0.0,4.0,15.0,22.0,58.0,13.467,6.40135,2
E09000011,Greenwich,E01001584,Greenwich 021D,756562.5,8.0,10.0,2.0,2.0,1.0,3.0,0.0,14.0,10.0,14.0,64.0,8.831,7.16297,2
E09000011,Greenwich,E01001585,Greenwich 016B,710000.0,9.0,5.0,1.0,4.0,1.0,7.0,3.0,16.0,23.0,25.0,94.0,12.942,13.5187,3
E09000011,Greenwich,E01001586,Greenwich 016C,394437.5,1.0,3.0,3.0,2.0,1.0,7.0,3.0,15.0,15.0,23.0,73.0,24.143,14.2767,3
E09000011,Greenwich,E01001587,Greenwich 016D,554425.0,3.0,7.0,3.0,1.0,1.0,7.0,2.0,15.0,23.0,19.0,81.0,12.083,10.9412,3
E09000011,Greenwich,E01001588,Greenwich 012A,426000.0,12.0,3.0,4.0,3.0,0.0,7.0,3.0,19.0,16.0,37.0,104.0,36.01,9.09045,2
E09000011,Greenwich,E01001589,Greenwich 012B,468875.0,11.0,9.0,36.0,0.0,3.0,17.0,5.0,25.0,16.0,82.0,204.0,27.748,15.3215,4
E09000011,Greenwich,E01001590,Greenwich 014A,533915.625,6.0,5.0,5.0,2.0,1.0,4.0,2.0,24.0,24.0,33.0,106.0,18.27,18.1375,4
E09000011,Greenwich,E01001591,Greenwich 012C,348418.75,14.0,10.0,11.0,2.0,3.0,7.0,5.0,90.0,26.0,75.0,243.0,31.725,15.4697,4
E09000011,Greenwich,E01001592,Greenwich 014B,643937.5,4.0,4.0,1.0,6.0,0.0,5.0,0.0,10.0,19.0,17.0,66.0,14.689,15.1137,4
E09000011,Greenwich,E01001593,Greenwich 014C,599375.0,3.0,1.0,4.0,1.0,0.0,4.0,0.0,6.0,17.0,19.0,55.0,11.428,13.6624,3
E09000011,Greenwich,E01001594,Greenwich 014D,317500.0,8.0,5.0,3.0,3.0,1.0,14.0,1.0,8.0,16.0,70.0,129.0,36.347,11.2771,3
E09000011,Greenwich,E01001595,Greenwich 012D,564250.0,16.0,9.0,4.0,0.0,1.0,9.0,5.0,21.0,27.0,46.0,138.0,23.247,8.93928,2
E09000011,Greenwich,E01001596,Greenwich 032A,590000.0,3.0,4.0,0.0,1.0,0.0,3.0,2.0,0.0,14.0,9.0,36.0,9.357,4.12536,1b
E09000011,Greenwich,E01001597,Greenwich 031A,507687.5,9.0,3.0,5.0,1.0,0.0,9.0,2.0,20.0,19.0,28.0,96.0,15.157,9.20431,2
E09000011,Greenwich,E01001598,Greenwich 031B,546875.0,7.0,2.0,2.0,2.0,0.0,3.0,3.0,12.0,13.0,22.0,66.0,14.161,7.24491,2
E09000011,Greenwich,E01001599,Greenwich 032B,556750.0,10.0,1.0,7.0,1.0,1.0,8.0,4.0,33.0,16.0,43.0,124.0,17.402,5.55739,2
E09000011,Greenwich,E01001600,Greenwich 032C,378050.0,5.0,7.0,2.0,1.0,0.0,8.0,3.0,13.0,18.0,29.0,86.0,13.508,11.0486,3
E09000011,Greenwich,E01001601,Greenwich 032D,558750.0,8.0,1.0,1.0,1.0,0.0,2.0,0.0,4.0,11.0,18.0,46.0,10.965,7.92187,2
E09000011,Greenwich,E01001602,Greenwich 031C,431375.0,9.0,5.0,7.0,3.0,1.0,15.0,1.0,11.0,17.0,70.0,139.0,32.404,5.5598,2
E09000011,Greenwich,E01001603,Greenwich 031D,385000.0,8.0,6.0,4.0,3.0,0.0,9.0,3.0,9.0,16.0,70.0,128.0,36.698,6.56139,2
E09000011,Greenwich,E01001604,Greenwich 027A,693437.5,10.0,6.0,4.0,4.0,4.0,5.0,3.0,39.0,16.0,43.0,134.0,13.453,16.4534,4
E09000011,Greenwich,E01001605,Greenwich 023A,565937.5,3.0,3.0,2.0,0.0,0.0,5.0,0.0,4.0,20.0,14.0,51.0,7.194,5.17734,2
E09000011,Greenwich,E01001606,Greenwich 023B,543437.5,3.0,2.0,2.0,1.0,1.0,1.0,0.0,1.0,17.0,18.0,46.0,6.397,3.93432,1b
E09000011,Greenwich,E01001607,Greenwich 027B,611750.0,4.0,7.0,5.0,0.0,0.0,11.0,2.0,16.0,27.0,37.0,109.0,17.855,10.7723,3
E09000011,Greenwich,E01001608,Greenwich 027C,756875.0,8.0,9.0,4.0,3.0,0.0,3.0,1.0,7.0,26.0,20.0,81.0,14.25,9.34922,2
E09000011,Greenwich,E01001609,Greenwich 027D,526048.75,26.0,15.0,17.0,2.0,4.0,47.0,19.0,133.0,24.0,124.0,411.0,21.984,20.6723,5
E09000011,Greenwich,E01001610,Greenwich 023C,491312.5,2.0,12.0,2.0,1.0,0.0,5.0,0.0,2.0,14.0,37.0,75.0,12.889,3.3297,1b
E09000011,Greenwich,E01001611,Greenwich 023D,489000.0,6.0,7.0,6.0,2.0,1.0,7.0,3.0,8.0,17.0,27.0,84.0,18.934,5.26864,2
E09000011,Greenwich,E01001613,Greenwich 028A,377225.0,11.0,31.0,9.0,1.0,0.0,9.0,1.0,11.0,19.0,33.0,125.0,20.04,9.08314,2
E09000011,Greenwich,E01001614,Greenwich 028B,749562.5,7.0,6.0,7.0,1.0,1.0,6.0,3.0,33.0,6.0,30.0,100.0,8.565,6.93113,2
E09000011,Greenwich,E01001615,Greenwich 028C,326250.0,18.0,11.0,19.0,7.0,4.0,37.0,11.0,192.0,28.0,96.0,423.0,20.234,9.83596,2
E09000011,Greenwich,E01001617,Greenwich 028D,366875.0,7.0,11.0,5.0,1.0,0.0,8.0,5.0,65.0,16.0,41.0,159.0,8.775,9.25403,2
E09000011,Greenwich,E01001618,Greenwich 030C,566375.0,10.0,3.0,9.0,3.0,1.0,9.0,0.0,6.0,9.0,45.0,95.0,23.606,6.40856,2
E09000011,Greenwich,E01001619,Greenwich 030D,360250.0,6.0,4.0,5.0,1.0,3.0,5.0,2.0,9.0,7.0,36.0,78.0,14.743,10.172,3
E09000011,Greenwich,E01001620,Greenwich 025A,477500.0,10.0,3.0,5.0,0.0,2.0,6.0,1.0,31.0,13.0,41.0,112.0,31.693,7.6276,2
E09000011,Greenwich,E01001621,Greenwich 025B,467500.0,7.0,7.0,10.0,0.0,0.0,4.0,2.0,7.0,15.0,37.0,89.0,31.869,16.7791,4
E09000011,Greenwich,E01001623,Greenwich 025C,416375.0,12.0,4.0,3.0,3.0,0.0,7.0,0.0,11.0,16.0,55.0,111.0,24.743,9.01112,2
E09000011,Greenwich,E01001624,Greenwich 025D,440375.0,12.0,4.0,4.0,2.0,3.0,9.0,5.0,8.0,15.0,34.0,96.0,25.331,6.64714,2
E09000011,Greenwich,E01001625,Greenwich 025E,418250.0,12.0,12.0,10.0,2.0,1.0,11.0,1.0,10.0,9.0,59.0,127.0,40.633,6.10696,2
E09000011,Greenwich,E01001629,Greenwich 009A,328750.0,9.0,18.0,20.0,3.0,3.0,11.0,5.0,17.0,13.0,82.0,181.0,30.377,28.0165,6a
E09000011,Greenwich,E01001631,Greenwich 007B,234333.33333333334,10.0,10.0,19.0,1.0,3.0,32.0,10.0,32.0,21.0,128.0,266.0,34.131,23.6378,5
E09000011,Greenwich,E01001632,Greenwich 007C,368375.0,18.0,8.0,9.0,1.0,3.0,21.0,5.0,16.0,21.0,47.0,149.0,18.55,17.7636,4
E09000011,Greenwich,E01001633,Greenwich 009B,341500.0,7.0,5.0,5.0,2.0,0.0,8.0,2.0,14.0,19.0,68.0,130.0,34.156,9.81652,2
E09000011,Greenwich,E01001634,Greenwich 009C,262500.0,10.0,10.0,9.0,1.0,0.0,11.0,2.0,8.0,10.0,44.0,105.0,41.733,11.0927,3
E09000011,Greenwich,E01001635,Greenwich 007D,392125.0,6.0,5.0,2.0,0.0,1.0,2.0,2.0,7.0,11.0,29.0,65.0,23.232,6.77586,2
E09000011,Greenwich,E01001636,Greenwich 007E,434937.5,20.0,10.0,10.0,5.0,1.0,14.0,5.0,23.0,20.0,63.0,171.0,25.682,9.82039,2
E09000011,Greenwich,E01001637,Greenwich 009D,398326.5,12.0,12.0,1.0,3.0,0.0,7.0,4.0,11.0,35.0,55.0,140.0,27.056,8.01945,2
E09000011,Greenwich,E01001638,Greenwich 038A,377916.6666666667,8.0,7.0,11.0,6.0,0.0,5.0,1.0,17.0,8.0,41.0,104.0,28.086,15.6187,4
E09000011,Greenwich,E01001640,Greenwich 035A,475562.5,9.0,14.0,45.0,1.0,6.0,35.0,19.0,128.0,18.0,85.0,360.0,30.555,21.108,5
E09000011,Greenwich,E01001641,Greenwich 038B,661875.0,25.0,27.0,25.0,3.0,2.0,28.0,14.0,202.0,24.0,114.0,464.0,16.332,22.003,5
E09000011,Greenwich,E01001642,Greenwich 038C,813125.0,20.0,9.0,11.0,4.0,1.0,19.0,9.0,75.0,36.0,47.0,231.0,11.497,7.90462,2
E09000011,Greenwich,E01001644,Greenwich 038D,450312.5,9.0,13.0,18.0,3.0,4.0,21.0,3.0,66.0,48.0,54.0,239.0,17.25,20.0301,5
E09000011,Greenwich,E01001645,Greenwich 022A,388875.0,8.0,10.0,3.0,5.0,1.0,11.0,6.0,9.0,14.0,63.0,130.0,27.85,4.08741,1b
E09000011,Greenwich,E01001646,Greenwich 019A,311125.0,9.0,5.0,6.0,3.0,1.0,11.0,2.0,30.0,24.0,94.0,185.0,25.032,10.1039,3
E09000011,Greenwich,E01001647,Greenwich 022B,595000.0,5.0,8.0,6.0,2.0,1.0,3.0,2.0,11.0,20.0,17.0,75.0,21.637,5.0229,2
E09000011,Greenwich,E01001648,Greenwich 022C,427750.0,4.0,6.0,8.0,3.0,1.0,9.0,7.0,17.0,11.0,24.0,90.0,19.236,3.83941,1b
E09000011,Greenwich,E01001649,Greenwich 022D,467500.0,7.0,4.0,6.0,1.0,0.0,10.0,1.0,8.0,15.0,45.0,97.0,35.196,2.25407,1a
E09000011,Greenwich,E01001650,Greenwich 019B,495000.0,4.0,10.0,4.0,2.0,3.0,11.0,4.0,20.0,23.0,34.0,115.0,31.966,6.70168,2
E09000011,Greenwich,E01001651,Greenwich 019C,390875.0,20.0,9.0,7.0,4.0,2.0,24.0,4.0,25.0,34.0,48.0,177.0,43.603,4.89099,1b
E09000011,Greenwich,E01001652,Greenwich 019D,553625.0,9.0,7.0,11.0,1.0,1.0,9.0,0.0,49.0,31.0,40.0,158.0,17.489,7.27366,2
E09000011,Greenwich,E01001653,Greenwich 029A,307750.0,20.0,6.0,6.0,3.0,1.0,13.0,3.0,11.0,22.0,80.0,165.0,40.929,3.33861,1b
E09000011,Greenwich,E01001654,Greenwich 029B,384250.0,22.0,9.0,4.0,4.0,0.0,8.0,1.0,10.0,13.0,77.0,148.0,39.916,2.71472,1b
E09000011,Greenwich,E01001655,Greenwich 029C,334000.0,11.0,6.0,5.0,3.0,2.0,20.0,2.0,19.0,8.0,77.0,153.0,42.546,5.77586,2
E09000011,Greenwich,E01001656,Greenwich 034A,686250.0,3.0,2.0,2.0,1.0,0.0,4.0,3.0,7.0,6.0,25.0,53.0,18.273,3.82789,1b
E09000011,Greenwich,E01001657,Greenwich 034B,601375.0,9.0,12.0,4.0,0.0,0.0,7.0,1.0,14.0,14.0,33.0,94.0,11.265,8.32607,2
E09000011,Greenwich,E01001658,Greenwich 034C,371875.0,8.0,7.0,3.0,2.0,0.0,4.0,0.0,20.0,23.0,36.0,103.0,18.198,6.88436,2
E09000011,Greenwich,E01001659,Greenwich 034D,705312.5,12.0,4.0,9.0,0.0,2.0,6.0,5.0,29.0,21.0,36.0,124.0,20.724,7.59428,2
E09000011,Greenwich,E01001660,Greenwich 029D,444375.0,9.0,4.0,14.0,3.0,2.0,11.0,1.0,10.0,20.0,42.0,116.0,33.571,4.25407,1b
E09000011,Greenwich,E01001661,Greenwich 029E,411875.0,24.0,3.0,13.0,3.0,1.0,15.0,4.0,12.0,20.0,75.0,170.0,35.08,6.34564,2
E09000011,Greenwich,E01001662,Greenwich 037A,551250.0,5.0,11.0,8.0,0.0,0.0,10.0,1.0,22.0,2.0,39.0,98.0,22.073,14.7547,3
E09000011,Greenwich,E01001664,Greenwich 037B,686250.0,14.0,25.0,19.0,1.0,2.0,21.0,7.0,51.0,32.0,49.0,221.0,21.316,18.6908,4
E09000011,Greenwich,E01001665,Greenwich 037C,759437.5,16.0,18.0,9.0,2.0,4.0,18.0,2.0,29.0,32.0,72.0,202.0,17.153,17.1326,4
E09000011,Greenwich,E01001666,Greenwich 036A,503750.0,18.0,36.0,7.0,2.0,0.0,21.0,10.0,189.0,71.0,85.0,439.0,25.344,13.3967,3
E09000011,Greenwich,E01001667,Greenwich 036B,600625.0,11.0,12.0,10.0,2.0,2.0,18.0,3.0,26.0,30.0,47.0,161.0,42.578,9.6074,2
E09000011,Greenwich,E01001668,Greenwich 036C,626500.0,18.0,7.0,6.0,1.0,2.0,14.0,5.0,52.0,38.0,60.0,203.0,26.89,15.0711,4
E09000011,Greenwich,E01001669,Greenwich 033A,380000.0,22.0,19.0,17.0,4.0,1.0,26.0,1.0,29.0,32.0,83.0,234.0,27.835,4.49534,1b
E09000011,Greenwich,E01001671,Greenwich 033B,386500.0,10.0,5.0,2.0,1.0,2.0,7.0,2.0,11.0,21.0,57.0,118.0,22.947,4.85209,1b
E09000011,Greenwich,E01001672,Greenwich 006A,368125.0,7.0,8.0,9.0,3.0,2.0,7.0,1.0,11.0,21.0,48.0,117.0,27.142,6.79843,2
E09000011,Greenwich,E01001673,Greenwich 006B,336625.0,19.0,16.0,35.0,4.0,2.0,23.0,6.0,39.0,17.0,92.0,253.0,35.883,18.9953,4
E09000011,Greenwich,E01001674,Greenwich 006C,403125.0,21.0,18.0,14.0,4.0,0.0,4.0,5.0,18.0,28.0,52.0,164.0,22.128,8.69146,2
E09000011,Greenwich,E01001675,Greenwich 006D,394166.6666666667,16.0,11.0,17.0,4.0,4.0,24.0,12.0,39.0,12.0,86.0,225.0,28.69,13.2773,3
E09000011,Greenwich,E01001676,Greenwich 033C,369000.0,16.0,7.0,12.0,5.0,5.0,11.0,6.0,32.0,20.0,63.0,177.0,28.338,9.76127,2
E09000011,Greenwich,E01001677,Greenwich 006E,383623.125,19.0,9.0,30.0,1.0,2.0,16.0,5.0,17.0,28.0,69.0,196.0,19.733,8.80362,2
E09000011,Greenwich,E01001678,Greenwich 017A,414812.5,7.0,13.0,1.0,0.0,1.0,7.0,2.0,13.0,17.0,34.0,95.0,14.09,4.0287,1b
E09000011,Greenwich,E01001679,Greenwich 020A,438475.0,8.0,3.0,3.0,1.0,1.0,7.0,0.0,8.0,10.0,25.0,66.0,13.493,4.96099,1b
E09000011,Greenwich,E01001680,Greenwich 020B,587562.5,4.0,7.0,0.0,2.0,0.0,2.0,0.0,7.0,13.0,11.0,46.0,8.857,3.20166,1b
E09000011,Greenwich,E01001681,Greenwich 020C,513875.0,3.0,0.0,6.0,2.0,1.0,2.0,2.0,9.0,17.0,27.0,69.0,18.3,5.21925,2
E09000011,Greenwich,E01001682,Greenwich 020D,481875.0,6.0,10.0,5.0,2.0,1.0,9.0,0.0,9.0,11.0,46.0,99.0,18.224,5.11951,2
E09000011,Greenwich,E01001683,Greenwich 017B,524812.5,14.0,13.0,4.0,0.0,3.0,8.0,6.0,32.0,22.0,46.0,148.0,22.811,6.50069,2
E09000011,Greenwich,E01001684,Greenwich 017C,431875.0,6.0,4.0,1.0,4.0,1.0,0.0,0.0,5.0,6.0,38.0,65.0,24.72,4.61331,1b
E09000011,Greenwich,E01001685,Greenwich 017D,400875.0,7.0,7.0,2.0,0.0,0.0,9.0,2.0,19.0,19.0,31.0,96.0,17.339,4.76072,1b
E09000011,Greenwich,E01001686,Greenwich 020E,374500.0,16.0,6.0,4.0,2.0,1.0,9.0,2.0,13.0,31.0,58.0,142.0,20.534,4.7133,1b
E09000011,Greenwich,E01001687,Greenwich 002A,,30.0,24.0,4.0,10.0,3.0,14.0,2.0,14.0,34.0,93.0,228.0,35.651,9.81414,2
E09000011,Greenwich,E01001688,Greenwich 002B,291125.0,27.0,8.0,17.0,4.0,2.0,22.0,8.0,45.0,36.0,112.0,281.0,26.616,8.81189,2
E09000011,Greenwich,E01001690,Greenwich 001A,294500.0,6.0,8.0,6.0,2.0,1.0,12.0,4.0,11.0,13.0,56.0,119.0,29.707,9.11052,2
E09000011,Greenwich,E01001692,Greenwich 001B,253000.0,12.0,3.0,6.0,3.0,0.0,6.0,1.0,9.0,14.0,42.0,96.0,30.003,5.74261,2
E09000011,Greenwich,E01001693,Greenwich 001C,,14.0,3.0,12.0,3.0,4.0,10.0,3.0,25.0,16.0,56.0,146.0,33.676,9.35191,2
E09000011,Greenwich,E01001694,Greenwich 001D,290000.0,13.0,4.0,20.0,3.0,3.0,7.0,3.0,19.0,11.0,29.0,112.0,23.21,4.59608,1b
E09000011,Greenwich,E01001695,Greenwich 011A,235000.0,10.0,12.0,26.0,1.0,0.0,13.0,2.0,16.0,11.0,52.0,143.0,36.783,30.148,6a
E09000011,Greenwich,E01001696,Greenwich 011B,397500.0,17.0,23.0,36.0,3.0,3.0,28.0,11.0,76.0,15.0,132.0,344.0,36.797,39.5561,6a
E09000011,Greenwich,E01001697,Greenwich 011C,348250.0,13.0,5.0,16.0,5.0,2.0,16.0,5.0,28.0,10.0,75.0,175.0,33.943,17.7606,4
E09000011,Greenwich,E01001698,Greenwich 015A,486000.0,17.0,13.0,23.0,4.0,1.0,19.0,6.0,28.0,21.0,89.0,221.0,29.548,5.18507,2
E09000011,Greenwich,E01001699,Greenwich 015B,438125.0,15.0,19.0,12.0,2.0,2.0,9.0,0.0,27.0,9.0,52.0,147.0,24.705,13.6846,3
E09000011,Greenwich,E01001700,Greenwich 011D,317500.0,14.0,20.0,13.0,3.0,1.0,22.0,11.0,51.0,18.0,81.0,234.0,31.145,12.1093,3
E09000011,Greenwich,E01001701,Greenwich 015C,360875.0,47.0,15.0,20.0,4.0,1.0,42.0,5.0,55.0,34.0,235.0,458.0,29.43,8.75448,2
E09000011,Greenwich,E01001702,Greenwich 015D,380000.0,6.0,4.0,12.0,0.0,1.0,5.0,1.0,2.0,7.0,35.0,73.0,37.853,2.9455,1b
E09000011,Greenwich,E01001703,Greenwich 011E,,23.0,8.0,21.0,7.0,3.0,8.0,4.0,23.0,25.0,89.0,211.0,31.821,6.82808,2
E09000011,Greenwich,E01001704,Greenwich 011F,402375.0,9.0,9.0,6.0,1.0,4.0,8.0,2.0,17.0,20.0,44.0,120.0,23.517,7.74434,2
E09000011,Greenwich,E01001705,Greenwich 005A,245000.0,15.0,15.0,39.0,4.0,4.0,13.0,2.0,42.0,13.0,60.0,207.0,32.594,17.9844,4
E09000011,Greenwich,E01001706,Greenwich 005B,,12.0,9.0,17.0,4.0,3.0,6.0,3.0,24.0,18.0,50.0,146.0,39.488,12.1296,3
E09000011,Greenwich,E01001708,Greenwich 005C,504561.875,6.0,13.0,4.0,0.0,0.0,0.0,0.0,10.0,19.0,21.0,73.0,20.619,10.4058,3
E09000011,Greenwich,E01001709,Greenwich 004B,,23.0,18.0,29.0,6.0,3.0,26.0,9.0,54.0,70.0,81.0,319.0,37.34,9.32718,2
E09000011,Greenwich,E01001710,Greenwich 005D,267500.0,12.0,9.0,12.0,1.0,1.0,9.0,2.0,24.0,15.0,52.0,137.0,33.511,16.733,4
E09000011,Greenwich,E01001711,Greenwich 004C,244281.25,23.0,18.0,29.0,6.0,3.0,26.0,9.0,54.0,70.0,81.0,319.0,27.849,9.86764,2
E09000011,Greenwich,E01001712,Greenwich 004D,212500.0,22.0,13.0,35.0,4.0,5.0,18.0,4.0,20.0,11.0,65.0,197.0,31.332,17.7268,4
E09000011,Greenwich,E01001713,Greenwich 005E,,12.0,9.0,17.0,4.0,3.0,6.0,3.0,24.0,18.0,50.0,146.0,37.076,13.6005,3
E09000011,Greenwich,E01032567,Greenwich 033D,418125.0,7.0,6.0,2.0,0.0,1.0,10.0,0.0,16.0,18.0,34.0,94.0,18.752,4.85676,1b
E09000011,Greenwich,E01033726,Greenwich 034E,449984.375,13.0,5.0,8.0,1.0,3.0,7.0,2.0,7.0,15.0,41.0,102.0,33.551,9.37133,2
E09000011,Greenwich,E01033727,Greenwich 035B,388250.0,17.0,17.0,12.0,4.0,0.0,24.0,17.0,74.0,21.0,50.0,236.0,19.531,11.8607,3
E09000011,Greenwich,E01033728,Greenwich 035C,398750.0,3.0,8.0,9.0,0.0,0.0,5.0,2.0,23.0,7.0,25.0,82.0,9.263,8.09003,2
E09000011,Greenwich,E01033729,Greenwich 030E,419500.0,5.0,11.0,9.0,3.0,1.0,10.0,4.0,21.0,11.0,85.0,160.0,25.081,4.15731,1b
E09000011,Greenwich,E01033730,Greenwich 035D,494375.0,9.0,25.0,4.0,2.0,0.0,10.0,2.0,20.0,13.0,29.0,114.0,17.399,20.1428,5
E09000011,Greenwich,E01033731,Greenwich 004E,434150.0,15.0,35.0,90.0,5.0,8.0,58.0,26.0,100.0,17.0,141.0,495.0,11.694,36.8987,6a
E09000011,Greenwich,E01033732,Greenwich 036D,597663.3333333334,4.0,4.0,1.0,1.0,0.0,3.0,0.0,10.0,10.0,15.0,48.0,25.75,13.3178,3
E09000011,Greenwich,E01033733,Greenwich 036E,589371.25,3.0,12.0,10.0,2.0,4.0,4.0,1.0,16.0,12.0,37.0,101.0,14.648,7.76764,2
E09000011,Greenwich,E01033734,Greenwich 004F,395931.25,4.0,3.0,26.0,2.0,0.0,1.0,0.0,3.0,4.0,25.0,68.0,15.647,13.3084,3
E09000011,Greenwich,E01033735,Greenwich 004G,148375.0,22.0,11.0,32.0,2.0,5.0,55.0,26.0,176.0,22.0,132.0,483.0,27.791,40.2662,6b
E09000011,Greenwich,E01033736,Greenwich 004H,475575.0,2.0,26.0,20.0,2.0,2.0,3.0,5.0,21.0,5.0,30.0,116.0,10.5,24.9444,5
E09000011,Greenwich,E01033737,Greenwich 004I,476562.5,37.0,23.0,75.0,6.0,7.0,51.0,21.0,190.0,33.0,135.0,578.0,33.761,30.0834,6a
E09000011,Greenwich,E01033738,Greenwich 037D,607500.0,20.0,24.0,8.0,4.0,2.0,10.0,10.0,62.0,43.0,74.0,257.0,22.299,17.2565,4
E09000011,Greenwich,E01033739,Greenwich 002E,276875.0,8.0,8.0,6.0,1.0,0.0,2.0,3.0,6.0,16.0,32.0,82.0,19.084,3.32811,1b
E09000011,Greenwich,E01033740,Greenwich 002F,392375.0,10.0,1.0,2.0,4.0,0.0,6.0,2.0,14.0,21.0,50.0,110.0,20.316,5.12954,2
E09000011,Greenwich,E01033741,Greenwich 002G,314500.0,24.0,15.0,8.0,40.0,1.0,22.0,2.0,25.0,53.0,154.0,344.0,19.599,3.98214,1b
E09000011,Greenwich,E01033742,Greenwich 007F,268333.3333333333,4.0,5.0,7.0,3.0,0.0,3.0,3.0,7.0,8.0,30.0,70.0,13.105,3.95321,1b
E09000011,Greenwich,E01033743,Greenwich 002H,302500.0,10.0,2.0,4.0,2.0,0.0,16.0,6.0,213.0,23.0,74.0,350.0,20.968,3.81744,1b
E09000011,Greenwich,E01033744,Greenwich 007G,321981.25,9.0,10.0,12.0,2.0,0.0,15.0,1.0,8.0,19.0,50.0,126.0,29.363,10.1709,3
E09000011,Greenwich,E01033745,Greenwich 002I,380500.0,9.0,6.0,5.0,4.0,1.0,5.0,5.0,16.0,23.0,56.0,130.0,22.101,4.68378,1b
E09000011,Greenwich,E01033746,Greenwich 038E,798000.0,9.0,8.0,1.0,2.0,4.0,5.0,1.0,15.0,21.0,34.0,100.0,21.824,18.9882,4
E09000012,Hackney,E01001714,Hackney 002A,655200.25,4.0,32.0,11.0,1.0,5.0,30.0,14.0,116.0,15.0,74.0,302.0,44.248,22.2945,5
E09000012,Hackney,E01001715,Hackney 007A,604250.0,5.0,3.0,4.0,0.0,0.0,3.0,3.0,13.0,26.0,26.0,83.0,28.349,34.1677,6a
E09000012,Hackney,E01001716,Hackney 007B,435625.0,16.0,6.0,4.0,3.0,1.0,20.0,9.0,43.0,14.0,46.0,162.0,37.112,38.1211,6a
E09000012,Hackney,E01001717,Hackney 007C,591875.0,3.0,1.0,3.0,0.0,2.0,5.0,1.0,31.0,5.0,24.0,75.0,27.475,13.3067,3
E09000012,Hackney,E01001718,Hackney 007D,638125.0,20.0,13.0,30.0,6.0,4.0,22.0,24.0,128.0,29.0,63.0,339.0,20.149,45.3669,6b
E09000012,Hackney,E01001719,Hackney 007E,517250.0,10.0,4.0,1.0,2.0,1.0,9.0,7.0,38.0,8.0,42.0,122.0,35.72,13.1775,3
E09000012,Hackney,E01001720,Hackney 007F,653750.0,6.0,9.0,7.0,4.0,1.0,8.0,7.0,40.0,14.0,25.0,121.0,19.773,26.0275,6a
E09000012,Hackney,E01001722,Hackney 029A,496250.0,10.0,10.0,15.0,4.0,2.0,23.0,11.0,34.0,16.0,67.0,192.0,31.702,15.7142,4
E09000012,Hackney,E01001723,Hackney 006A,646937.5,8.0,6.0,2.0,2.0,0.0,6.0,3.0,13.0,23.0,20.0,83.0,22.842,20.1773,5
E09000012,Hackney,E01001724,Hackney 006B,426250.0,13.0,20.0,12.0,4.0,1.0,23.0,10.0,47.0,25.0,69.0,224.0,25.324,22.2223,5
E09000012,Hackney,E01001725,Hackney 004A,,7.0,12.0,5.0,3.0,0.0,7.0,0.0,14.0,15.0,30.0,93.0,26.575,16.4691,4
E09000012,Hackney,E01001726,Hackney 004B,,4.0,5.0,3.0,4.0,3.0,12.0,2.0,10.0,17.0,31.0,91.0,32.84,20.0355,5
E09000012,Hackney,E01001727,Hackney 006C,689000.0,6.0,2.0,2.0,1.0,0.0,4.0,0.0,11.0,23.0,15.0,64.0,22.608,11.8331,3
E09000012,Hackney,E01001728,Hackney 029B,458000.0,2.0,15.0,3.0,1.0,2.0,6.0,2.0,20.0,19.0,25.0,95.0,30.577,13.7357,3
E09000012,Hackney,E01001729,Hackney 019A,312750.0,45.0,26.0,20.0,5.0,3.0,41.0,8.0,128.0,31.0,302.0,609.0,42.01,19.3979,4
E09000012,Hackney,E01001730,Hackney 019B,344375.0,18.0,18.0,12.0,2.0,2.0,22.0,7.0,37.0,13.0,78.0,209.0,45.752,19.9055,4
E09000012,Hackney,E01001731,Hackney 017A,593258.5,25.0,34.0,24.0,3.0,6.0,34.0,21.0,189.0,34.0,123.0,493.0,31.157,28.9991,6a
E09000012,Hackney,E01001732,Hackney 019C,423125.0,15.0,18.0,11.0,1.0,3.0,8.0,10.0,36.0,23.0,70.0,195.0,39.137,22.0533,5
E09000012,Hackney,E01001733,Hackney 015A,861625.0,17.0,13.0,5.0,2.0,3.0,15.0,4.0,61.0,43.0,60.0,223.0,32.404,15.8591,4
E09000012,Hackney,E01001734,Hackney 017B,563750.0,23.0,28.0,19.0,9.0,1.0,21.0,13.0,71.0,38.0,72.0,295.0,36.255,31.4647,6a
E09000012,Hackney,E01001735,Hackney 019D,631250.0,7.0,8.0,25.0,1.0,1.0,18.0,10.0,33.0,16.0,42.0,161.0,35.185,25.1142,6a
E09000012,Hackney,E01001736,Hackney 012A,715662.5,2.0,5.0,3.0,0.0,0.0,8.0,13.0,18.0,13.0,20.0,82.0,21.541,9.24521,2
E09000012,Hackney,E01001737,Hackney 012B,659375.0,5.0,6.0,2.0,1.0,0.0,11.0,3.0,22.0,22.0,31.0,103.0,24.573,9.14911,2
E09000012,Hackney,E01001738,Hackney 012C,673650.0,8.0,16.0,4.0,2.0,0.0,4.0,5.0,34.0,16.0,28.0,117.0,22.939,13.532,3
E09000012,Hackney,E01001739,Hackney 012D,940625.0,9.0,6.0,5.0,2.0,0.0,10.0,9.0,38.0,24.0,43.0,146.0,25.798,15.3851,4
E09000012,Hackney,E01001740,Hackney 014A,496250.0,7.0,14.0,10.0,1.0,2.0,13.0,4.0,26.0,13.0,35.0,125.0,43.901,19.0568,4
E09000012,Hackney,E01001741,Hackney 009A,1037950.0,4.0,7.0,3.0,1.0,0.0,5.0,7.0,25.0,14.0,16.0,82.0,17.772,12.1197,3
E09000012,Hackney,E01001742,Hackney 008A,570625.0,6.0,8.0,4.0,2.0,6.0,13.0,6.0,57.0,13.0,52.0,167.0,28.995,8.91873,2
E09000012,Hackney,E01001744,Hackney 021B,732750.0,11.0,10.0,10.0,3.0,2.0,10.0,7.0,22.0,18.0,29.0,122.0,32.017,25.5591,6a
E09000012,Hackney,E01001745,Hackney 016A,486500.0,14.0,24.0,10.0,1.0,1.0,15.0,4.0,62.0,14.0,52.0,197.0,36.826,16.42,4
E09000012,Hackney,E01001746,Hackney 016B,423000.0,5.0,6.0,6.0,0.0,0.0,1.0,5.0,18.0,13.0,49.0,103.0,35.266,14.8335,3
E09000012,Hackney,E01001747,Hackney 014B,522000.0,20.0,21.0,21.0,3.0,2.0,15.0,17.0,86.0,15.0,73.0,273.0,31.063,24.584,5
E09000012,Hackney,E01001748,Hackney 020A,603125.0,10.0,17.0,14.0,1.0,2.0,8.0,4.0,44.0,24.0,43.0,167.0,32.844,30.7987,6a
E09000012,Hackney,E01001749,Hackney 020B,619625.0,7.0,5.0,3.0,1.0,0.0,4.0,6.0,30.0,30.0,25.0,111.0,31.098,27.3842,6a
E09000012,Hackney,E01001750,Hackney 021C,638750.0,8.0,25.0,20.0,0.0,1.0,16.0,6.0,63.0,31.0,67.0,237.0,36.039,20.7304,5
E09000012,Hackney,E01001751,Hackney 021D,1062500.0,6.0,8.0,6.0,1.0,2.0,3.0,14.0,49.0,11.0,16.0,116.0,18.737,22.086,5
E09000012,Hackney,E01001752,Hackney 025A,636500.0,11.0,13.0,6.0,4.0,2.0,13.0,8.0,90.0,23.0,46.0,216.0,26.838,13.4473,3
E09000012,Hackney,E01001753,Hackney 025B,400000.0,15.0,14.0,9.0,1.0,2.0,3.0,2.0,26.0,27.0,39.0,138.0,35.92,13.2462,3
E09000012,Hackney,E01001754,Hackney 025C,473875.0,8.0,36.0,5.0,2.0,0.0,6.0,6.0,45.0,16.0,38.0,162.0,31.459,19.1709,4
E09000012,Hackney,E01001755,Hackney 025D,456416.6666666667,12.0,13.0,7.0,3.0,1.0,12.0,4.0,46.0,14.0,74.0,186.0,40.073,17.3956,4
E09000012,Hackney,E01001756,Hackney 021E,618262.5,15.0,21.0,18.0,3.0,0.0,12.0,14.0,81.0,33.0,44.0,241.0,23.435,30.4511,6a
E09000012,Hackney,E01001757,Hackney 016C,350500.0,4.0,6.0,11.0,1.0,2.0,4.0,0.0,13.0,17.0,45.0,103.0,31.873,25.3951,6a
E09000012,Hackney,E01001758,Hackney 016D,446375.0,16.0,26.0,17.0,1.0,3.0,32.0,7.0,39.0,13.0,98.0,252.0,38.882,29.7331,6a
E09000012,Hackney,E01001759,Hackney 016E,550694.875,8.0,8.0,11.0,1.0,2.0,6.0,4.0,25.0,18.0,27.0,110.0,28.934,26.6748,6a
E09000012,Hackney,E01001760,Hackney 017C,619921.0,22.0,25.0,19.0,1.0,3.0,59.0,32.0,284.0,21.0,167.0,633.0,39.233,36.8567,6a
E09000012,Hackney,E01001761,Hackney 016F,526875.0,9.0,14.0,12.0,5.0,1.0,12.0,7.0,47.0,13.0,66.0,186.0,47.161,31.5836,6a
E09000012,Hackney,E01001762,Hackney 017D,559712.5,32.0,15.0,14.0,4.0,4.0,25.0,11.0,93.0,30.0,76.0,304.0,27.09,30.3792,6a
E09000012,Hackney,E01001763,Hackney 020C,705562.5,14.0,16.0,2.0,1.0,1.0,9.0,4.0,40.0,32.0,41.0,160.0,22.12,24.9477,5
E09000012,Hackney,E01001764,Hackney 010A,435637.5,5.0,6.0,9.0,3.0,0.0,5.0,5.0,24.0,17.0,51.0,125.0,28.73,19.5365,4
E09000012,Hackney,E01001765,Hackney 010B,478875.0,8.0,7.0,16.0,6.0,1.0,6.0,3.0,19.0,17.0,47.0,130.0,43.409,12.3483,3
E09000012,Hackney,E01001767,Hackney 010D,694711.25,8.0,17.0,11.0,1.0,2.0,12.0,9.0,27.0,31.0,46.0,164.0,33.95,20.2887,5
E09000012,Hackney,E01001768,Hackney 006D,666064.25,16.0,13.0,9.0,1.0,0.0,5.0,2.0,33.0,33.0,38.0,150.0,24.277,20.1154,5
E09000012,Hackney,E01001769,Hackney 006E,746500.0,8.0,7.0,1.0,0.0,1.0,11.0,1.0,23.0,22.0,27.0,101.0,26.759,23.887,5
E09000012,Hackney,E01001770,Hackney 010E,625625.0,11.0,9.0,5.0,0.0,3.0,13.0,14.0,46.0,35.0,45.0,181.0,34.261,24.8603,5
E09000012,Hackney,E01001772,Hackney 024A,369375.0,5.0,13.0,7.0,2.0,2.0,16.0,10.0,25.0,17.0,61.0,158.0,41.78,17.6674,4
E09000012,Hackney,E01001773,Hackney 025E,438833.3333333333,10.0,27.0,13.0,2.0,1.0,8.0,13.0,100.0,36.0,70.0,280.0,38.205,18.3073,4
E09000012,Hackney,E01001774,Hackney 024B,526250.0,6.0,20.0,18.0,11.0,0.0,14.0,11.0,111.0,22.0,60.0,273.0,28.204,17.6693,4
E09000012,Hackney,E01001775,Hackney 024C,405375.0,8.0,10.0,4.0,3.0,0.0,5.0,3.0,38.0,14.0,54.0,139.0,39.266,11.0014,3
E09000012,Hackney,E01001776,Hackney 025F,340375.0,20.0,15.0,6.0,4.0,1.0,12.0,10.0,36.0,38.0,43.0,185.0,45.938,20.6871,5
E09000012,Hackney,E01001777,Hackney 027B,431666.6666666667,17.0,29.0,19.0,3.0,3.0,20.0,18.0,159.0,25.0,87.0,380.0,34.27,25.6752,6a
E09000012,Hackney,E01001779,Hackney 026A,515500.0,9.0,10.0,15.0,0.0,0.0,9.0,1.0,33.0,11.0,30.0,118.0,30.639,26.9558,6a
E09000012,Hackney,E01001780,Hackney 027D,486875.0,24.0,28.0,40.0,5.0,2.0,25.0,32.0,188.0,33.0,71.0,448.0,37.728,37.2004,6a
E09000012,Hackney,E01001781,Hackney 026B,412250.0,10.0,15.0,15.0,2.0,5.0,8.0,12.0,58.0,16.0,71.0,212.0,44.66,17.3974,4
E09000012,Hackney,E01001782,Hackney 026C,604687.5,4.0,7.0,19.0,0.0,2.0,8.0,4.0,35.0,12.0,38.0,129.0,21.076,12.9071,3
E09000012,Hackney,E01001783,Hackney 026D,455750.0,3.0,12.0,10.0,2.0,0.0,7.0,3.0,25.0,11.0,36.0,109.0,38.594,24.3934,5
E09000012,Hackney,E01001784,Hackney 027E,393000.0,6.0,18.0,8.0,4.0,1.0,6.0,10.0,44.0,21.0,40.0,158.0,26.639,22.5587,5
E09000012,Hackney,E01001785,Hackney 015B,931375.0,6.0,5.0,4.0,2.0,0.0,5.0,1.0,21.0,12.0,18.0,74.0,30.74,12.9576,3
E09000012,Hackney,E01001786,Hackney 013A,435000.0,17.0,14.0,7.0,4.0,1.0,12.0,22.0,43.0,24.0,82.0,226.0,37.939,2.67104,1b
E09000012,Hackney,E01001787,Hackney 013B,468775.0,14.0,11.0,8.0,3.0,1.0,10.0,23.0,26.0,14.0,81.0,191.0,43.42,5.03816,2
E09000012,Hackney,E01001788,Hackney 013C,316875.0,8.0,11.0,6.0,4.0,0.0,6.0,7.0,23.0,15.0,37.0,117.0,42.475,3.5312,1b
E09000012,Hackney,E01001789,Hackney 015C,884627.0,7.0,3.0,4.0,0.0,2.0,3.0,3.0,18.0,30.0,40.0,110.0,27.673,5.54548,2
E09000012,Hackney,E01001790,Hackney 013D,322500.0,3.0,11.0,8.0,0.0,0.0,6.0,2.0,13.0,13.0,46.0,102.0,51.961,6.60471,2
E09000012,Hackney,E01001791,Hackney 015D,754687.5,8.0,7.0,6.0,5.0,0.0,12.0,4.0,12.0,17.0,42.0,113.0,32.227,7.56684,2
E09000012,Hackney,E01001792,Hackney 011A,769315.625,11.0,13.0,14.0,0.0,2.0,16.0,11.0,55.0,29.0,36.0,187.0,32.729,21.0307,5
E09000012,Hackney,E01001793,Hackney 011B,636625.0,6.0,6.0,6.0,1.0,1.0,6.0,6.0,24.0,18.0,28.0,102.0,24.873,13.6069,3
E09000012,Hackney,E01001794,Hackney 011C,941250.0,5.0,14.0,16.0,1.0,1.0,9.0,14.0,47.0,45.0,49.0,201.0,26.492,22.9605,5
E09000012,Hackney,E01001795,Hackney 011D,880375.0,10.0,15.0,8.0,2.0,1.0,16.0,3.0,46.0,29.0,54.0,184.0,31.452,18.8688,4
E09000012,Hackney,E01001796,Hackney 011E,659500.0,8.0,10.0,13.0,4.0,3.0,13.0,7.0,50.0,28.0,53.0,189.0,28.427,15.5029,4
E09000012,Hackney,E01001798,Hackney 028A,577500.0,17.0,11.0,12.0,5.0,2.0,9.0,7.0,37.0,22.0,49.0,171.0,46.437,16.1,4
E09000012,Hackney,E01001799,Hackney 003A,502500.0,4.0,7.0,4.0,0.0,0.0,12.0,1.0,16.0,13.0,21.0,78.0,26.539,14.4054,3
E09000012,Hackney,E01001800,Hackney 004C,,7.0,9.0,8.0,3.0,0.0,14.0,5.0,52.0,18.0,52.0,168.0,39.15,20.2464,5
E09000012,Hackney,E01001801,Hackney 008B,657750.0,7.0,8.0,3.0,2.0,0.0,2.0,5.0,7.0,21.0,19.0,74.0,31.423,8.13367,2
E09000012,Hackney,E01001802,Hackney 003B,755660.625,4.0,6.0,7.0,1.0,1.0,5.0,1.0,9.0,16.0,22.0,72.0,33.522,8.90057,2
E09000012,Hackney,E01001803,Hackney 008C,575375.0,4.0,13.0,1.0,0.0,0.0,5.0,1.0,14.0,12.0,26.0,76.0,15.695,6.05651,2
E09000012,Hackney,E01001804,Hackney 003C,707437.5,3.0,5.0,2.0,3.0,1.0,1.0,1.0,4.0,10.0,18.0,48.0,26.466,6.74969,2
E09000012,Hackney,E01001805,Hackney 009B,766666.6666666666,8.0,5.0,12.0,0.0,0.0,12.0,2.0,23.0,17.0,17.0,96.0,27.222,19.5453,4
E09000012,Hackney,E01001806,Hackney 008D,655125.0,8.0,10.0,10.0,1.0,0.0,12.0,18.0,69.0,18.0,49.0,195.0,29.992,8.51787,2
E09000012,Hackney,E01001807,Hackney 003D,485625.0,10.0,8.0,6.0,1.0,0.0,13.0,4.0,13.0,15.0,44.0,114.0,29.104,13.7012,3
E09000012,Hackney,E01001808,Hackney 001A,850000.0,12.0,21.0,12.0,5.0,8.0,31.0,10.0,58.0,15.0,68.0,240.0,30.857,22.7209,5
E09000012,Hackney,E01001809,Hackney 001B,786875.0,7.0,6.0,1.0,1.0,1.0,7.0,6.0,29.0,29.0,34.0,121.0,26.652,21.2494,5
E09000012,Hackney,E01001811,Hackney 002D,453000.0,5.0,15.0,4.0,5.0,2.0,12.0,7.0,24.0,15.0,50.0,139.0,48.58,12.8134,3
E09000012,Hackney,E01001812,Hackney 003E,435000.0,13.0,8.0,3.0,0.0,0.0,7.0,2.0,18.0,27.0,25.0,103.0,29.842,10.5478,3
E09000012,Hackney,E01001813,Hackney 002E,,17.0,11.0,5.0,2.0,1.0,17.0,11.0,56.0,17.0,76.0,213.0,48.476,27.3909,6a
E09000012,Hackney,E01001814,Hackney 001C,300000.0,13.0,4.0,7.0,3.0,1.0,26.0,5.0,47.0,13.0,46.0,165.0,32.729,22.4269,5
E09000012,Hackney,E01001815,Hackney 024D,891875.0,8.0,4.0,3.0,0.0,3.0,2.0,2.0,20.0,18.0,50.0,110.0,36.758,13.0801,3
E09000012,Hackney,E01001816,Hackney 020D,998562.5,8.0,9.0,2.0,3.0,2.0,13.0,13.0,40.0,22.0,41.0,153.0,25.206,12.3444,3
E09000012,Hackney,E01001819,Hackney 020E,1525000.0,8.0,9.0,13.0,1.0,2.0,3.0,7.0,21.0,31.0,27.0,122.0,27.879,14.5195,3
E09000012,Hackney,E01001820,Hackney 024E,558252.5,5.0,3.0,9.0,0.0,0.0,8.0,1.0,16.0,10.0,47.0,99.0,41.027,12.5464,3
E09000012,Hackney,E01001821,Hackney 024F,436812.5,7.0,9.0,5.0,1.0,2.0,10.0,1.0,19.0,14.0,43.0,111.0,43.173,11.2855,3
E09000012,Hackney,E01001822,Hackney 029C,669687.5,19.0,16.0,4.0,0.0,3.0,8.0,10.0,58.0,18.0,67.0,203.0,45.667,11.5382,3
E09000012,Hackney,E01001823,Hackney 001D,665625.0,5.0,13.0,9.0,1.0,0.0,5.0,18.0,19.0,36.0,24.0,130.0,28.315,4.39832,1b
E09000012,Hackney,E01001824,Hackney 004D,550000.0,6.0,13.0,6.0,3.0,2.0,6.0,9.0,30.0,16.0,38.0,129.0,33.87,6.39963,2
E09000012,Hackney,E01001825,Hackney 001E,800000.0,12.0,4.0,2.0,0.0,0.0,6.0,3.0,8.0,19.0,11.0,65.0,26.92,12.8345,3
E09000012,Hackney,E01001826,Hackney 004E,515937.5,10.0,4.0,2.0,1.0,0.0,8.0,2.0,10.0,11.0,26.0,74.0,34.25,15.5592,4
E09000012,Hackney,E01001827,Hackney 029D,450000.0,12.0,15.0,10.0,2.0,6.0,9.0,18.0,28.0,16.0,42.0,158.0,36.874,6.24512,2
E09000012,Hackney,E01001828,Hackney 028B,380187.5,17.0,6.0,11.0,4.0,3.0,12.0,9.0,29.0,33.0,55.0,179.0,34.2,8.10657,2
E09000012,Hackney,E01001829,Hackney 009C,1332125.0,11.0,17.0,7.0,2.0,1.0,12.0,5.0,39.0,10.0,40.0,144.0,16.477,19.9941,4
E09000012,Hackney,E01001830,Hackney 014C,553125.0,40.0,11.0,46.0,7.0,3.0,41.0,4.0,55.0,12.0,109.0,328.0,32.425,19.4194,4
E09000012,Hackney,E01001831,Hackney 009D,751875.0,10.0,22.0,17.0,4.0,2.0,27.0,12.0,81.0,17.0,93.0,285.0,29.178,26.1101,6a
E09000012,Hackney,E01001832,Hackney 009E,570500.0,12.0,18.0,13.0,6.0,1.0,3.0,3.0,28.0,11.0,32.0,127.0,28.103,22.0006,5
E09000012,Hackney,E01001833,Hackney 014D,721112.5,14.0,17.0,10.0,4.0,0.0,12.0,1.0,36.0,26.0,44.0,164.0,31.832,15.7732,4
E09000012,Hackney,E01001834,Hackney 014E,651812.875,8.0,16.0,4.0,2.0,2.0,3.0,4.0,35.0,13.0,42.0,129.0,30.766,17.1627,4
E09000012,Hackney,E01001835,Hackney 014F,985375.0,11.0,7.0,2.0,0.0,0.0,7.0,7.0,19.0,8.0,20.0,81.0,21.313,19.4627,4
E09000012,Hackney,E01001836,Hackney 022A,734125.0,12.0,22.0,4.0,4.0,1.0,15.0,6.0,44.0,33.0,48.0,189.0,26.182,7.14736,2
E09000012,Hackney,E01001837,Hackney 023B,549625.0,6.0,19.0,3.0,0.0,1.0,5.0,4.0,41.0,18.0,24.0,121.0,17.083,19.0507,4
E09000012,Hackney,E01001838,Hackney 019E,467500.0,14.0,20.0,4.0,2.0,0.0,17.0,4.0,24.0,19.0,50.0,154.0,46.392,22.4844,5
E09000012,Hackney,E01001839,Hackney 023C,599750.0,35.0,32.0,16.0,2.0,3.0,58.0,13.0,105.0,36.0,122.0,422.0,38.772,27.0887,6a
E09000012,Hackney,E01001840,Hackney 022B,563125.0,18.0,11.0,7.0,3.0,3.0,25.0,1.0,26.0,27.0,48.0,169.0,40.008,17.0152,4
E09000012,Hackney,E01001841,Hackney 022C,1142500.0,8.0,12.0,3.0,3.0,1.0,9.0,1.0,19.0,23.0,28.0,107.0,31.696,7.21144,2
E09000012,Hackney,E01001842,Hackney 023D,664625.0,10.0,6.0,2.0,1.0,0.0,7.0,2.0,29.0,14.0,56.0,127.0,39.524,19.8267,4
E09000012,Hackney,E01001843,Hackney 023E,803125.0,13.0,4.0,5.0,3.0,1.0,3.0,1.0,13.0,14.0,17.0,74.0,32.022,11.9823,3
E09000012,Hackney,E01001844,Hackney 022D,821262.5,15.0,11.0,3.0,3.0,0.0,23.0,6.0,32.0,32.0,68.0,193.0,26.949,15.3985,4
E09000012,Hackney,E01001845,Hackney 022E,575000.0,11.0,11.0,7.0,1.0,2.0,20.0,8.0,42.0,15.0,67.0,184.0,50.985,11.1784,3
E09000012,Hackney,E01001846,Hackney 018A,578125.0,15.0,6.0,14.0,3.0,6.0,20.0,10.0,43.0,22.0,54.0,193.0,46.735,8.47432,2
E09000012,Hackney,E01001847,Hackney 018B,504625.0,6.0,12.0,4.0,1.0,0.0,9.0,2.0,24.0,16.0,40.0,114.0,56.261,14.4175,3
E09000012,Hackney,E01001848,Hackney 018C,664573.375,21.0,22.0,9.0,3.0,4.0,26.0,5.0,38.0,21.0,127.0,276.0,39.884,14.6459,3
E09000012,Hackney,E01001849,Hackney 018D,589625.0,30.0,25.0,14.0,5.0,1.0,36.0,19.0,108.0,45.0,99.0,382.0,34.104,10.5115,3
E09000012,Hackney,E01001850,Hackney 019F,379590.6666666667,2.0,13.0,7.0,2.0,4.0,9.0,6.0,34.0,21.0,57.0,155.0,42.961,15.3991,4
E09000012,Hackney,E01033698,Hackney 021F,473375.0,15.0,14.0,17.0,2.0,2.0,19.0,12.0,112.0,21.0,62.0,276.0,34.433,17.2561,4
E09000012,Hackney,E01033699,Hackney 021G,632876.875,33.0,29.0,44.0,6.0,12.0,77.0,48.0,455.0,29.0,242.0,975.0,33.618,29.9191,6a
E09000012,Hackney,E01033700,Hackney 021H,611250.0,23.0,36.0,25.0,2.0,2.0,36.0,21.0,185.0,34.0,95.0,459.0,30.151,33.7401,6a
E09000012,Hackney,E01033701,Hackney 002F,541206.25,11.0,6.0,2.0,2.0,1.0,8.0,9.0,25.0,6.0,49.0,119.0,47.473,21.1794,5
E09000012,Hackney,E01033702,Hackney 028C,408700.0,11.0,16.0,6.0,0.0,1.0,4.0,11.0,25.0,13.0,33.0,120.0,35.791,6.78693,2
E09000012,Hackney,E01033703,Hackney 010F,456250.0,13.0,7.0,6.0,2.0,0.0,9.0,7.0,43.0,23.0,38.0,148.0,34.171,26.3334,6a
E09000012,Hackney,E01033704,Hackney 023F,663750.0,20.0,50.0,23.0,3.0,7.0,28.0,24.0,209.0,41.0,90.0,495.0,26.61,24.1503,5
E09000012,Hackney,E01033705,Hackney 028D,457500.0,14.0,28.0,22.0,3.0,2.0,14.0,24.0,34.0,20.0,45.0,206.0,31.723,12.4569,3
E09000012,Hackney,E01033706,Hackney 027F,788750.0,21.0,37.0,72.0,3.0,10.0,29.0,36.0,433.0,32.0,194.0,867.0,32.488,37.7289,6a
E09000012,Hackney,E01033707,Hackney 021I,617718.75,15.0,14.0,17.0,2.0,2.0,19.0,12.0,112.0,21.0,62.0,276.0,32.543,21.8604,5
E09000012,Hackney,E01033708,Hackney 027G,1050813.75,55.0,95.0,137.0,8.0,15.0,87.0,138.0,1091.0,75.0,343.0,2044.0,20.118,68.9076,6b
E09000012,Hackney,E01033709,Hackney 027H,961250.0,14.0,23.0,6.0,2.0,2.0,6.0,9.0,65.0,16.0,61.0,204.0,33.721,30.7382,6a
E09000012,Hackney,E01033710,Hackney 028E,301500.0,3.0,8.0,12.0,1.0,0.0,5.0,8.0,14.0,8.0,17.0,76.0,24.65,7.03304,2
E09000012,Hackney,E01033711,Hackney 027I,696562.5,9.0,31.0,9.0,1.0,2.0,6.0,15.0,209.0,15.0,34.0,331.0,22.212,36.0012,6a
E09000012,Hackney,E01033712,Hackney 023G,579500.0,14.0,27.0,14.0,4.0,1.0,19.0,20.0,204.0,35.0,85.0,423.0,33.44,21.7788,5
E09000012,Hackney,E01033713,Hackney 010G,510375.0,11.0,5.0,12.0,1.0,2.0,22.0,17.0,53.0,31.0,46.0,200.0,34.988,14.1707,3
E09000013,Hammersmith and Fulham,E01001851,Hammersmith and Fulham 010A,1180500.0,6.0,12.0,4.0,1.0,1.0,7.0,2.0,11.0,14.0,28.0,86.0,13.267,27.4169,6a
E09000013,Hammersmith and Fulham,E01001852,Hammersmith and Fulham 007A,571500.0,5.0,7.0,5.0,1.0,1.0,4.0,5.0,27.0,12.0,31.0,98.0,16.762,35.7209,6a
E09000013,Hammersmith and Fulham,E01001853,Hammersmith and Fulham 007B,700000.0,7.0,10.0,10.0,0.0,2.0,4.0,2.0,9.0,15.0,21.0,80.0,20.791,31.6565,6a
E09000013,Hammersmith and Fulham,E01001854,Hammersmith and Fulham 007C,482187.5,8.0,7.0,6.0,4.0,2.0,12.0,3.0,15.0,23.0,65.0,145.0,19.308,38.2792,6a
E09000013,Hammersmith and Fulham,E01001855,Hammersmith and Fulham 010B,573125.0,5.0,8.0,6.0,4.0,1.0,7.0,5.0,19.0,10.0,33.0,98.0,18.446,21.7608,5
E09000013,Hammersmith and Fulham,E01001856,Hammersmith and Fulham 010C,1780664.0,12.0,12.0,7.0,1.0,0.0,22.0,3.0,42.0,21.0,56.0,176.0,31.549,29.5229,6a
E09000013,Hammersmith and Fulham,E01001857,Hammersmith and Fulham 007D,429166.6666666667,17.0,16.0,32.0,2.0,5.0,34.0,16.0,180.0,14.0,115.0,431.0,39.967,41.8017,6b
E09000013,Hammersmith and Fulham,E01001858,Hammersmith and Fulham 006A,709375.0,9.0,7.0,16.0,0.0,0.0,11.0,3.0,48.0,8.0,68.0,170.0,30.675,10.758,3
E09000013,Hammersmith and Fulham,E01001859,Hammersmith and Fulham 008A,447931.25,8.0,3.0,2.0,1.0,0.0,10.0,1.0,5.0,16.0,35.0,81.0,20.236,5.89318,2
E09000013,Hammersmith and Fulham,E01001860,Hammersmith and Fulham 006B,438125.0,15.0,7.0,10.0,3.0,0.0,27.0,14.0,90.0,13.0,62.0,241.0,31.87,14.0358,3
E09000013,Hammersmith and Fulham,E01001861,Hammersmith and Fulham 006C,798250.0,10.0,7.0,6.0,1.0,1.0,16.0,4.0,26.0,16.0,52.0,139.0,30.192,11.8285,3
E09000013,Hammersmith and Fulham,E01001862,Hammersmith and Fulham 005A,490875.0,14.0,14.0,10.0,3.0,3.0,18.0,1.0,32.0,20.0,50.0,165.0,32.679,13.926,3
E09000013,Hammersmith and Fulham,E01001863,Hammersmith and Fulham 006D,928125.0,7.0,12.0,3.0,2.0,0.0,5.0,1.0,12.0,16.0,13.0,71.0,18.964,12.2007,3
E09000013,Hammersmith and Fulham,E01001864,Hammersmith and Fulham 006E,893375.0,8.0,6.0,2.0,3.0,0.0,12.0,4.0,16.0,20.0,38.0,109.0,28.795,10.9118,3
E09000013,Hammersmith and Fulham,E01001865,Hammersmith and Fulham 008B,847506.25,4.0,7.0,1.0,0.0,0.0,4.0,1.0,10.0,15.0,11.0,53.0,13.639,6.1866,2
E09000013,Hammersmith and Fulham,E01001866,Hammersmith and Fulham 012A,630625.0,6.0,20.0,7.0,4.0,1.0,14.0,2.0,65.0,16.0,40.0,175.0,14.104,27.0556,6a
E09000013,Hammersmith and Fulham,E01001867,Hammersmith and Fulham 012B,455375.0,7.0,9.0,0.0,0.0,0.0,5.0,0.0,16.0,35.0,12.0,84.0,13.678,36.5579,6a
E09000013,Hammersmith and Fulham,E01001868,Hammersmith and Fulham 012C,628368.75,6.0,5.0,11.0,3.0,1.0,9.0,4.0,15.0,5.0,39.0,98.0,35.865,26.1137,6a
E09000013,Hammersmith and Fulham,E01001869,Hammersmith and Fulham 010D,1366875.0,6.0,11.0,17.0,0.0,1.0,8.0,5.0,57.0,16.0,43.0,164.0,14.292,34.8747,6a
E09000013,Hammersmith and Fulham,E01001870,Hammersmith and Fulham 012D,523750.0,4.0,10.0,3.0,0.0,0.0,7.0,0.0,24.0,17.0,30.0,95.0,16.892,22.8124,5
E09000013,Hammersmith and Fulham,E01001871,Hammersmith and Fulham 012E,593125.0,5.0,13.0,7.0,2.0,0.0,9.0,3.0,27.0,7.0,25.0,98.0,12.278,28.9011,6a
E09000013,Hammersmith and Fulham,E01001872,Hammersmith and Fulham 012F,580625.0,7.0,5.0,5.0,0.0,0.0,5.0,1.0,18.0,24.0,20.0,85.0,15.605,26.8532,6a
E09000013,Hammersmith and Fulham,E01001873,Hammersmith and Fulham 010E,701875.0,2.0,5.0,6.0,1.0,1.0,2.0,1.0,18.0,6.0,25.0,67.0,22.705,13.3277,3
E09000013,Hammersmith and Fulham,E01001874,Hammersmith and Fulham 001A,702128.125,5.0,7.0,12.0,3.0,1.0,13.0,6.0,52.0,11.0,32.0,142.0,23.89,12.4288,3
E09000013,Hammersmith and Fulham,E01001875,Hammersmith and Fulham 001B,581666.6666666666,17.0,7.0,13.0,2.0,3.0,17.0,9.0,27.0,18.0,102.0,215.0,33.544,24.0184,5
E09000013,Hammersmith and Fulham,E01001876,Hammersmith and Fulham 001C,575000.0,28.0,16.0,8.0,11.0,2.0,18.0,3.0,30.0,35.0,99.0,250.0,37.345,7.54971,2
E09000013,Hammersmith and Fulham,E01001877,Hammersmith and Fulham 001D,533352.5,19.0,27.0,9.0,3.0,5.0,25.0,5.0,42.0,20.0,88.0,243.0,33.33,7.6722,2
E09000013,Hammersmith and Fulham,E01001878,Hammersmith and Fulham 001E,598875.0,11.0,1.0,6.0,1.0,1.0,4.0,1.0,13.0,13.0,29.0,80.0,34.751,22.164,5
E09000013,Hammersmith and Fulham,E01001879,Hammersmith and Fulham 019A,956875.0,23.0,12.0,3.0,1.0,2.0,8.0,0.0,17.0,20.0,30.0,116.0,22.554,10.3729,3
E09000013,Hammersmith and Fulham,E01001880,Hammersmith and Fulham 017A,578750.0,4.0,8.0,5.0,3.0,1.0,14.0,5.0,33.0,8.0,63.0,144.0,21.14,15.8487,4
E09000013,Hammersmith and Fulham,E01001881,Hammersmith and Fulham 017B,1155937.5,19.0,23.0,6.0,1.0,2.0,29.0,10.0,101.0,18.0,90.0,299.0,14.937,22.1271,5
E09000013,Hammersmith and Fulham,E01001882,Hammersmith and Fulham 017C,940811.375,7.0,7.0,2.0,0.0,1.0,7.0,3.0,23.0,15.0,27.0,92.0,13.532,18.0451,4
E09000013,Hammersmith and Fulham,E01001883,Hammersmith and Fulham 017D,1092625.0,11.0,11.0,3.0,1.0,2.0,10.0,5.0,24.0,13.0,33.0,113.0,23.378,30.1086,6a
E09000013,Hammersmith and Fulham,E01001884,Hammersmith and Fulham 017E,650625.0,11.0,19.0,9.0,2.0,1.0,22.0,5.0,79.0,6.0,68.0,222.0,25.958,28.5489,6a
E09000013,Hammersmith and Fulham,E01001885,Hammersmith and Fulham 015A,,12.0,6.0,3.0,1.0,1.0,10.0,0.0,22.0,8.0,75.0,138.0,50.627,18.5902,4
E09000013,Hammersmith and Fulham,E01001886,Hammersmith and Fulham 016A,632500.0,6.0,11.0,8.0,1.0,0.0,7.0,3.0,22.0,7.0,39.0,104.0,25.873,11.5994,3
E09000013,Hammersmith and Fulham,E01001887,Hammersmith and Fulham 016B,593125.0,7.0,19.0,3.0,0.0,1.0,11.0,0.0,13.0,9.0,52.0,115.0,23.246,12.9319,3
E09000013,Hammersmith and Fulham,E01001888,Hammersmith and Fulham 018A,1129687.5,13.0,5.0,5.0,0.0,1.0,5.0,0.0,17.0,30.0,28.0,104.0,10.795,13.1518,3
E09000013,Hammersmith and Fulham,E01001889,Hammersmith and Fulham 014A,1137500.0,26.0,4.0,7.0,0.0,0.0,7.0,3.0,32.0,30.0,24.0,133.0,19.908,17.3667,4
E09000013,Hammersmith and Fulham,E01001890,Hammersmith and Fulham 016C,681375.0,22.0,17.0,4.0,2.0,2.0,33.0,5.0,70.0,43.0,165.0,363.0,13.675,18.6165,4
E09000013,Hammersmith and Fulham,E01001891,Hammersmith and Fulham 018B,829687.5,10.0,6.0,5.0,2.0,1.0,12.0,10.0,55.0,91.0,35.0,227.0,11.44,20.6091,5
E09000013,Hammersmith and Fulham,E01001892,Hammersmith and Fulham 016D,661875.0,6.0,5.0,3.0,1.0,0.0,7.0,1.0,12.0,19.0,19.0,73.0,28.411,9.19952,2
E09000013,Hammersmith and Fulham,E01001893,Hammersmith and Fulham 013A,787500.0,8.0,9.0,3.0,0.0,4.0,4.0,6.0,20.0,50.0,33.0,137.0,33.791,37.2811,6a
E09000013,Hammersmith and Fulham,E01001894,Hammersmith and Fulham 013B,512968.75,25.0,18.0,26.0,2.0,0.0,30.0,13.0,111.0,97.0,93.0,415.0,30.447,30.7033,6a
E09000013,Hammersmith and Fulham,E01001895,Hammersmith and Fulham 009A,1012625.0,11.0,6.0,8.0,3.0,2.0,4.0,1.0,21.0,14.0,27.0,97.0,19.524,16.1283,4
E09000013,Hammersmith and Fulham,E01001896,Hammersmith and Fulham 009B,635862.5,13.0,15.0,4.0,1.0,1.0,5.0,1.0,18.0,9.0,36.0,103.0,22.043,27.0853,6a
E09000013,Hammersmith and Fulham,E01001897,Hammersmith and Fulham 009C,1459375.0,7.0,5.0,8.0,1.0,1.0,7.0,2.0,17.0,19.0,16.0,83.0,15.457,25.8155,6a
E09000013,Hammersmith and Fulham,E01001898,Hammersmith and Fulham 013C,680863.75,57.0,29.0,55.0,12.0,9.0,120.0,26.0,483.0,148.0,320.0,1259.0,22.222,47.0035,6b
E09000013,Hammersmith and Fulham,E01001899,Hammersmith and Fulham 013D,812000.0,32.0,30.0,7.0,5.0,4.0,44.0,20.0,332.0,158.0,99.0,731.0,43.244,38.8981,6a
E09000013,Hammersmith and Fulham,E01001900,Hammersmith and Fulham 013E,946750.0,22.0,12.0,12.0,2.0,2.0,18.0,6.0,79.0,43.0,66.0,262.0,36.348,35.9671,6a
E09000013,Hammersmith and Fulham,E01001901,Hammersmith and Fulham 019B,1393125.0,4.0,10.0,2.0,0.0,0.0,3.0,2.0,3.0,15.0,18.0,57.0,10.834,13.6968,3
E09000013,Hammersmith and Fulham,E01001902,Hammersmith and Fulham 019C,876875.0,16.0,19.0,3.0,0.0,3.0,6.0,1.0,20.0,11.0,24.0,103.0,15.69,11.1985,3
E09000013,Hammersmith and Fulham,E01001903,Hammersmith and Fulham 019D,839375.0,7.0,22.0,2.0,0.0,2.0,8.0,2.0,22.0,18.0,37.0,120.0,25.552,11.3134,3
E09000013,Hammersmith and Fulham,E01001904,Hammersmith and Fulham 022A,789062.5,11.0,13.0,5.0,0.0,0.0,9.0,3.0,10.0,17.0,9.0,77.0,9.473,10.0848,3
E09000013,Hammersmith and Fulham,E01001905,Hammersmith and Fulham 022B,835000.0,4.0,6.0,2.0,2.0,0.0,4.0,2.0,13.0,22.0,17.0,72.0,7.147,10.1906,3
E09000013,Hammersmith and Fulham,E01001906,Hammersmith and Fulham 022C,1031502.75,6.0,8.0,1.0,1.0,0.0,2.0,1.0,12.0,15.0,24.0,70.0,9.619,12.8076,3
E09000013,Hammersmith and Fulham,E01001907,Hammersmith and Fulham 022D,1635625.0,5.0,3.0,0.0,0.0,1.0,2.0,2.0,7.0,15.0,7.0,42.0,11.551,17.2494,4
E09000013,Hammersmith and Fulham,E01001908,Hammersmith and Fulham 015B,647625.0,6.0,8.0,6.0,2.0,0.0,2.0,4.0,22.0,12.0,36.0,98.0,17.008,20.6515,5
E09000013,Hammersmith and Fulham,E01001909,Hammersmith and Fulham 015C,684375.0,4.0,9.0,7.0,1.0,0.0,6.0,5.0,27.0,16.0,35.0,110.0,22.51,21.9269,5
E09000013,Hammersmith and Fulham,E01001910,Hammersmith and Fulham 014B,537812.5,7.0,14.0,1.0,1.0,0.0,6.0,3.0,20.0,9.0,23.0,84.0,18.415,22.6554,5
E09000013,Hammersmith and Fulham,E01001911,Hammersmith and Fulham 015D,555166.6666666666,10.0,7.0,6.0,0.0,1.0,4.0,0.0,21.0,6.0,39.0,94.0,34.648,21.2924,5
E09000013,Hammersmith and Fulham,E01001912,Hammersmith and Fulham 015E,,18.0,12.0,6.0,1.0,0.0,18.0,2.0,48.0,9.0,50.0,164.0,35.515,26.4231,6a
E09000013,Hammersmith and Fulham,E01001913,Hammersmith and Fulham 014C,728593.75,5.0,10.0,3.0,0.0,1.0,4.0,6.0,47.0,14.0,27.0,117.0,10.792,20.3907,5
E09000013,Hammersmith and Fulham,E01001914,Hammersmith and Fulham 014D,524375.0,12.0,16.0,4.0,0.0,3.0,14.0,4.0,44.0,23.0,49.0,169.0,19.977,22.0617,5
E09000013,Hammersmith and Fulham,E01001915,Hammersmith and Fulham 024A,1537500.0,10.0,14.0,25.0,1.0,2.0,15.0,13.0,45.0,29.0,39.0,193.0,12.938,12.9314,3
E09000013,Hammersmith and Fulham,E01001916,Hammersmith and Fulham 024B,1293125.0,0.0,2.0,0.0,0.0,0.0,4.0,6.0,17.0,10.0,13.0,52.0,6.849,14.1061,3
E09000013,Hammersmith and Fulham,E01001917,Hammersmith and Fulham 018C,870000.0,5.0,5.0,4.0,0.0,0.0,0.0,1.0,9.0,20.0,12.0,56.0,15.582,8.48765,2
E09000013,Hammersmith and Fulham,E01001918,Hammersmith and Fulham 018D,850000.0,2.0,3.0,2.0,0.0,2.0,5.0,2.0,11.0,11.0,15.0,53.0,10.542,8.78817,2
E09000013,Hammersmith and Fulham,E01001919,Hammersmith and Fulham 018E,1075812.5,7.0,4.0,3.0,0.0,0.0,6.0,0.0,13.0,20.0,22.0,75.0,8.626,6.72204,2
E09000013,Hammersmith and Fulham,E01001920,Hammersmith and Fulham 020A,501250.0,18.0,13.0,8.0,1.0,0.0,34.0,4.0,101.0,13.0,72.0,264.0,31.102,22.3507,5
E09000013,Hammersmith and Fulham,E01001921,Hammersmith and Fulham 020B,1470750.0,7.0,9.0,6.0,1.0,0.0,9.0,1.0,46.0,35.0,36.0,150.0,19.082,23.5796,5
E09000013,Hammersmith and Fulham,E01001922,Hammersmith and Fulham 020C,1947187.5,9.0,11.0,7.0,2.0,1.0,5.0,6.0,42.0,48.0,20.0,151.0,12.078,15.5779,4
E09000013,Hammersmith and Fulham,E01001923,Hammersmith and Fulham 020D,1525000.0,2.0,11.0,3.0,0.0,0.0,7.0,7.0,15.0,29.0,39.0,113.0,17.635,18.8185,4
E09000013,Hammersmith and Fulham,E01001924,Hammersmith and Fulham 020E,1948406.25,4.0,5.0,0.0,1.0,0.0,5.0,1.0,17.0,10.0,15.0,58.0,9.181,16.4333,4
E09000013,Hammersmith and Fulham,E01001925,Hammersmith and Fulham 025A,1678750.0,3.0,6.0,2.0,0.0,1.0,14.0,3.0,31.0,16.0,23.0,99.0,9.021,11.2043,3
E09000013,Hammersmith and Fulham,E01001926,Hammersmith and Fulham 024C,1579597.0,8.0,7.0,1.0,0.0,1.0,1.0,0.0,12.0,11.0,12.0,53.0,6.578,17.1532,4
E09000013,Hammersmith and Fulham,E01001927,Hammersmith and Fulham 008C,1753125.0,2.0,6.0,1.0,0.0,0.0,4.0,2.0,9.0,22.0,3.0,49.0,9.468,9.29892,2
E09000013,Hammersmith and Fulham,E01001928,Hammersmith and Fulham 011A,925625.0,5.0,5.0,25.0,0.0,0.0,11.0,4.0,33.0,26.0,37.0,146.0,20.584,15.6955,4
E09000013,Hammersmith and Fulham,E01001929,Hammersmith and Fulham 009D,1250625.0,2.0,2.0,2.0,1.0,0.0,8.0,2.0,10.0,28.0,17.0,72.0,12.281,22.6342,5
E09000013,Hammersmith and Fulham,E01001930,Hammersmith and Fulham 008D,585562.5,11.0,3.0,5.0,2.0,0.0,12.0,1.0,13.0,22.0,33.0,102.0,31.034,12.0684,3
E09000013,Hammersmith and Fulham,E01001931,Hammersmith and Fulham 011B,337830.125,10.0,5.0,2.0,1.0,0.0,5.0,2.0,12.0,32.0,21.0,90.0,18.489,17.8779,4
E09000013,Hammersmith and Fulham,E01001932,Hammersmith and Fulham 011C,638312.5,30.0,12.0,5.0,2.0,1.0,17.0,11.0,75.0,211.0,65.0,429.0,25.92,20.5937,5
E09000013,Hammersmith and Fulham,E01001933,Hammersmith and Fulham 011D,955000.0,9.0,10.0,2.0,1.0,0.0,5.0,0.0,30.0,54.0,25.0,136.0,20.872,15.3082,4
E09000013,Hammersmith and Fulham,E01001934,Hammersmith and Fulham 025B,566839.75,9.0,4.0,6.0,3.0,1.0,14.0,0.0,12.0,15.0,48.0,112.0,23.795,5.70779,2
E09000013,Hammersmith and Fulham,E01001935,Hammersmith and Fulham 023A,859375.0,10.0,7.0,2.0,2.0,0.0,9.0,3.0,20.0,18.0,30.0,101.0,16.976,11.3311,3
E09000013,Hammersmith and Fulham,E01001937,Hammersmith and Fulham 025C,1386875.0,4.0,14.0,2.0,3.0,1.0,6.0,2.0,23.0,21.0,30.0,106.0,13.307,7.60191,2
E09000013,Hammersmith and Fulham,E01001938,Hammersmith and Fulham 025D,993750.0,7.0,5.0,2.0,2.0,0.0,3.0,0.0,16.0,17.0,40.0,92.0,27.478,12.2659,3
E09000013,Hammersmith and Fulham,E01001939,Hammersmith and Fulham 023C,825625.0,4.0,11.0,2.0,0.0,2.0,21.0,1.0,12.0,16.0,46.0,115.0,21.07,12.2132,3
E09000013,Hammersmith and Fulham,E01001940,Hammersmith and Fulham 005B,440175.0,8.0,15.0,12.0,0.0,1.0,19.0,0.0,40.0,19.0,58.0,172.0,34.773,18.218,4
E09000013,Hammersmith and Fulham,E01001941,Hammersmith and Fulham 005C,470125.0,23.0,37.0,39.0,5.0,3.0,67.0,20.0,162.0,24.0,187.0,567.0,30.224,35.423,6a
E09000013,Hammersmith and Fulham,E01001942,Hammersmith and Fulham 005D,671750.0,12.0,14.0,8.0,2.0,0.0,13.0,7.0,35.0,26.0,60.0,177.0,24.159,19.1223,4
E09000013,Hammersmith and Fulham,E01001943,Hammersmith and Fulham 004A,995625.0,41.0,55.0,63.0,12.0,12.0,133.0,52.0,1111.0,54.0,345.0,1878.0,33.034,38.9978,6a
E09000013,Hammersmith and Fulham,E01001944,Hammersmith and Fulham 004B,,16.0,17.0,10.0,0.0,1.0,12.0,7.0,37.0,19.0,40.0,159.0,43.021,25.9777,6a
E09000013,Hammersmith and Fulham,E01001945,Hammersmith and Fulham 004C,868750.0,18.0,14.0,24.0,3.0,3.0,18.0,4.0,20.0,17.0,45.0,166.0,25.101,13.7473,3
E09000013,Hammersmith and Fulham,E01001946,Hammersmith and Fulham 004D,757625.0,11.0,16.0,14.0,5.0,0.0,4.0,4.0,21.0,10.0,37.0,122.0,21.955,20.2491,5
E09000013,Hammersmith and Fulham,E01001947,Hammersmith and Fulham 021A,545750.0,11.0,7.0,8.0,1.0,1.0,14.0,5.0,24.0,18.0,46.0,135.0,37.614,16.0178,4
E09000013,Hammersmith and Fulham,E01001948,Hammersmith and Fulham 021B,1230312.5,6.0,26.0,2.0,0.0,0.0,8.0,4.0,45.0,21.0,37.0,149.0,14.586,14.7052,3
E09000013,Hammersmith and Fulham,E01001949,Hammersmith and Fulham 021C,924100.0,4.0,6.0,0.0,1.0,0.0,2.0,0.0,6.0,11.0,11.0,41.0,8.026,14.5174,3
E09000013,Hammersmith and Fulham,E01001950,Hammersmith and Fulham 021D,1024375.0,5.0,12.0,1.0,2.0,0.0,8.0,0.0,33.0,26.0,16.0,103.0,9.705,18.3188,4
E09000013,Hammersmith and Fulham,E01001951,Hammersmith and Fulham 021E,974375.0,6.0,12.0,2.0,1.0,1.0,12.0,1.0,28.0,22.0,26.0,111.0,17.389,15.7079,4
E09000013,Hammersmith and Fulham,E01001952,Hammersmith and Fulham 024D,563250.0,8.0,14.0,1.0,1.0,0.0,5.0,3.0,34.0,18.0,27.0,111.0,15.715,24.5006,5
E09000013,Hammersmith and Fulham,E01001953,Hammersmith and Fulham 021F,830937.5,13.0,19.0,11.0,2.0,1.0,25.0,10.0,103.0,12.0,91.0,287.0,22.092,20.6443,5
E09000013,Hammersmith and Fulham,E01001954,Hammersmith and Fulham 003A,816250.0,6.0,5.0,12.0,3.0,0.0,6.0,3.0,20.0,18.0,26.0,99.0,27.358,11.7927,3
E09000013,Hammersmith and Fulham,E01001955,Hammersmith and Fulham 002A,375812.5,14.0,26.0,17.0,3.0,6.0,19.0,5.0,28.0,23.0,46.0,187.0,37.986,6.18756,2
E09000013,Hammersmith and Fulham,E01001956,Hammersmith and Fulham 003B,667875.0,4.0,8.0,8.0,2.0,3.0,5.0,1.0,5.0,18.0,34.0,88.0,27.284,10.6588,3
E09000013,Hammersmith and Fulham,E01001957,Hammersmith and Fulham 002B,,5.0,3.0,13.0,2.0,5.0,6.0,1.0,14.0,14.0,35.0,98.0,38.797,5.8514,2
E09000013,Hammersmith and Fulham,E01001958,Hammersmith and Fulham 002C,332500.0,10.0,2.0,8.0,3.0,1.0,11.0,3.0,11.0,15.0,61.0,125.0,38.666,5.37843,2
E09000013,Hammersmith and Fulham,E01001959,Hammersmith and Fulham 003C,683125.0,8.0,5.0,11.0,2.0,0.0,7.0,0.0,15.0,27.0,44.0,119.0,40.084,8.38498,2
E09000013,Hammersmith and Fulham,E01001960,Hammersmith and Fulham 003D,685325.0,8.0,13.0,8.0,3.0,0.0,5.0,4.0,23.0,28.0,40.0,132.0,18.411,11.9181,3
E09000013,Hammersmith and Fulham,E01001961,Hammersmith and Fulham 002D,,7.0,7.0,13.0,1.0,2.0,18.0,5.0,16.0,11.0,55.0,135.0,41.84,5.07781,2
E09000013,Hammersmith and Fulham,E01032788,Hammersmith and Fulham 023D,763750.0,9.0,9.0,3.0,3.0,0.0,5.0,0.0,15.0,14.0,42.0,100.0,26.761,13.4737,3
E09000013,Hammersmith and Fulham,E01032789,Hammersmith and Fulham 023E,710625.0,5.0,6.0,0.0,0.0,0.0,3.0,2.0,8.0,2.0,24.0,50.0,17.108,12.7026,3
E09000013,Hammersmith and Fulham,E01032790,Hammersmith and Fulham 023F,857562.5,4.0,6.0,4.0,1.0,1.0,7.0,3.0,8.0,3.0,16.0,53.0,17.986,11.3018,3
E09000014,Haringey,E01001962,Haringey 004A,905025.0,1.0,9.0,1.0,7.0,0.0,5.0,4.0,16.0,30.0,35.0,108.0,15.503,4.35859,1b
E09000014,Haringey,E01001963,Haringey 009A,1243375.0,6.0,8.0,0.0,0.0,0.0,2.0,0.0,10.0,31.0,22.0,79.0,8.6,5.75329,2
E09000014,Haringey,E01001964,Haringey 009B,726625.0,4.0,6.0,3.0,1.0,0.0,3.0,7.0,15.0,24.0,28.0,91.0,14.801,9.12448,2
E09000014,Haringey,E01001965,Haringey 009C,958125.0,5.0,3.0,1.0,1.0,0.0,3.0,1.0,11.0,22.0,12.0,59.0,11.266,11.6548,3
E09000014,Haringey,E01001966,Haringey 009D,1614926.0,4.0,16.0,10.0,0.0,0.0,7.0,12.0,110.0,33.0,47.0,239.0,13.306,4.85654,1b
E09000014,Haringey,E01001967,Haringey 014A,1089812.5,10.0,3.0,1.0,0.0,0.0,3.0,6.0,12.0,36.0,20.0,91.0,8.872,6.1274,2
E09000014,Haringey,E01001968,Haringey 014B,730000.0,3.0,4.0,1.0,0.0,4.0,1.0,0.0,7.0,20.0,16.0,56.0,11.166,11.4542,3
E09000014,Haringey,E01001969,Haringey 001A,529875.0,5.0,8.0,5.0,3.0,1.0,8.0,7.0,9.0,30.0,42.0,118.0,27.037,17.1817,4
E09000014,Haringey,E01001970,Haringey 004B,482312.5,11.0,10.0,9.0,2.0,1.0,17.0,10.0,66.0,18.0,35.0,179.0,26.984,19.1231,4
E09000014,Haringey,E01001971,Haringey 001B,435250.0,30.0,2.0,40.0,2.0,2.0,57.0,3.0,36.0,10.0,120.0,302.0,37.858,20.7745,5
E09000014,Haringey,E01001972,Haringey 004C,648125.0,11.0,12.0,6.0,2.0,4.0,8.0,7.0,24.0,25.0,48.0,147.0,26.384,18.835,4
E09000014,Haringey,E01001973,Haringey 004D,698125.0,13.0,17.0,15.0,1.0,2.0,23.0,5.0,68.0,34.0,57.0,235.0,18.289,14.1758,3
E09000014,Haringey,E01001974,Haringey 001C,586875.0,10.0,13.0,4.0,2.0,1.0,19.0,1.0,14.0,20.0,55.0,139.0,19.494,21.4996,5
E09000014,Haringey,E01001975,Haringey 001D,427125.0,6.0,7.0,4.0,3.0,2.0,9.0,2.0,27.0,22.0,50.0,132.0,21.262,15.0086,4
E09000014,Haringey,E01001976,Haringey 011A,382812.875,11.0,6.0,5.0,1.0,0.0,13.0,4.0,24.0,30.0,45.0,139.0,37.877,17.0044,4
E09000014,Haringey,E01001977,Haringey 011B,441875.0,10.0,11.0,6.0,0.0,0.0,9.0,6.0,27.0,22.0,39.0,130.0,41.128,12.6833,3
E09000014,Haringey,E01001978,Haringey 011C,365000.0,10.0,12.0,3.0,1.0,0.0,10.0,7.0,29.0,53.0,73.0,198.0,40.391,22.805,5
E09000014,Haringey,E01001979,Haringey 011D,493375.0,20.0,21.0,20.0,1.0,2.0,33.0,30.0,88.0,43.0,126.0,384.0,41.479,26.924,6a
E09000014,Haringey,E01001980,Haringey 018A,509375.0,12.0,7.0,4.0,6.0,1.0,4.0,3.0,20.0,27.0,53.0,137.0,28.46,7.19553,2
E09000014,Haringey,E01001981,Haringey 018B,580016.6666666666,7.0,7.0,11.0,2.0,1.0,8.0,11.0,18.0,21.0,75.0,161.0,29.7,22.7172,5
E09000014,Haringey,E01001982,Haringey 018C,591562.5,9.0,6.0,10.0,1.0,0.0,7.0,3.0,22.0,25.0,35.0,118.0,32.02,9.30547,2
E09000014,Haringey,E01001983,Haringey 018D,625205.0,9.0,12.0,6.0,3.0,5.0,3.0,3.0,18.0,27.0,44.0,130.0,27.617,6.60909,2
E09000014,Haringey,E01001984,Haringey 033A,529335.0,6.0,10.0,0.0,1.0,0.0,13.0,3.0,13.0,16.0,32.0,94.0,19.562,6.90362,2
E09000014,Haringey,E01001985,Haringey 033B,678000.0,6.0,4.0,1.0,1.0,0.0,4.0,1.0,4.0,23.0,6.0,50.0,10.007,6.26197,2
E09000014,Haringey,E01001986,Haringey 034A,846875.0,5.0,6.0,1.0,0.0,0.0,6.0,4.0,9.0,23.0,35.0,89.0,12.447,9.87737,2
E09000014,Haringey,E01001987,Haringey 033C,1425994.0,1.0,8.0,1.0,0.0,0.0,3.0,3.0,6.0,34.0,17.0,73.0,9.497,10.2329,3
E09000014,Haringey,E01001988,Haringey 034B,541500.0,11.0,7.0,3.0,0.0,0.0,10.0,1.0,22.0,23.0,24.0,101.0,16.053,11.1774,3
E09000014,Haringey,E01001989,Haringey 033D,791250.0,7.0,15.0,4.0,1.0,1.0,11.0,5.0,29.0,16.0,33.0,122.0,14.789,5.97875,2
E09000014,Haringey,E01001990,Haringey 034C,614187.5,15.0,21.0,5.0,4.0,0.0,21.0,11.0,134.0,22.0,57.0,290.0,15.635,11.7294,3
E09000014,Haringey,E01001991,Haringey 017A,654062.5,4.0,8.0,4.0,1.0,0.0,4.0,3.0,22.0,15.0,20.0,81.0,14.98,10.8383,3
E09000014,Haringey,E01001992,Haringey 017B,1137506.25,4.0,9.0,1.0,0.0,0.0,3.0,4.0,10.0,16.0,12.0,59.0,7.588,5.72074,2
E09000014,Haringey,E01001993,Haringey 017C,1689687.5,5.0,14.0,2.0,3.0,0.0,3.0,1.0,10.0,26.0,5.0,69.0,6.707,6.36317,2
E09000014,Haringey,E01001994,Haringey 030A,793125.0,16.0,18.0,2.0,1.0,0.0,6.0,0.0,16.0,26.0,30.0,115.0,10.117,8.09537,2
E09000014,Haringey,E01001995,Haringey 017D,568500.0,8.0,21.0,1.0,2.0,1.0,5.0,3.0,16.0,21.0,38.0,116.0,26.161,2.84053,1b
E09000014,Haringey,E01001996,Haringey 014C,548375.0,2.0,9.0,2.0,1.0,0.0,6.0,1.0,9.0,25.0,23.0,78.0,9.706,7.13672,2
E09000014,Haringey,E01001997,Haringey 014D,480375.0,6.0,15.0,2.0,2.0,0.0,12.0,20.0,73.0,14.0,30.0,174.0,14.708,14.1467,3
E09000014,Haringey,E01001998,Haringey 023A,545550.0,9.0,7.0,4.0,0.0,1.0,9.0,8.0,17.0,28.0,32.0,115.0,17.544,20.4844,5
E09000014,Haringey,E01001999,Haringey 023B,582500.0,12.0,17.0,13.0,1.0,1.0,22.0,8.0,75.0,45.0,77.0,271.0,26.638,17.8191,4
E09000014,Haringey,E01002000,Haringey 031A,660624.875,9.0,10.0,7.0,3.0,2.0,4.0,2.0,24.0,19.0,26.0,106.0,18.695,11.0004,3
E09000014,Haringey,E01002001,Haringey 031B,590089.875,4.0,5.0,6.0,2.0,3.0,2.0,4.0,18.0,25.0,26.0,95.0,20.744,16.2744,4
E09000014,Haringey,E01002002,Haringey 031C,589222.125,18.0,15.0,72.0,7.0,8.0,43.0,62.0,240.0,24.0,173.0,662.0,38.664,28.7293,6a
E09000014,Haringey,E01002003,Haringey 023C,365000.0,24.0,23.0,18.0,1.0,4.0,24.0,23.0,67.0,36.0,120.0,340.0,36.814,28.4334,6a
E09000014,Haringey,E01002004,Haringey 023D,832562.5,1.0,12.0,6.0,3.0,3.0,5.0,2.0,15.0,22.0,20.0,89.0,18.37,22.47,5
E09000014,Haringey,E01002005,Haringey 035A,630000.0,5.0,21.0,1.0,2.0,0.0,7.0,3.0,26.0,16.0,29.0,110.0,16.075,14.673,3
E09000014,Haringey,E01002006,Haringey 035B,551875.0,20.0,5.0,1.0,1.0,0.0,7.0,0.0,14.0,10.0,26.0,84.0,15.629,12.2017,3
E09000014,Haringey,E01002007,Haringey 035C,973750.0,6.0,10.0,1.0,1.0,0.0,3.0,6.0,7.0,22.0,13.0,69.0,11.806,16.8044,4
E09000014,Haringey,E01002008,Haringey 030B,1794750.0,5.0,17.0,0.0,0.0,1.0,3.0,0.0,8.0,51.0,17.0,102.0,9.139,4.39824,1b
E09000014,Haringey,E01002009,Haringey 035D,1588750.0,4.0,13.0,0.0,1.0,1.0,14.0,4.0,21.0,20.0,17.0,95.0,12.302,16.1737,4
E09000014,Haringey,E01002010,Haringey 030C,810750.0,7.0,10.0,3.0,1.0,0.0,9.0,0.0,18.0,25.0,29.0,102.0,20.128,3.83909,1b
E09000014,Haringey,E01002011,Haringey 030D,725000.0,6.0,16.0,3.0,1.0,0.0,11.0,2.0,36.0,29.0,32.0,136.0,21.45,10.8464,3
E09000014,Haringey,E01002013,Haringey 022A,710883.75,8.0,8.0,1.0,0.0,0.0,2.0,6.0,8.0,13.0,20.0,66.0,12.132,5.29557,2
E09000014,Haringey,E01002014,Haringey 020B,515000.0,9.0,19.0,10.0,2.0,3.0,18.0,5.0,31.0,21.0,56.0,174.0,21.567,15.1752,4
E09000014,Haringey,E01002015,Haringey 020C,804012.625,2.0,5.0,2.0,1.0,0.0,5.0,6.0,13.0,27.0,42.0,103.0,26.278,8.69039,2
E09000014,Haringey,E01002016,Haringey 028A,621250.0,10.0,3.0,2.0,1.0,0.0,6.0,6.0,14.0,18.0,34.0,94.0,21.589,12.4701,3
E09000014,Haringey,E01002017,Haringey 028B,708125.0,8.0,11.0,2.0,2.0,2.0,7.0,4.0,30.0,22.0,45.0,133.0,23.523,12.5105,3
E09000014,Haringey,E01002018,Haringey 020D,586562.5,8.0,3.0,3.0,2.0,0.0,5.0,0.0,6.0,8.0,35.0,70.0,26.666,4.1238,1b
E09000014,Haringey,E01002019,Haringey 022B,1433125.0,5.0,12.0,1.0,1.0,0.0,6.0,3.0,10.0,20.0,14.0,72.0,7.683,7.20425,2
E09000014,Haringey,E01002020,Haringey 021A,691406.375,8.0,23.0,3.0,0.0,0.0,10.0,7.0,31.0,17.0,19.0,118.0,17.157,8.57564,2
E09000014,Haringey,E01002021,Haringey 022C,1391875.0,5.0,7.0,0.0,0.0,0.0,2.0,5.0,12.0,33.0,16.0,80.0,10.351,7.09473,2
E09000014,Haringey,E01002022,Haringey 021B,564212.5,16.0,20.0,10.0,2.0,4.0,15.0,14.0,173.0,44.0,66.0,364.0,14.395,11.9249,3
E09000014,Haringey,E01002023,Haringey 021C,1245625.0,6.0,11.0,2.0,0.0,0.0,3.0,3.0,8.0,16.0,15.0,64.0,15.478,9.17213,2
E09000014,Haringey,E01002024,Haringey 022D,1055641.375,10.0,10.0,2.0,0.0,0.0,7.0,5.0,15.0,19.0,25.0,93.0,17.848,7.87105,2
E09000014,Haringey,E01002025,Haringey 021D,1150937.5,6.0,12.0,1.0,1.0,0.0,1.0,2.0,3.0,28.0,5.0,59.0,7.925,4.83291,1b
E09000014,Haringey,E01002026,Haringey 016A,297750.0,31.0,21.0,42.0,7.0,9.0,59.0,47.0,711.0,84.0,162.0,1173.0,46.325,29.3411,6a
E09000014,Haringey,E01002027,Haringey 010A,603875.0,7.0,6.0,5.0,1.0,1.0,4.0,3.0,9.0,18.0,28.0,82.0,29.949,16.3865,4
E09000014,Haringey,E01002028,Haringey 010B,611562.5,7.0,8.0,10.0,4.0,3.0,8.0,3.0,28.0,27.0,54.0,152.0,27.129,14.3582,3
E09000014,Haringey,E01002029,Haringey 016B,375000.0,31.0,26.0,47.0,21.0,5.0,60.0,35.0,216.0,79.0,198.0,718.0,36.32,27.6246,6a
E09000014,Haringey,E01002030,Haringey 016C,568787.5,11.0,23.0,16.0,4.0,2.0,8.0,6.0,31.0,40.0,53.0,194.0,21.726,18.6663,4
E09000014,Haringey,E01002031,Haringey 016D,553125.0,20.0,13.0,23.0,2.0,9.0,39.0,22.0,211.0,52.0,107.0,498.0,33.197,35.8071,6a
E09000014,Haringey,E01002032,Haringey 010C,499250.0,7.0,7.0,9.0,4.0,1.0,9.0,3.0,36.0,34.0,66.0,176.0,37.492,18.6713,4
E09000014,Haringey,E01002033,Haringey 010D,455312.5,10.0,8.0,8.0,1.0,0.0,11.0,10.0,16.0,31.0,34.0,129.0,38.453,24.5788,5
E09000014,Haringey,E01002034,Haringey 037A,310062.5,27.0,43.0,83.0,17.0,9.0,70.0,32.0,192.0,71.0,203.0,747.0,51.421,17.9726,4
E09000014,Haringey,E01002036,Haringey 002A,404666.6666666667,19.0,19.0,24.0,5.0,1.0,5.0,8.0,21.0,77.0,77.0,256.0,55.03,12.596,3
E09000014,Haringey,E01002037,Haringey 002B,,29.0,29.0,24.0,2.0,3.0,22.0,22.0,56.0,103.0,115.0,405.0,44.897,5.60859,2
E09000014,Haringey,E01002038,Haringey 037B,286125.0,22.0,19.0,25.0,4.0,4.0,13.0,10.0,52.0,54.0,101.0,304.0,46.599,17.2911,4
E09000014,Haringey,E01002039,Haringey 002C,,12.0,3.0,9.0,5.0,3.0,17.0,7.0,23.0,21.0,50.0,150.0,55.411,10.2248,3
E09000014,Haringey,E01002040,Haringey 002D,485000.0,16.0,13.0,20.0,5.0,1.0,23.0,4.0,54.0,36.0,91.0,263.0,46.352,11.1355,3
E09000014,Haringey,E01002041,Haringey 037C,514500.0,10.0,13.0,12.0,5.0,2.0,10.0,4.0,21.0,61.0,66.0,204.0,37.972,15.9945,4
E09000014,Haringey,E01002042,Haringey 027A,585625.0,13.0,15.0,2.0,3.0,1.0,19.0,4.0,29.0,22.0,106.0,214.0,18.696,7.49433,2
E09000014,Haringey,E01002043,Haringey 026A,553125.0,10.0,14.0,12.0,1.0,1.0,15.0,7.0,44.0,31.0,62.0,197.0,27.374,10.5245,3
E09000014,Haringey,E01002044,Haringey 027B,680000.0,10.0,8.0,7.0,3.0,1.0,12.0,3.0,42.0,30.0,48.0,164.0,23.921,15.8118,4
E09000014,Haringey,E01002045,Haringey 026B,424125.0,9.0,10.0,14.0,1.0,1.0,23.0,8.0,22.0,28.0,49.0,165.0,28.261,10.3467,3
E09000014,Haringey,E01002046,Haringey 026C,596000.0,8.0,9.0,9.0,0.0,2.0,15.0,9.0,48.0,28.0,51.0,179.0,31.66,15.5966,4
E09000014,Haringey,E01002047,Haringey 027C,615625.0,7.0,13.0,4.0,3.0,1.0,11.0,7.0,48.0,18.0,46.0,158.0,23.269,15.4553,4
E09000014,Haringey,E01002048,Haringey 027D,631875.0,13.0,9.0,13.0,3.0,2.0,6.0,10.0,29.0,38.0,34.0,157.0,25.213,17.3588,4
E09000014,Haringey,E01002049,Haringey 026D,480875.0,8.0,6.0,16.0,2.0,2.0,8.0,8.0,25.0,34.0,45.0,154.0,31.408,9.75451,2
E09000014,Haringey,E01002050,Haringey 029A,950000.0,8.0,4.0,4.0,1.0,1.0,3.0,3.0,7.0,30.0,24.0,85.0,23.366,18.3487,4
E09000014,Haringey,E01002051,Haringey 029B,750000.0,10.0,14.0,19.0,7.0,0.0,25.0,25.0,46.0,38.0,93.0,277.0,36.525,29.0397,6a
E09000014,Haringey,E01002052,Haringey 029C,871875.0,11.0,4.0,4.0,2.0,2.0,5.0,5.0,11.0,9.0,38.0,91.0,28.141,4.52285,1b
E09000014,Haringey,E01002053,Haringey 032A,725000.0,6.0,12.0,13.0,3.0,1.0,9.0,6.0,15.0,23.0,42.0,130.0,36.009,22.5215,5
E09000014,Haringey,E01002054,Haringey 032B,395750.0,9.0,11.0,11.0,3.0,1.0,12.0,14.0,41.0,23.0,61.0,186.0,36.761,12.8814,3
E09000014,Haringey,E01002055,Haringey 029D,,2.0,7.0,5.0,2.0,2.0,15.0,3.0,16.0,23.0,21.0,96.0,23.338,24.7519,5
E09000014,Haringey,E01002056,Haringey 032C,465459.375,24.0,25.0,11.0,3.0,2.0,20.0,11.0,44.0,38.0,80.0,258.0,29.031,11.8134,3
E09000014,Haringey,E01002057,Haringey 032D,633875.0,6.0,8.0,3.0,2.0,0.0,18.0,8.0,42.0,19.0,39.0,145.0,22.792,3.9649,1b
E09000014,Haringey,E01002058,Haringey 031D,496750.0,7.0,12.0,12.0,1.0,2.0,22.0,22.0,140.0,15.0,75.0,308.0,24.777,19.2417,4
E09000014,Haringey,E01002059,Haringey 028C,511750.0,7.0,3.0,7.0,0.0,0.0,7.0,0.0,13.0,25.0,32.0,94.0,21.23,7.25735,2
E09000014,Haringey,E01002060,Haringey 028D,780875.0,8.0,6.0,4.0,0.0,0.0,4.0,0.0,11.0,15.0,28.0,76.0,11.93,10.1713,3
E09000014,Haringey,E01002061,Haringey 036A,593937.5,11.0,17.0,3.0,0.0,0.0,5.0,2.0,12.0,27.0,19.0,96.0,14.12,11.6706,3
E09000014,Haringey,E01002062,Haringey 034D,510625.0,5.0,10.0,7.0,4.0,0.0,7.0,5.0,24.0,33.0,40.0,135.0,15.762,13.9798,3
E09000014,Haringey,E01002063,Haringey 036B,577750.0,5.0,15.0,3.0,1.0,0.0,5.0,1.0,16.0,19.0,37.0,102.0,21.851,17.501,4
E09000014,Haringey,E01002064,Haringey 036C,594125.0,6.0,9.0,8.0,1.0,1.0,9.0,3.0,27.0,17.0,30.0,111.0,30.894,29.6774,6a
E09000014,Haringey,E01002065,Haringey 036D,532125.0,9.0,25.0,19.0,5.0,1.0,11.0,17.0,42.0,24.0,59.0,212.0,27.623,40.116,6b
E09000014,Haringey,E01002066,Haringey 025A,313031.25,24.0,19.0,20.0,5.0,2.0,25.0,31.0,81.0,58.0,123.0,388.0,47.93,35.249,6a
E09000014,Haringey,E01002067,Haringey 024A,506662.5,14.0,18.0,9.0,0.0,2.0,15.0,11.0,29.0,31.0,44.0,173.0,39.987,10.4349,3
E09000014,Haringey,E01002068,Haringey 025B,445166.6666666667,31.0,23.0,26.0,7.0,6.0,40.0,26.0,184.0,50.0,109.0,502.0,31.663,25.9971,6a
E09000014,Haringey,E01002069,Haringey 024B,408750.0,22.0,18.0,25.0,3.0,8.0,49.0,39.0,169.0,49.0,183.0,565.0,39.957,29.1353,6a
E09000014,Haringey,E01002070,Haringey 024C,520312.5,12.0,23.0,4.0,1.0,0.0,12.0,8.0,25.0,52.0,48.0,185.0,26.2,16.5093,4
E09000014,Haringey,E01002071,Haringey 025C,,16.0,9.0,14.0,2.0,7.0,10.0,16.0,36.0,35.0,73.0,218.0,53.253,36.128,6a
E09000014,Haringey,E01002072,Haringey 025D,575000.0,27.0,16.0,14.0,0.0,2.0,26.0,24.0,57.0,55.0,105.0,326.0,35.991,32.1932,6a
E09000014,Haringey,E01002073,Haringey 024D,432375.0,12.0,16.0,18.0,3.0,1.0,14.0,30.0,75.0,35.0,72.0,276.0,39.358,24.4239,5
E09000014,Haringey,E01002074,Haringey 012A,320666.6666666667,12.0,14.0,13.0,3.0,2.0,13.0,5.0,46.0,36.0,97.0,241.0,40.305,16.1545,4
E09000014,Haringey,E01002075,Haringey 015A,432750.0,20.0,17.0,15.0,2.0,1.0,12.0,3.0,27.0,48.0,82.0,227.0,33.971,7.64326,2
E09000014,Haringey,E01002076,Haringey 015B,484937.5,7.0,16.0,8.0,1.0,0.0,6.0,4.0,13.0,38.0,48.0,141.0,33.273,7.8354,2
E09000014,Haringey,E01002077,Haringey 012B,438750.0,22.0,24.0,29.0,5.0,5.0,32.0,26.0,143.0,68.0,94.0,448.0,37.884,21.8826,5
E09000014,Haringey,E01002078,Haringey 015C,446692.5,7.0,25.0,13.0,3.0,1.0,10.0,14.0,30.0,20.0,48.0,171.0,34.316,16.5842,4
E09000014,Haringey,E01002079,Haringey 012C,517812.5,8.0,7.0,5.0,1.0,0.0,4.0,10.0,7.0,36.0,50.0,128.0,26.303,15.1631,4
E09000014,Haringey,E01002080,Haringey 015D,568750.0,17.0,22.0,29.0,2.0,6.0,24.0,37.0,42.0,41.0,59.0,279.0,30.562,17.4508,4
E09000014,Haringey,E01002081,Haringey 012D,410000.0,22.0,17.0,24.0,1.0,3.0,15.0,19.0,70.0,54.0,70.0,295.0,45.491,31.706,6a
E09000014,Haringey,E01002082,Haringey 013A,,10.0,7.0,9.0,0.0,1.0,4.0,6.0,18.0,18.0,45.0,118.0,64.677,5.26625,2
E09000014,Haringey,E01002083,Haringey 019A,622625.0,5.0,11.0,2.0,2.0,0.0,3.0,4.0,6.0,15.0,25.0,73.0,17.724,12.9234,3
E09000014,Haringey,E01002084,Haringey 019B,539812.5,13.0,22.0,16.0,0.0,1.0,11.0,13.0,40.0,29.0,48.0,193.0,27.171,7.06441,2
E09000014,Haringey,E01002085,Haringey 019C,488750.0,11.0,14.0,39.0,4.0,4.0,23.0,22.0,87.0,32.0,72.0,308.0,28.237,32.6268,6a
E09000014,Haringey,E01002086,Haringey 013B,638250.0,9.0,5.0,10.0,0.0,2.0,9.0,22.0,25.0,30.0,34.0,146.0,33.019,6.07318,2
E09000014,Haringey,E01002087,Haringey 019D,504937.5,23.0,17.0,6.0,0.0,1.0,15.0,3.0,30.0,29.0,46.0,170.0,35.342,20.5788,5
E09000014,Haringey,E01002088,Haringey 013C,555312.5,14.0,11.0,9.0,1.0,1.0,11.0,6.0,38.0,36.0,72.0,199.0,24.185,11.3333,3
E09000014,Haringey,E01002089,Haringey 013D,,6.0,0.0,8.0,1.0,0.0,3.0,8.0,12.0,21.0,34.0,93.0,46.961,4.62245,1b
E09000014,Haringey,E01002090,Haringey 005A,460000.0,16.0,13.0,13.0,3.0,1.0,7.0,7.0,42.0,31.0,57.0,190.0,39.501,4.43606,1b
E09000014,Haringey,E01002091,Haringey 006A,477500.0,10.0,10.0,13.0,4.0,1.0,7.0,5.0,14.0,44.0,40.0,148.0,41.384,10.2624,3
E09000014,Haringey,E01002092,Haringey 006B,265250.0,8.0,7.0,14.0,1.0,0.0,5.0,5.0,11.0,27.0,43.0,121.0,35.887,11.2721,3
E09000014,Haringey,E01002093,Haringey 005B,477500.0,16.0,12.0,14.0,2.0,2.0,20.0,8.0,79.0,33.0,63.0,249.0,46.889,9.1637,2
E09000014,Haringey,E01002094,Haringey 006C,452000.0,8.0,9.0,7.0,1.0,2.0,2.0,6.0,15.0,37.0,42.0,129.0,41.188,8.56103,2
E09000014,Haringey,E01002095,Haringey 006D,451875.0,16.0,12.0,11.0,2.0,2.0,18.0,11.0,61.0,47.0,49.0,229.0,46.919,10.4466,3
E09000014,Haringey,E01002096,Haringey 005C,470000.0,11.0,6.0,9.0,2.0,3.0,8.0,3.0,14.0,26.0,26.0,108.0,43.303,11.5762,3
E09000014,Haringey,E01002097,Haringey 005D,458250.0,5.0,5.0,8.0,4.0,1.0,10.0,11.0,23.0,32.0,35.0,134.0,42.169,11.1328,3
E09000014,Haringey,E01002098,Haringey 007A,522812.5,18.0,10.0,16.0,2.0,2.0,19.0,2.0,31.0,21.0,63.0,184.0,21.989,31.8988,6a
E09000014,Haringey,E01002099,Haringey 008A,410000.0,14.0,10.0,10.0,5.0,2.0,5.0,6.0,23.0,32.0,59.0,166.0,40.472,17.225,4
E09000014,Haringey,E01002100,Haringey 008B,528500.0,13.0,13.0,15.0,3.0,0.0,14.0,5.0,25.0,29.0,73.0,190.0,33.809,11.3071,3
E09000014,Haringey,E01002101,Haringey 007B,440375.0,14.0,5.0,5.0,3.0,2.0,6.0,0.0,8.0,16.0,27.0,86.0,21.555,4.38739,1b
E09000014,Haringey,E01002102,Haringey 007C,411875.0,6.0,6.0,8.0,2.0,1.0,17.0,5.0,28.0,25.0,40.0,138.0,28.079,10.0549,3
E09000014,Haringey,E01002103,Haringey 008C,549000.0,12.0,11.0,24.0,5.0,2.0,12.0,9.0,22.0,18.0,57.0,172.0,25.598,11.0979,3
E09000014,Haringey,E01002104,Haringey 008D,597833.3333333334,5.0,11.0,11.0,4.0,1.0,6.0,5.0,19.0,17.0,62.0,141.0,25.485,7.75759,2
E09000014,Haringey,E01002105,Haringey 007D,504125.0,13.0,10.0,29.0,2.0,3.0,26.0,12.0,70.0,40.0,96.0,301.0,27.986,31.5116,6a
E09000014,Haringey,E01032575,Haringey 037D,313437.5,14.0,14.0,16.0,3.0,3.0,16.0,13.0,19.0,34.0,77.0,209.0,37.628,15.6637,4
E09000014,Haringey,E01033085,Haringey 020E,368125.0,13.0,10.0,9.0,1.0,0.0,4.0,2.0,11.0,8.0,27.0,85.0,28.414,12.2711,3
E09000014,Haringey,E01033086,Haringey 020F,400312.5,7.0,12.0,8.0,3.0,2.0,2.0,2.0,10.0,14.0,41.0,101.0,41.863,6.48765,2
E09000015,Harrow,E01002106,Harrow 008A,608437.5,6.0,7.0,4.0,1.0,0.0,2.0,3.0,3.0,24.0,26.0,76.0,10.431,3.62664,1b
E09000015,Harrow,E01002107,Harrow 012A,637500.0,4.0,2.0,6.0,1.0,0.0,5.0,2.0,5.0,12.0,24.0,61.0,6.404,2.83864,1b
E09000015,Harrow,E01002108,Harrow 008B,686250.0,0.0,4.0,0.0,0.0,1.0,4.0,1.0,3.0,20.0,18.0,51.0,8.475,4.25284,1b
E09000015,Harrow,E01002109,Harrow 008C,710250.0,3.0,3.0,1.0,1.0,1.0,1.0,1.0,10.0,8.0,23.0,52.0,9.025,4.20748,1b
E09000015,Harrow,E01002110,Harrow 008D,728750.0,4.0,4.0,0.0,0.0,0.0,3.0,4.0,11.0,12.0,11.0,49.0,7.616,5.97362,2
E09000015,Harrow,E01002111,Harrow 008E,614250.0,7.0,2.0,6.0,1.0,1.0,7.0,1.0,25.0,21.0,39.0,110.0,14.889,4.09008,1b
E09000015,Harrow,E01002112,Harrow 001A,865531.25,10.0,6.0,1.0,0.0,0.0,6.0,2.0,19.0,37.0,11.0,92.0,6.325,6.15153,2
E09000015,Harrow,E01002113,Harrow 002A,972250.0,6.0,7.0,4.0,1.0,0.0,7.0,5.0,8.0,17.0,40.0,95.0,15.928,2.54529,1b
E09000015,Harrow,E01002114,Harrow 001B,435750.0,11.0,8.0,4.0,2.0,1.0,9.0,0.0,8.0,20.0,25.0,88.0,21.757,1.51628,1a
E09000015,Harrow,E01002115,Harrow 002B,676500.0,3.0,5.0,0.0,0.0,1.0,5.0,1.0,4.0,19.0,9.0,47.0,12.933,4.80612,1b
E09000015,Harrow,E01002116,Harrow 002C,486250.0,4.0,9.0,1.0,0.0,0.0,2.0,0.0,6.0,16.0,12.0,50.0,8.59,6.20727,2
E09000015,Harrow,E01002117,Harrow 002D,440937.5,5.0,12.0,3.0,0.0,0.0,5.0,11.0,23.0,19.0,36.0,114.0,16.338,6.9707,2
E09000015,Harrow,E01002118,Harrow 002E,432375.0,20.0,28.0,9.0,4.0,1.0,11.0,11.0,37.0,25.0,60.0,206.0,18.653,11.9563,3
E09000015,Harrow,E01002119,Harrow 007A,375125.0,25.0,9.0,10.0,6.0,2.0,16.0,3.0,40.0,38.0,52.0,201.0,19.348,13.7771,3
E09000015,Harrow,E01002120,Harrow 007B,521000.0,7.0,6.0,6.0,4.0,0.0,9.0,6.0,12.0,15.0,48.0,113.0,31.648,5.85658,2
E09000015,Harrow,E01002121,Harrow 007C,556562.5,7.0,8.0,8.0,2.0,0.0,3.0,1.0,9.0,12.0,17.0,67.0,11.816,4.12416,1b
E09000015,Harrow,E01002122,Harrow 007D,559125.0,1.0,7.0,1.0,1.0,0.0,1.0,1.0,10.0,14.0,24.0,60.0,15.646,5.75923,2
E09000015,Harrow,E01002123,Harrow 007E,,14.0,21.0,6.0,0.0,3.0,24.0,9.0,52.0,18.0,59.0,206.0,17.052,13.4042,3
E09000015,Harrow,E01002124,Harrow 010A,,2.0,4.0,1.0,1.0,0.0,5.0,1.0,7.0,11.0,18.0,50.0,14.394,3.03255,1b
E09000015,Harrow,E01002125,Harrow 010B,572000.0,13.0,20.0,3.0,4.0,2.0,13.0,5.0,21.0,16.0,49.0,146.0,15.476,9.0629,2
E09000015,Harrow,E01002126,Harrow 023A,400437.5,3.0,8.0,9.0,2.0,1.0,9.0,3.0,16.0,6.0,18.0,75.0,14.665,26.3567,6a
E09000015,Harrow,E01002127,Harrow 023B,498373.125,4.0,9.0,0.0,1.0,1.0,3.0,1.0,7.0,50.0,29.0,105.0,13.278,18.8352,4
E09000015,Harrow,E01002128,Harrow 020A,406250.0,12.0,6.0,30.0,3.0,1.0,5.0,7.0,22.0,24.0,63.0,173.0,17.805,14.069,3
E09000015,Harrow,E01002129,Harrow 023C,387562.5,28.0,38.0,50.0,14.0,10.0,81.0,40.0,554.0,23.0,194.0,1032.0,17.895,26.4433,6a
E09000015,Harrow,E01002130,Harrow 020B,363731.25,30.0,30.0,32.0,7.0,0.0,42.0,24.0,184.0,49.0,165.0,563.0,24.584,18.4525,4
E09000015,Harrow,E01002131,Harrow 023D,424625.0,15.0,7.0,6.0,0.0,0.0,4.0,2.0,19.0,12.0,67.0,132.0,28.704,6.53152,2
E09000015,Harrow,E01002132,Harrow 029A,435875.0,8.0,5.0,6.0,4.0,2.0,9.0,2.0,5.0,15.0,26.0,82.0,9.26,9.26165,2
E09000015,Harrow,E01002133,Harrow 027A,337500.0,13.0,12.0,15.0,0.0,2.0,17.0,2.0,15.0,28.0,70.0,174.0,33.059,9.18069,2
E09000015,Harrow,E01002134,Harrow 029B,652500.0,9.0,5.0,4.0,3.0,0.0,4.0,0.0,14.0,13.0,61.0,113.0,9.184,3.71297,1b
E09000015,Harrow,E01002135,Harrow 029C,383125.0,9.0,15.0,4.0,5.0,1.0,10.0,3.0,23.0,12.0,48.0,130.0,15.16,8.7729,2
E09000015,Harrow,E01002136,Harrow 027B,580000.0,11.0,11.0,8.0,0.0,0.0,17.0,2.0,30.0,18.0,31.0,128.0,12.828,9.32134,2
E09000015,Harrow,E01002137,Harrow 029D,592187.5,1.0,6.0,3.0,4.0,0.0,3.0,1.0,17.0,13.0,33.0,81.0,4.693,13.453,3
E09000015,Harrow,E01002138,Harrow 027C,500525.0,10.0,3.0,1.0,2.0,0.0,4.0,0.0,0.0,13.0,28.0,61.0,17.468,5.02084,2
E09000015,Harrow,E01002139,Harrow 006A,460000.0,9.0,4.0,1.0,4.0,0.0,7.0,1.0,5.0,8.0,21.0,60.0,30.759,6.02289,2
E09000015,Harrow,E01002140,Harrow 005A,512250.0,9.0,4.0,2.0,2.0,0.0,4.0,5.0,15.0,13.0,34.0,88.0,18.298,8.0965,2
E09000015,Harrow,E01002141,Harrow 005B,587735.0,6.0,8.0,2.0,1.0,0.0,6.0,1.0,4.0,20.0,41.0,89.0,15.108,4.99761,1b
E09000015,Harrow,E01002142,Harrow 005C,674375.0,4.0,7.0,3.0,4.0,0.0,11.0,5.0,41.0,19.0,51.0,145.0,14.391,10.896,3
E09000015,Harrow,E01002143,Harrow 005D,506375.0,5.0,4.0,2.0,0.0,0.0,2.0,0.0,3.0,8.0,27.0,51.0,19.971,7.52672,2
E09000015,Harrow,E01002144,Harrow 004A,669250.0,7.0,9.0,4.0,6.0,0.0,6.0,2.0,12.0,17.0,17.0,80.0,13.848,1.64267,1a
E09000015,Harrow,E01002145,Harrow 005E,589062.5,3.0,2.0,3.0,2.0,0.0,3.0,1.0,5.0,15.0,20.0,54.0,15.781,5.93427,2
E09000015,Harrow,E01002146,Harrow 004B,696875.0,1.0,3.0,2.0,1.0,0.0,0.0,0.0,8.0,14.0,15.0,44.0,3.585,0.936908,1a
E09000015,Harrow,E01002147,Harrow 004C,913125.0,1.0,10.0,0.0,0.0,0.0,1.0,0.0,2.0,15.0,13.0,42.0,8.814,1.22008,1a
E09000015,Harrow,E01002148,Harrow 006B,745250.0,7.0,6.0,2.0,2.0,0.0,6.0,0.0,16.0,29.0,22.0,90.0,10.409,8.23542,2
E09000015,Harrow,E01002149,Harrow 004D,857750.0,0.0,3.0,1.0,0.0,0.0,0.0,1.0,5.0,16.0,11.0,37.0,4.585,2.96627,1b
E09000015,Harrow,E01002150,Harrow 006C,406125.0,4.0,7.0,5.0,2.0,2.0,16.0,0.0,21.0,30.0,35.0,122.0,10.748,6.84171,2
E09000015,Harrow,E01002151,Harrow 006D,421750.0,10.0,7.0,4.0,2.0,1.0,5.0,4.0,20.0,9.0,51.0,113.0,34.105,9.74229,2
E09000015,Harrow,E01002152,Harrow 006E,580250.0,6.0,6.0,1.0,1.0,0.0,0.0,1.0,0.0,9.0,5.0,29.0,6.412,4.2706,1b
E09000015,Harrow,E01002153,Harrow 019A,593125.0,6.0,3.0,1.0,1.0,0.0,5.0,1.0,8.0,20.0,8.0,53.0,5.724,12.3132,3
E09000015,Harrow,E01002154,Harrow 015A,601562.5,5.0,4.0,9.0,1.0,1.0,3.0,2.0,9.0,9.0,18.0,61.0,12.679,4.39177,1b
E09000015,Harrow,E01002155,Harrow 019B,687750.0,3.0,8.0,2.0,1.0,3.0,6.0,0.0,2.0,5.0,17.0,47.0,6.903,1.90346,1a
E09000015,Harrow,E01002156,Harrow 015B,757812.5,8.0,8.0,2.0,0.0,0.0,1.0,2.0,2.0,11.0,12.0,46.0,6.923,6.05169,2
E09000015,Harrow,E01002157,Harrow 019C,633437.5,5.0,7.0,8.0,2.0,0.0,6.0,4.0,28.0,17.0,26.0,103.0,10.935,11.9061,3
E09000015,Harrow,E01002158,Harrow 019D,688875.0,1.0,5.0,3.0,1.0,0.0,0.0,0.0,1.0,11.0,9.0,31.0,6.038,5.69312,2
E09000015,Harrow,E01002159,Harrow 021A,540500.0,10.0,6.0,4.0,2.0,0.0,4.0,5.0,24.0,15.0,20.0,90.0,12.955,7.91382,2
E09000015,Harrow,E01002160,Harrow 021B,554250.0,16.0,8.0,7.0,2.0,0.0,10.0,5.0,49.0,14.0,37.0,148.0,13.132,12.1416,3
E09000015,Harrow,E01002161,Harrow 021C,384625.0,10.0,1.0,3.0,1.0,1.0,6.0,0.0,20.0,10.0,21.0,73.0,14.683,13.9476,3
E09000015,Harrow,E01002162,Harrow 015C,536125.0,7.0,10.0,3.0,0.0,0.0,6.0,0.0,9.0,14.0,34.0,83.0,17.756,5.68922,2
E09000015,Harrow,E01002163,Harrow 015D,672750.0,1.0,5.0,2.0,0.0,0.0,2.0,1.0,2.0,17.0,17.0,47.0,11.162,7.46044,2
E09000015,Harrow,E01002164,Harrow 021D,518125.0,12.0,5.0,6.0,1.0,1.0,0.0,3.0,7.0,16.0,30.0,81.0,8.835,3.36821,1b
E09000015,Harrow,E01002165,Harrow 017A,441875.0,6.0,10.0,2.0,1.0,0.0,1.0,0.0,19.0,14.0,21.0,74.0,14.602,8.01081,2
E09000015,Harrow,E01002166,Harrow 017B,581000.0,1.0,2.0,1.0,1.0,0.0,3.0,2.0,5.0,13.0,15.0,43.0,13.325,4.52992,1b
E09000015,Harrow,E01002167,Harrow 017C,,2.0,1.0,2.0,1.0,1.0,5.0,1.0,8.0,9.0,17.0,47.0,20.304,3.92671,1b
E09000015,Harrow,E01002168,Harrow 017D,477500.0,6.0,9.0,5.0,1.0,0.0,4.0,2.0,5.0,5.0,13.0,50.0,26.025,4.34752,1b
E09000015,Harrow,E01002169,Harrow 017E,,9.0,6.0,1.0,1.0,0.0,7.0,0.0,9.0,11.0,39.0,83.0,18.14,8.20812,2
E09000015,Harrow,E01002170,Harrow 033A,541666.6666666666,2.0,4.0,0.0,2.0,1.0,1.0,0.0,3.0,13.0,18.0,44.0,16.493,7.48029,2
E09000015,Harrow,E01002171,Harrow 033B,456000.0,5.0,5.0,4.0,0.0,0.0,1.0,0.0,5.0,11.0,17.0,48.0,11.431,3.53079,1b
E09000015,Harrow,E01002172,Harrow 033C,518625.0,8.0,5.0,7.0,0.0,0.0,5.0,8.0,19.0,20.0,24.0,96.0,12.818,5.88181,2
E09000015,Harrow,E01002173,Harrow 033D,646312.5,4.0,4.0,6.0,1.0,0.0,0.0,2.0,4.0,21.0,13.0,55.0,13.645,6.3859,2
E09000015,Harrow,E01002174,Harrow 033E,738000.0,5.0,3.0,1.0,1.0,1.0,2.0,0.0,7.0,17.0,15.0,52.0,10.279,8.13771,2
E09000015,Harrow,E01002175,Harrow 033F,655000.0,8.0,4.0,4.0,0.0,0.0,7.0,1.0,12.0,19.0,31.0,86.0,11.584,8.25115,2
E09000015,Harrow,E01002176,Harrow 033G,699375.0,10.0,6.0,6.0,1.0,0.0,6.0,3.0,10.0,82.0,35.0,159.0,12.914,11.2074,3
E09000015,Harrow,E01002177,Harrow 033H,578812.5,5.0,0.0,9.0,4.0,1.0,8.0,0.0,9.0,19.0,28.0,83.0,13.931,4.3459,1b
E09000015,Harrow,E01002178,Harrow 033I,621250.0,1.0,0.0,4.0,1.0,0.0,2.0,1.0,6.0,9.0,11.0,35.0,10.016,5.35355,2
E09000015,Harrow,E01002179,Harrow 013A,471000.0,19.0,22.0,28.0,1.0,3.0,15.0,13.0,60.0,31.0,111.0,303.0,21.12,19.1454,4
E09000015,Harrow,E01002180,Harrow 013B,315000.0,7.0,6.0,5.0,0.0,1.0,7.0,3.0,8.0,23.0,47.0,107.0,26.863,15.9124,4
E09000015,Harrow,E01002181,Harrow 020C,411368.75,11.0,8.0,7.0,6.0,0.0,11.0,1.0,14.0,18.0,48.0,124.0,12.446,8.11366,2
E09000015,Harrow,E01002182,Harrow 020D,403125.0,11.0,11.0,3.0,3.0,3.0,2.0,2.0,14.0,14.0,50.0,113.0,14.672,13.1961,3
E09000015,Harrow,E01002183,Harrow 013C,548750.0,17.0,14.0,4.0,5.0,0.0,7.0,0.0,13.0,25.0,50.0,135.0,19.148,10.732,3
E09000015,Harrow,E01002184,Harrow 013D,493750.0,10.0,6.0,6.0,1.0,1.0,3.0,1.0,10.0,28.0,39.0,105.0,18.565,6.03532,2
E09000015,Harrow,E01002185,Harrow 009A,508593.75,4.0,8.0,2.0,0.0,0.0,8.0,1.0,11.0,16.0,27.0,77.0,30.631,4.13556,1b
E09000015,Harrow,E01002186,Harrow 009B,389686.875,7.0,10.0,5.0,2.0,0.0,13.0,2.0,41.0,25.0,41.0,146.0,18.625,4.89275,1b
E09000015,Harrow,E01002187,Harrow 009C,628656.25,9.0,7.0,0.0,0.0,0.0,2.0,4.0,4.0,26.0,21.0,73.0,12.416,4.00632,1b
E09000015,Harrow,E01002188,Harrow 016A,1159500.0,2.0,5.0,0.0,3.0,1.0,0.0,1.0,3.0,7.0,6.0,28.0,3.181,4.67791,1b
E09000015,Harrow,E01002189,Harrow 016B,862500.0,6.0,13.0,4.0,1.0,0.0,7.0,5.0,66.0,14.0,30.0,146.0,5.666,7.81173,2
E09000015,Harrow,E01002190,Harrow 009D,943750.0,2.0,11.0,1.0,0.0,0.0,1.0,1.0,2.0,19.0,15.0,52.0,6.159,0.734658,1a
E09000015,Harrow,E01002191,Harrow 022A,682875.0,2.0,4.0,4.0,1.0,0.0,4.0,2.0,3.0,12.0,20.0,52.0,6.486,3.34303,1b
E09000015,Harrow,E01002192,Harrow 016C,518187.5,4.0,7.0,2.0,0.0,0.0,6.0,2.0,8.0,14.0,21.0,64.0,6.662,4.98027,1b
E09000015,Harrow,E01002193,Harrow 016D,726562.5,6.0,2.0,5.0,2.0,1.0,2.0,0.0,7.0,5.0,30.0,60.0,10.973,9.69307,2
E09000015,Harrow,E01002194,Harrow 022B,1020750.0,5.0,3.0,1.0,1.0,0.0,0.0,1.0,4.0,15.0,21.0,51.0,5.407,4.26002,1b
E09000015,Harrow,E01002195,Harrow 022C,705750.0,1.0,2.0,2.0,1.0,1.0,9.0,2.0,17.0,9.0,15.0,59.0,5.73,4.25349,1b
E09000015,Harrow,E01002196,Harrow 022D,783125.0,2.0,2.0,2.0,0.0,0.0,1.0,0.0,3.0,15.0,12.0,37.0,5.376,3.44001,1b
E09000015,Harrow,E01002197,Harrow 012B,616250.0,3.0,3.0,0.0,1.0,0.0,5.0,0.0,6.0,10.0,18.0,46.0,11.996,5.0889,2
E09000015,Harrow,E01002198,Harrow 010C,,5.0,9.0,3.0,2.0,0.0,2.0,0.0,3.0,12.0,20.0,56.0,13.235,7.24538,2
E09000015,Harrow,E01002199,Harrow 012C,602750.0,2.0,5.0,3.0,1.0,0.0,2.0,2.0,8.0,25.0,13.0,61.0,10.429,7.44419,2
E09000015,Harrow,E01002200,Harrow 010D,510250.0,10.0,7.0,4.0,0.0,4.0,13.0,3.0,10.0,8.0,48.0,107.0,15.948,5.39606,2
E09000015,Harrow,E01002201,Harrow 012D,630000.0,3.0,3.0,1.0,1.0,0.0,3.0,0.0,2.0,7.0,19.0,39.0,9.749,4.0298,1b
E09000015,Harrow,E01002202,Harrow 012E,317437.5,11.0,19.0,1.0,2.0,1.0,15.0,14.0,54.0,27.0,55.0,199.0,18.335,6.92978,2
E09000015,Harrow,E01002203,Harrow 010E,557625.0,5.0,7.0,3.0,3.0,0.0,6.0,1.0,12.0,20.0,21.0,78.0,13.064,4.58829,1b
E09000015,Harrow,E01002204,Harrow 032A,430237.5,10.0,4.0,9.0,4.0,0.0,5.0,3.0,19.0,24.0,40.0,118.0,13.986,14.6783,3
E09000015,Harrow,E01002206,Harrow 032B,524375.0,1.0,2.0,3.0,1.0,0.0,4.0,1.0,12.0,16.0,12.0,52.0,14.258,14.3339,3
E09000015,Harrow,E01002207,Harrow 032C,531250.0,3.0,5.0,1.0,3.0,0.0,1.0,0.0,2.0,16.0,10.0,41.0,11.844,4.6496,1b
E09000015,Harrow,E01002208,Harrow 025A,714013.5,2.0,5.0,2.0,0.0,0.0,0.0,0.0,5.0,13.0,11.0,38.0,4.958,7.41351,2
E09000015,Harrow,E01002209,Harrow 025B,593500.0,8.0,8.0,4.0,3.0,0.0,10.0,2.0,25.0,15.0,46.0,121.0,9.946,14.8031,3
E09000015,Harrow,E01002210,Harrow 032D,570875.0,4.0,6.0,1.0,1.0,0.0,3.0,0.0,6.0,6.0,17.0,44.0,8.478,9.77544,2
E09000015,Harrow,E01002211,Harrow 028A,405000.0,17.0,5.0,2.0,1.0,0.0,9.0,1.0,14.0,9.0,40.0,98.0,27.335,6.32218,2
E09000015,Harrow,E01002212,Harrow 028B,391875.0,9.0,3.0,11.0,4.0,3.0,12.0,4.0,109.0,18.0,69.0,242.0,19.735,8.05433,2
E09000015,Harrow,E01002213,Harrow 027D,360125.0,2.0,7.0,2.0,1.0,2.0,7.0,5.0,7.0,28.0,22.0,83.0,17.998,12.7349,3
E09000015,Harrow,E01002214,Harrow 031A,501875.0,10.0,6.0,3.0,2.0,1.0,11.0,0.0,9.0,14.0,25.0,81.0,18.349,5.13101,2
E09000015,Harrow,E01002215,Harrow 031B,458875.0,14.0,8.0,8.0,2.0,1.0,2.0,1.0,13.0,9.0,48.0,106.0,26.808,5.96981,2
E09000015,Harrow,E01002216,Harrow 028C,538125.0,4.0,5.0,4.0,0.0,0.0,1.0,1.0,8.0,17.0,20.0,60.0,12.222,5.32505,2
E09000015,Harrow,E01002217,Harrow 028D,419750.0,12.0,4.0,5.0,0.0,1.0,5.0,1.0,7.0,14.0,38.0,87.0,32.662,5.81532,2
E09000015,Harrow,E01002218,Harrow 030A,348500.0,7.0,10.0,3.0,0.0,1.0,11.0,5.0,82.0,14.0,49.0,182.0,16.566,12.2521,3
E09000015,Harrow,E01002219,Harrow 030B,438500.0,11.0,12.0,9.0,6.0,2.0,12.0,14.0,78.0,22.0,69.0,235.0,20.375,15.4041,4
E09000015,Harrow,E01002220,Harrow 031C,489000.0,3.0,5.0,2.0,1.0,0.0,7.0,0.0,5.0,7.0,28.0,58.0,14.604,4.55245,1b
E09000015,Harrow,E01002221,Harrow 030C,496856.25,12.0,7.0,7.0,2.0,1.0,11.0,3.0,15.0,13.0,50.0,121.0,16.888,11.2533,3
E09000015,Harrow,E01002222,Harrow 030D,507781.25,3.0,14.0,3.0,4.0,0.0,2.0,1.0,7.0,9.0,31.0,74.0,13.151,6.3186,2
E09000015,Harrow,E01002223,Harrow 031D,494500.0,7.0,5.0,1.0,4.0,0.0,3.0,2.0,7.0,10.0,32.0,71.0,14.248,4.36898,1b
E09000015,Harrow,E01002224,Harrow 031E,479000.0,8.0,3.0,5.0,1.0,0.0,2.0,1.0,2.0,7.0,32.0,61.0,23.599,3.04498,1b
E09000015,Harrow,E01002225,Harrow 001C,722250.0,0.0,3.0,2.0,5.0,0.0,4.0,1.0,3.0,13.0,15.0,46.0,6.974,1.75818,1a
E09000015,Harrow,E01002226,Harrow 001D,502125.0,21.0,31.0,8.0,4.0,1.0,19.0,9.0,58.0,26.0,75.0,252.0,13.901,5.30459,2
E09000015,Harrow,E01002227,Harrow 003A,563500.0,6.0,4.0,13.0,2.0,0.0,9.0,10.0,8.0,16.0,41.0,109.0,38.186,3.76308,1b
E09000015,Harrow,E01002228,Harrow 003B,906812.5,4.0,9.0,4.0,1.0,1.0,6.0,1.0,13.0,20.0,24.0,83.0,13.791,3.47336,1b
E09000015,Harrow,E01002229,Harrow 003C,578750.0,5.0,6.0,4.0,3.0,0.0,5.0,3.0,6.0,13.0,37.0,82.0,20.34,2.41961,1a
E09000015,Harrow,E01002230,Harrow 003D,686250.0,3.0,6.0,0.0,0.0,0.0,0.0,0.0,3.0,15.0,3.0,30.0,10.441,2.97338,1b
E09000015,Harrow,E01002231,Harrow 013E,510625.0,7.0,9.0,5.0,2.0,0.0,4.0,1.0,16.0,22.0,39.0,105.0,22.427,4.32826,1b
E09000015,Harrow,E01002232,Harrow 011A,514750.0,6.0,7.0,9.0,1.0,4.0,11.0,6.0,32.0,27.0,42.0,145.0,19.699,9.99304,2
E09000015,Harrow,E01002233,Harrow 011B,408450.0,14.0,9.0,10.0,2.0,3.0,21.0,8.0,35.0,27.0,81.0,210.0,24.849,14.1991,3
E09000015,Harrow,E01002234,Harrow 011C,487875.0,3.0,5.0,6.0,2.0,1.0,4.0,0.0,9.0,27.0,31.0,88.0,18.867,3.8861,1b
E09000015,Harrow,E01002235,Harrow 011D,487875.0,7.0,6.0,6.0,1.0,0.0,6.0,3.0,18.0,35.0,48.0,130.0,27.97,7.95813,2
E09000015,Harrow,E01002236,Harrow 011E,458118.75,8.0,19.0,7.0,0.0,2.0,10.0,2.0,25.0,39.0,60.0,172.0,18.005,13.9499,3
E09000015,Harrow,E01002237,Harrow 024A,361250.0,6.0,3.0,5.0,5.0,0.0,7.0,2.0,14.0,9.0,28.0,79.0,20.045,18.1677,4
E09000015,Harrow,E01002238,Harrow 024B,471500.0,9.0,9.0,9.0,1.0,0.0,8.0,2.0,14.0,20.0,20.0,92.0,11.152,9.37251,2
E09000015,Harrow,E01002239,Harrow 025C,558500.0,3.0,6.0,4.0,0.0,1.0,3.0,1.0,7.0,17.0,18.0,60.0,9.138,10.2116,3
E09000015,Harrow,E01002240,Harrow 024C,480625.0,3.0,5.0,2.0,0.0,0.0,3.0,1.0,9.0,17.0,24.0,64.0,20.176,11.2694,3
E09000015,Harrow,E01002241,Harrow 025D,544500.0,10.0,6.0,6.0,1.0,1.0,4.0,3.0,4.0,21.0,35.0,91.0,21.921,5.00786,2
E09000015,Harrow,E01002242,Harrow 024D,671562.5,7.0,1.0,0.0,1.0,0.0,1.0,2.0,17.0,9.0,21.0,59.0,8.357,13.0755,3
E09000015,Harrow,E01032576,Harrow 032E,540125.0,6.0,5.0,0.0,0.0,0.0,0.0,0.0,3.0,13.0,15.0,42.0,7.437,3.05816,1b
E09000016,Havering,E01002243,Havering 013A,302937.5,14.0,9.0,15.0,4.0,1.0,20.0,2.0,33.0,23.0,64.0,185.0,30.321,14.5099,3
E09000016,Havering,E01002244,Havering 011A,409500.0,11.0,1.0,10.0,1.0,0.0,7.0,0.0,5.0,21.0,53.0,109.0,19.029,5.23004,2
E09000016,Havering,E01002245,Havering 011B,402375.0,11.0,7.0,2.0,2.0,1.0,9.0,0.0,20.0,24.0,29.0,105.0,17.892,9.1399,2
E09000016,Havering,E01002246,Havering 017A,420000.0,7.0,7.0,4.0,2.0,0.0,5.0,3.0,20.0,10.0,41.0,99.0,14.682,2.71669,1b
E09000016,Havering,E01002247,Havering 017B,375125.0,9.0,10.0,8.0,3.0,3.0,11.0,1.0,11.0,18.0,68.0,142.0,19.955,4.43939,1b
E09000016,Havering,E01002248,Havering 017C,414687.5,24.0,9.0,11.0,2.0,1.0,39.0,2.0,52.0,35.0,132.0,307.0,21.286,6.74329,2
E09000016,Havering,E01002249,Havering 017D,357312.5,5.0,8.0,2.0,2.0,0.0,6.0,2.0,17.0,17.0,33.0,92.0,20.574,12.7569,3
E09000016,Havering,E01002250,Havering 017E,417250.0,11.0,9.0,11.0,4.0,1.0,5.0,2.0,12.0,30.0,33.0,118.0,21.587,2.26154,1a
E09000016,Havering,E01002251,Havering 017F,396375.0,4.0,3.0,2.0,0.0,1.0,6.0,0.0,7.0,14.0,28.0,65.0,24.493,8.71603,2
E09000016,Havering,E01002252,Havering 018A,469000.0,3.0,2.0,2.0,1.0,0.0,0.0,1.0,3.0,7.0,10.0,29.0,10.37,1.44704,1a
E09000016,Havering,E01002253,Havering 019A,558812.5,0.0,3.0,1.0,2.0,0.0,2.0,0.0,4.0,15.0,4.0,31.0,2.453,2.19965,1a
E09000016,Havering,E01002254,Havering 019B,570375.0,8.0,4.0,2.0,0.0,0.0,5.0,0.0,6.0,15.0,9.0,49.0,3.323,4.51793,1b
E09000016,Havering,E01002255,Havering 022A,426625.0,5.0,2.0,2.0,3.0,0.0,1.0,0.0,2.0,8.0,21.0,44.0,8.345,2.1321,1a
E09000016,Havering,E01002256,Havering 018B,481312.5,2.0,1.0,0.0,1.0,1.0,1.0,0.0,3.0,11.0,7.0,27.0,6.437,3.63439,1b
E09000016,Havering,E01002257,Havering 019C,1100000.0,1.0,4.0,1.0,0.0,0.0,2.0,3.0,4.0,17.0,15.0,47.0,4.228,14.9467,3
E09000016,Havering,E01002258,Havering 018C,314750.0,13.0,7.0,1.0,5.0,2.0,5.0,1.0,8.0,11.0,52.0,105.0,14.889,4.56305,1b
E09000016,Havering,E01002259,Havering 018D,457556.25,4.0,0.0,3.0,2.0,0.0,3.0,0.0,1.0,12.0,13.0,38.0,7.442,0.661991,1a
E09000016,Havering,E01002260,Havering 026A,436875.0,10.0,5.0,15.0,3.0,0.0,5.0,2.0,7.0,12.0,26.0,85.0,12.075,2.38011,1a
E09000016,Havering,E01002261,Havering 026B,426000.0,6.0,9.0,4.0,1.0,1.0,6.0,7.0,44.0,13.0,32.0,123.0,13.701,11.2591,3
E09000016,Havering,E01002262,Havering 026C,414062.5,9.0,3.0,1.0,2.0,1.0,10.0,3.0,8.0,13.0,35.0,85.0,16.019,9.34301,2
E09000016,Havering,E01002263,Havering 026D,417750.0,5.0,4.0,5.0,0.0,1.0,3.0,0.0,1.0,5.0,15.0,39.0,7.854,2.23081,1a
E09000016,Havering,E01002264,Havering 026E,353750.0,14.0,9.0,1.0,1.0,0.0,8.0,1.0,10.0,23.0,53.0,120.0,32.066,6.80166,2
E09000016,Havering,E01002265,Havering 025A,404750.0,6.0,11.0,6.0,1.0,2.0,1.0,2.0,18.0,4.0,19.0,70.0,11.656,2.48052,1a
E09000016,Havering,E01002266,Havering 027A,427375.0,7.0,7.0,4.0,0.0,1.0,7.0,3.0,25.0,2.0,52.0,108.0,15.126,3.9442,1b
E09000016,Havering,E01002267,Havering 027B,380875.0,7.0,3.0,2.0,4.0,1.0,10.0,2.0,4.0,5.0,24.0,62.0,26.107,4.73692,1b
E09000016,Havering,E01002268,Havering 010A,469937.5,4.0,4.0,2.0,1.0,0.0,2.0,1.0,8.0,16.0,34.0,72.0,11.623,1.41548,1a
E09000016,Havering,E01002269,Havering 010B,476750.0,3.0,3.0,3.0,2.0,1.0,3.0,2.0,17.0,12.0,26.0,72.0,8.709,1.81813,1a
E09000016,Havering,E01002270,Havering 015A,1176250.0,0.0,4.0,3.0,0.0,0.0,1.0,1.0,6.0,12.0,21.0,48.0,6.589,3.93687,1b
E09000016,Havering,E01002271,Havering 015B,972500.0,1.0,3.0,1.0,0.0,0.0,0.0,0.0,6.0,15.0,10.0,36.0,7.906,1.23824,1a
E09000016,Havering,E01002272,Havering 014A,532000.0,8.0,3.0,0.0,1.0,3.0,5.0,0.0,11.0,21.0,23.0,75.0,9.268,7.37129,2
E09000016,Havering,E01002273,Havering 015C,766187.5,5.0,2.0,1.0,4.0,0.0,9.0,0.0,9.0,12.0,29.0,71.0,10.411,2.31536,1a
E09000016,Havering,E01002274,Havering 014B,438750.0,2.0,3.0,0.0,0.0,0.0,6.0,0.0,10.0,26.0,28.0,75.0,7.551,6.79855,2
E09000016,Havering,E01002275,Havering 015D,906250.0,0.0,1.0,2.0,0.0,1.0,0.0,1.0,1.0,18.0,5.0,29.0,8.32,3.79637,1b
E09000016,Havering,E01002276,Havering 001A,402500.0,19.0,7.0,5.0,1.0,1.0,3.0,2.0,11.0,33.0,47.0,129.0,29.634,0.834587,1a
E09000016,Havering,E01002277,Havering 002A,428500.0,10.0,20.0,8.0,2.0,2.0,8.0,1.0,49.0,17.0,63.0,180.0,33.413,1.77749,1a
E09000016,Havering,E01002278,Havering 001B,373125.0,16.0,15.0,4.0,0.0,2.0,6.0,2.0,9.0,28.0,33.0,115.0,33.021,6.12731,2
E09000016,Havering,E01002279,Havering 002B,387500.0,9.0,13.0,1.0,3.0,1.0,6.0,2.0,7.0,20.0,41.0,103.0,25.274,5.13857,2
E09000016,Havering,E01002280,Havering 004A,304875.0,17.0,9.0,7.0,6.0,0.0,11.0,3.0,10.0,17.0,79.0,159.0,49.966,5.90782,2
E09000016,Havering,E01002281,Havering 002C,345000.0,32.0,27.0,10.0,2.0,1.0,23.0,1.0,22.0,37.0,94.0,249.0,33.762,5.47366,2
E09000016,Havering,E01002282,Havering 004B,335000.0,46.0,21.0,34.0,6.0,4.0,47.0,13.0,121.0,26.0,172.0,490.0,40.164,6.59224,2
E09000016,Havering,E01002283,Havering 002D,398750.0,12.0,10.0,5.0,2.0,0.0,2.0,1.0,9.0,16.0,36.0,93.0,30.523,4.86809,1b
E09000016,Havering,E01002284,Havering 004C,350625.0,9.0,16.0,8.0,2.0,0.0,13.0,4.0,28.0,35.0,59.0,174.0,29.637,4.27953,1b
E09000016,Havering,E01002285,Havering 025B,562246.25,4.0,2.0,1.0,0.0,2.0,1.0,1.0,3.0,9.0,12.0,35.0,7.135,6.41369,2
E09000016,Havering,E01002286,Havering 025C,469687.5,1.0,6.0,1.0,3.0,0.0,0.0,0.0,4.0,4.0,6.0,25.0,5.332,1.53204,1a
E09000016,Havering,E01002287,Havering 023A,442750.0,4.0,1.0,1.0,0.0,1.0,1.0,0.0,6.0,6.0,11.0,31.0,9.054,8.12388,2
E09000016,Havering,E01002288,Havering 025D,434500.0,2.0,6.0,1.0,2.0,1.0,2.0,0.0,2.0,6.0,16.0,38.0,6.5,3.26005,1b
E09000016,Havering,E01002289,Havering 022B,496250.0,2.0,3.0,1.0,2.0,1.0,3.0,2.0,28.0,10.0,11.0,63.0,9.285,6.30277,2
E09000016,Havering,E01002290,Havering 025E,481625.0,3.0,2.0,1.0,0.0,0.0,2.0,0.0,3.0,6.0,12.0,29.0,7.741,9.15911,2
E09000016,Havering,E01002291,Havering 023B,360625.0,4.0,5.0,6.0,4.0,0.0,1.0,2.0,16.0,25.0,30.0,93.0,9.644,10.053,3
E09000016,Havering,E01002292,Havering 022C,482500.0,12.0,3.0,3.0,2.0,2.0,5.0,1.0,11.0,12.0,31.0,82.0,18.192,3.07737,1b
E09000016,Havering,E01002293,Havering 007A,371000.0,18.0,36.0,12.0,5.0,6.0,22.0,7.0,163.0,70.0,53.0,392.0,17.286,4.6787,1b
E09000016,Havering,E01002294,Havering 007B,513812.5,6.0,4.0,0.0,2.0,0.0,7.0,1.0,8.0,9.0,23.0,60.0,9.006,2.87437,1b
E09000016,Havering,E01002295,Havering 010C,311500.0,8.0,2.0,2.0,1.0,0.0,1.0,0.0,11.0,22.0,22.0,69.0,16.189,5.58112,2
E09000016,Havering,E01002296,Havering 007C,433750.0,5.0,7.0,3.0,1.0,0.0,5.0,2.0,3.0,27.0,17.0,70.0,13.232,0.406222,1a
E09000016,Havering,E01002297,Havering 004D,301500.0,11.0,8.0,12.0,1.0,1.0,9.0,2.0,10.0,18.0,40.0,112.0,38.58,4.66927,1b
E09000016,Havering,E01002298,Havering 007D,427625.0,1.0,6.0,2.0,5.0,0.0,0.0,0.0,4.0,22.0,25.0,65.0,11.631,5.74951,2
E09000016,Havering,E01002299,Havering 002E,351900.0,9.0,13.0,3.0,3.0,1.0,7.0,0.0,9.0,22.0,49.0,116.0,19.999,5.29101,2
E09000016,Havering,E01002300,Havering 007E,441375.0,5.0,5.0,6.0,0.0,0.0,3.0,1.0,10.0,24.0,20.0,74.0,10.482,9.87475,2
E09000016,Havering,E01002301,Havering 003A,427000.0,3.0,3.0,0.0,0.0,1.0,5.0,0.0,4.0,13.0,28.0,57.0,12.127,4.97542,1b
E09000016,Havering,E01002302,Havering 005A,450750.0,4.0,6.0,6.0,0.0,1.0,8.0,0.0,9.0,22.0,23.0,79.0,18.365,5.37297,2
E09000016,Havering,E01002303,Havering 003B,353000.0,8.0,9.0,5.0,1.0,1.0,5.0,1.0,9.0,11.0,53.0,103.0,31.035,5.06421,2
E09000016,Havering,E01002304,Havering 003C,410125.0,10.0,6.0,4.0,1.0,8.0,3.0,1.0,14.0,15.0,48.0,110.0,22.295,0.736619,1a
E09000016,Havering,E01002305,Havering 005B,400375.0,10.0,3.0,5.0,0.0,1.0,5.0,3.0,9.0,9.0,41.0,86.0,18.156,0.794609,1a
E09000016,Havering,E01002306,Havering 003D,392625.0,23.0,7.0,5.0,5.0,0.0,27.0,0.0,8.0,25.0,64.0,164.0,31.249,3.6604,1b
E09000016,Havering,E01002307,Havering 003E,410562.5,6.0,6.0,4.0,1.0,0.0,8.0,0.0,10.0,13.0,32.0,80.0,20.131,4.41836,1b
E09000016,Havering,E01002308,Havering 005C,386000.0,7.0,2.0,2.0,3.0,1.0,8.0,0.0,11.0,16.0,57.0,107.0,24.518,2.62696,1b
E09000016,Havering,E01002309,Havering 006A,378750.0,11.0,10.0,2.0,2.0,2.0,6.0,2.0,5.0,12.0,40.0,92.0,22.808,3.78252,1b
E09000016,Havering,E01002310,Havering 006B,343375.0,29.0,30.0,17.0,6.0,5.0,28.0,4.0,116.0,65.0,107.0,407.0,39.544,4.51911,1b
E09000016,Havering,E01002311,Havering 006C,377750.0,15.0,7.0,3.0,1.0,0.0,4.0,1.0,11.0,17.0,38.0,97.0,26.235,2.35809,1a
E09000016,Havering,E01002312,Havering 001C,389000.0,15.0,5.0,3.0,4.0,1.0,10.0,1.0,13.0,24.0,46.0,122.0,27.707,3.54009,1b
E09000016,Havering,E01002313,Havering 001D,349973.75,17.0,15.0,6.0,4.0,1.0,7.0,0.0,17.0,24.0,55.0,146.0,25.67,3.88134,1b
E09000016,Havering,E01002314,Havering 004E,348125.0,14.0,16.0,9.0,3.0,1.0,17.0,3.0,10.0,37.0,63.0,173.0,39.909,4.76735,1b
E09000016,Havering,E01002315,Havering 006D,363375.0,5.0,6.0,8.0,1.0,0.0,5.0,0.0,8.0,8.0,37.0,78.0,22.92,4.54522,1b
E09000016,Havering,E01002316,Havering 004F,295312.5,28.0,15.0,13.0,4.0,1.0,10.0,2.0,9.0,51.0,100.0,233.0,40.727,2.98846,1b
E09000016,Havering,E01002317,Havering 014C,626562.5,3.0,3.0,0.0,2.0,0.0,1.0,0.0,2.0,34.0,17.0,62.0,5.481,3.9746,1b
E09000016,Havering,E01002318,Havering 014D,513250.0,3.0,0.0,1.0,2.0,0.0,4.0,0.0,4.0,32.0,17.0,63.0,8.47,5.95754,2
E09000016,Havering,E01002319,Havering 016A,293000.0,14.0,15.0,21.0,4.0,4.0,17.0,4.0,132.0,62.0,53.0,326.0,16.802,6.30086,2
E09000016,Havering,E01002320,Havering 021A,493625.0,3.0,1.0,2.0,2.0,0.0,0.0,1.0,3.0,33.0,13.0,58.0,8.93,4.0685,1b
E09000016,Havering,E01002321,Havering 021B,486750.0,6.0,5.0,8.0,3.0,1.0,6.0,9.0,16.0,44.0,38.0,136.0,9.518,4.96778,1b
E09000016,Havering,E01002322,Havering 021C,436250.0,4.0,2.0,4.0,2.0,0.0,0.0,1.0,7.0,28.0,27.0,75.0,7.706,2.71623,1b
E09000016,Havering,E01002323,Havering 021D,472125.0,3.0,14.0,4.0,3.0,0.0,2.0,0.0,3.0,28.0,17.0,74.0,11.889,3.51347,1b
E09000016,Havering,E01002324,Havering 021E,443875.0,7.0,3.0,2.0,3.0,1.0,7.0,1.0,5.0,10.0,27.0,66.0,22.052,1.19427,1a
E09000016,Havering,E01002325,Havering 011C,414125.0,10.0,11.0,8.0,1.0,0.0,5.0,2.0,18.0,13.0,52.0,120.0,26.639,3.23053,1b
E09000016,Havering,E01002326,Havering 005D,425687.5,19.0,11.0,10.0,0.0,2.0,14.0,1.0,85.0,18.0,47.0,207.0,19.584,8.62595,2
E09000016,Havering,E01002327,Havering 009A,412513.875,9.0,2.0,1.0,3.0,0.0,1.0,0.0,1.0,10.0,23.0,50.0,15.455,6.57834,2
E09000016,Havering,E01002328,Havering 009B,439250.0,5.0,5.0,3.0,0.0,0.0,3.0,2.0,16.0,23.0,24.0,81.0,10.024,6.49247,2
E09000016,Havering,E01002329,Havering 011D,436187.5,6.0,8.0,3.0,2.0,0.0,13.0,0.0,11.0,14.0,25.0,82.0,15.543,4.75897,1b
E09000016,Havering,E01002330,Havering 011E,400625.0,8.0,10.0,2.0,1.0,0.0,7.0,0.0,27.0,31.0,28.0,114.0,18.943,1.57229,1a
E09000016,Havering,E01002331,Havering 005E,423562.5,7.0,3.0,5.0,2.0,0.0,2.0,0.0,5.0,11.0,22.0,57.0,15.434,5.56346,2
E09000016,Havering,E01002332,Havering 009C,413625.0,8.0,7.0,2.0,2.0,0.0,5.0,2.0,13.0,22.0,33.0,94.0,14.821,5.74047,2
E09000016,Havering,E01002333,Havering 008A,548109.375,8.0,0.0,4.0,1.0,0.0,1.0,0.0,6.0,12.0,19.0,51.0,8.49,3.81509,1b
E09000016,Havering,E01002334,Havering 008B,532812.5,5.0,5.0,3.0,0.0,0.0,5.0,0.0,7.0,21.0,20.0,66.0,11.33,1.24285,1a
E09000016,Havering,E01002335,Havering 009D,418125.0,5.0,1.0,3.0,4.0,0.0,7.0,0.0,4.0,13.0,32.0,69.0,16.434,6.44552,2
E09000016,Havering,E01002336,Havering 008C,443125.0,6.0,2.0,3.0,1.0,1.0,5.0,0.0,9.0,17.0,30.0,74.0,13.0,3.71171,1b
E09000016,Havering,E01002337,Havering 012A,1046250.0,14.0,12.0,2.0,2.0,0.0,8.0,2.0,60.0,18.0,26.0,144.0,13.698,2.76698,1b
E09000016,Havering,E01002338,Havering 009E,447125.0,2.0,6.0,6.0,1.0,1.0,7.0,2.0,13.0,11.0,22.0,71.0,11.62,7.43056,2
E09000016,Havering,E01002339,Havering 008D,536875.0,3.0,5.0,4.0,1.0,1.0,5.0,1.0,5.0,13.0,33.0,71.0,5.785,2.78331,1b
E09000016,Havering,E01002340,Havering 009F,479250.0,4.0,1.0,0.0,1.0,0.0,2.0,0.0,9.0,15.0,21.0,53.0,8.668,11.2218,3
E09000016,Havering,E01002341,Havering 008E,473750.0,4.0,1.0,0.0,0.0,0.0,9.0,0.0,0.0,7.0,15.0,36.0,10.788,3.63813,1b
E09000016,Havering,E01002342,Havering 030A,379937.5,8.0,4.0,2.0,3.0,1.0,7.0,2.0,20.0,23.0,50.0,120.0,19.728,4.2182,1b
E09000016,Havering,E01002343,Havering 029A,484375.0,1.0,2.0,2.0,1.0,1.0,2.0,1.0,9.0,14.0,29.0,62.0,13.207,2.69775,1b
E09000016,Havering,E01002344,Havering 029B,428000.0,22.0,12.0,21.0,2.0,2.0,9.0,7.0,17.0,115.0,55.0,262.0,19.839,0.579829,1a
E09000016,Havering,E01002345,Havering 030B,285187.5,28.0,11.0,16.0,1.0,1.0,17.0,4.0,49.0,41.0,84.0,252.0,30.318,7.40675,2
E09000016,Havering,E01002346,Havering 030C,411875.0,7.0,10.0,5.0,3.0,1.0,8.0,1.0,9.0,15.0,29.0,88.0,25.573,5.26042,2
E09000016,Havering,E01002347,Havering 030D,408125.0,4.0,7.0,6.0,2.0,1.0,0.0,2.0,6.0,13.0,22.0,63.0,14.333,1.87127,1a
E09000016,Havering,E01002348,Havering 029C,445000.0,5.0,5.0,2.0,2.0,0.0,0.0,2.0,2.0,14.0,17.0,49.0,10.11,0.723705,1a
E09000016,Havering,E01002349,Havering 029D,433250.0,3.0,3.0,3.0,2.0,0.0,1.0,0.0,5.0,9.0,23.0,49.0,13.9,3.31984,1b
E09000016,Havering,E01002350,Havering 016B,336125.0,24.0,15.0,19.0,6.0,5.0,24.0,1.0,49.0,31.0,50.0,224.0,26.331,27.5309,6a
E09000016,Havering,E01002351,Havering 016C,412812.5,10.0,12.0,2.0,3.0,0.0,6.0,1.0,13.0,30.0,19.0,96.0,11.81,9.33551,2
E09000016,Havering,E01002352,Havering 016D,343000.0,15.0,6.0,1.0,0.0,5.0,5.0,1.0,6.0,38.0,35.0,112.0,17.934,7.53239,2
E09000016,Havering,E01002353,Havering 013B,479000.0,37.0,16.0,62.0,7.0,7.0,35.0,11.0,108.0,22.0,158.0,463.0,15.297,14.8267,3
E09000016,Havering,E01002354,Havering 012B,640884.375,6.0,2.0,4.0,3.0,0.0,4.0,0.0,1.0,10.0,21.0,51.0,5.021,6.46174,2
E09000016,Havering,E01002355,Havering 014E,534812.5,1.0,4.0,0.0,1.0,0.0,1.0,1.0,4.0,20.0,20.0,52.0,6.409,7.17816,2
E09000016,Havering,E01002356,Havering 013C,233625.0,61.0,24.0,123.0,7.0,32.0,125.0,34.0,298.0,31.0,472.0,1207.0,33.713,26.7229,6a
E09000016,Havering,E01002358,Havering 016E,349124.875,11.0,8.0,3.0,4.0,4.0,8.0,3.0,28.0,24.0,41.0,134.0,16.44,19.7836,4
E09000016,Havering,E01002359,Havering 020A,346187.5,2.0,3.0,2.0,0.0,1.0,0.0,0.0,3.0,15.0,9.0,35.0,7.02,7.48759,2
E09000016,Havering,E01002360,Havering 020B,407500.0,9.0,1.0,0.0,2.0,1.0,2.0,0.0,6.0,14.0,27.0,62.0,13.793,10.5158,3
E09000016,Havering,E01002361,Havering 020C,317750.0,19.0,11.0,14.0,2.0,5.0,31.0,13.0,121.0,50.0,87.0,353.0,19.361,13.0282,3
E09000016,Havering,E01002362,Havering 022D,485500.0,6.0,3.0,2.0,1.0,1.0,1.0,1.0,9.0,20.0,23.0,67.0,6.861,10.6077,3
E09000016,Havering,E01002363,Havering 020D,448125.0,4.0,4.0,1.0,0.0,0.0,4.0,3.0,10.0,15.0,24.0,65.0,18.359,6.07623,2
E09000016,Havering,E01002364,Havering 023C,522812.5,7.0,0.0,0.0,2.0,0.0,4.0,1.0,5.0,1.0,8.0,28.0,6.955,10.2746,3
E09000016,Havering,E01002365,Havering 023D,410125.0,2.0,3.0,3.0,1.0,0.0,7.0,3.0,8.0,4.0,20.0,51.0,13.525,8.83177,2
E09000016,Havering,E01002366,Havering 023E,421194.375,5.0,3.0,0.0,1.0,1.0,5.0,2.0,9.0,12.0,17.0,55.0,11.057,7.26676,2
E09000016,Havering,E01002367,Havering 020E,461062.5,9.0,6.0,8.0,2.0,0.0,10.0,0.0,19.0,14.0,24.0,92.0,9.687,7.76784,2
E09000016,Havering,E01002368,Havering 028A,346250.0,25.0,21.0,15.0,9.0,5.0,22.0,4.0,91.0,56.0,110.0,358.0,39.103,3.87648,1b
E09000016,Havering,E01002369,Havering 028B,413437.5,14.0,9.0,7.0,4.0,1.0,7.0,1.0,13.0,18.0,42.0,116.0,21.384,3.85533,1b
E09000016,Havering,E01002370,Havering 028C,385625.0,16.0,21.0,12.0,1.0,3.0,21.0,4.0,28.0,50.0,79.0,235.0,29.558,2.75145,1b
E09000016,Havering,E01002371,Havering 028D,408437.5,13.0,5.0,1.0,2.0,0.0,7.0,1.0,18.0,18.0,32.0,97.0,16.24,6.45978,2
E09000016,Havering,E01002372,Havering 027C,419625.0,6.0,4.0,1.0,3.0,0.0,6.0,2.0,3.0,15.0,15.0,55.0,10.822,5.21501,2
E09000016,Havering,E01002373,Havering 027D,391500.0,8.0,5.0,5.0,1.0,0.0,7.0,2.0,7.0,18.0,45.0,98.0,13.847,3.62359,1b
E09000016,Havering,E01002374,Havering 027E,413625.0,15.0,9.0,4.0,3.0,1.0,10.0,2.0,13.0,12.0,54.0,123.0,16.712,2.32465,1a
E09000016,Havering,E01002375,Havering 028E,365250.0,17.0,20.0,15.0,3.0,2.0,7.0,2.0,19.0,21.0,62.0,168.0,28.938,2.88103,1b
E09000016,Havering,E01002376,Havering 012C,759375.0,3.0,5.0,4.0,0.0,0.0,1.0,2.0,4.0,27.0,8.0,54.0,6.826,7.92106,2
E09000016,Havering,E01002377,Havering 010D,435000.0,14.0,16.0,8.0,2.0,1.0,9.0,0.0,17.0,21.0,38.0,126.0,12.885,3.75448,1b
E09000016,Havering,E01002378,Havering 010E,454763.125,2.0,6.0,3.0,2.0,0.0,4.0,0.0,7.0,17.0,18.0,59.0,8.009,2.68192,1b
E09000016,Havering,E01002379,Havering 012D,475562.5,9.0,8.0,3.0,1.0,1.0,6.0,1.0,28.0,25.0,38.0,120.0,6.561,12.4053,3
E09000016,Havering,E01002380,Havering 012E,262687.5,13.0,10.0,4.0,3.0,0.0,15.0,2.0,21.0,43.0,32.0,143.0,16.974,8.02626,2
E09000016,Havering,E01002381,Havering 012F,633750.0,7.0,4.0,2.0,2.0,2.0,4.0,3.0,4.0,17.0,30.0,75.0,13.35,6.50685,2
E09000016,Havering,E01002382,Havering 014F,426250.0,7.0,8.0,5.0,1.0,1.0,4.0,3.0,10.0,46.0,35.0,120.0,8.19,8.82818,2
E09000016,Havering,E01002383,Havering 010F,526875.0,7.0,5.0,3.0,0.0,0.0,5.0,0.0,5.0,28.0,27.0,80.0,8.309,4.22547,1b
E09000016,Havering,E01002384,Havering 019D,557500.0,4.0,5.0,2.0,0.0,2.0,10.0,2.0,12.0,27.0,25.0,89.0,7.011,10.1165,3
E09000016,Havering,E01002385,Havering 024A,588749.375,9.0,5.0,20.0,4.0,0.0,4.0,9.0,86.0,18.0,28.0,183.0,13.766,0.576846,1a
E09000016,Havering,E01002386,Havering 022E,391250.0,18.0,12.0,5.0,5.0,1.0,22.0,6.0,127.0,21.0,54.0,271.0,7.828,12.7604,3
E09000016,Havering,E01002387,Havering 024B,715625.0,1.0,1.0,3.0,0.0,0.0,3.0,0.0,7.0,16.0,6.0,37.0,4.519,1.92184,1a
E09000016,Havering,E01002388,Havering 024C,720000.0,2.0,2.0,2.0,1.0,0.0,1.0,2.0,2.0,18.0,11.0,41.0,2.326,2.10815,1a
E09000016,Havering,E01002389,Havering 024D,741812.5,3.0,1.0,1.0,0.0,0.0,1.0,0.0,2.0,14.0,15.0,37.0,4.429,0.884774,1a
E09000016,Havering,E01002390,Havering 024E,795000.0,2.0,1.0,1.0,2.0,1.0,2.0,0.0,15.0,11.0,8.0,43.0,3.16,3.6671,1b
E09000016,Havering,E01002391,Havering 018E,537500.0,4.0,14.0,1.0,2.0,0.0,5.0,1.0,10.0,11.0,20.0,68.0,10.565,0.269091,1a
E09000016,Havering,E01032741,Havering 013E,251125.0,39.0,12.0,57.0,3.0,9.0,61.0,42.0,594.0,24.0,173.0,1014.0,18.737,28.624,6a
E09000016,Havering,E01032742,Havering 013F,277875.0,22.0,2.0,8.0,0.0,2.0,15.0,4.0,73.0,21.0,67.0,214.0,18.479,12.8605,3
E09000017,Hillingdon,E01002392,Hillingdon 020A,424375.0,15.0,10.0,13.0,1.0,1.0,14.0,1.0,9.0,20.0,72.0,156.0,35.128,3.54938,1b
E09000017,Hillingdon,E01002393,Hillingdon 020B,330125.0,11.0,4.0,6.0,5.0,0.0,13.0,7.0,9.0,14.0,56.0,125.0,22.759,5.47491,2
E09000017,Hillingdon,E01002394,Hillingdon 021A,440624.375,3.0,2.0,5.0,3.0,0.0,8.0,0.0,4.0,20.0,29.0,74.0,18.977,1.33582,1a
E09000017,Hillingdon,E01002395,Hillingdon 021B,440000.0,4.0,5.0,2.0,1.0,0.0,4.0,1.0,7.0,26.0,15.0,65.0,21.55,4.20121,1b
E09000017,Hillingdon,E01002396,Hillingdon 026A,470000.0,18.0,6.0,18.0,1.0,1.0,16.0,4.0,22.0,58.0,45.0,189.0,28.627,6.73295,2
E09000017,Hillingdon,E01002397,Hillingdon 021C,401750.0,21.0,16.0,14.0,2.0,2.0,37.0,12.0,61.0,27.0,104.0,296.0,26.362,9.63589,2
E09000017,Hillingdon,E01002398,Hillingdon 021D,445250.0,8.0,8.0,3.0,0.0,0.0,5.0,1.0,7.0,22.0,57.0,111.0,21.185,6.81137,2
E09000017,Hillingdon,E01002399,Hillingdon 021E,486666.6666666667,14.0,1.0,1.0,1.0,0.0,6.0,0.0,8.0,13.0,35.0,79.0,19.66,5.45319,2
E09000017,Hillingdon,E01002400,Hillingdon 024A,430937.5,12.0,13.0,5.0,0.0,0.0,14.0,2.0,8.0,8.0,39.0,101.0,26.723,4.92686,1b
E09000017,Hillingdon,E01002401,Hillingdon 024B,413750.0,13.0,15.0,10.0,7.0,2.0,16.0,8.0,15.0,15.0,61.0,162.0,26.638,5.05247,2
E09000017,Hillingdon,E01002402,Hillingdon 024C,458125.0,8.0,1.0,2.0,3.0,0.0,5.0,0.0,6.0,15.0,56.0,96.0,24.386,5.37098,2
E09000017,Hillingdon,E01002403,Hillingdon 024D,399375.0,8.0,8.0,4.0,3.0,0.0,9.0,2.0,14.0,15.0,60.0,123.0,26.617,4.11304,1b
E09000017,Hillingdon,E01002404,Hillingdon 024E,279750.0,9.0,5.0,6.0,0.0,0.0,9.0,4.0,18.0,26.0,47.0,124.0,29.688,4.14126,1b
E09000017,Hillingdon,E01002405,Hillingdon 027A,466500.0,12.0,7.0,17.0,1.0,1.0,13.0,2.0,21.0,49.0,68.0,191.0,23.452,5.2036,2
E09000017,Hillingdon,E01002406,Hillingdon 027B,373500.0,14.0,19.0,8.0,3.0,1.0,32.0,12.0,92.0,21.0,96.0,298.0,24.978,7.27089,2
E09000017,Hillingdon,E01002407,Hillingdon 030A,369562.5,15.0,11.0,37.0,4.0,3.0,16.0,8.0,33.0,9.0,53.0,189.0,23.489,14.9861,3
E09000017,Hillingdon,E01002408,Hillingdon 019A,340375.0,17.0,8.0,1.0,2.0,0.0,14.0,0.0,13.0,7.0,55.0,117.0,31.015,7.98781,2
E09000017,Hillingdon,E01002409,Hillingdon 019B,419250.0,8.0,9.0,7.0,2.0,0.0,4.0,1.0,11.0,8.0,39.0,89.0,22.359,6.38966,2
E09000017,Hillingdon,E01002410,Hillingdon 017A,475125.0,10.0,11.0,10.0,3.0,1.0,9.0,3.0,71.0,17.0,49.0,184.0,15.825,7.32259,2
E09000017,Hillingdon,E01002411,Hillingdon 022A,393812.5,8.0,4.0,1.0,1.0,0.0,12.0,1.0,11.0,17.0,52.0,107.0,23.999,3.38741,1b
E09000017,Hillingdon,E01002412,Hillingdon 017B,480625.0,32.0,6.0,4.0,2.0,5.0,57.0,10.0,88.0,25.0,277.0,506.0,13.287,7.4615,2
E09000017,Hillingdon,E01002413,Hillingdon 022B,422250.0,10.0,10.0,10.0,5.0,1.0,18.0,6.0,58.0,11.0,61.0,190.0,30.67,3.98652,1b
E09000017,Hillingdon,E01002414,Hillingdon 015A,384125.0,7.0,9.0,12.0,2.0,1.0,14.0,8.0,54.0,23.0,80.0,210.0,8.777,7.25484,2
E09000017,Hillingdon,E01002415,Hillingdon 010A,500875.0,2.0,3.0,4.0,2.0,0.0,4.0,0.0,2.0,9.0,21.0,47.0,6.957,3.10999,1b
E09000017,Hillingdon,E01002416,Hillingdon 008A,558937.5,5.0,4.0,1.0,0.0,0.0,1.0,0.0,6.0,12.0,17.0,46.0,7.256,1.84516,1a
E09000017,Hillingdon,E01002417,Hillingdon 008B,607281.125,6.0,10.0,6.0,2.0,0.0,11.0,6.0,12.0,16.0,25.0,94.0,6.56,8.52369,2
E09000017,Hillingdon,E01002418,Hillingdon 006A,583125.0,2.0,5.0,0.0,2.0,0.0,3.0,0.0,4.0,12.0,9.0,37.0,11.922,5.46504,2
E09000017,Hillingdon,E01002419,Hillingdon 006B,382875.0,7.0,4.0,2.0,1.0,0.0,4.0,2.0,9.0,12.0,20.0,61.0,5.501,9.51351,2
E09000017,Hillingdon,E01002420,Hillingdon 008C,496125.0,7.0,2.0,1.0,2.0,0.0,1.0,0.0,2.0,12.0,25.0,52.0,13.784,3.30311,1b
E09000017,Hillingdon,E01002421,Hillingdon 008D,539250.0,2.0,5.0,6.0,1.0,2.0,5.0,2.0,7.0,27.0,29.0,86.0,8.993,2.31647,1a
E09000017,Hillingdon,E01002422,Hillingdon 018A,497916.6666666667,9.0,5.0,8.0,0.0,1.0,10.0,1.0,19.0,12.0,25.0,90.0,15.824,4.62929,1b
E09000017,Hillingdon,E01002423,Hillingdon 018B,507875.0,11.0,8.0,6.0,1.0,0.0,8.0,3.0,18.0,11.0,46.0,112.0,13.735,3.05698,1b
E09000017,Hillingdon,E01002424,Hillingdon 018C,442250.0,12.0,3.0,2.0,0.0,1.0,4.0,1.0,7.0,21.0,30.0,81.0,13.456,5.29873,2
E09000017,Hillingdon,E01002425,Hillingdon 018D,475937.5,4.0,5.0,5.0,0.0,0.0,10.0,0.0,9.0,15.0,40.0,88.0,23.941,3.52584,1b
E09000017,Hillingdon,E01002426,Hillingdon 021F,396375.0,5.0,8.0,2.0,1.0,1.0,6.0,2.0,8.0,17.0,56.0,106.0,17.74,7.68046,2
E09000017,Hillingdon,E01002427,Hillingdon 018E,480875.0,5.0,3.0,3.0,0.0,0.0,2.0,0.0,5.0,10.0,13.0,41.0,13.203,5.82371,2
E09000017,Hillingdon,E01002428,Hillingdon 018F,485625.0,5.0,1.0,2.0,0.0,0.0,5.0,1.0,4.0,7.0,32.0,57.0,12.152,2.66693,1b
E09000017,Hillingdon,E01002429,Hillingdon 019C,409875.0,13.0,6.0,8.0,3.0,0.0,6.0,1.0,6.0,11.0,44.0,98.0,30.131,3.22305,1b
E09000017,Hillingdon,E01002430,Hillingdon 007A,1001875.0,3.0,3.0,0.0,0.0,0.0,0.0,0.0,4.0,15.0,9.0,34.0,6.105,0.554296,1a
E09000017,Hillingdon,E01002431,Hillingdon 006C,833531.25,0.0,3.0,1.0,0.0,0.0,2.0,2.0,1.0,8.0,4.0,21.0,4.924,7.42617,2
E09000017,Hillingdon,E01002432,Hillingdon 006D,452125.0,13.0,4.0,6.0,1.0,0.0,11.0,9.0,62.0,23.0,35.0,164.0,6.636,9.18316,2
E09000017,Hillingdon,E01002433,Hillingdon 004A,571250.0,18.0,11.0,3.0,1.0,0.0,8.0,1.0,11.0,16.0,56.0,125.0,16.922,3.22636,1b
E09000017,Hillingdon,E01002434,Hillingdon 007B,809812.5,4.0,2.0,2.0,0.0,0.0,5.0,0.0,6.0,12.0,11.0,42.0,5.524,2.65528,1b
E09000017,Hillingdon,E01002435,Hillingdon 007C,769375.0,3.0,12.0,2.0,1.0,0.0,6.0,1.0,0.0,15.0,18.0,58.0,4.163,6.87354,2
E09000017,Hillingdon,E01002436,Hillingdon 004B,610000.0,6.0,7.0,4.0,1.0,1.0,8.0,3.0,26.0,20.0,39.0,115.0,10.954,2.56049,1b
E09000017,Hillingdon,E01002437,Hillingdon 006E,866562.5,2.0,7.0,1.0,0.0,0.0,0.0,0.0,3.0,8.0,10.0,31.0,5.755,2.90634,1b
E09000017,Hillingdon,E01002438,Hillingdon 003A,572187.5,4.0,5.0,1.0,5.0,0.0,4.0,0.0,7.0,14.0,24.0,64.0,12.569,0.240965,1a
E09000017,Hillingdon,E01002439,Hillingdon 003B,404075.0,6.0,10.0,0.0,1.0,0.0,16.0,0.0,19.0,20.0,41.0,113.0,17.002,2.38888,1a
E09000017,Hillingdon,E01002440,Hillingdon 003C,431693.75,5.0,11.0,0.0,1.0,0.0,3.0,0.0,2.0,10.0,36.0,68.0,20.207,1.20851,1a
E09000017,Hillingdon,E01002441,Hillingdon 003D,412125.0,7.0,9.0,3.0,1.0,0.0,6.0,1.0,8.0,12.0,49.0,96.0,23.701,0.729898,1a
E09000017,Hillingdon,E01002442,Hillingdon 003E,440500.0,7.0,7.0,2.0,1.0,0.0,14.0,1.0,9.0,9.0,29.0,79.0,23.76,1.15238,1a
E09000017,Hillingdon,E01002443,Hillingdon 032A,376000.0,17.0,6.0,9.0,3.0,2.0,12.0,8.0,41.0,104.0,71.0,273.0,19.901,5.17736,2
E09000017,Hillingdon,E01002444,Hillingdon 031A,442750.0,101.0,19.0,72.0,1383.0,24.0,142.0,4.0,1026.0,286.0,427.0,3484.0,22.563,4.0722,1b
E09000017,Hillingdon,E01002445,Hillingdon 029A,402625.0,31.0,3.0,4.0,1.0,2.0,14.0,4.0,15.0,21.0,67.0,162.0,30.41,5.18992,2
E09000017,Hillingdon,E01002446,Hillingdon 031B,267500.0,14.0,7.0,14.0,1.0,0.0,19.0,1.0,33.0,30.0,73.0,192.0,21.888,2.79044,1b
E09000017,Hillingdon,E01002447,Hillingdon 031C,327500.0,21.0,12.0,14.0,3.0,1.0,25.0,2.0,94.0,111.0,78.0,361.0,24.211,4.75634,1b
E09000017,Hillingdon,E01002448,Hillingdon 032B,396625.0,19.0,14.0,10.0,9.0,0.0,17.0,5.0,22.0,39.0,61.0,196.0,18.249,5.89817,2
E09000017,Hillingdon,E01002449,Hillingdon 032C,303237.5,20.0,17.0,11.0,2.0,0.0,14.0,4.0,27.0,104.0,72.0,271.0,21.375,9.38271,2
E09000017,Hillingdon,E01002450,Hillingdon 014A,446625.0,0.0,3.0,0.0,0.0,0.0,4.0,1.0,6.0,7.0,8.0,29.0,7.627,2.42859,1a
E09000017,Hillingdon,E01002451,Hillingdon 014B,551250.0,0.0,2.0,0.0,0.0,0.0,7.0,2.0,8.0,6.0,19.0,44.0,7.125,4.19972,1b
E09000017,Hillingdon,E01002452,Hillingdon 014C,510237.5,4.0,7.0,5.0,1.0,0.0,7.0,0.0,12.0,11.0,20.0,67.0,9.387,6.8061,2
E09000017,Hillingdon,E01002453,Hillingdon 014D,492250.0,6.0,5.0,1.0,1.0,1.0,0.0,1.0,5.0,15.0,14.0,49.0,11.258,2.22589,1a
E09000017,Hillingdon,E01002454,Hillingdon 014E,466375.0,7.0,1.0,4.0,1.0,3.0,7.0,2.0,12.0,10.0,51.0,98.0,19.651,0.501776,1a
E09000017,Hillingdon,E01002455,Hillingdon 019D,459287.625,5.0,7.0,6.0,0.0,2.0,7.0,3.0,10.0,11.0,34.0,85.0,20.172,4.41949,1b
E09000017,Hillingdon,E01002456,Hillingdon 017C,455562.5,11.0,4.0,2.0,2.0,3.0,28.0,6.0,60.0,16.0,54.0,186.0,19.196,3.50716,1b
E09000017,Hillingdon,E01002457,Hillingdon 019E,419062.5,8.0,5.0,0.0,2.0,0.0,11.0,0.0,11.0,8.0,46.0,91.0,26.837,3.72181,1b
E09000017,Hillingdon,E01002458,Hillingdon 011A,781875.0,2.0,7.0,0.0,0.0,1.0,2.0,0.0,3.0,6.0,8.0,29.0,7.08,1.81312,1a
E09000017,Hillingdon,E01002459,Hillingdon 011B,716562.5,3.0,2.0,2.0,0.0,0.0,2.0,0.0,2.0,24.0,7.0,42.0,3.738,2.32543,1a
E09000017,Hillingdon,E01002460,Hillingdon 011C,603124.875,5.0,5.0,6.0,1.0,3.0,12.0,2.0,35.0,14.0,25.0,108.0,6.577,8.36988,2
E09000017,Hillingdon,E01002461,Hillingdon 013A,1065000.0,6.0,11.0,2.0,1.0,0.0,7.0,2.0,4.0,15.0,31.0,79.0,10.271,0.958075,1a
E09000017,Hillingdon,E01002462,Hillingdon 011D,707562.5,2.0,1.0,0.0,0.0,0.0,1.0,0.0,1.0,13.0,14.0,32.0,6.945,2.05361,1a
E09000017,Hillingdon,E01002463,Hillingdon 013B,795250.0,2.0,5.0,1.0,1.0,0.0,3.0,2.0,6.0,8.0,10.0,38.0,7.321,5.49091,2
E09000017,Hillingdon,E01002464,Hillingdon 011E,588187.5,7.0,4.0,3.0,0.0,1.0,5.0,2.0,1.0,14.0,14.0,51.0,6.369,4.9929,1b
E09000017,Hillingdon,E01002465,Hillingdon 009A,434937.5,7.0,4.0,3.0,1.0,0.0,9.0,1.0,5.0,16.0,15.0,61.0,10.44,7.99062,2
E09000017,Hillingdon,E01002466,Hillingdon 010B,541687.5,4.0,5.0,6.0,1.0,0.0,4.0,1.0,4.0,16.0,12.0,53.0,7.607,5.11503,2
E09000017,Hillingdon,E01002467,Hillingdon 009B,571562.5,2.0,3.0,0.0,1.0,1.0,2.0,0.0,2.0,19.0,27.0,57.0,5.772,8.92569,2
E09000017,Hillingdon,E01002468,Hillingdon 010C,525461.25,6.0,1.0,5.0,1.0,0.0,3.0,0.0,6.0,15.0,13.0,50.0,6.832,7.82585,2
E09000017,Hillingdon,E01002469,Hillingdon 010D,544250.0,3.0,4.0,0.0,1.0,0.0,0.0,0.0,7.0,14.0,10.0,39.0,7.97,9.64402,2
E09000017,Hillingdon,E01002470,Hillingdon 007D,647125.0,9.0,6.0,6.0,2.0,0.0,13.0,7.0,26.0,27.0,52.0,148.0,10.721,12.52,3
E09000017,Hillingdon,E01002471,Hillingdon 008E,548437.5,3.0,0.0,0.0,3.0,0.0,4.0,0.0,2.0,11.0,10.0,33.0,7.311,9.94919,2
E09000017,Hillingdon,E01002472,Hillingdon 002A,480125.0,4.0,20.0,1.0,1.0,0.0,12.0,3.0,64.0,24.0,27.0,156.0,8.241,7.28296,2
E09000017,Hillingdon,E01002473,Hillingdon 001A,1355000.0,3.0,10.0,4.0,1.0,0.0,9.0,0.0,20.0,23.0,21.0,91.0,15.968,0.951307,1a
E09000017,Hillingdon,E01002474,Hillingdon 002B,723000.0,8.0,7.0,2.0,1.0,2.0,1.0,1.0,8.0,4.0,15.0,49.0,10.473,2.98082,1b
E09000017,Hillingdon,E01002475,Hillingdon 001B,570625.0,6.0,14.0,4.0,2.0,0.0,12.0,0.0,12.0,13.0,44.0,107.0,17.647,3.28632,1b
E09000017,Hillingdon,E01002476,Hillingdon 001C,1322500.0,1.0,5.0,0.0,1.0,0.0,1.0,1.0,4.0,9.0,10.0,32.0,4.554,4.28853,1b
E09000017,Hillingdon,E01002477,Hillingdon 001D,491187.5,3.0,8.0,0.0,0.0,0.0,0.0,0.0,3.0,21.0,18.0,53.0,9.978,4.96786,1b
E09000017,Hillingdon,E01002478,Hillingdon 002C,725625.0,5.0,15.0,1.0,1.0,0.0,13.0,3.0,11.0,10.0,20.0,79.0,7.519,8.95702,2
E09000017,Hillingdon,E01002479,Hillingdon 004C,526000.0,9.0,6.0,4.0,2.0,2.0,11.0,2.0,9.0,19.0,49.0,113.0,19.628,2.67619,1b
E09000017,Hillingdon,E01002480,Hillingdon 004D,736375.0,4.0,9.0,4.0,0.0,0.0,4.0,0.0,2.0,11.0,4.0,38.0,4.074,2.35467,1a
E09000017,Hillingdon,E01002481,Hillingdon 004E,403000.0,9.0,13.0,1.0,0.0,1.0,7.0,1.0,10.0,20.0,27.0,89.0,19.065,3.88632,1b
E09000017,Hillingdon,E01002482,Hillingdon 001E,902687.5,1.0,14.0,0.0,2.0,0.0,1.0,0.0,1.0,14.0,20.0,53.0,3.114,3.69988,1b
E09000017,Hillingdon,E01002483,Hillingdon 002D,603500.0,8.0,12.0,8.0,2.0,0.0,17.0,3.0,49.0,22.0,45.0,166.0,9.321,7.47246,2
E09000017,Hillingdon,E01002484,Hillingdon 002E,541500.0,7.0,8.0,6.0,4.0,0.0,7.0,0.0,4.0,8.0,31.0,75.0,21.292,6.5183,2
E09000017,Hillingdon,E01002485,Hillingdon 002F,342500.0,11.0,15.0,10.0,1.0,0.0,13.0,5.0,54.0,36.0,43.0,188.0,15.274,9.20889,2
E09000017,Hillingdon,E01002486,Hillingdon 028A,440125.0,25.0,8.0,6.0,2.0,0.0,10.0,5.0,25.0,86.0,45.0,212.0,24.901,2.40549,1a
E09000017,Hillingdon,E01002487,Hillingdon 028B,466624.875,9.0,2.0,5.0,1.0,0.0,17.0,0.0,12.0,15.0,52.0,113.0,24.08,4.21167,1b
E09000017,Hillingdon,E01002488,Hillingdon 030B,484375.0,15.0,3.0,4.0,4.0,3.0,6.0,5.0,9.0,14.0,44.0,107.0,18.599,5.38934,2
E09000017,Hillingdon,E01002489,Hillingdon 030C,482812.5,13.0,9.0,7.0,1.0,3.0,14.0,5.0,49.0,60.0,59.0,220.0,15.991,17.7191,4
E09000017,Hillingdon,E01002490,Hillingdon 030D,437583.375,8.0,9.0,10.0,6.0,1.0,9.0,1.0,15.0,38.0,53.0,150.0,21.801,8.17782,2
E09000017,Hillingdon,E01002491,Hillingdon 032D,421000.0,5.0,7.0,5.0,4.0,2.0,1.0,1.0,5.0,9.0,36.0,75.0,26.093,4.86264,1b
E09000017,Hillingdon,E01002492,Hillingdon 030E,414625.0,8.0,9.0,9.0,0.0,1.0,9.0,5.0,8.0,15.0,36.0,100.0,21.072,4.18735,1b
E09000017,Hillingdon,E01002493,Hillingdon 032E,386000.0,9.0,11.0,3.0,1.0,2.0,3.0,2.0,4.0,11.0,58.0,104.0,31.917,5.29541,2
E09000017,Hillingdon,E01002494,Hillingdon 009C,497750.0,8.0,7.0,5.0,1.0,0.0,6.0,2.0,14.0,14.0,25.0,82.0,11.192,1.52927,1a
E09000017,Hillingdon,E01002495,Hillingdon 010E,498750.0,8.0,5.0,1.0,2.0,0.0,5.0,2.0,16.0,28.0,28.0,95.0,10.037,8.17087,2
E09000017,Hillingdon,E01002496,Hillingdon 033A,363125.0,10.0,11.0,3.0,3.0,1.0,11.0,4.0,49.0,44.0,40.0,176.0,16.8,2.8291,1b
E09000017,Hillingdon,E01002497,Hillingdon 033B,366187.5,17.0,27.0,10.0,7.0,2.0,29.0,7.0,115.0,99.0,71.0,384.0,15.001,8.86139,2
E09000017,Hillingdon,E01002498,Hillingdon 033C,527125.0,7.0,2.0,6.0,3.0,0.0,4.0,2.0,5.0,26.0,24.0,79.0,8.295,7.71931,2
E09000017,Hillingdon,E01002499,Hillingdon 033D,509625.0,10.0,3.0,10.0,4.0,1.0,12.0,0.0,15.0,13.0,26.0,94.0,12.74,2.71738,1b
E09000017,Hillingdon,E01002501,Hillingdon 026B,420000.0,4.0,2.0,6.0,2.0,2.0,1.0,2.0,4.0,11.0,21.0,55.0,21.242,6.61386,2
E09000017,Hillingdon,E01002502,Hillingdon 026C,463125.0,12.0,4.0,0.0,0.0,0.0,8.0,1.0,5.0,17.0,40.0,87.0,29.205,6.35696,2
E09000017,Hillingdon,E01002503,Hillingdon 027C,475625.0,21.0,8.0,11.0,3.0,1.0,13.0,1.0,21.0,10.0,60.0,149.0,30.981,8.89968,2
E09000017,Hillingdon,E01002504,Hillingdon 027D,408625.0,5.0,2.0,10.0,2.0,1.0,8.0,0.0,4.0,16.0,30.0,78.0,25.275,5.9726,2
E09000017,Hillingdon,E01002505,Hillingdon 026D,219873.75,26.0,6.0,35.0,5.0,3.0,50.0,10.0,282.0,68.0,88.0,573.0,36.03,5.67278,2
E09000017,Hillingdon,E01002506,Hillingdon 027E,334062.5,30.0,17.0,27.0,6.0,3.0,62.0,16.0,171.0,39.0,142.0,513.0,32.981,14.4689,3
E09000017,Hillingdon,E01002507,Hillingdon 027F,509250.0,10.0,6.0,12.0,5.0,2.0,10.0,2.0,31.0,39.0,45.0,162.0,21.013,1.58668,1a
E09000017,Hillingdon,E01002508,Hillingdon 026E,,19.0,11.0,11.0,3.0,1.0,6.0,4.0,17.0,22.0,54.0,148.0,34.585,9.77219,2
E09000017,Hillingdon,E01002509,Hillingdon 017D,702500.0,3.0,12.0,1.0,0.0,1.0,2.0,0.0,1.0,16.0,10.0,46.0,8.183,2.89495,1b
E09000017,Hillingdon,E01002511,Hillingdon 017E,443815.25,7.0,9.0,2.0,2.0,0.0,8.0,2.0,10.0,17.0,31.0,88.0,23.569,4.42856,1b
E09000017,Hillingdon,E01002512,Hillingdon 013C,551250.0,8.0,10.0,5.0,2.0,0.0,12.0,2.0,27.0,42.0,52.0,160.0,6.058,4.04951,1b
E09000017,Hillingdon,E01002513,Hillingdon 013D,670000.0,9.0,5.0,0.0,0.0,0.0,7.0,1.0,5.0,21.0,26.0,74.0,12.172,6.06116,2
E09000017,Hillingdon,E01002514,Hillingdon 015C,354687.5,32.0,17.0,25.0,5.0,1.0,36.0,10.0,183.0,25.0,147.0,481.0,12.343,14.7576,3
E09000017,Hillingdon,E01002515,Hillingdon 015D,419437.5,9.0,6.0,1.0,1.0,2.0,5.0,0.0,5.0,14.0,28.0,71.0,21.833,8.3654,2
E09000017,Hillingdon,E01002516,Hillingdon 013E,783743.75,1.0,2.0,2.0,3.0,0.0,1.0,1.0,6.0,10.0,12.0,38.0,7.515,2.19197,1a
E09000017,Hillingdon,E01002518,Hillingdon 022C,527500.0,10.0,8.0,4.0,4.0,0.0,4.0,1.0,13.0,19.0,40.0,103.0,10.195,4.54559,1b
E09000017,Hillingdon,E01002519,Hillingdon 022D,283875.0,7.0,13.0,22.0,1.0,1.0,5.0,6.0,23.0,14.0,45.0,137.0,29.904,1.75118,1a
E09000017,Hillingdon,E01002520,Hillingdon 016B,397018.5,23.0,17.0,7.0,3.0,0.0,18.0,3.0,19.0,43.0,74.0,207.0,19.737,0.920126,1a
E09000017,Hillingdon,E01002521,Hillingdon 016C,324375.0,41.0,23.0,82.0,19.0,3.0,82.0,19.0,388.0,78.0,227.0,962.0,29.236,11.9729,3
E09000017,Hillingdon,E01002523,Hillingdon 016D,478137.5,13.0,7.0,2.0,3.0,0.0,2.0,1.0,12.0,28.0,36.0,104.0,17.141,6.77781,2
E09000017,Hillingdon,E01002525,Hillingdon 029B,415375.0,8.0,3.0,2.0,2.0,1.0,13.0,1.0,27.0,19.0,43.0,119.0,19.294,5.88075,2
E09000017,Hillingdon,E01002526,Hillingdon 028C,310062.5,10.0,18.0,8.0,4.0,2.0,16.0,7.0,22.0,16.0,98.0,201.0,28.751,3.88082,1b
E09000017,Hillingdon,E01002527,Hillingdon 031D,308750.0,15.0,5.0,3.0,7.0,0.0,8.0,3.0,8.0,18.0,51.0,118.0,27.692,1.7563,1a
E09000017,Hillingdon,E01002528,Hillingdon 028D,454125.0,12.0,6.0,5.0,2.0,0.0,11.0,2.0,13.0,15.0,71.0,137.0,35.075,3.17383,1b
E09000017,Hillingdon,E01002529,Hillingdon 029C,287937.5,17.0,15.0,4.0,7.0,2.0,28.0,4.0,50.0,30.0,90.0,247.0,20.428,11.2418,3
E09000017,Hillingdon,E01002530,Hillingdon 029D,398750.0,19.0,12.0,4.0,1.0,2.0,13.0,0.0,21.0,17.0,51.0,140.0,35.344,3.38288,1b
E09000017,Hillingdon,E01002531,Hillingdon 029E,549875.0,12.0,4.0,5.0,1.0,0.0,9.0,0.0,15.0,14.0,55.0,115.0,17.549,6.10043,2
E09000017,Hillingdon,E01002532,Hillingdon 028E,336369.5,7.0,5.0,2.0,3.0,0.0,3.0,1.0,10.0,13.0,51.0,95.0,28.501,3.40202,1b
E09000017,Hillingdon,E01002533,Hillingdon 005A,485000.0,4.0,2.0,3.0,1.0,0.0,1.0,1.0,2.0,11.0,24.0,49.0,17.077,0.850302,1a
E09000017,Hillingdon,E01002534,Hillingdon 005B,650625.0,4.0,4.0,0.0,0.0,0.0,0.0,0.0,2.0,8.0,9.0,27.0,9.663,5.61959,2
E09000017,Hillingdon,E01002535,Hillingdon 007E,430625.0,13.0,15.0,9.0,1.0,0.0,15.0,8.0,106.0,38.0,65.0,270.0,8.346,14.494,3
E09000017,Hillingdon,E01002536,Hillingdon 009D,381625.0,2.0,4.0,0.0,0.0,1.0,5.0,1.0,6.0,12.0,10.0,41.0,9.06,8.45962,2
E09000017,Hillingdon,E01002537,Hillingdon 009E,382437.5,1.0,6.0,0.0,1.0,0.0,6.0,2.0,18.0,21.0,22.0,77.0,7.147,8.7211,2
E09000017,Hillingdon,E01002538,Hillingdon 005C,416750.0,18.0,5.0,17.0,0.0,0.0,19.0,1.0,16.0,15.0,45.0,136.0,12.169,2.3688,1a
E09000017,Hillingdon,E01002539,Hillingdon 005D,691875.0,2.0,4.0,4.0,0.0,0.0,1.0,1.0,5.0,9.0,18.0,44.0,7.115,2.7634,1b
E09000017,Hillingdon,E01002540,Hillingdon 020C,376250.0,18.0,6.0,6.0,5.0,1.0,9.0,3.0,214.0,32.0,63.0,357.0,27.799,3.31471,1b
E09000017,Hillingdon,E01002541,Hillingdon 023A,388375.0,11.0,6.0,4.0,4.0,1.0,5.0,0.0,9.0,18.0,45.0,103.0,14.753,3.50453,1b
E09000017,Hillingdon,E01002542,Hillingdon 020D,282718.75,17.0,6.0,11.0,2.0,1.0,20.0,10.0,19.0,18.0,73.0,177.0,29.802,5.47178,2
E09000017,Hillingdon,E01002543,Hillingdon 020E,411250.0,3.0,7.0,7.0,3.0,1.0,8.0,4.0,10.0,18.0,40.0,101.0,30.671,3.08424,1b
E09000017,Hillingdon,E01002544,Hillingdon 023B,417812.5,15.0,5.0,4.0,1.0,0.0,6.0,2.0,61.0,45.0,36.0,175.0,14.322,1.82092,1a
E09000017,Hillingdon,E01002545,Hillingdon 023C,,9.0,4.0,9.0,3.0,0.0,15.0,0.0,10.0,6.0,42.0,98.0,42.956,2.54742,1b
E09000017,Hillingdon,E01002546,Hillingdon 023D,460000.0,2.0,4.0,5.0,2.0,1.0,5.0,0.0,5.0,8.0,26.0,58.0,19.602,4.31848,1b
E09000017,Hillingdon,E01002547,Hillingdon 023E,275000.0,9.0,17.0,1.0,3.0,1.0,3.0,1.0,14.0,16.0,49.0,114.0,25.05,5.41121,2
E09000017,Hillingdon,E01002548,Hillingdon 025A,416500.0,11.0,15.0,5.0,2.0,2.0,14.0,1.0,15.0,20.0,51.0,136.0,32.004,3.96665,1b
E09000017,Hillingdon,E01002549,Hillingdon 025B,449375.0,8.0,4.0,9.0,1.0,0.0,9.0,2.0,13.0,10.0,54.0,110.0,21.154,5.26495,2
E09000017,Hillingdon,E01002550,Hillingdon 022E,327000.0,9.0,5.0,6.0,1.0,2.0,13.0,0.0,4.0,13.0,45.0,98.0,29.539,1.61395,1a
E09000017,Hillingdon,E01002551,Hillingdon 025C,439125.0,6.0,5.0,7.0,1.0,0.0,7.0,3.0,16.0,9.0,67.0,121.0,21.816,5.68722,2
E09000017,Hillingdon,E01002552,Hillingdon 025D,437312.5,16.0,10.0,7.0,3.0,1.0,12.0,4.0,9.0,18.0,49.0,129.0,29.289,6.4691,2
E09000017,Hillingdon,E01002553,Hillingdon 025E,432250.0,20.0,6.0,8.0,4.0,1.0,5.0,2.0,10.0,19.0,48.0,123.0,36.121,5.09357,2
E09000017,Hillingdon,E01002554,Hillingdon 022F,289625.0,26.0,24.0,10.0,6.0,2.0,28.0,12.0,106.0,62.0,109.0,385.0,27.843,4.65665,1b
E09000017,Hillingdon,E01032577,Hillingdon 033E,570312.5,8.0,7.0,1.0,0.0,1.0,3.0,0.0,4.0,16.0,15.0,55.0,10.313,2.41789,1a
E09000017,Hillingdon,E01033724,Hillingdon 016F,377625.0,27.0,18.0,23.0,1.0,2.0,10.0,6.0,28.0,36.0,87.0,238.0,10.113,3.96785,1b
E09000017,Hillingdon,E01033725,Hillingdon 015F,424437.5,7.0,4.0,2.0,1.0,0.0,4.0,1.0,8.0,32.0,25.0,84.0,21.577,6.96301,2
E09000018,Hounslow,E01002555,Hounslow 022A,397500.0,8.0,9.0,4.0,1.0,1.0,8.0,4.0,17.0,21.0,41.0,114.0,14.607,5.07501,2
E09000018,Hounslow,E01002556,Hounslow 022B,410062.5,9.0,6.0,4.0,1.0,0.0,9.0,2.0,9.0,15.0,42.0,97.0,16.965,3.7819,1b
E09000018,Hounslow,E01002557,Hounslow 023A,417500.0,18.0,11.0,4.0,3.0,1.0,9.0,1.0,14.0,14.0,56.0,131.0,25.437,5.15537,2
E09000018,Hounslow,E01002558,Hounslow 023B,327500.0,15.0,7.0,12.0,1.0,3.0,28.0,4.0,26.0,11.0,102.0,209.0,23.82,5.25246,2
E09000018,Hounslow,E01002559,Hounslow 023C,352687.5,22.0,15.0,6.0,1.0,2.0,21.0,1.0,16.0,26.0,90.0,200.0,25.75,1.67801,1a
E09000018,Hounslow,E01002560,Hounslow 023D,453250.0,15.0,9.0,11.0,2.0,2.0,1.0,2.0,6.0,17.0,61.0,126.0,28.577,2.54301,1b
E09000018,Hounslow,E01002561,Hounslow 023E,253625.0,14.0,7.0,14.0,3.0,1.0,4.0,1.0,5.0,15.0,33.0,97.0,34.677,0.418319,1a
E09000018,Hounslow,E01002562,Hounslow 003A,571875.0,12.0,11.0,6.0,2.0,0.0,8.0,3.0,39.0,49.0,54.0,184.0,32.826,4.65083,1b
E09000018,Hounslow,E01002563,Hounslow 006A,738250.0,9.0,9.0,4.0,1.0,1.0,2.0,1.0,9.0,14.0,41.0,91.0,15.794,8.76867,2
E09000018,Hounslow,E01002564,Hounslow 003B,579656.25,16.0,12.0,14.0,1.0,1.0,13.0,1.0,34.0,22.0,60.0,174.0,34.25,7.97876,2
E09000018,Hounslow,E01002565,Hounslow 006B,503743.75,9.0,22.0,5.0,2.0,2.0,11.0,2.0,19.0,47.0,52.0,171.0,18.186,9.35835,2
E09000018,Hounslow,E01002566,Hounslow 003C,475100.0,3.0,2.0,3.0,0.0,2.0,6.0,1.0,6.0,13.0,36.0,72.0,34.247,9.9988,2
E09000018,Hounslow,E01002567,Hounslow 006C,574994.0,3.0,8.0,2.0,1.0,0.0,13.0,0.0,16.0,6.0,47.0,96.0,21.331,14.3013,3
E09000018,Hounslow,E01002568,Hounslow 003D,376187.5,11.0,10.0,1.0,2.0,2.0,10.0,4.0,13.0,16.0,55.0,124.0,31.74,11.3967,3
E09000018,Hounslow,E01002569,Hounslow 001A,931875.0,13.0,12.0,5.0,0.0,0.0,7.0,0.0,35.0,52.0,49.0,173.0,9.196,5.89787,2
E09000018,Hounslow,E01002570,Hounslow 001B,939375.0,14.0,9.0,3.0,3.0,0.0,21.0,3.0,77.0,49.0,52.0,231.0,13.41,19.6988,4
E09000018,Hounslow,E01002571,Hounslow 007A,1033500.0,0.0,10.0,0.0,0.0,0.0,2.0,0.0,10.0,9.0,8.0,39.0,5.356,3.55658,1b
E09000018,Hounslow,E01002572,Hounslow 007B,437500.0,12.0,27.0,12.0,1.0,0.0,16.0,2.0,37.0,30.0,61.0,198.0,30.321,2.16444,1a
E09000018,Hounslow,E01002573,Hounslow 001C,1006250.0,10.0,10.0,2.0,2.0,1.0,12.0,3.0,44.0,33.0,41.0,158.0,12.117,14.9101,3
E09000018,Hounslow,E01002574,Hounslow 001D,862500.0,11.0,7.0,5.0,0.0,1.0,17.0,0.0,34.0,22.0,32.0,129.0,10.811,17.4444,4
E09000018,Hounslow,E01002575,Hounslow 001E,1490133.375,10.0,14.0,0.0,2.0,0.0,4.0,2.0,24.0,52.0,19.0,127.0,7.341,12.348,3
E09000018,Hounslow,E01002576,Hounslow 008A,751368.75,9.0,12.0,3.0,1.0,0.0,3.0,1.0,7.0,13.0,29.0,78.0,21.712,6.54085,2
E09000018,Hounslow,E01002577,Hounslow 007C,1264237.5,6.0,11.0,3.0,1.0,2.0,9.0,3.0,20.0,32.0,28.0,115.0,12.295,4.2213,1b
E09000018,Hounslow,E01002578,Hounslow 007D,1205000.0,4.0,13.0,3.0,0.0,0.0,12.0,2.0,24.0,18.0,40.0,116.0,10.479,7.80573,2
E09000018,Hounslow,E01002579,Hounslow 008B,628750.0,7.0,9.0,1.0,0.0,0.0,8.0,0.0,22.0,15.0,16.0,78.0,9.854,5.2453,2
E09000018,Hounslow,E01002580,Hounslow 008C,800625.0,9.0,12.0,4.0,4.0,1.0,6.0,1.0,22.0,16.0,46.0,121.0,24.639,14.1321,3
E09000018,Hounslow,E01002581,Hounslow 008D,528000.0,6.0,7.0,2.0,0.0,1.0,8.0,1.0,13.0,9.0,14.0,61.0,11.422,8.73213,2
E09000018,Hounslow,E01002582,Hounslow 008E,939125.0,8.0,12.0,2.0,3.0,0.0,9.0,0.0,13.0,22.0,18.0,87.0,12.129,2.78394,1b
E09000018,Hounslow,E01002583,Hounslow 013A,502666.6666666667,9.0,4.0,5.0,1.0,1.0,15.0,1.0,11.0,28.0,43.0,118.0,23.659,5.95185,2
E09000018,Hounslow,E01002584,Hounslow 013B,430000.0,15.0,5.0,3.0,1.0,1.0,16.0,2.0,38.0,35.0,68.0,184.0,18.791,8.15749,2
E09000018,Hounslow,E01002585,Hounslow 013C,,8.0,2.0,5.0,3.0,0.0,9.0,2.0,14.0,10.0,33.0,86.0,28.48,6.49332,2
E09000018,Hounslow,E01002586,Hounslow 013D,473666.6666666667,4.0,8.0,2.0,5.0,0.0,2.0,0.0,4.0,11.0,44.0,80.0,16.639,3.34745,1b
E09000018,Hounslow,E01002587,Hounslow 016A,446500.0,8.0,12.0,8.0,4.0,0.0,14.0,5.0,32.0,16.0,87.0,186.0,24.141,8.06199,2
E09000018,Hounslow,E01002588,Hounslow 016B,,14.0,19.0,12.0,5.0,3.0,16.0,4.0,24.0,20.0,74.0,191.0,37.79,1.7599,1a
E09000018,Hounslow,E01002589,Hounslow 013E,423875.0,16.0,24.0,15.0,7.0,1.0,15.0,3.0,34.0,33.0,78.0,226.0,23.215,2.9941,1b
E09000018,Hounslow,E01002590,Hounslow 022C,423000.0,12.0,14.0,11.0,5.0,1.0,29.0,4.0,41.0,20.0,112.0,249.0,18.708,6.67115,2
E09000018,Hounslow,E01002591,Hounslow 024A,450000.0,12.0,7.0,3.0,4.0,1.0,2.0,0.0,10.0,5.0,48.0,92.0,21.737,3.36427,1b
E09000018,Hounslow,E01002592,Hounslow 022D,374625.0,20.0,20.0,24.0,4.0,1.0,26.0,7.0,120.0,31.0,102.0,355.0,24.445,7.38814,2
E09000018,Hounslow,E01002593,Hounslow 024B,423750.0,15.0,14.0,21.0,2.0,5.0,22.0,11.0,41.0,23.0,108.0,262.0,23.759,14.4667,3
E09000018,Hounslow,E01002594,Hounslow 024C,432875.0,9.0,9.0,5.0,1.0,2.0,9.0,3.0,16.0,23.0,65.0,142.0,21.842,10.9792,3
E09000018,Hounslow,E01002595,Hounslow 022E,438750.0,13.0,10.0,8.0,5.0,0.0,8.0,0.0,9.0,20.0,51.0,124.0,27.052,6.27371,2
E09000018,Hounslow,E01002596,Hounslow 027A,283000.0,29.0,6.0,8.0,24.0,4.0,16.0,2.0,11.0,13.0,155.0,268.0,24.229,1.80511,1a
E09000018,Hounslow,E01002598,Hounslow 025B,443000.0,15.0,13.0,7.0,4.0,1.0,30.0,8.0,102.0,11.0,74.0,265.0,25.724,7.40118,2
E09000018,Hounslow,E01002599,Hounslow 025C,372875.0,10.0,5.0,10.0,0.0,1.0,5.0,0.0,11.0,5.0,35.0,82.0,26.574,3.71577,1b
E09000018,Hounslow,E01002600,Hounslow 025D,393250.0,4.0,4.0,1.0,0.0,4.0,14.0,5.0,10.0,7.0,26.0,75.0,27.138,3.65198,1b
E09000018,Hounslow,E01002601,Hounslow 027B,336000.0,4.0,6.0,9.0,2.0,1.0,4.0,0.0,13.0,18.0,38.0,95.0,16.844,1.48001,1a
E09000018,Hounslow,E01002602,Hounslow 027C,409375.0,8.0,6.0,3.0,1.0,1.0,2.0,0.0,2.0,10.0,44.0,77.0,15.557,2.31287,1a
E09000018,Hounslow,E01002603,Hounslow 025E,399401.625,16.0,3.0,6.0,5.0,2.0,8.0,2.0,15.0,16.0,64.0,137.0,26.622,4.82379,1b
E09000018,Hounslow,E01002604,Hounslow 026A,,15.0,5.0,12.0,0.0,0.0,10.0,3.0,12.0,21.0,61.0,139.0,35.261,3.24896,1b
E09000018,Hounslow,E01002605,Hounslow 026B,297750.0,30.0,20.0,8.0,0.0,0.0,16.0,5.0,30.0,18.0,80.0,207.0,31.415,5.60174,2
E09000018,Hounslow,E01002606,Hounslow 026C,374833.3333333333,6.0,13.0,3.0,0.0,0.0,10.0,1.0,13.0,10.0,48.0,104.0,38.199,4.52205,1b
E09000018,Hounslow,E01002607,Hounslow 026D,380628.125,25.0,11.0,4.0,3.0,3.0,21.0,8.0,37.0,30.0,77.0,219.0,21.091,6.51199,2
E09000018,Hounslow,E01002608,Hounslow 028A,469625.0,19.0,14.0,6.0,3.0,0.0,21.0,4.0,37.0,14.0,103.0,221.0,30.406,5.81968,2
E09000018,Hounslow,E01002609,Hounslow 028B,417625.0,7.0,11.0,1.0,1.0,1.0,11.0,1.0,9.0,23.0,39.0,104.0,15.969,5.85408,2
E09000018,Hounslow,E01002610,Hounslow 028C,437000.0,21.0,14.0,4.0,5.0,2.0,13.0,0.0,13.0,16.0,62.0,150.0,26.724,1.82567,1a
E09000018,Hounslow,E01002611,Hounslow 024D,479325.0,11.0,11.0,9.0,6.0,5.0,14.0,4.0,14.0,9.0,93.0,176.0,21.015,4.2809,1b
E09000018,Hounslow,E01002612,Hounslow 024E,452062.5,19.0,10.0,24.0,1.0,6.0,24.0,8.0,60.0,17.0,102.0,271.0,26.874,15.5552,4
E09000018,Hounslow,E01002613,Hounslow 024F,468187.5,13.0,4.0,2.0,5.0,1.0,5.0,0.0,10.0,22.0,50.0,112.0,18.663,6.48639,2
E09000018,Hounslow,E01002614,Hounslow 027D,363237.5,9.0,13.0,7.0,5.0,0.0,11.0,4.0,41.0,14.0,70.0,174.0,14.622,4.93128,1b
E09000018,Hounslow,E01002615,Hounslow 026E,,20.0,14.0,17.0,4.0,1.0,32.0,5.0,52.0,32.0,83.0,260.0,35.997,3.75133,1b
E09000018,Hounslow,E01002616,Hounslow 027E,482625.0,3.0,7.0,4.0,0.0,0.0,16.0,3.0,13.0,20.0,28.0,94.0,17.155,4.91559,1b
E09000018,Hounslow,E01002617,Hounslow 028D,433125.0,7.0,6.0,0.0,0.0,0.0,1.0,0.0,16.0,27.0,12.0,69.0,13.082,2.29096,1a
E09000018,Hounslow,E01002618,Hounslow 011A,570000.0,2.0,3.0,6.0,1.0,0.0,6.0,1.0,15.0,18.0,21.0,73.0,16.027,5.16797,2
E09000018,Hounslow,E01002619,Hounslow 010A,515250.0,6.0,12.0,0.0,2.0,0.0,5.0,2.0,13.0,13.0,36.0,89.0,18.826,5.78591,2
E09000018,Hounslow,E01002620,Hounslow 004A,294625.0,16.0,11.0,17.0,4.0,1.0,19.0,5.0,42.0,27.0,107.0,249.0,25.894,6.17735,2
E09000018,Hounslow,E01002621,Hounslow 011B,442625.0,14.0,12.0,20.0,7.0,0.0,11.0,5.0,13.0,17.0,40.0,139.0,20.065,4.0215,1b
E09000018,Hounslow,E01002622,Hounslow 010B,503875.0,9.0,8.0,4.0,0.0,0.0,7.0,1.0,27.0,15.0,37.0,108.0,22.887,10.0433,3
E09000018,Hounslow,E01002623,Hounslow 011C,504750.0,10.0,6.0,8.0,3.0,0.0,3.0,4.0,16.0,11.0,53.0,114.0,28.246,11.159,3
E09000018,Hounslow,E01002624,Hounslow 017A,302875.0,4.0,12.0,1.0,1.0,1.0,15.0,12.0,42.0,9.0,91.0,188.0,21.671,12.5781,3
E09000018,Hounslow,E01002625,Hounslow 004B,589000.0,9.0,3.0,4.0,1.0,0.0,4.0,0.0,4.0,24.0,36.0,85.0,16.44,3.55851,1b
E09000018,Hounslow,E01002626,Hounslow 004C,589250.0,12.0,4.0,6.0,1.0,1.0,5.0,1.0,66.0,19.0,36.0,151.0,18.608,3.74707,1b
E09000018,Hounslow,E01002627,Hounslow 004D,311250.0,8.0,4.0,7.0,2.0,0.0,15.0,1.0,7.0,15.0,51.0,110.0,28.971,2.35038,1a
E09000018,Hounslow,E01002628,Hounslow 011D,597875.0,7.0,14.0,1.0,2.0,1.0,8.0,2.0,11.0,11.0,48.0,105.0,17.193,4.83552,1b
E09000018,Hounslow,E01002629,Hounslow 011E,727500.0,15.0,14.0,18.0,6.0,2.0,17.0,2.0,23.0,20.0,56.0,173.0,23.111,7.73502,2
E09000018,Hounslow,E01002630,Hounslow 012A,425000.0,9.0,10.0,4.0,2.0,2.0,8.0,0.0,54.0,11.0,56.0,156.0,17.06,9.60233,2
E09000018,Hounslow,E01002631,Hounslow 004E,353750.0,2.0,2.0,4.0,3.0,0.0,8.0,5.0,19.0,12.0,43.0,98.0,23.712,3.08743,1b
E09000018,Hounslow,E01002632,Hounslow 010C,535000.0,8.0,9.0,6.0,2.0,1.0,14.0,0.0,43.0,40.0,53.0,176.0,19.386,3.92926,1b
E09000018,Hounslow,E01002633,Hounslow 005A,,21.0,15.0,14.0,3.0,4.0,11.0,0.0,55.0,49.0,72.0,244.0,38.259,3.50432,1b
E09000018,Hounslow,E01002634,Hounslow 005B,284333.3333333333,11.0,8.0,8.0,1.0,0.0,12.0,4.0,22.0,15.0,54.0,135.0,32.83,4.11431,1b
E09000018,Hounslow,E01002635,Hounslow 010D,546875.0,8.0,7.0,18.0,3.0,1.0,8.0,0.0,21.0,14.0,46.0,126.0,20.411,4.78657,1b
E09000018,Hounslow,E01002636,Hounslow 010E,477500.0,6.0,6.0,2.0,4.0,0.0,6.0,2.0,8.0,11.0,46.0,91.0,16.552,3.53391,1b
E09000018,Hounslow,E01002637,Hounslow 005C,287000.0,23.0,10.0,11.0,5.0,3.0,25.0,11.0,108.0,80.0,60.0,336.0,31.385,4.82529,1b
E09000018,Hounslow,E01002638,Hounslow 005D,482500.0,5.0,12.0,13.0,0.0,0.0,12.0,1.0,45.0,19.0,53.0,160.0,30.834,3.00416,1b
E09000018,Hounslow,E01002639,Hounslow 012B,498437.5,12.0,10.0,8.0,2.0,0.0,6.0,2.0,11.0,8.0,39.0,98.0,14.789,12.7452,3
E09000018,Hounslow,E01002640,Hounslow 012C,430000.0,10.0,7.0,18.0,1.0,4.0,9.0,2.0,21.0,13.0,49.0,134.0,18.568,16.9798,4
E09000018,Hounslow,E01002641,Hounslow 018A,403666.6666666667,21.0,22.0,32.0,5.0,1.0,44.0,9.0,79.0,20.0,105.0,338.0,26.128,16.9963,4
E09000018,Hounslow,E01002642,Hounslow 015A,373750.0,31.0,24.0,18.0,3.0,9.0,33.0,13.0,117.0,70.0,138.0,456.0,21.183,24.4652,5
E09000018,Hounslow,E01002643,Hounslow 015B,337625.0,23.0,18.0,5.0,1.0,1.0,13.0,2.0,60.0,34.0,85.0,242.0,22.949,13.6855,3
E09000018,Hounslow,E01002645,Hounslow 015C,422625.0,19.0,8.0,37.0,2.0,4.0,14.0,7.0,28.0,19.0,84.0,222.0,25.375,20.9752,5
E09000018,Hounslow,E01002646,Hounslow 017B,470000.0,13.0,9.0,11.0,6.0,0.0,12.0,4.0,17.0,13.0,72.0,157.0,29.885,8.55547,2
E09000018,Hounslow,E01002647,Hounslow 021A,400750.0,11.0,6.0,8.0,7.0,1.0,5.0,2.0,15.0,10.0,46.0,111.0,23.875,4.69305,1b
E09000018,Hounslow,E01002648,Hounslow 018C,351937.5,2.0,7.0,2.0,1.0,1.0,5.0,0.0,7.0,13.0,27.0,65.0,20.096,19.5482,4
E09000018,Hounslow,E01002649,Hounslow 018D,309500.0,12.0,12.0,7.0,6.0,1.0,20.0,1.0,31.0,13.0,75.0,178.0,26.623,14.211,3
E09000018,Hounslow,E01002650,Hounslow 021B,268118.75,5.0,15.0,25.0,4.0,1.0,12.0,5.0,66.0,27.0,61.0,221.0,23.751,3.19921,1b
E09000018,Hounslow,E01002651,Hounslow 021C,501500.0,10.0,5.0,7.0,0.0,0.0,8.0,4.0,21.0,15.0,40.0,110.0,19.225,6.92496,2
E09000018,Hounslow,E01002652,Hounslow 021D,478500.0,8.0,12.0,5.0,2.0,1.0,11.0,2.0,27.0,29.0,62.0,159.0,18.402,5.27002,2
E09000018,Hounslow,E01002653,Hounslow 019A,518740.0,5.0,5.0,3.0,0.0,0.0,4.0,0.0,7.0,15.0,23.0,62.0,14.702,4.28389,1b
E09000018,Hounslow,E01002654,Hounslow 019B,435250.0,3.0,5.0,4.0,2.0,0.0,3.0,0.0,9.0,8.0,31.0,65.0,14.654,3.47062,1b
E09000018,Hounslow,E01002655,Hounslow 019C,567375.0,16.0,5.0,2.0,0.0,1.0,11.0,1.0,10.0,15.0,33.0,94.0,12.671,6.81442,2
E09000018,Hounslow,E01002656,Hounslow 019D,548125.0,2.0,3.0,1.0,1.0,0.0,10.0,1.0,2.0,16.0,25.0,61.0,14.958,3.7789,1b
E09000018,Hounslow,E01002657,Hounslow 018E,569562.5,21.0,4.0,4.0,1.0,0.0,9.0,2.0,10.0,22.0,23.0,96.0,8.719,7.53381,2
E09000018,Hounslow,E01002658,Hounslow 015D,595250.0,3.0,4.0,13.0,2.0,1.0,4.0,2.0,3.0,6.0,24.0,62.0,9.969,6.80644,2
E09000018,Hounslow,E01002659,Hounslow 019E,575000.0,7.0,5.0,3.0,1.0,0.0,6.0,0.0,9.0,8.0,40.0,79.0,14.745,4.39364,1b
E09000018,Hounslow,E01002660,Hounslow 016C,472125.0,8.0,5.0,11.0,0.0,3.0,7.0,2.0,16.0,24.0,37.0,113.0,18.802,14.0214,3
E09000018,Hounslow,E01002661,Hounslow 016D,475000.0,15.0,10.0,15.0,4.0,1.0,22.0,6.0,43.0,21.0,77.0,214.0,16.528,9.89294,2
E09000018,Hounslow,E01002662,Hounslow 017C,307875.0,7.0,13.0,17.0,6.0,0.0,17.0,10.0,30.0,18.0,63.0,181.0,17.234,17.8295,4
E09000018,Hounslow,E01002663,Hounslow 017D,316250.0,9.0,5.0,9.0,1.0,0.0,8.0,3.0,12.0,21.0,30.0,98.0,21.955,14.1467,3
E09000018,Hounslow,E01002664,Hounslow 017E,276125.0,16.0,7.0,5.0,1.0,0.0,14.0,1.0,20.0,10.0,46.0,120.0,28.32,17.8426,4
E09000018,Hounslow,E01002665,Hounslow 016E,465000.0,13.0,6.0,3.0,3.0,2.0,10.0,4.0,21.0,11.0,44.0,117.0,23.173,9.00587,2
E09000018,Hounslow,E01002666,Hounslow 021E,391500.0,15.0,9.0,2.0,3.0,1.0,4.0,2.0,16.0,16.0,28.0,96.0,17.794,6.78031,2
E09000018,Hounslow,E01002667,Hounslow 020A,651987.5,9.0,7.0,18.0,1.0,1.0,16.0,1.0,26.0,24.0,44.0,147.0,20.952,4.94785,1b
E09000018,Hounslow,E01002668,Hounslow 014A,396875.0,11.0,10.0,6.0,1.0,0.0,9.0,3.0,17.0,11.0,69.0,137.0,15.455,7.36451,2
E09000018,Hounslow,E01002669,Hounslow 014B,418750.0,8.0,10.0,5.0,5.0,1.0,7.0,1.0,10.0,8.0,50.0,105.0,38.698,3.80483,1b
E09000018,Hounslow,E01002670,Hounslow 020B,529368.75,6.0,8.0,3.0,2.0,1.0,4.0,1.0,23.0,12.0,28.0,88.0,15.821,3.99529,1b
E09000018,Hounslow,E01002671,Hounslow 020C,722437.5,5.0,8.0,2.0,2.0,0.0,2.0,0.0,8.0,15.0,23.0,65.0,17.739,5.11347,2
E09000018,Hounslow,E01002672,Hounslow 020D,311375.0,8.0,2.0,5.0,1.0,0.0,12.0,0.0,64.0,21.0,43.0,156.0,26.691,4.1069,1b
E09000018,Hounslow,E01002673,Hounslow 020E,,5.0,1.0,6.0,1.0,1.0,2.0,0.0,8.0,6.0,46.0,76.0,49.21,4.52993,1b
E09000018,Hounslow,E01002674,Hounslow 012D,477375.0,7.0,9.0,5.0,1.0,2.0,7.0,1.0,8.0,4.0,31.0,75.0,14.573,7.71495,2
E09000018,Hounslow,E01002675,Hounslow 009A,602312.5,6.0,6.0,3.0,1.0,0.0,6.0,0.0,8.0,7.0,29.0,66.0,13.828,9.62308,2
E09000018,Hounslow,E01002676,Hounslow 012E,796562.5,5.0,12.0,6.0,3.0,0.0,5.0,0.0,11.0,33.0,45.0,120.0,15.65,4.92767,1b
E09000018,Hounslow,E01002677,Hounslow 015E,403750.0,12.0,16.0,8.0,0.0,4.0,33.0,3.0,41.0,11.0,40.0,168.0,19.551,13.1545,3
E09000018,Hounslow,E01002678,Hounslow 009B,440000.0,15.0,10.0,8.0,4.0,0.0,19.0,3.0,192.0,63.0,65.0,379.0,11.412,1.33325,1a
E09000018,Hounslow,E01002679,Hounslow 009C,458000.0,13.0,12.0,6.0,1.0,0.0,5.0,1.0,17.0,28.0,48.0,131.0,13.359,7.31699,2
E09000018,Hounslow,E01002680,Hounslow 009D,497056.25,2.0,7.0,8.0,4.0,1.0,22.0,1.0,20.0,14.0,45.0,124.0,16.185,10.0805,3
E09000018,Hounslow,E01002681,Hounslow 014C,359000.0,39.0,14.0,4.0,4.0,1.0,42.0,2.0,43.0,13.0,183.0,345.0,26.437,11.2596,3
E09000018,Hounslow,E01002682,Hounslow 014D,460000.0,12.0,11.0,6.0,2.0,1.0,12.0,1.0,17.0,17.0,48.0,127.0,18.175,12.1893,3
E09000018,Hounslow,E01002683,Hounslow 014E,502125.0,3.0,5.0,0.0,2.0,1.0,6.0,0.0,6.0,4.0,33.0,60.0,12.087,13.4885,3
E09000018,Hounslow,E01002684,Hounslow 006D,488562.5,9.0,14.0,7.0,2.0,1.0,10.0,0.0,23.0,19.0,39.0,124.0,24.157,11.9725,3
E09000018,Hounslow,E01002686,Hounslow 006E,528112.5,19.0,15.0,8.0,4.0,0.0,16.0,2.0,38.0,49.0,101.0,252.0,37.807,4.15421,1b
E09000018,Hounslow,E01002687,Hounslow 029A,603500.0,4.0,11.0,1.0,1.0,0.0,4.0,1.0,16.0,23.0,16.0,77.0,11.415,14.97,3
E09000018,Hounslow,E01002689,Hounslow 007E,1322149.875,10.0,9.0,5.0,1.0,0.0,5.0,0.0,19.0,26.0,31.0,106.0,19.261,10.8961,3
E09000018,Hounslow,E01002690,Hounslow 007F,1975009.5,5.0,8.0,0.0,1.0,0.0,7.0,2.0,15.0,25.0,14.0,77.0,10.253,10.7179,3
E09000018,Hounslow,E01002691,Hounslow 029B,755875.0,6.0,13.0,1.0,2.0,0.0,10.0,3.0,46.0,32.0,48.0,161.0,10.73,11.4588,3
E09000018,Hounslow,E01002692,Hounslow 029C,532500.0,9.0,15.0,10.0,2.0,1.0,12.0,2.0,55.0,67.0,49.0,222.0,16.106,15.9822,4
E09000018,Hounslow,E01002693,Hounslow 029D,590062.5,14.0,15.0,1.0,0.0,1.0,25.0,9.0,136.0,78.0,58.0,337.0,15.502,20.2768,5
E09000018,Hounslow,E01032573,Hounslow 029E,640754.125,13.0,33.0,5.0,4.0,0.0,18.0,7.0,184.0,73.0,46.0,383.0,11.533,19.0241,4
E09000018,Hounslow,E01033000,Hounslow 025F,,12.0,3.0,4.0,4.0,0.0,16.0,0.0,13.0,14.0,66.0,132.0,36.05,12.7114,3
E09000018,Hounslow,E01033030,Hounslow 025G,232250.0,17.0,4.0,13.0,8.0,2.0,37.0,5.0,92.0,10.0,108.0,296.0,18.378,16.7838,4
E09000018,Hounslow,E01033081,Hounslow 003F,426939.375,9.0,21.0,5.0,2.0,0.0,7.0,1.0,27.0,38.0,40.0,150.0,24.31,12.4459,3
E09000018,Hounslow,E01033082,Hounslow 003G,397500.0,9.0,5.0,4.0,2.0,0.0,14.0,2.0,19.0,25.0,46.0,126.0,25.28,8.13863,2
E09000018,Hounslow,E01033083,Hounslow 018F,355687.5,48.0,30.0,54.0,6.0,14.0,97.0,28.0,680.0,12.0,225.0,1194.0,19.67,33.1948,6a
E09000018,Hounslow,E01033084,Hounslow 018G,306162.5,11.0,14.0,13.0,4.0,2.0,30.0,8.0,64.0,14.0,94.0,254.0,26.359,30.1333,6a
E09000019,Islington,E01002694,Islington 019A,396250.0,20.0,0.0,8.0,3.0,1.0,9.0,3.0,11.0,5.0,30.0,90.0,42.957,15.4164,4
E09000019,Islington,E01002695,Islington 021A,722125.0,41.0,23.0,37.0,4.0,7.0,84.0,7.0,107.0,3.0,140.0,453.0,22.394,31.1858,6a
E09000019,Islington,E01002696,Islington 020A,903125.0,33.0,29.0,24.0,6.0,3.0,56.0,30.0,373.0,11.0,134.0,699.0,20.191,27.4997,6a
E09000019,Islington,E01002697,Islington 019B,530000.0,13.0,10.0,23.0,1.0,3.0,26.0,7.0,46.0,21.0,67.0,217.0,31.847,49.2683,6b
E09000019,Islington,E01002698,Islington 017A,725125.0,17.0,14.0,5.0,1.0,1.0,13.0,7.0,26.0,12.0,42.0,138.0,17.454,24.714,5
E09000019,Islington,E01002699,Islington 017B,1353424.0,12.0,9.0,11.0,0.0,1.0,5.0,3.0,17.0,11.0,29.0,98.0,19.741,13.5919,3
E09000019,Islington,E01002700,Islington 017C,1574375.0,4.0,5.0,9.0,1.0,0.0,2.0,1.0,24.0,19.0,20.0,85.0,13.447,8.66543,2
E09000019,Islington,E01002701,Islington 023A,617500.0,10.0,16.0,7.0,2.0,0.0,12.0,14.0,131.0,16.0,49.0,257.0,27.789,38.1114,6a
E09000019,Islington,E01002702,Islington 023B,1181112.5,17.0,25.0,9.0,1.0,1.0,25.0,7.0,84.0,17.0,85.0,271.0,29.535,27.4555,6a
E09000019,Islington,E01002703,Islington 023C,704375.0,10.0,27.0,15.0,2.0,1.0,13.0,6.0,40.0,12.0,73.0,199.0,27.328,26.6831,6a
E09000019,Islington,E01002704,Islington 023D,768250.0,44.0,68.0,19.0,4.0,4.0,45.0,80.0,652.0,167.0,202.0,1285.0,22.281,69.0566,6b
E09000019,Islington,E01002706,Islington 023E,638125.0,8.0,19.0,4.0,1.0,1.0,15.0,8.0,99.0,22.0,45.0,222.0,24.912,33.36,6a
E09000019,Islington,E01002707,Islington 022B,803750.0,12.0,18.0,5.0,1.0,0.0,9.0,8.0,86.0,11.0,60.0,210.0,25.684,28.0624,6a
E09000019,Islington,E01002708,Islington 015A,479500.0,18.0,21.0,10.0,3.0,1.0,18.0,3.0,48.0,21.0,64.0,207.0,29.96,13.2189,3
E09000019,Islington,E01002709,Islington 019C,452500.0,10.0,6.0,9.0,6.0,0.0,8.0,1.0,22.0,14.0,39.0,115.0,35.167,19.705,4
E09000019,Islington,E01002710,Islington 019D,632062.5,8.0,7.0,15.0,1.0,1.0,12.0,4.0,48.0,11.0,46.0,153.0,30.958,33.1128,6a
E09000019,Islington,E01002711,Islington 021B,713000.0,12.0,20.0,19.0,6.0,2.0,38.0,14.0,339.0,23.0,115.0,588.0,21.801,74.133,6b
E09000019,Islington,E01002712,Islington 015B,504437.5,26.0,12.0,12.0,83.0,2.0,22.0,11.0,39.0,20.0,176.0,403.0,27.046,21.5014,5
E09000019,Islington,E01002713,Islington 015C,428125.0,10.0,12.0,7.0,18.0,1.0,19.0,13.0,33.0,16.0,78.0,207.0,44.476,24.9225,5
E09000019,Islington,E01002714,Islington 017D,1097800.75,9.0,16.0,11.0,1.0,2.0,22.0,6.0,40.0,19.0,42.0,168.0,14.035,13.6964,3
E09000019,Islington,E01002715,Islington 019E,485526.5,21.0,5.0,5.0,1.0,1.0,9.0,1.0,21.0,12.0,56.0,132.0,38.505,14.1028,3
E09000019,Islington,E01002716,Islington 014A,531062.5,13.0,15.0,11.0,1.0,2.0,14.0,9.0,45.0,21.0,63.0,194.0,34.594,30.694,6a
E09000019,Islington,E01002717,Islington 016A,715415.125,5.0,13.0,3.0,0.0,0.0,2.0,3.0,19.0,8.0,33.0,86.0,22.402,31.0247,6a
E09000019,Islington,E01002718,Islington 014B,720625.0,10.0,9.0,6.0,1.0,1.0,3.0,5.0,37.0,31.0,22.0,125.0,19.385,26.2902,6a
E09000019,Islington,E01002719,Islington 016B,791250.0,9.0,16.0,5.0,0.0,2.0,10.0,8.0,50.0,22.0,27.0,149.0,16.71,34.3107,6a
E09000019,Islington,E01002720,Islington 016C,531250.0,10.0,17.0,20.0,3.0,5.0,17.0,10.0,34.0,10.0,74.0,200.0,40.041,28.1167,6a
E09000019,Islington,E01002721,Islington 014C,821250.0,14.0,7.0,5.0,2.0,2.0,12.0,4.0,36.0,25.0,42.0,149.0,28.168,21.1955,5
E09000019,Islington,E01002722,Islington 018A,497562.5,20.0,13.0,9.0,2.0,1.0,7.0,3.0,15.0,15.0,45.0,130.0,36.798,22.1086,5
E09000019,Islington,E01002723,Islington 022C,560687.5,9.0,11.0,6.0,1.0,1.0,21.0,10.0,45.0,14.0,42.0,160.0,28.536,27.6439,6a
E09000019,Islington,E01002724,Islington 022D,852343.75,28.0,51.0,16.0,2.0,1.0,16.0,34.0,423.0,16.0,108.0,695.0,14.573,45.4733,6b
E09000019,Islington,E01002725,Islington 022E,748333.3333333334,4.0,9.0,3.0,1.0,1.0,7.0,0.0,23.0,11.0,43.0,102.0,29.084,27.2715,6a
E09000019,Islington,E01002726,Islington 022F,692250.0,15.0,19.0,15.0,2.0,4.0,15.0,9.0,281.0,11.0,38.0,409.0,24.493,35.6992,6a
E09000019,Islington,E01002727,Islington 021C,785000.0,15.0,13.0,13.0,1.0,1.0,13.0,7.0,49.0,12.0,53.0,177.0,26.051,28.1132,6a
E09000019,Islington,E01002728,Islington 021D,518125.0,6.0,14.0,16.0,2.0,0.0,10.0,2.0,54.0,6.0,44.0,154.0,27.235,62.2681,6b
E09000019,Islington,E01002729,Islington 021E,1007375.0,8.0,8.0,10.0,2.0,0.0,12.0,5.0,39.0,14.0,56.0,154.0,31.027,33.8392,6a
E09000019,Islington,E01002730,Islington 007A,536625.0,22.0,13.0,18.0,6.0,2.0,23.0,9.0,86.0,48.0,69.0,296.0,30.4,40.1437,6b
E09000019,Islington,E01002731,Islington 007B,495780.0,6.0,15.0,3.0,1.0,0.0,15.0,4.0,43.0,20.0,35.0,142.0,24.496,31.7312,6a
E09000019,Islington,E01002732,Islington 005A,512500.0,16.0,16.0,25.0,4.0,7.0,25.0,12.0,55.0,17.0,108.0,285.0,47.055,40.3834,6b
E09000019,Islington,E01002733,Islington 007C,484250.0,6.0,7.0,5.0,1.0,1.0,8.0,3.0,14.0,16.0,19.0,80.0,18.532,19.5539,4
E09000019,Islington,E01002734,Islington 005B,732187.5,21.0,18.0,81.0,3.0,4.0,52.0,45.0,316.0,30.0,151.0,721.0,40.543,55.4333,6b
E09000019,Islington,E01002735,Islington 003A,744625.0,9.0,35.0,29.0,8.0,3.0,22.0,21.0,175.0,39.0,90.0,431.0,33.51,49.092,6b
E09000019,Islington,E01002736,Islington 005C,543250.0,5.0,11.0,12.0,0.0,1.0,12.0,2.0,20.0,17.0,43.0,123.0,45.005,32.6329,6a
E09000019,Islington,E01002737,Islington 005D,468187.5,13.0,8.0,7.0,2.0,2.0,3.0,3.0,21.0,12.0,56.0,127.0,35.801,16.8177,4
E09000019,Islington,E01002738,Islington 009A,885625.0,8.0,15.0,9.0,2.0,2.0,10.0,5.0,42.0,25.0,60.0,178.0,24.682,21.782,5
E09000019,Islington,E01002739,Islington 013A,1315000.0,8.0,9.0,5.0,3.0,0.0,7.0,7.0,96.0,21.0,39.0,195.0,17.378,27.0659,6a
E09000019,Islington,E01002740,Islington 013B,1391437.5,9.0,10.0,11.0,0.0,4.0,19.0,26.0,176.0,26.0,48.0,329.0,16.104,37.8588,6a
E09000019,Islington,E01002741,Islington 009B,474200.0,6.0,11.0,8.0,3.0,2.0,9.0,2.0,19.0,33.0,40.0,133.0,34.846,11.4166,3
E09000019,Islington,E01002742,Islington 006A,706875.0,5.0,20.0,4.0,0.0,0.0,2.0,5.0,32.0,19.0,13.0,100.0,15.801,23.8055,5
E09000019,Islington,E01002743,Islington 009C,719625.0,4.0,11.0,1.0,0.0,0.0,3.0,4.0,25.0,26.0,21.0,95.0,19.06,11.0826,3
E09000019,Islington,E01002744,Islington 009D,645375.0,3.0,14.0,8.0,2.0,2.0,8.0,6.0,22.0,13.0,45.0,123.0,17.889,15.1962,4
E09000019,Islington,E01002745,Islington 013C,763812.5,6.0,12.0,3.0,4.0,0.0,10.0,16.0,30.0,14.0,34.0,129.0,15.807,20.0709,5
E09000019,Islington,E01002747,Islington 006B,973751.25,9.0,9.0,12.0,5.0,1.0,16.0,5.0,55.0,13.0,56.0,181.0,13.325,39.4803,6a
E09000019,Islington,E01002748,Islington 006C,707375.0,15.0,9.0,14.0,4.0,2.0,21.0,18.0,102.0,23.0,78.0,286.0,39.897,41.1852,6b
E09000019,Islington,E01002749,Islington 006D,733750.0,6.0,9.0,0.0,1.0,0.0,7.0,2.0,20.0,13.0,48.0,106.0,22.829,26.9795,6a
E09000019,Islington,E01002751,Islington 005E,470500.0,13.0,12.0,15.0,1.0,3.0,8.0,8.0,23.0,33.0,40.0,156.0,38.0,32.7617,6a
E09000019,Islington,E01002752,Islington 009E,714250.0,5.0,2.0,1.0,1.0,0.0,4.0,1.0,3.0,16.0,31.0,64.0,22.426,22.9514,5
E09000019,Islington,E01002753,Islington 002A,568625.0,6.0,8.0,4.0,2.0,1.0,7.0,3.0,21.0,14.0,35.0,101.0,29.443,16.315,4
E09000019,Islington,E01002754,Islington 002B,949750.0,7.0,9.0,7.0,1.0,0.0,3.0,0.0,15.0,20.0,15.0,77.0,16.43,24.4142,5
E09000019,Islington,E01002755,Islington 001A,550187.5,6.0,8.0,5.0,0.0,0.0,4.0,2.0,19.0,19.0,35.0,98.0,39.869,10.6574,3
E09000019,Islington,E01002756,Islington 001B,585939.375,12.0,9.0,2.0,1.0,0.0,6.0,4.0,26.0,21.0,28.0,109.0,27.776,14.3042,3
E09000019,Islington,E01002757,Islington 002C,800312.5,5.0,6.0,3.0,2.0,1.0,4.0,0.0,13.0,14.0,17.0,65.0,24.102,9.18447,2
E09000019,Islington,E01002758,Islington 001C,333333.3333333333,17.0,13.0,11.0,2.0,2.0,22.0,4.0,36.0,21.0,94.0,222.0,44.134,12.3875,3
E09000019,Islington,E01002759,Islington 002D,851250.0,11.0,5.0,2.0,0.0,0.0,4.0,2.0,11.0,30.0,12.0,77.0,20.645,19.867,4
E09000019,Islington,E01002760,Islington 002E,454743.75,9.0,8.0,9.0,0.0,4.0,12.0,3.0,24.0,15.0,46.0,130.0,38.826,14.0107,3
E09000019,Islington,E01002762,Islington 011C,690840.75,10.0,12.0,2.0,1.0,0.0,13.0,1.0,22.0,36.0,47.0,144.0,20.717,25.727,6a
E09000019,Islington,E01002763,Islington 007D,409250.0,17.0,17.0,9.0,0.0,2.0,17.0,9.0,34.0,38.0,40.0,183.0,33.113,30.5787,6a
E09000019,Islington,E01002764,Islington 010A,564437.5,4.0,14.0,4.0,0.0,0.0,12.0,1.0,34.0,37.0,31.0,137.0,30.946,20.9027,5
E09000019,Islington,E01002765,Islington 015D,461875.0,18.0,20.0,15.0,3.0,5.0,20.0,5.0,59.0,19.0,65.0,229.0,28.236,22.0541,5
E09000019,Islington,E01002766,Islington 015E,630000.0,23.0,17.0,6.0,0.0,4.0,19.0,8.0,38.0,31.0,42.0,188.0,31.553,16.8217,4
E09000019,Islington,E01002767,Islington 011D,610237.5,8.0,14.0,6.0,4.0,4.0,13.0,7.0,87.0,18.0,56.0,217.0,36.783,25.1063,6a
E09000019,Islington,E01002768,Islington 004A,474500.0,14.0,8.0,3.0,0.0,4.0,21.0,3.0,33.0,14.0,46.0,146.0,29.312,18.2919,4
E09000019,Islington,E01002769,Islington 008A,608750.0,12.0,10.0,7.0,1.0,1.0,5.0,4.0,28.0,35.0,28.0,131.0,20.118,13.79,3
E09000019,Islington,E01002770,Islington 004B,578437.5,36.0,19.0,16.0,5.0,2.0,83.0,22.0,183.0,32.0,202.0,600.0,29.977,32.9969,6a
E09000019,Islington,E01002771,Islington 004C,797750.0,18.0,10.0,2.0,0.0,0.0,8.0,4.0,23.0,9.0,34.0,108.0,27.333,21.7377,5
E09000019,Islington,E01002772,Islington 002F,491875.0,25.0,18.0,11.0,5.0,1.0,36.0,15.0,232.0,19.0,70.0,432.0,28.721,32.0962,6a
E09000019,Islington,E01002773,Islington 004D,401875.0,9.0,11.0,6.0,1.0,1.0,27.0,2.0,16.0,7.0,53.0,133.0,50.095,28.8444,6a
E09000019,Islington,E01002774,Islington 004E,548750.0,20.0,11.0,16.0,1.0,2.0,25.0,6.0,38.0,24.0,84.0,227.0,30.891,26.3706,6a
E09000019,Islington,E01002775,Islington 014D,712687.5,12.0,7.0,3.0,1.0,0.0,9.0,7.0,52.0,9.0,28.0,128.0,22.198,29.9869,6a
E09000019,Islington,E01002776,Islington 014E,551500.0,12.0,15.0,5.0,2.0,1.0,8.0,8.0,50.0,13.0,52.0,166.0,32.142,27.8195,6a
E09000019,Islington,E01002777,Islington 012A,690937.5,9.0,17.0,14.0,0.0,2.0,4.0,4.0,29.0,23.0,44.0,146.0,27.576,29.3468,6a
E09000019,Islington,E01002778,Islington 012B,513125.0,15.0,15.0,11.0,3.0,2.0,8.0,15.0,18.0,20.0,57.0,164.0,39.066,27.281,6a
E09000019,Islington,E01002779,Islington 012C,593750.0,10.0,18.0,7.0,2.0,2.0,17.0,14.0,68.0,14.0,33.0,185.0,18.595,18.1941,4
E09000019,Islington,E01002780,Islington 014F,757887.5,9.0,10.0,2.0,1.0,2.0,5.0,3.0,20.0,14.0,31.0,97.0,26.351,23.9395,5
E09000019,Islington,E01002781,Islington 012D,576875.0,7.0,5.0,5.0,0.0,0.0,7.0,4.0,23.0,15.0,42.0,108.0,28.936,19.3649,4
E09000019,Islington,E01002782,Islington 012E,435962.5,6.0,6.0,10.0,1.0,0.0,5.0,3.0,47.0,13.0,39.0,130.0,37.168,21.4284,5
E09000019,Islington,E01002783,Islington 010B,469375.0,6.0,12.0,6.0,3.0,0.0,19.0,6.0,22.0,30.0,70.0,174.0,46.454,15.8261,4
E09000019,Islington,E01002784,Islington 010C,548750.0,7.0,8.0,4.0,2.0,1.0,13.0,3.0,17.0,22.0,54.0,131.0,34.3,12.7554,3
E09000019,Islington,E01002785,Islington 008B,691375.0,8.0,8.0,6.0,2.0,3.0,12.0,8.0,41.0,34.0,42.0,164.0,18.889,15.3192,4
E09000019,Islington,E01002786,Islington 010D,648125.0,15.0,22.0,11.0,1.0,1.0,13.0,3.0,57.0,23.0,67.0,213.0,36.106,20.9567,5
E09000019,Islington,E01002787,Islington 010E,429125.0,8.0,13.0,4.0,1.0,0.0,7.0,2.0,28.0,14.0,26.0,103.0,32.105,17.1599,4
E09000019,Islington,E01002788,Islington 008C,614858.625,6.0,18.0,8.0,0.0,1.0,12.0,10.0,22.0,30.0,39.0,146.0,16.985,12.1118,3
E09000019,Islington,E01002789,Islington 008D,872500.0,7.0,11.0,0.0,0.0,0.0,7.0,3.0,21.0,25.0,32.0,106.0,13.703,14.6783,3
E09000019,Islington,E01002790,Islington 016D,938750.0,4.0,8.0,3.0,1.0,0.0,7.0,2.0,68.0,8.0,40.0,141.0,42.268,30.8121,6a
E09000019,Islington,E01002791,Islington 016E,872500.0,15.0,19.0,6.0,5.0,1.0,26.0,14.0,64.0,17.0,62.0,229.0,13.879,38.1591,6a
E09000019,Islington,E01002792,Islington 017E,688375.0,5.0,9.0,1.0,1.0,0.0,17.0,5.0,100.0,18.0,30.0,186.0,16.098,26.0625,6a
E09000019,Islington,E01002793,Islington 016F,577187.5,7.0,9.0,8.0,6.0,0.0,20.0,4.0,38.0,20.0,84.0,196.0,36.247,31.008,6a
E09000019,Islington,E01002794,Islington 020B,1390937.5,21.0,28.0,25.0,3.0,5.0,47.0,28.0,457.0,17.0,160.0,791.0,22.216,30.8784,6a
E09000019,Islington,E01002795,Islington 013D,673437.5,38.0,22.0,21.0,4.0,4.0,49.0,35.0,255.0,29.0,128.0,585.0,25.019,36.0788,6a
E09000019,Islington,E01002796,Islington 013E,989375.0,14.0,7.0,4.0,1.0,1.0,8.0,4.0,19.0,13.0,22.0,93.0,23.575,30.6772,6a
E09000019,Islington,E01002797,Islington 018B,489000.0,29.0,13.0,19.0,2.0,3.0,22.0,7.0,78.0,16.0,65.0,254.0,32.118,22.2697,5
E09000019,Islington,E01002798,Islington 018C,1055375.0,7.0,11.0,16.0,2.0,0.0,17.0,22.0,56.0,17.0,42.0,190.0,21.479,16.1488,4
E09000019,Islington,E01002799,Islington 018D,572500.0,10.0,12.0,10.0,4.0,1.0,7.0,6.0,38.0,16.0,60.0,164.0,32.282,22.7646,5
E09000019,Islington,E01002800,Islington 018E,492500.0,14.0,12.0,3.0,4.0,0.0,8.0,7.0,32.0,5.0,60.0,145.0,38.934,13.452,3
E09000019,Islington,E01002801,Islington 020C,1286250.0,9.0,17.0,16.0,3.0,1.0,14.0,11.0,111.0,19.0,40.0,241.0,16.852,30.5765,6a
E09000019,Islington,E01002802,Islington 020D,998125.0,6.0,6.0,4.0,1.0,0.0,10.0,3.0,46.0,12.0,28.0,116.0,25.903,17.2543,4
E09000019,Islington,E01002803,Islington 020E,840625.0,16.0,19.0,10.0,0.0,0.0,13.0,17.0,153.0,14.0,52.0,294.0,23.761,25.1791,6a
E09000019,Islington,E01002804,Islington 001D,557312.5,12.0,7.0,5.0,3.0,2.0,15.0,2.0,25.0,24.0,50.0,145.0,37.376,11.407,3
E09000019,Islington,E01002805,Islington 003B,541500.0,14.0,9.0,8.0,2.0,4.0,31.0,13.0,74.0,18.0,56.0,229.0,22.828,29.2731,6a
E09000019,Islington,E01002806,Islington 003C,893125.0,7.0,10.0,6.0,5.0,2.0,8.0,3.0,25.0,32.0,49.0,147.0,26.952,18.9807,4
E09000019,Islington,E01002807,Islington 001E,454914.375,17.0,12.0,7.0,3.0,1.0,20.0,2.0,23.0,13.0,54.0,152.0,31.573,11.8171,3
E09000019,Islington,E01002808,Islington 003D,499150.0,15.0,8.0,6.0,0.0,3.0,11.0,6.0,22.0,37.0,41.0,149.0,24.642,13.2818,3
E09000019,Islington,E01002809,Islington 003E,600625.0,11.0,11.0,4.0,0.0,2.0,14.0,4.0,21.0,9.0,45.0,121.0,31.444,17.7167,4
E09000019,Islington,E01002810,Islington 003F,466250.0,11.0,13.0,9.0,2.0,2.0,16.0,7.0,60.0,26.0,76.0,222.0,33.321,14.0945,3
E09000019,Islington,E01002811,Islington 001F,505000.0,5.0,4.0,6.0,1.0,0.0,10.0,4.0,18.0,25.0,30.0,103.0,38.606,14.1516,3
E09000019,Islington,E01033486,Islington 011E,683750.0,10.0,10.0,3.0,2.0,1.0,10.0,3.0,22.0,11.0,40.0,112.0,37.609,33.4022,6a
E09000019,Islington,E01033487,Islington 011F,,0.0,3.0,0.0,1.0,0.0,1.0,0.0,9.0,2.0,3.0,19.0,10.732,24.1604,5
E09000019,Islington,E01033488,Islington 011G,699193.75,7.0,18.0,11.0,0.0,1.0,20.0,7.0,60.0,19.0,34.0,177.0,32.982,31.6148,6a
E09000019,Islington,E01033489,Islington 022G,807500.0,8.0,36.0,2.0,1.0,0.0,12.0,10.0,104.0,18.0,38.0,229.0,12.468,34.4169,6a
E09000019,Islington,E01033490,Islington 022H,507500.0,16.0,23.0,8.0,1.0,3.0,17.0,22.0,158.0,13.0,62.0,323.0,19.576,39.4401,6a
E09000019,Islington,E01033491,Islington 011H,606362.5,27.0,16.0,31.0,3.0,5.0,53.0,13.0,139.0,30.0,127.0,444.0,29.14,30.8599,6a
E09000019,Islington,E01033492,Islington 011I,562875.0,5.0,1.0,1.0,1.0,0.0,6.0,2.0,6.0,0.0,16.0,38.0,30.044,25.0055,6a
E09000019,Islington,E01033493,Islington 006F,706562.5,0.0,0.0,1.0,0.0,0.0,1.0,0.0,9.0,1.0,8.0,20.0,11.735,26.2162,6a
E09000019,Islington,E01033494,Islington 006G,997812.5,5.0,10.0,5.0,1.0,0.0,8.0,1.0,23.0,14.0,14.0,81.0,16.599,27.86,6a
E09000020,Kensington and Chelsea,E01002812,Kensington and Chelsea 013A,1251250.0,5.0,9.0,5.0,0.0,0.0,1.0,3.0,17.0,15.0,22.0,77.0,11.548,23.5375,5
E09000020,Kensington and Chelsea,E01002813,Kensington and Chelsea 011A,1815625.0,7.0,17.0,6.0,0.0,0.0,8.0,3.0,25.0,8.0,31.0,105.0,10.093,29.7005,6a
E09000020,Kensington and Chelsea,E01002814,Kensington and Chelsea 015A,1287237.5,10.0,15.0,9.0,4.0,1.0,21.0,4.0,59.0,45.0,73.0,241.0,25.028,31.2039,6a
E09000020,Kensington and Chelsea,E01002815,Kensington and Chelsea 011B,856875.0,4.0,17.0,2.0,0.0,0.0,3.0,5.0,10.0,11.0,22.0,74.0,18.289,29.5387,6a
E09000020,Kensington and Chelsea,E01002816,Kensington and Chelsea 011C,2712500.0,10.0,11.0,1.0,0.0,0.0,12.0,3.0,61.0,7.0,34.0,139.0,11.528,24.2709,5
E09000020,Kensington and Chelsea,E01002817,Kensington and Chelsea 011D,2196250.0,8.0,11.0,3.0,1.0,0.0,23.0,1.0,35.0,23.0,48.0,153.0,10.4,29.0841,6a
E09000020,Kensington and Chelsea,E01002818,Kensington and Chelsea 012A,2056250.0,21.0,27.0,25.0,11.0,3.0,28.0,30.0,586.0,246.0,92.0,1069.0,12.656,31.5435,6a
E09000020,Kensington and Chelsea,E01002819,Kensington and Chelsea 012B,2078125.0,20.0,25.0,21.0,6.0,2.0,33.0,20.0,531.0,79.0,74.0,811.0,11.072,28.3974,6a
E09000020,Kensington and Chelsea,E01002820,Kensington and Chelsea 016A,1473029.25,11.0,24.0,6.0,2.0,1.0,26.0,8.0,214.0,77.0,67.0,436.0,9.557,34.4006,6a
E09000020,Kensington and Chelsea,E01002821,Kensington and Chelsea 014A,2196875.0,7.0,18.0,13.0,4.0,0.0,22.0,12.0,279.0,38.0,33.0,426.0,10.933,37.4767,6a
E09000020,Kensington and Chelsea,E01002822,Kensington and Chelsea 016B,1910625.0,11.0,24.0,6.0,2.0,1.0,26.0,8.0,214.0,77.0,67.0,436.0,12.856,38.5273,6a
E09000020,Kensington and Chelsea,E01002823,Kensington and Chelsea 014B,1263750.0,5.0,14.0,6.0,0.0,0.0,6.0,4.0,28.0,17.0,41.0,121.0,28.418,37.2848,6a
E09000020,Kensington and Chelsea,E01002824,Kensington and Chelsea 008A,2116112.625,5.0,10.0,2.0,0.0,0.0,4.0,4.0,23.0,13.0,17.0,78.0,10.045,27.065,6a
E09000020,Kensington and Chelsea,E01002825,Kensington and Chelsea 008B,2290625.0,8.0,5.0,8.0,4.0,1.0,16.0,10.0,80.0,43.0,57.0,232.0,9.697,22.672,5
E09000020,Kensington and Chelsea,E01002826,Kensington and Chelsea 008C,1663250.0,17.0,14.0,10.0,3.0,3.0,24.0,5.0,338.0,15.0,56.0,485.0,10.756,26.3509,6a
E09000020,Kensington and Chelsea,E01002827,Kensington and Chelsea 008D,1625000.0,22.0,17.0,23.0,0.0,1.0,9.0,18.0,148.0,36.0,53.0,327.0,12.075,32.8848,6a
E09000020,Kensington and Chelsea,E01002828,Kensington and Chelsea 008E,2050250.0,14.0,7.0,3.0,1.0,1.0,10.0,3.0,34.0,23.0,23.0,119.0,16.243,32.3139,6a
E09000020,Kensington and Chelsea,E01002829,Kensington and Chelsea 004A,1146562.5,14.0,11.0,11.0,1.0,2.0,22.0,6.0,40.0,21.0,72.0,200.0,34.531,18.0796,4
E09000020,Kensington and Chelsea,E01002830,Kensington and Chelsea 004B,739375.0,13.0,13.0,15.0,0.0,1.0,19.0,11.0,61.0,14.0,64.0,211.0,35.373,16.9603,4
E09000020,Kensington and Chelsea,E01002831,Kensington and Chelsea 004C,1054025.0,27.0,22.0,14.0,1.0,2.0,36.0,18.0,237.0,26.0,114.0,497.0,36.708,19.2919,4
E09000020,Kensington and Chelsea,E01002832,Kensington and Chelsea 004D,917750.0,13.0,10.0,6.0,3.0,1.0,15.0,10.0,94.0,19.0,48.0,219.0,31.366,25.2258,6a
E09000020,Kensington and Chelsea,E01002833,Kensington and Chelsea 007A,1245875.0,16.0,15.0,14.0,1.0,4.0,11.0,7.0,197.0,16.0,39.0,320.0,19.197,21.903,5
E09000020,Kensington and Chelsea,E01002834,Kensington and Chelsea 013B,1341176.375,8.0,7.0,2.0,0.0,1.0,2.0,0.0,12.0,17.0,16.0,65.0,15.607,34.3659,6a
E09000020,Kensington and Chelsea,E01002835,Kensington and Chelsea 016C,1470000.0,11.0,30.0,8.0,5.0,3.0,18.0,10.0,154.0,87.0,62.0,388.0,10.461,35.604,6a
E09000020,Kensington and Chelsea,E01002836,Kensington and Chelsea 016D,1243915.75,7.0,12.0,5.0,3.0,0.0,4.0,1.0,29.0,35.0,20.0,116.0,11.093,31.391,6a
E09000020,Kensington and Chelsea,E01002837,Kensington and Chelsea 016E,2278750.0,6.0,13.0,1.0,0.0,0.0,5.0,3.0,13.0,9.0,11.0,61.0,13.106,29.7584,6a
E09000020,Kensington and Chelsea,E01002838,Kensington and Chelsea 020A,1528125.0,8.0,25.0,3.0,0.0,1.0,8.0,6.0,72.0,43.0,32.0,198.0,11.108,32.8573,6a
E09000020,Kensington and Chelsea,E01002839,Kensington and Chelsea 013C,850000.0,3.0,14.0,6.0,1.0,1.0,9.0,2.0,26.0,18.0,35.0,115.0,25.779,31.5742,6a
E09000020,Kensington and Chelsea,E01002840,Kensington and Chelsea 021A,637500.0,3.0,6.0,26.0,0.0,0.0,13.0,3.0,26.0,16.0,43.0,136.0,37.672,17.2419,4
E09000020,Kensington and Chelsea,E01002841,Kensington and Chelsea 021B,1078118.75,27.0,7.0,9.0,5.0,0.0,14.0,4.0,24.0,53.0,47.0,190.0,26.462,15.3275,4
E09000020,Kensington and Chelsea,E01002842,Kensington and Chelsea 021C,,9.0,7.0,9.0,1.0,0.0,8.0,3.0,12.0,1.0,37.0,87.0,47.396,14.217,3
E09000020,Kensington and Chelsea,E01002843,Kensington and Chelsea 021D,694737.5,17.0,9.0,22.0,0.0,0.0,25.0,4.0,52.0,19.0,65.0,213.0,42.608,19.3673,4
E09000020,Kensington and Chelsea,E01002844,Kensington and Chelsea 019A,1837500.0,8.0,8.0,6.0,1.0,0.0,14.0,3.0,44.0,45.0,38.0,167.0,17.02,15.7065,4
E09000020,Kensington and Chelsea,E01002845,Kensington and Chelsea 019B,1137940.875,12.0,9.0,8.0,1.0,0.0,10.0,0.0,23.0,18.0,26.0,107.0,21.021,17.6744,4
E09000020,Kensington and Chelsea,E01002846,Kensington and Chelsea 017A,663750.0,10.0,19.0,6.0,0.0,0.0,22.0,5.0,29.0,9.0,41.0,141.0,30.857,42.1646,6b
E09000020,Kensington and Chelsea,E01002847,Kensington and Chelsea 015B,937875.0,12.0,11.0,5.0,1.0,0.0,10.0,4.0,32.0,13.0,45.0,133.0,22.142,41.2676,6b
E09000020,Kensington and Chelsea,E01002848,Kensington and Chelsea 015C,809875.0,13.0,13.0,12.0,4.0,0.0,10.0,4.0,28.0,10.0,24.0,118.0,29.533,33.9916,6a
E09000020,Kensington and Chelsea,E01002849,Kensington and Chelsea 017B,950652.5,13.0,11.0,11.0,2.0,0.0,7.0,6.0,52.0,10.0,42.0,154.0,17.215,39.811,6a
E09000020,Kensington and Chelsea,E01002850,Kensington and Chelsea 013D,970265.625,20.0,39.0,14.0,2.0,5.0,49.0,15.0,156.0,18.0,116.0,434.0,23.704,36.9043,6a
E09000020,Kensington and Chelsea,E01002851,Kensington and Chelsea 015D,788750.0,20.0,16.0,8.0,2.0,1.0,11.0,6.0,55.0,15.0,70.0,204.0,39.773,35.14,6a
E09000020,Kensington and Chelsea,E01002852,Kensington and Chelsea 001A,450500.0,28.0,23.0,33.0,2.0,2.0,32.0,16.0,141.0,32.0,126.0,435.0,41.748,13.4376,3
E09000020,Kensington and Chelsea,E01002853,Kensington and Chelsea 001B,676375.0,8.0,13.0,13.0,2.0,1.0,3.0,1.0,22.0,6.0,37.0,106.0,57.097,15.8165,4
E09000020,Kensington and Chelsea,E01002854,Kensington and Chelsea 001C,,11.0,10.0,18.0,0.0,3.0,19.0,6.0,27.0,15.0,52.0,161.0,45.147,17.4662,4
E09000020,Kensington and Chelsea,E01002855,Kensington and Chelsea 001D,617000.0,12.0,17.0,13.0,0.0,2.0,16.0,11.0,58.0,11.0,66.0,206.0,45.479,14.5085,3
E09000020,Kensington and Chelsea,E01002856,Kensington and Chelsea 004E,746375.0,18.0,17.0,32.0,3.0,3.0,17.0,14.0,195.0,19.0,82.0,400.0,37.842,19.8893,4
E09000020,Kensington and Chelsea,E01002857,Kensington and Chelsea 001E,572500.0,28.0,8.0,27.0,1.0,1.0,14.0,17.0,24.0,10.0,62.0,192.0,59.009,13.6267,3
E09000020,Kensington and Chelsea,E01002858,Kensington and Chelsea 014C,641562.5,7.0,1.0,2.0,0.0,1.0,5.0,9.0,34.0,8.0,19.0,86.0,23.406,29.0481,6a
E09000020,Kensington and Chelsea,E01002859,Kensington and Chelsea 012C,1761250.0,8.0,21.0,2.0,2.0,1.0,13.0,15.0,252.0,45.0,31.0,390.0,10.18,29.8852,6a
E09000020,Kensington and Chelsea,E01002860,Kensington and Chelsea 012D,2900000.0,10.0,10.0,3.0,0.0,0.0,4.0,1.0,31.0,45.0,31.0,135.0,11.416,26.7535,6a
E09000020,Kensington and Chelsea,E01002861,Kensington and Chelsea 014D,2036250.0,11.0,5.0,3.0,3.0,1.0,16.0,9.0,100.0,30.0,16.0,194.0,15.041,29.4804,6a
E09000020,Kensington and Chelsea,E01002862,Kensington and Chelsea 014E,690312.5,12.0,6.0,6.0,1.0,0.0,12.0,7.0,19.0,20.0,38.0,121.0,26.044,31.2463,6a
E09000020,Kensington and Chelsea,E01002863,Kensington and Chelsea 012E,3563115.5,6.0,12.0,2.0,1.0,0.0,3.0,5.0,27.0,23.0,11.0,90.0,9.933,31.2776,6a
E09000020,Kensington and Chelsea,E01002864,Kensington and Chelsea 009A,3887500.0,5.0,11.0,8.0,0.0,0.0,16.0,4.0,28.0,23.0,22.0,117.0,9.506,16.6478,4
E09000020,Kensington and Chelsea,E01002865,Kensington and Chelsea 011E,5208750.0,4.0,7.0,1.0,0.0,0.0,10.0,3.0,104.0,39.0,18.0,186.0,7.26,20.4897,5
E09000020,Kensington and Chelsea,E01002866,Kensington and Chelsea 009B,668750.0,4.0,9.0,5.0,1.0,0.0,6.0,6.0,20.0,27.0,37.0,115.0,20.684,26.9904,6a
E09000020,Kensington and Chelsea,E01002867,Kensington and Chelsea 009C,881750.0,11.0,15.0,14.0,3.0,1.0,6.0,7.0,41.0,31.0,61.0,190.0,22.328,22.8196,5
E09000020,Kensington and Chelsea,E01002868,Kensington and Chelsea 009D,2845625.0,6.0,14.0,11.0,0.0,1.0,5.0,3.0,14.0,20.0,11.0,85.0,9.26,23.003,5
E09000020,Kensington and Chelsea,E01002869,Kensington and Chelsea 009E,1021875.0,8.0,10.0,8.0,5.0,3.0,16.0,3.0,32.0,21.0,36.0,142.0,19.675,43.0197,6b
E09000020,Kensington and Chelsea,E01002870,Kensington and Chelsea 005A,,15.0,16.0,11.0,1.0,3.0,23.0,13.0,55.0,21.0,69.0,227.0,41.357,11.7032,3
E09000020,Kensington and Chelsea,E01002871,Kensington and Chelsea 007B,2841250.0,10.0,19.0,10.0,0.0,0.0,10.0,5.0,87.0,43.0,30.0,214.0,11.335,26.9302,6a
E09000020,Kensington and Chelsea,E01002872,Kensington and Chelsea 005B,3050000.0,14.0,8.0,6.0,3.0,1.0,6.0,4.0,20.0,20.0,31.0,113.0,38.9,15.3402,4
E09000020,Kensington and Chelsea,E01002873,Kensington and Chelsea 007C,1771875.0,17.0,18.0,5.0,0.0,0.0,10.0,2.0,14.0,32.0,20.0,118.0,19.842,36.1283,6a
E09000020,Kensington and Chelsea,E01002874,Kensington and Chelsea 007D,1356175.0,4.0,9.0,6.0,1.0,0.0,3.0,1.0,18.0,16.0,28.0,86.0,20.025,21.2895,5
E09000020,Kensington and Chelsea,E01002875,Kensington and Chelsea 007E,1320625.0,4.0,13.0,1.0,1.0,0.0,4.0,3.0,17.0,25.0,18.0,86.0,14.928,22.6472,5
E09000020,Kensington and Chelsea,E01002876,Kensington and Chelsea 003A,1853125.0,4.0,12.0,5.0,0.0,0.0,5.0,0.0,14.0,25.0,25.0,90.0,20.135,9.38816,2
E09000020,Kensington and Chelsea,E01002877,Kensington and Chelsea 003B,575000.0,16.0,17.0,28.0,3.0,4.0,15.0,8.0,35.0,27.0,48.0,201.0,41.177,12.1583,3
E09000020,Kensington and Chelsea,E01002878,Kensington and Chelsea 003C,783125.0,28.0,17.0,14.0,0.0,6.0,23.0,7.0,57.0,18.0,89.0,259.0,33.862,19.8205,4
E09000020,Kensington and Chelsea,E01002879,Kensington and Chelsea 005C,591666.6666666666,10.0,7.0,9.0,1.0,1.0,9.0,7.0,43.0,18.0,35.0,140.0,41.706,14.7894,3
E09000020,Kensington and Chelsea,E01002880,Kensington and Chelsea 005D,,7.0,4.0,6.0,6.0,1.0,6.0,5.0,24.0,11.0,55.0,125.0,44.248,12.1957,3
E09000020,Kensington and Chelsea,E01002881,Kensington and Chelsea 005E,1205000.0,11.0,7.0,3.0,1.0,0.0,11.0,1.0,25.0,8.0,42.0,109.0,40.49,8.05731,2
E09000020,Kensington and Chelsea,E01002882,Kensington and Chelsea 006A,1609500.0,4.0,8.0,8.0,1.0,1.0,2.0,3.0,76.0,9.0,20.0,132.0,17.09,28.0933,6a
E09000020,Kensington and Chelsea,E01002883,Kensington and Chelsea 006B,1207500.0,9.0,24.0,16.0,3.0,1.0,23.0,6.0,132.0,18.0,67.0,299.0,11.744,33.9217,6a
E09000020,Kensington and Chelsea,E01002884,Kensington and Chelsea 006C,916250.0,8.0,17.0,17.0,4.0,3.0,10.0,8.0,161.0,21.0,46.0,295.0,21.59,36.2463,6a
E09000020,Kensington and Chelsea,E01002885,Kensington and Chelsea 006D,1200944.5,8.0,11.0,7.0,0.0,1.0,8.0,3.0,64.0,6.0,27.0,135.0,19.621,34.894,6a
E09000020,Kensington and Chelsea,E01002886,Kensington and Chelsea 006E,2487500.0,20.0,16.0,9.0,0.0,0.0,6.0,7.0,53.0,18.0,27.0,156.0,14.819,31.4419,6a
E09000020,Kensington and Chelsea,E01002887,Kensington and Chelsea 010A,1464500.0,5.0,23.0,8.0,1.0,2.0,5.0,3.0,37.0,20.0,26.0,130.0,12.569,28.8027,6a
E09000020,Kensington and Chelsea,E01002888,Kensington and Chelsea 013E,1288750.0,7.0,12.0,4.0,2.0,0.0,10.0,2.0,57.0,19.0,39.0,152.0,10.9,22.3701,5
E09000020,Kensington and Chelsea,E01002889,Kensington and Chelsea 010B,1498375.0,19.0,9.0,9.0,3.0,0.0,22.0,6.0,249.0,68.0,65.0,450.0,8.169,24.3973,5
E09000020,Kensington and Chelsea,E01002890,Kensington and Chelsea 010C,5362875.125,4.0,16.0,1.0,1.0,0.0,4.0,2.0,32.0,15.0,14.0,89.0,8.969,21.0747,5
E09000020,Kensington and Chelsea,E01002891,Kensington and Chelsea 010D,1933125.0,5.0,12.0,1.0,1.0,0.0,4.0,2.0,24.0,18.0,15.0,82.0,9.515,26.3964,6a
E09000020,Kensington and Chelsea,E01002892,Kensington and Chelsea 010E,1511250.0,6.0,27.0,1.0,0.0,0.0,7.0,1.0,37.0,21.0,22.0,122.0,8.544,29.5309,6a
E09000020,Kensington and Chelsea,E01002893,Kensington and Chelsea 017C,953562.5,6.0,18.0,10.0,1.0,4.0,7.0,1.0,18.0,24.0,24.0,113.0,21.771,27.9939,6a
E09000020,Kensington and Chelsea,E01002894,Kensington and Chelsea 017D,1008125.0,12.0,13.0,11.0,1.0,1.0,22.0,4.0,29.0,15.0,66.0,174.0,19.923,36.7694,6a
E09000020,Kensington and Chelsea,E01002895,Kensington and Chelsea 020B,2350000.0,8.0,25.0,3.0,0.0,1.0,8.0,6.0,72.0,43.0,32.0,198.0,11.214,16.7174,4
E09000020,Kensington and Chelsea,E01002896,Kensington and Chelsea 020C,1014750.0,3.0,18.0,5.0,3.0,0.0,7.0,1.0,19.0,18.0,23.0,97.0,10.304,28.2103,6a
E09000020,Kensington and Chelsea,E01002897,Kensington and Chelsea 020D,865000.0,14.0,10.0,11.0,2.0,0.0,17.0,1.0,30.0,14.0,41.0,140.0,15.663,18.5748,4
E09000020,Kensington and Chelsea,E01002898,Kensington and Chelsea 017E,1938750.0,4.0,5.0,1.0,1.0,0.0,5.0,6.0,25.0,12.0,20.0,79.0,9.458,31.0002,6a
E09000020,Kensington and Chelsea,E01002899,Kensington and Chelsea 018A,881250.0,5.0,6.0,4.0,3.0,1.0,11.0,2.0,48.0,16.0,28.0,124.0,21.45,16.5782,4
E09000020,Kensington and Chelsea,E01002900,Kensington and Chelsea 018B,2412250.0,10.0,18.0,8.0,1.0,0.0,5.0,4.0,14.0,37.0,14.0,111.0,8.274,8.05119,2
E09000020,Kensington and Chelsea,E01002901,Kensington and Chelsea 018C,1225000.0,6.0,6.0,4.0,0.0,0.0,1.0,2.0,14.0,16.0,16.0,65.0,16.507,16.9927,4
E09000020,Kensington and Chelsea,E01002902,Kensington and Chelsea 018D,1738125.0,10.0,21.0,11.0,4.0,2.0,13.0,18.0,497.0,32.0,39.0,647.0,10.759,30.7221,6a
E09000020,Kensington and Chelsea,E01002903,Kensington and Chelsea 018E,4509375.0,15.0,12.0,4.0,0.0,0.0,15.0,8.0,171.0,57.0,30.0,312.0,7.616,19.7045,4
E09000020,Kensington and Chelsea,E01002904,Kensington and Chelsea 002A,,6.0,3.0,2.0,3.0,1.0,11.0,0.0,8.0,5.0,22.0,61.0,45.079,3.24476,1b
E09000020,Kensington and Chelsea,E01002905,Kensington and Chelsea 002B,613750.0,10.0,12.0,10.0,2.0,1.0,9.0,3.0,24.0,15.0,39.0,125.0,44.52,16.0745,4
E09000020,Kensington and Chelsea,E01002906,Kensington and Chelsea 002C,744500.0,20.0,9.0,16.0,0.0,0.0,23.0,7.0,42.0,25.0,180.0,322.0,33.044,11.1901,3
E09000020,Kensington and Chelsea,E01002907,Kensington and Chelsea 002D,,10.0,11.0,5.0,0.0,0.0,5.0,0.0,8.0,10.0,40.0,89.0,52.561,4.55538,1b
E09000020,Kensington and Chelsea,E01002908,Kensington and Chelsea 003D,1487493.75,17.0,6.0,8.0,2.0,0.0,9.0,2.0,15.0,20.0,32.0,111.0,26.916,8.22836,2
E09000020,Kensington and Chelsea,E01002909,Kensington and Chelsea 003E,723750.0,14.0,16.0,14.0,4.0,2.0,11.0,1.0,29.0,31.0,59.0,181.0,29.726,18.9976,4
E09000020,Kensington and Chelsea,E01002910,Kensington and Chelsea 019C,1477500.0,8.0,5.0,4.0,4.0,0.0,9.0,10.0,22.0,22.0,22.0,106.0,16.317,26.3773,6a
E09000020,Kensington and Chelsea,E01002911,Kensington and Chelsea 019D,2808125.0,13.0,8.0,6.0,0.0,2.0,10.0,13.0,72.0,97.0,24.0,245.0,12.544,21.7758,5
E09000020,Kensington and Chelsea,E01002912,Kensington and Chelsea 020E,1472500.0,10.0,14.0,14.0,2.0,3.0,30.0,1.0,123.0,24.0,113.0,334.0,13.905,17.612,4
E09000020,Kensington and Chelsea,E01002913,Kensington and Chelsea 021E,1300000.0,8.0,13.0,9.0,1.0,1.0,12.0,2.0,24.0,23.0,46.0,139.0,18.046,19.0996,4
E09000020,Kensington and Chelsea,E01002914,Kensington and Chelsea 019E,2926111.0,9.0,15.0,2.0,2.0,0.0,9.0,6.0,112.0,42.0,28.0,225.0,8.875,32.079,6a
E09000021,Kingston upon Thames,E01002915,Kingston upon Thames 014A,608125.0,3.0,6.0,0.0,1.0,1.0,4.0,1.0,5.0,10.0,9.0,40.0,8.064,3.3283,1b
E09000021,Kingston upon Thames,E01002916,Kingston upon Thames 014B,756250.0,8.0,3.0,3.0,1.0,0.0,2.0,1.0,6.0,13.0,11.0,48.0,8.236,6.31406,2
E09000021,Kingston upon Thames,E01002917,Kingston upon Thames 014C,757388.5,1.0,4.0,3.0,0.0,0.0,11.0,0.0,5.0,14.0,12.0,50.0,4.073,2.49089,1a
E09000021,Kingston upon Thames,E01002918,Kingston upon Thames 017A,444062.5,7.0,6.0,4.0,2.0,0.0,5.0,0.0,3.0,17.0,18.0,62.0,12.197,3.45427,1b
E09000021,Kingston upon Thames,E01002919,Kingston upon Thames 017B,319000.0,22.0,5.0,11.0,2.0,2.0,16.0,5.0,60.0,27.0,54.0,204.0,15.611,5.29739,2
E09000021,Kingston upon Thames,E01002920,Kingston upon Thames 014D,772000.0,2.0,5.0,8.0,0.0,0.0,3.0,2.0,9.0,23.0,9.0,61.0,5.052,2.91745,1b
E09000021,Kingston upon Thames,E01002921,Kingston upon Thames 011A,389287.5,1.0,13.0,4.0,1.0,0.0,2.0,2.0,10.0,12.0,27.0,72.0,15.232,14.6424,3
E09000021,Kingston upon Thames,E01002922,Kingston upon Thames 010A,430000.0,5.0,7.0,3.0,3.0,1.0,2.0,0.0,8.0,11.0,16.0,56.0,9.061,4.113,1b
E09000021,Kingston upon Thames,E01002923,Kingston upon Thames 013A,433375.0,11.0,3.0,4.0,1.0,1.0,11.0,1.0,17.0,14.0,67.0,130.0,30.061,9.89354,2
E09000021,Kingston upon Thames,E01002924,Kingston upon Thames 014E,912500.0,2.0,3.0,0.0,0.0,0.0,1.0,0.0,2.0,5.0,5.0,18.0,3.339,2.6092,1b
E09000021,Kingston upon Thames,E01002925,Kingston upon Thames 013B,393656.25,9.0,5.0,8.0,0.0,1.0,9.0,3.0,22.0,22.0,27.0,106.0,11.459,7.2534,2
E09000021,Kingston upon Thames,E01002926,Kingston upon Thames 010B,812375.0,4.0,6.0,2.0,0.0,0.0,4.0,0.0,12.0,10.0,31.0,69.0,7.351,5.24483,2
E09000021,Kingston upon Thames,E01002927,Kingston upon Thames 008A,583125.0,5.0,2.0,4.0,0.0,1.0,4.0,1.0,4.0,6.0,13.0,40.0,12.635,3.25582,1b
E09000021,Kingston upon Thames,E01002928,Kingston upon Thames 008B,624250.0,4.0,10.0,4.0,0.0,0.0,6.0,0.0,16.0,13.0,40.0,93.0,16.639,6.95776,2
E09000021,Kingston upon Thames,E01002929,Kingston upon Thames 007A,979500.0,11.0,17.0,1.0,3.0,0.0,3.0,0.0,33.0,23.0,15.0,106.0,8.833,7.38855,2
E09000021,Kingston upon Thames,E01002930,Kingston upon Thames 007B,626375.0,20.0,11.0,10.0,6.0,2.0,31.0,2.0,106.0,14.0,62.0,264.0,11.051,13.7679,3
E09000021,Kingston upon Thames,E01002931,Kingston upon Thames 007C,709750.0,6.0,2.0,3.0,2.0,0.0,16.0,2.0,24.0,12.0,21.0,88.0,11.45,9.02801,2
E09000021,Kingston upon Thames,E01002932,Kingston upon Thames 006A,387500.0,7.0,6.0,10.0,0.0,0.0,10.0,0.0,22.0,22.0,67.0,144.0,26.643,4.00611,1b
E09000021,Kingston upon Thames,E01002933,Kingston upon Thames 004A,703125.0,7.0,6.0,3.0,0.0,0.0,2.0,2.0,11.0,11.0,34.0,76.0,15.439,11.0644,3
E09000021,Kingston upon Thames,E01002934,Kingston upon Thames 004B,1079187.5,2.0,5.0,0.0,1.0,0.0,4.0,1.0,16.0,13.0,9.0,51.0,3.665,3.95381,1b
E09000021,Kingston upon Thames,E01002935,Kingston upon Thames 003A,563125.0,6.0,7.0,4.0,4.0,1.0,6.0,1.0,38.0,13.0,30.0,110.0,8.24,16.1998,4
E09000021,Kingston upon Thames,E01002937,Kingston upon Thames 004D,884612.375,8.0,3.0,2.0,1.0,1.0,4.0,1.0,13.0,13.0,8.0,54.0,5.062,16.9282,4
E09000021,Kingston upon Thames,E01002938,Kingston upon Thames 003B,867550.0,8.0,8.0,2.0,1.0,0.0,5.0,1.0,9.0,15.0,26.0,75.0,4.776,5.36098,2
E09000021,Kingston upon Thames,E01002939,Kingston upon Thames 018A,428125.0,8.0,10.0,5.0,4.0,1.0,7.0,1.0,16.0,9.0,33.0,94.0,12.767,6.24298,2
E09000021,Kingston upon Thames,E01002940,Kingston upon Thames 020A,427375.0,6.0,1.0,4.0,0.0,0.0,3.0,0.0,6.0,2.0,20.0,42.0,18.071,8.02876,2
E09000021,Kingston upon Thames,E01002941,Kingston upon Thames 018B,454987.0,16.0,0.0,2.0,0.0,1.0,5.0,0.0,24.0,7.0,27.0,82.0,9.426,3.10789,1b
E09000021,Kingston upon Thames,E01002942,Kingston upon Thames 018C,538618.75,1.0,2.0,1.0,0.0,1.0,3.0,0.0,5.0,3.0,9.0,25.0,10.777,7.82065,2
E09000021,Kingston upon Thames,E01002943,Kingston upon Thames 020B,468781.25,12.0,2.0,3.0,0.0,1.0,6.0,0.0,11.0,5.0,48.0,88.0,16.752,2.07403,1a
E09000021,Kingston upon Thames,E01002944,Kingston upon Thames 019A,436062.5,4.0,10.0,2.0,1.0,0.0,2.0,0.0,26.0,7.0,23.0,75.0,13.363,3.17134,1b
E09000021,Kingston upon Thames,E01002945,Kingston upon Thames 019B,394368.75,8.0,5.0,1.0,0.0,1.0,6.0,2.0,9.0,14.0,25.0,71.0,9.082,4.9156,1b
E09000021,Kingston upon Thames,E01002946,Kingston upon Thames 019C,432000.0,1.0,8.0,0.0,0.0,0.0,6.0,0.0,4.0,6.0,20.0,45.0,8.721,2.88285,1b
E09000021,Kingston upon Thames,E01002947,Kingston upon Thames 019D,487250.0,4.0,5.0,0.0,2.0,0.0,2.0,0.0,3.0,12.0,24.0,52.0,7.288,5.81889,2
E09000021,Kingston upon Thames,E01002948,Kingston upon Thames 020C,458625.0,19.0,5.0,13.0,2.0,8.0,8.0,1.0,36.0,32.0,54.0,178.0,17.875,1.23936,1a
E09000021,Kingston upon Thames,E01002949,Kingston upon Thames 020D,500375.0,5.0,4.0,1.0,2.0,1.0,5.0,0.0,10.0,4.0,10.0,42.0,9.745,5.12719,2
E09000021,Kingston upon Thames,E01002950,Kingston upon Thames 020E,322406.25,6.0,3.0,5.0,1.0,0.0,5.0,3.0,7.0,8.0,37.0,75.0,17.972,2.73316,1b
E09000021,Kingston upon Thames,E01002951,Kingston upon Thames 003C,769375.0,2.0,9.0,0.0,0.0,0.0,3.0,0.0,7.0,14.0,14.0,49.0,5.416,7.41738,2
E09000021,Kingston upon Thames,E01002952,Kingston upon Thames 002A,2131250.0,3.0,6.0,1.0,0.0,0.0,6.0,0.0,2.0,18.0,18.0,54.0,6.26,2.54747,1b
E09000021,Kingston upon Thames,E01002953,Kingston upon Thames 002B,1542500.0,1.0,2.0,2.0,0.0,0.0,3.0,0.0,8.0,11.0,18.0,45.0,7.065,2.55336,1b
E09000021,Kingston upon Thames,E01002954,Kingston upon Thames 003D,364562.5,16.0,17.0,2.0,2.0,1.0,18.0,3.0,64.0,12.0,79.0,214.0,12.215,14.9587,3
E09000021,Kingston upon Thames,E01002955,Kingston upon Thames 002C,627812.5,6.0,10.0,5.0,1.0,3.0,6.0,1.0,8.0,9.0,30.0,79.0,14.326,4.07878,1b
E09000021,Kingston upon Thames,E01002956,Kingston upon Thames 002D,1064816.25,9.0,13.0,3.0,1.0,1.0,2.0,0.0,5.0,18.0,11.0,63.0,7.327,3.67723,1b
E09000021,Kingston upon Thames,E01002957,Kingston upon Thames 003E,334968.75,7.0,4.0,2.0,3.0,0.0,7.0,0.0,8.0,9.0,43.0,83.0,14.322,4.3066,1b
E09000021,Kingston upon Thames,E01002958,Kingston upon Thames 008C,642218.75,2.0,1.0,1.0,0.0,0.0,0.0,0.0,1.0,5.0,11.0,21.0,6.841,5.58528,2
E09000021,Kingston upon Thames,E01002959,Kingston upon Thames 002E,1477275.0,2.0,5.0,0.0,0.0,0.0,1.0,2.0,13.0,9.0,6.0,38.0,3.101,3.30159,1b
E09000021,Kingston upon Thames,E01002960,Kingston upon Thames 006B,1035023.125,4.0,7.0,8.0,1.0,0.0,3.0,1.0,13.0,22.0,13.0,72.0,6.07,7.77885,2
E09000021,Kingston upon Thames,E01002961,Kingston upon Thames 008D,962125.0,10.0,4.0,2.0,1.0,0.0,2.0,0.0,7.0,10.0,17.0,53.0,7.367,5.42023,2
E09000021,Kingston upon Thames,E01002962,Kingston upon Thames 006C,589750.0,5.0,2.0,0.0,3.0,0.0,7.0,0.0,3.0,8.0,44.0,72.0,12.943,2.68542,1b
E09000021,Kingston upon Thames,E01002963,Kingston upon Thames 007D,446250.0,3.0,2.0,0.0,1.0,1.0,0.0,0.0,8.0,8.0,21.0,44.0,9.886,9.69181,2
E09000021,Kingston upon Thames,E01002964,Kingston upon Thames 005A,519062.5,16.0,10.0,72.0,7.0,6.0,26.0,9.0,104.0,24.0,135.0,409.0,17.289,17.4131,4
E09000021,Kingston upon Thames,E01002965,Kingston upon Thames 009A,587625.0,24.0,23.0,27.0,4.0,1.0,15.0,1.0,53.0,17.0,67.0,232.0,12.957,11.902,3
E09000021,Kingston upon Thames,E01002966,Kingston upon Thames 010C,657187.5,14.0,7.0,6.0,4.0,1.0,4.0,1.0,17.0,11.0,37.0,102.0,9.456,4.66422,1b
E09000021,Kingston upon Thames,E01002967,Kingston upon Thames 009B,497500.0,7.0,8.0,5.0,3.0,1.0,7.0,0.0,12.0,15.0,7.0,65.0,5.324,14.8438,3
E09000021,Kingston upon Thames,E01002968,Kingston upon Thames 009C,476315.25,112.0,37.0,352.0,25.0,19.0,150.0,68.0,1493.0,27.0,452.0,2735.0,14.52,28.9117,6a
E09000021,Kingston upon Thames,E01002969,Kingston upon Thames 005B,,16.0,9.0,8.0,2.0,1.0,5.0,1.0,21.0,8.0,45.0,116.0,40.913,4.31628,1b
E09000021,Kingston upon Thames,E01002970,Kingston upon Thames 006D,493737.5,6.0,5.0,5.0,3.0,2.0,7.0,1.0,14.0,11.0,42.0,96.0,21.15,5.52709,2
E09000021,Kingston upon Thames,E01002971,Kingston upon Thames 005C,665250.0,11.0,8.0,11.0,1.0,1.0,13.0,4.0,25.0,9.0,35.0,118.0,12.432,9.16555,2
E09000021,Kingston upon Thames,E01002972,Kingston upon Thames 005D,382750.0,10.0,9.0,9.0,4.0,2.0,10.0,2.0,52.0,10.0,59.0,167.0,13.608,21.9308,5
E09000021,Kingston upon Thames,E01002973,Kingston upon Thames 006E,457750.0,4.0,5.0,2.0,3.0,2.0,7.0,2.0,6.0,5.0,44.0,80.0,23.106,4.76649,1b
E09000021,Kingston upon Thames,E01002974,Kingston upon Thames 005E,832500.0,9.0,9.0,14.0,0.0,2.0,3.0,2.0,17.0,15.0,25.0,96.0,13.924,16.3499,4
E09000021,Kingston upon Thames,E01002975,Kingston upon Thames 012A,678037.5,5.0,13.0,11.0,1.0,2.0,5.0,0.0,5.0,11.0,29.0,82.0,12.123,5.53548,2
E09000021,Kingston upon Thames,E01002976,Kingston upon Thames 015A,543387.5,5.0,7.0,0.0,4.0,1.0,3.0,0.0,5.0,5.0,16.0,46.0,8.143,2.87663,1b
E09000021,Kingston upon Thames,E01002977,Kingston upon Thames 012B,416717.25,19.0,7.0,6.0,5.0,2.0,6.0,4.0,11.0,18.0,33.0,111.0,18.446,6.61485,2
E09000021,Kingston upon Thames,E01002978,Kingston upon Thames 015B,746562.5,4.0,6.0,3.0,2.0,2.0,5.0,2.0,12.0,10.0,31.0,77.0,7.414,10.2614,3
E09000021,Kingston upon Thames,E01002979,Kingston upon Thames 015C,603750.0,4.0,8.0,5.0,1.0,0.0,0.0,0.0,5.0,4.0,22.0,49.0,9.478,5.71697,2
E09000021,Kingston upon Thames,E01002980,Kingston upon Thames 012C,726406.25,1.0,6.0,1.0,0.0,1.0,1.0,0.0,2.0,12.0,5.0,29.0,7.43,6.15185,2
E09000021,Kingston upon Thames,E01002981,Kingston upon Thames 012D,760000.0,4.0,2.0,5.0,4.0,2.0,2.0,3.0,6.0,13.0,18.0,59.0,11.94,4.84664,1b
E09000021,Kingston upon Thames,E01002982,Kingston upon Thames 015D,607500.0,4.0,1.0,1.0,1.0,0.0,1.0,0.0,16.0,8.0,11.0,43.0,13.639,6.77607,2
E09000021,Kingston upon Thames,E01002983,Kingston upon Thames 015E,690000.0,1.0,7.0,10.0,0.0,0.0,6.0,1.0,11.0,15.0,18.0,69.0,7.399,5.64901,2
E09000021,Kingston upon Thames,E01002984,Kingston upon Thames 012E,554687.5,10.0,2.0,2.0,0.0,0.0,3.0,2.0,15.0,6.0,27.0,67.0,17.185,9.82914,2
E09000021,Kingston upon Thames,E01002985,Kingston upon Thames 007E,576250.0,10.0,3.0,5.0,2.0,0.0,9.0,1.0,10.0,7.0,30.0,77.0,11.766,9.48606,2
E09000021,Kingston upon Thames,E01002986,Kingston upon Thames 008E,668750.0,5.0,3.0,4.0,1.0,1.0,1.0,1.0,5.0,16.0,6.0,43.0,12.627,1.74032,1a
E09000021,Kingston upon Thames,E01002987,Kingston upon Thames 011B,415493.75,25.0,14.0,39.0,5.0,1.0,23.0,8.0,138.0,17.0,81.0,351.0,18.608,20.759,5
E09000021,Kingston upon Thames,E01002988,Kingston upon Thames 011C,595125.0,7.0,7.0,1.0,2.0,0.0,7.0,5.0,16.0,4.0,30.0,79.0,6.657,10.5,3
E09000021,Kingston upon Thames,E01002989,Kingston upon Thames 011D,492500.0,3.0,3.0,0.0,0.0,0.0,10.0,0.0,14.0,14.0,17.0,61.0,8.627,15.2118,4
E09000021,Kingston upon Thames,E01002990,Kingston upon Thames 009D,445625.0,2.0,9.0,4.0,1.0,0.0,4.0,1.0,6.0,7.0,23.0,57.0,7.626,18.9405,4
E09000021,Kingston upon Thames,E01002991,Kingston upon Thames 009E,496875.0,7.0,4.0,4.0,2.0,0.0,6.0,1.0,8.0,9.0,18.0,59.0,7.648,8.06871,2
E09000021,Kingston upon Thames,E01002992,Kingston upon Thames 010D,644666.75,3.0,5.0,5.0,2.0,2.0,1.0,1.0,13.0,9.0,15.0,56.0,6.631,3.25729,1b
E09000021,Kingston upon Thames,E01002993,Kingston upon Thames 013C,410000.0,4.0,6.0,0.0,0.0,1.0,3.0,1.0,4.0,11.0,13.0,43.0,10.174,13.2017,3
E09000021,Kingston upon Thames,E01002994,Kingston upon Thames 016A,417875.0,1.0,7.0,0.0,0.0,1.0,1.0,0.0,2.0,5.0,16.0,33.0,7.883,4.76875,1b
E09000021,Kingston upon Thames,E01002995,Kingston upon Thames 013D,494125.0,3.0,6.0,2.0,2.0,1.0,1.0,0.0,4.0,9.0,8.0,36.0,5.88,7.28883,2
E09000021,Kingston upon Thames,E01002996,Kingston upon Thames 016B,737000.0,7.0,8.0,2.0,1.0,0.0,3.0,0.0,4.0,18.0,16.0,59.0,7.571,7.88066,2
E09000021,Kingston upon Thames,E01002997,Kingston upon Thames 016C,737750.0,2.0,2.0,1.0,0.0,0.0,3.0,0.0,11.0,9.0,17.0,45.0,8.337,8.2064,2
E09000021,Kingston upon Thames,E01002998,Kingston upon Thames 016D,526812.5,2.0,4.0,4.0,0.0,0.0,2.0,0.0,7.0,15.0,16.0,50.0,14.437,5.37745,2
E09000021,Kingston upon Thames,E01002999,Kingston upon Thames 013E,396212.5,9.0,10.0,4.0,2.0,2.0,7.0,4.0,15.0,9.0,35.0,97.0,14.372,16.8724,4
E09000021,Kingston upon Thames,E01003000,Kingston upon Thames 017C,482750.0,17.0,10.0,5.0,3.0,1.0,13.0,0.0,16.0,22.0,35.0,122.0,19.425,2.54443,1b
E09000021,Kingston upon Thames,E01003001,Kingston upon Thames 017D,493875.0,12.0,6.0,5.0,4.0,1.0,4.0,0.0,8.0,27.0,19.0,86.0,12.804,5.9546,2
E09000021,Kingston upon Thames,E01003002,Kingston upon Thames 016E,451187.5,9.0,8.0,6.0,2.0,1.0,18.0,3.0,23.0,14.0,50.0,134.0,17.542,5.10982,2
E09000021,Kingston upon Thames,E01003003,Kingston upon Thames 017E,456562.5,23.0,6.0,8.0,3.0,1.0,33.0,5.0,47.0,34.0,132.0,292.0,15.301,8.52682,2
E09000021,Kingston upon Thames,E01003004,Kingston upon Thames 018D,525493.75,8.0,3.0,1.0,0.0,0.0,4.0,3.0,9.0,16.0,22.0,66.0,10.869,3.17455,1b
E09000021,Kingston upon Thames,E01003005,Kingston upon Thames 018E,456500.0,5.0,5.0,9.0,1.0,0.0,3.0,1.0,2.0,24.0,12.0,62.0,7.542,3.58681,1b
E09000021,Kingston upon Thames,E01003006,Kingston upon Thames 001A,737187.5,4.0,7.0,1.0,0.0,0.0,3.0,0.0,9.0,15.0,15.0,54.0,7.813,4.90209,1b
E09000021,Kingston upon Thames,E01003007,Kingston upon Thames 001B,844318.75,2.0,7.0,0.0,0.0,0.0,3.0,0.0,5.0,12.0,7.0,36.0,4.72,4.3341,1b
E09000021,Kingston upon Thames,E01003008,Kingston upon Thames 001C,888750.0,0.0,5.0,2.0,0.0,0.0,1.0,1.0,3.0,3.0,3.0,18.0,3.164,4.30716,1b
E09000021,Kingston upon Thames,E01003009,Kingston upon Thames 001D,494366.25,4.0,7.0,1.0,1.0,0.0,4.0,0.0,5.0,13.0,22.0,57.0,9.258,3.55607,1b
E09000021,Kingston upon Thames,E01003010,Kingston upon Thames 001E,1180187.5,0.0,4.0,4.0,1.0,0.0,2.0,1.0,14.0,10.0,5.0,41.0,4.323,4.37413,1b
E09000021,Kingston upon Thames,E01003011,Kingston upon Thames 004E,694362.5,2.0,13.0,25.0,1.0,1.0,1.0,2.0,23.0,14.0,18.0,100.0,6.829,5.11657,2
E09000021,Kingston upon Thames,E01033568,Kingston upon Thames 004F,457125.0,8.0,8.0,17.0,2.0,1.0,6.0,2.0,13.0,2.0,23.0,82.0,13.113,19.0062,4
E09000021,Kingston upon Thames,E01033569,Kingston upon Thames 004G,584375.0,17.0,6.0,7.0,3.0,1.0,7.0,1.0,82.0,21.0,71.0,216.0,9.148,24.6009,5
E09000022,Lambeth,E01003013,Lambeth 036A,548750.0,34.0,47.0,67.0,4.0,17.0,97.0,65.0,515.0,16.0,335.0,1197.0,12.271,76.1444,6b
E09000022,Lambeth,E01003014,Lambeth 036B,766500.0,12.0,15.0,23.0,4.0,2.0,16.0,7.0,63.0,7.0,70.0,219.0,26.261,63.6987,6b
E09000022,Lambeth,E01003015,Lambeth 002A,364333.3333333333,10.0,9.0,6.0,1.0,2.0,5.0,7.0,15.0,10.0,29.0,94.0,26.682,18.3133,4
E09000022,Lambeth,E01003016,Lambeth 036C,831212.5,13.0,14.0,32.0,2.0,3.0,14.0,30.0,235.0,5.0,53.0,401.0,13.265,106.841,6b
E09000022,Lambeth,E01003017,Lambeth 036D,1079250.0,12.0,14.0,12.0,3.0,2.0,25.0,25.0,191.0,6.0,104.0,394.0,23.436,107.861,6b
E09000022,Lambeth,E01003018,Lambeth 020A,546000.0,13.0,19.0,9.0,1.0,6.0,20.0,11.0,66.0,21.0,72.0,238.0,22.512,20.885,5
E09000022,Lambeth,E01003019,Lambeth 015A,654750.0,6.0,15.0,2.0,0.0,1.0,8.0,5.0,34.0,15.0,36.0,122.0,18.843,13.2646,3
E09000022,Lambeth,E01003020,Lambeth 016A,633412.5,21.0,18.0,7.0,3.0,2.0,27.0,10.0,94.0,23.0,65.0,270.0,24.0,34.9462,6a
E09000022,Lambeth,E01003021,Lambeth 021A,546250.0,15.0,11.0,10.0,29.0,2.0,11.0,7.0,26.0,9.0,98.0,218.0,33.319,14.6321,3
E09000022,Lambeth,E01003022,Lambeth 021B,524875.0,9.0,9.0,5.0,1.0,0.0,10.0,2.0,29.0,15.0,32.0,112.0,20.494,11.2244,3
E09000022,Lambeth,E01003023,Lambeth 021C,499371.25,10.0,15.0,15.0,2.0,1.0,21.0,12.0,73.0,12.0,53.0,214.0,19.316,22.0629,5
E09000022,Lambeth,E01003024,Lambeth 021D,346893.25,7.0,14.0,12.0,3.0,3.0,20.0,4.0,35.0,11.0,52.0,161.0,31.514,18.3711,4
E09000022,Lambeth,E01003025,Lambeth 021E,473390.0,4.0,10.0,6.0,1.0,4.0,5.0,2.0,21.0,14.0,30.0,97.0,21.733,14.2117,3
E09000022,Lambeth,E01003026,Lambeth 019A,831312.5,5.0,9.0,5.0,0.0,2.0,8.0,12.0,56.0,22.0,32.0,151.0,17.427,17.087,4
E09000022,Lambeth,E01003027,Lambeth 019B,1631250.0,13.0,12.0,2.0,0.0,0.0,0.0,2.0,13.0,18.0,13.0,73.0,10.074,10.4829,3
E09000022,Lambeth,E01003028,Lambeth 019C,1038750.0,11.0,13.0,1.0,2.0,0.0,1.0,1.0,18.0,25.0,18.0,90.0,19.787,7.07734,2
E09000022,Lambeth,E01003029,Lambeth 017A,640000.0,10.0,14.0,5.0,5.0,1.0,9.0,1.0,23.0,23.0,26.0,117.0,19.197,16.1552,4
E09000022,Lambeth,E01003030,Lambeth 019D,637000.0,7.0,16.0,6.0,1.0,0.0,16.0,10.0,46.0,15.0,55.0,172.0,16.656,18.5586,4
E09000022,Lambeth,E01003031,Lambeth 023A,579125.0,5.0,8.0,9.0,2.0,0.0,5.0,2.0,9.0,13.0,24.0,77.0,23.596,11.591,3
E09000022,Lambeth,E01003032,Lambeth 017B,606875.0,14.0,17.0,12.0,2.0,1.0,19.0,2.0,57.0,9.0,71.0,204.0,31.549,26.4755,6a
E09000022,Lambeth,E01003033,Lambeth 019E,900087.5,6.0,1.0,3.0,1.0,1.0,1.0,2.0,7.0,17.0,24.0,63.0,14.91,10.8363,3
E09000022,Lambeth,E01003034,Lambeth 012A,649250.0,9.0,14.0,7.0,1.0,2.0,4.0,0.0,33.0,18.0,23.0,111.0,18.498,10.543,3
E09000022,Lambeth,E01003035,Lambeth 012B,560875.0,21.0,26.0,12.0,3.0,4.0,35.0,28.0,332.0,31.0,170.0,662.0,24.936,26.5789,6a
E09000022,Lambeth,E01003036,Lambeth 012C,615312.5,9.0,11.0,2.0,1.0,1.0,2.0,2.0,17.0,16.0,26.0,87.0,24.245,15.0854,4
E09000022,Lambeth,E01003037,Lambeth 013A,465437.5,12.0,14.0,7.0,0.0,2.0,28.0,10.0,59.0,7.0,69.0,208.0,38.342,13.9905,3
E09000022,Lambeth,E01003038,Lambeth 013B,774375.0,6.0,16.0,1.0,0.0,0.0,3.0,1.0,26.0,27.0,19.0,99.0,14.932,20.8984,5
E09000022,Lambeth,E01003039,Lambeth 013C,694328.75,13.0,31.0,6.0,2.0,1.0,24.0,13.0,145.0,41.0,55.0,331.0,10.643,27.0005,6a
E09000022,Lambeth,E01003040,Lambeth 013D,631187.5,4.0,8.0,1.0,1.0,1.0,2.0,2.0,12.0,11.0,19.0,61.0,21.291,20.5203,5
E09000022,Lambeth,E01003041,Lambeth 017C,440624.875,17.0,24.0,11.0,3.0,4.0,23.0,16.0,129.0,14.0,94.0,335.0,34.66,31.3175,6a
E09000022,Lambeth,E01003042,Lambeth 013E,592625.0,3.0,3.0,2.0,0.0,0.0,4.0,7.0,21.0,7.0,27.0,74.0,26.014,19.7273,4
E09000022,Lambeth,E01003043,Lambeth 018A,830325.0,6.0,9.0,4.0,5.0,1.0,5.0,1.0,14.0,12.0,20.0,77.0,23.727,30.5943,6a
E09000022,Lambeth,E01003044,Lambeth 018B,291750.0,5.0,13.0,0.0,0.0,1.0,8.0,0.0,13.0,2.0,25.0,67.0,43.069,13.5642,3
E09000022,Lambeth,E01003045,Lambeth 011A,382500.0,11.0,5.0,9.0,4.0,3.0,8.0,4.0,23.0,10.0,52.0,129.0,38.842,19.1527,4
E09000022,Lambeth,E01003046,Lambeth 009A,467625.0,5.0,10.0,6.0,1.0,1.0,3.0,3.0,15.0,12.0,36.0,92.0,33.936,11.945,3
E09000022,Lambeth,E01003047,Lambeth 011B,578750.0,86.0,37.0,128.0,13.0,21.0,188.0,97.0,579.0,34.0,431.0,1614.0,39.632,45.9036,6b
E09000022,Lambeth,E01003048,Lambeth 009B,380000.0,7.0,5.0,11.0,1.0,1.0,6.0,4.0,22.0,16.0,44.0,117.0,37.906,18.2033,4
E09000022,Lambeth,E01003049,Lambeth 011C,555625.0,16.0,13.0,16.0,2.0,3.0,10.0,2.0,27.0,7.0,72.0,168.0,39.746,29.2748,6a
E09000022,Lambeth,E01003050,Lambeth 016B,546387.5,14.0,28.0,27.0,1.0,3.0,35.0,12.0,49.0,20.0,86.0,275.0,27.883,39.9008,6a
E09000022,Lambeth,E01003051,Lambeth 018C,533000.0,17.0,29.0,17.0,1.0,5.0,25.0,16.0,58.0,14.0,83.0,265.0,36.268,22.2659,5
E09000022,Lambeth,E01003052,Lambeth 016C,,16.0,17.0,14.0,2.0,4.0,12.0,2.0,44.0,15.0,67.0,193.0,40.689,24.6214,5
E09000022,Lambeth,E01003053,Lambeth 015B,707937.375,16.0,21.0,9.0,1.0,1.0,11.0,6.0,40.0,16.0,41.0,162.0,23.236,30.8491,6a
E09000022,Lambeth,E01003054,Lambeth 015C,583312.5,8.0,18.0,7.0,0.0,0.0,14.0,10.0,36.0,20.0,44.0,157.0,21.766,28.8988,6a
E09000022,Lambeth,E01003055,Lambeth 016D,524625.0,32.0,25.0,16.0,6.0,8.0,63.0,38.0,319.0,18.0,139.0,664.0,34.093,37.587,6a
E09000022,Lambeth,E01003056,Lambeth 015D,596000.0,13.0,10.0,7.0,2.0,1.0,5.0,3.0,26.0,14.0,54.0,135.0,29.918,22.9267,5
E09000022,Lambeth,E01003057,Lambeth 017D,673125.0,12.0,10.0,10.0,0.0,1.0,5.0,4.0,12.0,18.0,44.0,116.0,36.558,24.6367,5
E09000022,Lambeth,E01003058,Lambeth 015E,578125.0,14.0,19.0,10.0,1.0,1.0,8.0,4.0,30.0,17.0,41.0,145.0,24.327,21.9789,5
E09000022,Lambeth,E01003059,Lambeth 011D,453231.25,15.0,7.0,12.0,6.0,2.0,13.0,5.0,34.0,8.0,43.0,145.0,39.166,23.0769,5
E09000022,Lambeth,E01003060,Lambeth 011E,531187.5,14.0,18.0,3.0,1.0,0.0,6.0,3.0,30.0,4.0,38.0,117.0,36.815,35.4203,6a
E09000022,Lambeth,E01003061,Lambeth 011F,468750.0,19.0,21.0,17.0,1.0,3.0,39.0,21.0,458.0,12.0,128.0,719.0,37.895,38.1137,6a
E09000022,Lambeth,E01003062,Lambeth 033A,383750.0,14.0,11.0,11.0,1.0,4.0,16.0,19.0,37.0,20.0,72.0,205.0,22.44,21.5518,5
E09000022,Lambeth,E01003063,Lambeth 033B,439816.875,15.0,10.0,10.0,2.0,0.0,8.0,4.0,11.0,10.0,38.0,108.0,37.714,11.8555,3
E09000022,Lambeth,E01003064,Lambeth 028A,571348.25,9.0,14.0,5.0,0.0,0.0,6.0,5.0,9.0,18.0,19.0,85.0,12.812,5.58747,2
E09000022,Lambeth,E01003065,Lambeth 031A,514875.0,16.0,9.0,5.0,2.0,2.0,5.0,0.0,16.0,11.0,34.0,100.0,41.077,6.48521,2
E09000022,Lambeth,E01003066,Lambeth 028B,462375.0,8.0,7.0,7.0,1.0,1.0,9.0,10.0,14.0,22.0,55.0,134.0,37.398,14.9435,3
E09000022,Lambeth,E01003067,Lambeth 033C,600568.125,6.0,10.0,4.0,0.0,0.0,9.0,5.0,21.0,20.0,16.0,91.0,20.479,9.70269,2
E09000022,Lambeth,E01003068,Lambeth 031B,502937.5,8.0,5.0,5.0,3.0,6.0,6.0,5.0,6.0,13.0,48.0,105.0,28.816,8.45872,2
E09000022,Lambeth,E01003069,Lambeth 033D,516862.5,5.0,1.0,8.0,3.0,0.0,9.0,9.0,10.0,17.0,36.0,98.0,32.698,8.782,2
E09000022,Lambeth,E01003070,Lambeth 033E,388937.5,10.0,4.0,8.0,1.0,2.0,9.0,8.0,10.0,10.0,38.0,100.0,43.799,9.30892,2
E09000022,Lambeth,E01003071,Lambeth 018D,655387.5,8.0,32.0,6.0,2.0,0.0,12.0,4.0,51.0,21.0,33.0,169.0,16.108,19.4128,4
E09000022,Lambeth,E01003072,Lambeth 014A,1304125.0,2.0,9.0,1.0,0.0,0.0,6.0,1.0,12.0,19.0,15.0,65.0,16.47,16.3781,4
E09000022,Lambeth,E01003073,Lambeth 014B,613125.0,11.0,21.0,4.0,0.0,3.0,7.0,2.0,27.0,19.0,34.0,128.0,30.231,12.0144,3
E09000022,Lambeth,E01003074,Lambeth 018E,589092.5,20.0,27.0,12.0,2.0,4.0,23.0,32.0,182.0,21.0,83.0,406.0,24.577,16.4748,4
E09000022,Lambeth,E01003075,Lambeth 009C,403000.0,12.0,8.0,5.0,1.0,0.0,5.0,2.0,14.0,17.0,42.0,106.0,42.602,15.815,4
E09000022,Lambeth,E01003076,Lambeth 014C,467500.0,26.0,21.0,16.0,5.0,2.0,56.0,10.0,129.0,15.0,203.0,483.0,18.536,16.784,4
E09000022,Lambeth,E01003077,Lambeth 014D,488750.0,5.0,8.0,6.0,0.0,0.0,6.0,4.0,22.0,18.0,34.0,103.0,19.571,13.715,3
E09000022,Lambeth,E01003078,Lambeth 014E,1024806.25,6.0,8.0,4.0,1.0,0.0,5.0,4.0,20.0,20.0,23.0,91.0,10.834,14.7264,3
E09000022,Lambeth,E01003079,Lambeth 027A,404750.0,15.0,14.0,17.0,2.0,3.0,20.0,6.0,47.0,23.0,69.0,216.0,30.785,14.5822,3
E09000022,Lambeth,E01003080,Lambeth 027B,605000.0,5.0,10.0,5.0,1.0,2.0,5.0,0.0,15.0,29.0,37.0,109.0,18.517,13.5065,3
E09000022,Lambeth,E01003081,Lambeth 028C,477375.0,11.0,15.0,12.0,2.0,1.0,23.0,10.0,28.0,19.0,68.0,189.0,29.721,18.5632,4
E09000022,Lambeth,E01003082,Lambeth 031C,597062.5,12.0,6.0,10.0,0.0,0.0,9.0,3.0,12.0,18.0,46.0,116.0,30.194,15.713,4
E09000022,Lambeth,E01003083,Lambeth 030A,685000.0,5.0,7.0,7.0,1.0,1.0,6.0,2.0,14.0,17.0,16.0,76.0,19.665,9.22927,2
E09000022,Lambeth,E01003084,Lambeth 030B,492625.0,7.0,14.0,3.0,1.0,0.0,9.0,8.0,11.0,16.0,39.0,108.0,19.315,18.3197,4
E09000022,Lambeth,E01003085,Lambeth 030C,730000.0,10.0,5.0,4.0,1.0,1.0,3.0,3.0,8.0,18.0,30.0,83.0,16.358,9.49352,2
E09000022,Lambeth,E01003086,Lambeth 031D,449458.3333333333,8.0,8.0,3.0,2.0,2.0,9.0,5.0,17.0,13.0,43.0,110.0,31.39,9.36021,2
E09000022,Lambeth,E01003087,Lambeth 031E,330625.0,16.0,4.0,8.0,2.0,1.0,9.0,20.0,39.0,12.0,45.0,156.0,42.482,8.64523,2
E09000022,Lambeth,E01003088,Lambeth 010A,744937.5,9.0,11.0,5.0,1.0,1.0,6.0,5.0,40.0,5.0,34.0,117.0,32.424,22.2813,5
E09000022,Lambeth,E01003089,Lambeth 008A,411625.0,14.0,17.0,12.0,1.0,2.0,14.0,11.0,23.0,4.0,54.0,152.0,31.444,12.0319,3
E09000022,Lambeth,E01003090,Lambeth 012D,539075.0,25.0,30.0,12.0,4.0,1.0,22.0,12.0,83.0,15.0,96.0,300.0,25.416,27.2919,6a
E09000022,Lambeth,E01003091,Lambeth 008B,442875.0,3.0,11.0,6.0,0.0,0.0,6.0,0.0,12.0,10.0,29.0,77.0,23.431,11.2054,3
E09000022,Lambeth,E01003092,Lambeth 008C,470625.0,15.0,8.0,5.0,2.0,4.0,9.0,14.0,16.0,7.0,48.0,128.0,36.627,14.3351,3
E09000022,Lambeth,E01003093,Lambeth 010B,380000.0,15.0,7.0,12.0,2.0,4.0,13.0,12.0,142.0,18.0,87.0,312.0,33.26,29.4133,6a
E09000022,Lambeth,E01003094,Lambeth 010C,606875.0,5.0,4.0,13.0,2.0,0.0,4.0,1.0,14.0,16.0,13.0,72.0,30.432,25.5264,6a
E09000022,Lambeth,E01003095,Lambeth 012E,685375.0,6.0,7.0,9.0,1.0,2.0,4.0,4.0,16.0,24.0,20.0,93.0,19.761,20.3382,5
E09000022,Lambeth,E01003096,Lambeth 010D,536500.0,28.0,9.0,12.0,4.0,1.0,29.0,11.0,54.0,13.0,151.0,312.0,25.455,23.9323,5
E09000022,Lambeth,E01003097,Lambeth 006A,422875.0,6.0,14.0,3.0,2.0,1.0,8.0,1.0,17.0,18.0,19.0,89.0,32.154,19.1563,4
E09000022,Lambeth,E01003098,Lambeth 005A,592481.25,4.0,1.0,0.0,3.0,0.0,8.0,5.0,20.0,15.0,21.0,77.0,23.401,20.3637,5
E09000022,Lambeth,E01003099,Lambeth 005B,469062.5,16.0,19.0,13.0,3.0,2.0,22.0,14.0,46.0,9.0,64.0,208.0,26.601,36.3335,6a
E09000022,Lambeth,E01003100,Lambeth 005C,525388.75,9.0,16.0,12.0,0.0,0.0,8.0,6.0,31.0,14.0,29.0,125.0,16.907,29.4847,6a
E09000022,Lambeth,E01003101,Lambeth 003A,445625.0,4.0,8.0,13.0,6.0,2.0,11.0,5.0,43.0,5.0,31.0,128.0,28.222,43.76,6b
E09000022,Lambeth,E01003102,Lambeth 004A,558750.0,24.0,19.0,19.0,5.0,2.0,41.0,48.0,227.0,10.0,142.0,537.0,25.93,48.9786,6b
E09000022,Lambeth,E01003104,Lambeth 004C,491895.25,4.0,12.0,8.0,0.0,3.0,9.0,4.0,15.0,10.0,35.0,100.0,24.638,33.1821,6a
E09000022,Lambeth,E01003105,Lambeth 003B,520000.0,8.0,5.0,14.0,3.0,5.0,9.0,6.0,25.0,14.0,36.0,125.0,29.263,34.266,6a
E09000022,Lambeth,E01003106,Lambeth 003C,557562.5,10.0,14.0,9.0,1.0,1.0,5.0,3.0,44.0,10.0,52.0,149.0,27.175,24.5518,5
E09000022,Lambeth,E01003107,Lambeth 003D,745125.0,10.0,10.0,4.0,1.0,0.0,6.0,4.0,42.0,8.0,32.0,117.0,17.52,40.2344,6b
E09000022,Lambeth,E01003108,Lambeth 002B,396875.0,6.0,10.0,10.0,3.0,1.0,5.0,3.0,31.0,10.0,54.0,133.0,33.192,34.503,6a
E09000022,Lambeth,E01003109,Lambeth 003E,627125.0,11.0,7.0,21.0,1.0,0.0,10.0,14.0,25.0,9.0,34.0,132.0,27.59,40.5233,6b
E09000022,Lambeth,E01003110,Lambeth 002C,721750.0,12.0,17.0,11.0,1.0,0.0,5.0,3.0,27.0,17.0,48.0,141.0,17.446,35.8431,6a
E09000022,Lambeth,E01003111,Lambeth 002D,618750.0,3.0,3.0,6.0,1.0,3.0,4.0,1.0,23.0,7.0,45.0,96.0,35.303,10.7118,3
E09000022,Lambeth,E01003112,Lambeth 002E,876856.25,17.0,9.0,10.0,0.0,1.0,7.0,8.0,32.0,3.0,55.0,142.0,29.912,19.2349,4
E09000022,Lambeth,E01003113,Lambeth 032A,420500.0,11.0,11.0,2.0,0.0,2.0,6.0,4.0,17.0,9.0,50.0,112.0,23.176,23.4474,5
E09000022,Lambeth,E01003114,Lambeth 032B,470187.5,18.0,10.0,6.0,1.0,2.0,34.0,20.0,97.0,21.0,71.0,280.0,22.363,23.2293,5
E09000022,Lambeth,E01003115,Lambeth 034A,423328.25,10.0,10.0,8.0,1.0,0.0,5.0,4.0,18.0,14.0,45.0,115.0,20.481,23.8308,5
E09000022,Lambeth,E01003116,Lambeth 029A,847750.0,8.0,7.0,3.0,2.0,0.0,7.0,4.0,16.0,34.0,18.0,99.0,20.465,10.7579,3
E09000022,Lambeth,E01003117,Lambeth 029B,484891.25,13.0,15.0,5.0,3.0,2.0,16.0,3.0,54.0,25.0,38.0,174.0,22.2,25.3702,6a
E09000022,Lambeth,E01003118,Lambeth 029C,650190.0,7.0,16.0,5.0,1.0,2.0,28.0,8.0,144.0,19.0,59.0,289.0,22.781,24.2963,5
E09000022,Lambeth,E01003119,Lambeth 032C,497262.5,17.0,7.0,8.0,1.0,0.0,6.0,5.0,27.0,16.0,58.0,145.0,22.028,25.192,6a
E09000022,Lambeth,E01003120,Lambeth 032D,407750.0,18.0,21.0,9.0,4.0,3.0,24.0,5.0,41.0,26.0,87.0,238.0,32.875,32.4049,6a
E09000022,Lambeth,E01003121,Lambeth 006B,426000.0,6.0,7.0,4.0,4.0,1.0,8.0,0.0,23.0,13.0,35.0,101.0,32.792,15.0396,4
E09000022,Lambeth,E01003122,Lambeth 004D,492140.625,6.0,6.0,11.0,2.0,2.0,8.0,0.0,33.0,8.0,46.0,122.0,25.76,11.1862,3
E09000022,Lambeth,E01003123,Lambeth 006C,590875.0,12.0,13.0,2.0,1.0,2.0,5.0,12.0,13.0,18.0,24.0,102.0,19.16,20.2283,5
E09000022,Lambeth,E01003124,Lambeth 006D,434919.0,10.0,14.0,6.0,0.0,1.0,2.0,2.0,16.0,5.0,23.0,79.0,29.873,25.4205,6a
E09000022,Lambeth,E01003125,Lambeth 006E,,7.0,7.0,12.0,4.0,4.0,6.0,6.0,14.0,8.0,44.0,112.0,30.312,22.0857,5
E09000022,Lambeth,E01003126,Lambeth 008D,383000.0,8.0,17.0,5.0,0.0,3.0,15.0,10.0,46.0,13.0,46.0,163.0,28.68,31.3618,6a
E09000022,Lambeth,E01003127,Lambeth 010E,763912.5,14.0,7.0,11.0,0.0,3.0,12.0,6.0,25.0,13.0,42.0,133.0,26.097,29.9984,6a
E09000022,Lambeth,E01003128,Lambeth 008E,414125.0,16.0,12.0,17.0,3.0,0.0,8.0,19.0,71.0,9.0,45.0,200.0,34.369,25.1733,6a
E09000022,Lambeth,E01003129,Lambeth 004E,725312.5,7.0,12.0,1.0,1.0,1.0,6.0,9.0,68.0,18.0,45.0,168.0,24.33,22.0109,5
E09000022,Lambeth,E01003130,Lambeth 026A,538750.0,8.0,16.0,7.0,3.0,1.0,10.0,8.0,35.0,17.0,27.0,132.0,17.362,28.5139,6a
E09000022,Lambeth,E01003131,Lambeth 026B,456000.0,11.0,24.0,13.0,1.0,0.0,13.0,9.0,56.0,32.0,57.0,216.0,18.271,26.0568,6a
E09000022,Lambeth,E01003132,Lambeth 024A,437562.5,5.0,6.0,5.0,1.0,0.0,7.0,2.0,17.0,10.0,46.0,99.0,32.169,7.06321,2
E09000022,Lambeth,E01003133,Lambeth 027C,496250.0,14.0,14.0,6.0,0.0,1.0,8.0,12.0,49.0,27.0,45.0,176.0,24.483,22.9089,5
E09000022,Lambeth,E01003134,Lambeth 027D,504312.5,7.0,5.0,3.0,1.0,1.0,3.0,11.0,19.0,15.0,29.0,94.0,19.56,11.9002,3
E09000022,Lambeth,E01003135,Lambeth 026C,548062.5,11.0,7.0,5.0,1.0,0.0,7.0,2.0,22.0,14.0,36.0,105.0,31.583,23.9584,5
E09000022,Lambeth,E01003136,Lambeth 022A,444453.0,2.0,17.0,5.0,0.0,0.0,6.0,1.0,12.0,9.0,36.0,88.0,23.279,18.4794,4
E09000022,Lambeth,E01003137,Lambeth 022B,343125.0,18.0,11.0,6.0,0.0,0.0,17.0,4.0,17.0,12.0,48.0,133.0,29.29,27.1266,6a
E09000022,Lambeth,E01003138,Lambeth 026D,632375.0,2.0,21.0,2.0,1.0,0.0,3.0,2.0,12.0,22.0,20.0,85.0,10.639,14.1278,3
E09000022,Lambeth,E01003139,Lambeth 035A,528625.0,6.0,5.0,6.0,2.0,1.0,4.0,3.0,19.0,15.0,38.0,99.0,13.474,11.4202,3
E09000022,Lambeth,E01003140,Lambeth 035B,507953.25,7.0,4.0,0.0,1.0,1.0,3.0,3.0,11.0,21.0,21.0,72.0,16.888,10.1648,3
E09000022,Lambeth,E01003141,Lambeth 034B,575875.0,15.0,9.0,3.0,2.0,0.0,7.0,4.0,14.0,14.0,43.0,111.0,24.037,15.497,4
E09000022,Lambeth,E01003142,Lambeth 035C,534250.0,12.0,9.0,1.0,3.0,1.0,5.0,5.0,6.0,15.0,27.0,84.0,18.167,9.78606,2
E09000022,Lambeth,E01003143,Lambeth 035D,580625.0,5.0,2.0,2.0,0.0,0.0,6.0,3.0,13.0,12.0,30.0,73.0,28.82,8.71718,2
E09000022,Lambeth,E01003144,Lambeth 034C,807187.5,10.0,10.0,9.0,1.0,4.0,16.0,14.0,44.0,23.0,28.0,159.0,17.38,10.203,3
E09000022,Lambeth,E01003145,Lambeth 034D,500741.875,9.0,11.0,3.0,4.0,1.0,9.0,8.0,20.0,18.0,52.0,135.0,23.589,19.2197,4
E09000022,Lambeth,E01003146,Lambeth 035E,540187.5,6.0,7.0,7.0,2.0,2.0,8.0,4.0,11.0,10.0,24.0,81.0,25.101,11.387,3
E09000022,Lambeth,E01003147,Lambeth 034E,492551.5,7.0,10.0,7.0,1.0,0.0,13.0,5.0,14.0,27.0,41.0,125.0,20.607,16.2004,4
E09000022,Lambeth,E01003148,Lambeth 032E,521812.5,6.0,9.0,4.0,2.0,1.0,8.0,7.0,6.0,20.0,27.0,90.0,18.954,11.4274,3
E09000022,Lambeth,E01003149,Lambeth 030D,550125.0,3.0,4.0,10.0,5.0,3.0,6.0,7.0,10.0,16.0,20.0,84.0,15.204,5.06236,2
E09000022,Lambeth,E01003150,Lambeth 032F,367750.0,10.0,5.0,14.0,1.0,2.0,11.0,7.0,16.0,15.0,59.0,140.0,26.483,20.8747,5
E09000022,Lambeth,E01003151,Lambeth 026E,300625.0,11.0,11.0,3.0,0.0,2.0,8.0,3.0,14.0,10.0,39.0,101.0,33.077,21.2,5
E09000022,Lambeth,E01003152,Lambeth 027E,497437.5,7.0,6.0,8.0,1.0,2.0,11.0,7.0,20.0,27.0,43.0,132.0,13.041,9.85664,2
E09000022,Lambeth,E01003153,Lambeth 029D,410625.0,21.0,23.0,8.0,3.0,0.0,16.0,13.0,85.0,14.0,42.0,225.0,14.764,30.5073,6a
E09000022,Lambeth,E01003154,Lambeth 030E,422500.0,7.0,3.0,1.0,0.0,0.0,18.0,5.0,14.0,11.0,42.0,101.0,28.223,3.8886,1b
E09000022,Lambeth,E01003155,Lambeth 029E,540000.0,9.0,4.0,3.0,6.0,1.0,7.0,7.0,26.0,14.0,22.0,99.0,19.058,21.3928,5
E09000022,Lambeth,E01003156,Lambeth 023B,636250.0,8.0,17.0,0.0,1.0,0.0,2.0,0.0,19.0,11.0,23.0,81.0,18.606,6.41393,2
E09000022,Lambeth,E01003157,Lambeth 023C,1058187.5,0.0,10.0,1.0,0.0,0.0,3.0,6.0,21.0,23.0,31.0,95.0,13.822,12.3109,3
E09000022,Lambeth,E01003158,Lambeth 023D,733812.5,4.0,13.0,0.0,0.0,0.0,4.0,3.0,9.0,18.0,10.0,61.0,7.631,5.545,2
E09000022,Lambeth,E01003159,Lambeth 022C,580000.0,10.0,11.0,10.0,3.0,0.0,12.0,5.0,29.0,11.0,34.0,125.0,36.226,8.65718,2
E09000022,Lambeth,E01003160,Lambeth 022D,370250.0,4.0,5.0,4.0,0.0,0.0,3.0,0.0,10.0,1.0,22.0,49.0,29.257,10.5807,3
E09000022,Lambeth,E01003161,Lambeth 023E,650752.5,9.0,15.0,4.0,4.0,0.0,10.0,1.0,13.0,9.0,24.0,89.0,18.917,12.1883,3
E09000022,Lambeth,E01003162,Lambeth 022E,342000.0,4.0,10.0,5.0,3.0,1.0,3.0,2.0,11.0,10.0,36.0,85.0,27.304,16.3414,4
E09000022,Lambeth,E01003163,Lambeth 023F,710625.0,3.0,6.0,3.0,1.0,0.0,2.0,1.0,9.0,16.0,24.0,65.0,15.132,10.7231,3
E09000022,Lambeth,E01003164,Lambeth 025A,454937.5,14.0,10.0,18.0,2.0,3.0,13.0,3.0,35.0,12.0,50.0,160.0,28.097,25.453,6a
E09000022,Lambeth,E01003165,Lambeth 025B,562500.0,8.0,9.0,3.0,0.0,0.0,7.0,6.0,24.0,20.0,20.0,97.0,22.312,11.2646,3
E09000022,Lambeth,E01003166,Lambeth 028D,420250.0,14.0,18.0,15.0,1.0,10.0,25.0,14.0,68.0,25.0,81.0,271.0,17.894,28.0271,6a
E09000022,Lambeth,E01003167,Lambeth 028E,795125.0,14.0,14.0,4.0,0.0,1.0,6.0,2.0,7.0,33.0,30.0,111.0,14.506,19.8273,4
E09000022,Lambeth,E01003168,Lambeth 025C,627812.5,14.0,3.0,5.0,2.0,1.0,15.0,2.0,16.0,19.0,38.0,115.0,40.412,11.984,3
E09000022,Lambeth,E01003169,Lambeth 025D,542187.5,17.0,8.0,12.0,5.0,1.0,12.0,2.0,30.0,10.0,83.0,180.0,23.435,20.2196,5
E09000022,Lambeth,E01003170,Lambeth 025E,753125.0,6.0,20.0,3.0,3.0,1.0,8.0,0.0,13.0,31.0,22.0,107.0,12.457,14.5917,3
E09000022,Lambeth,E01003171,Lambeth 020B,632700.0,5.0,6.0,4.0,1.0,1.0,4.0,2.0,11.0,6.0,18.0,58.0,25.368,15.1857,4
E09000022,Lambeth,E01003172,Lambeth 024B,447375.0,10.0,7.0,5.0,1.0,0.0,10.0,0.0,79.0,6.0,32.0,150.0,30.645,9.28574,2
E09000022,Lambeth,E01003173,Lambeth 020C,731930.5,2.0,8.0,10.0,3.0,4.0,6.0,2.0,15.0,14.0,25.0,89.0,15.409,11.1269,3
E09000022,Lambeth,E01003174,Lambeth 024C,353187.5,9.0,6.0,8.0,2.0,6.0,16.0,5.0,18.0,12.0,48.0,130.0,33.582,18.4958,4
E09000022,Lambeth,E01003175,Lambeth 024D,607375.0,11.0,6.0,7.0,1.0,4.0,7.0,1.0,19.0,9.0,44.0,109.0,36.013,5.59811,2
E09000022,Lambeth,E01003176,Lambeth 016E,407500.0,20.0,17.0,40.0,5.0,8.0,8.0,14.0,42.0,16.0,77.0,247.0,35.216,35.6581,6a
E09000022,Lambeth,E01003177,Lambeth 020D,513750.0,14.0,12.0,5.0,3.0,2.0,9.0,8.0,40.0,16.0,38.0,147.0,25.703,21.6908,5
E09000022,Lambeth,E01003178,Lambeth 020E,671250.0,6.0,14.0,8.0,2.0,0.0,5.0,3.0,19.0,7.0,28.0,92.0,21.709,18.2823,4
E09000022,Lambeth,E01003179,Lambeth 024E,329375.0,14.0,12.0,10.0,2.0,1.0,7.0,1.0,10.0,9.0,61.0,127.0,30.956,8.65668,2
E09000022,Lambeth,E01003180,Lambeth 005D,630375.0,17.0,8.0,5.0,2.0,1.0,11.0,6.0,20.0,8.0,36.0,114.0,22.411,8.44229,2
E09000022,Lambeth,E01003181,Lambeth 007A,461493.75,5.0,5.0,4.0,1.0,0.0,7.0,0.0,26.0,7.0,31.0,86.0,37.286,23.1787,5
E09000022,Lambeth,E01003182,Lambeth 009D,557312.5,18.0,10.0,12.0,1.0,0.0,7.0,3.0,20.0,20.0,51.0,142.0,26.612,6.63217,2
E09000022,Lambeth,E01003183,Lambeth 005E,649437.5,13.0,4.0,7.0,1.0,0.0,11.0,4.0,32.0,16.0,47.0,135.0,28.803,22.3691,5
E09000022,Lambeth,E01003184,Lambeth 007B,383625.0,4.0,7.0,11.0,0.0,0.0,4.0,3.0,17.0,2.0,33.0,81.0,33.439,15.43,4
E09000022,Lambeth,E01003185,Lambeth 007C,533125.0,12.0,17.0,8.0,1.0,2.0,7.0,3.0,21.0,13.0,37.0,121.0,27.075,20.292,5
E09000022,Lambeth,E01003186,Lambeth 007D,555500.0,13.0,20.0,33.0,5.0,2.0,18.0,11.0,87.0,22.0,65.0,276.0,19.78,20.7004,5
E09000022,Lambeth,E01003187,Lambeth 007E,510750.0,14.0,22.0,6.0,2.0,4.0,16.0,1.0,24.0,13.0,46.0,148.0,35.754,8.36782,2
E09000022,Lambeth,E01003188,Lambeth 009E,524250.0,8.0,5.0,11.0,2.0,3.0,7.0,2.0,16.0,10.0,44.0,108.0,38.438,12.2311,3
E09000022,Lambeth,E01032582,Lambeth 036E,1353012.5,61.0,32.0,82.0,5.0,9.0,57.0,108.0,790.0,15.0,195.0,1354.0,29.583,117.041,6b
E09000022,Lambeth,E01033207,Lambeth 004F,700005.0,8.0,4.0,5.0,2.0,0.0,5.0,4.0,11.0,5.0,38.0,82.0,38.088,35.1591,6a
E09000022,Lambeth,E01033208,Lambeth 004G,683125.0,7.0,7.0,1.0,0.0,0.0,7.0,4.0,72.0,3.0,38.0,139.0,18.819,48.3708,6b
E09000023,Lewisham,E01003189,Lewisham 034A,400000.0,15.0,13.0,17.0,1.0,1.0,15.0,0.0,15.0,13.0,78.0,168.0,43.296,6.55551,2
E09000023,Lewisham,E01003190,Lewisham 034B,349250.0,26.0,26.0,6.0,3.0,2.0,24.0,12.0,85.0,45.0,82.0,311.0,34.703,9.6281,2
E09000023,Lewisham,E01003191,Lewisham 034C,308500.0,10.0,9.0,7.0,3.0,0.0,8.0,3.0,16.0,31.0,55.0,142.0,34.906,6.17321,2
E09000023,Lewisham,E01003192,Lewisham 034D,316500.0,18.0,16.0,12.0,6.0,3.0,8.0,8.0,29.0,33.0,76.0,209.0,48.716,3.95064,1b
E09000023,Lewisham,E01003193,Lewisham 029A,489981.25,22.0,16.0,20.0,8.0,6.0,35.0,5.0,279.0,42.0,77.0,510.0,31.206,7.18445,2
E09000023,Lewisham,E01003194,Lewisham 029B,463090.625,15.0,15.0,8.0,5.0,2.0,4.0,4.0,15.0,32.0,58.0,158.0,34.535,11.355,3
E09000023,Lewisham,E01003195,Lewisham 029C,420625.0,7.0,6.0,4.0,2.0,0.0,3.0,1.0,13.0,16.0,32.0,84.0,20.602,4.84938,1b
E09000023,Lewisham,E01003196,Lewisham 029D,408062.5,23.0,15.0,6.0,5.0,1.0,19.0,9.0,45.0,25.0,101.0,249.0,42.358,8.83732,2
E09000023,Lewisham,E01003197,Lewisham 029E,415375.0,15.0,6.0,3.0,0.0,1.0,13.0,5.0,28.0,26.0,66.0,163.0,43.555,5.55736,2
E09000023,Lewisham,E01003198,Lewisham 009A,730625.0,4.0,7.0,6.0,0.0,1.0,8.0,2.0,11.0,16.0,34.0,89.0,18.605,16.2482,4
E09000023,Lewisham,E01003199,Lewisham 007A,508750.0,32.0,19.0,46.0,6.0,5.0,56.0,5.0,54.0,13.0,90.0,326.0,13.477,17.7425,4
E09000023,Lewisham,E01003200,Lewisham 009B,765937.5,14.0,14.0,11.0,4.0,1.0,19.0,7.0,84.0,11.0,37.0,202.0,11.58,15.4334,4
E09000023,Lewisham,E01003201,Lewisham 007B,433250.0,14.0,3.0,8.0,1.0,0.0,9.0,4.0,36.0,10.0,48.0,133.0,28.226,43.6123,6b
E09000023,Lewisham,E01003202,Lewisham 009C,724062.5,4.0,5.0,3.0,0.0,2.0,6.0,2.0,21.0,10.0,26.0,79.0,9.192,17.5475,4
E09000023,Lewisham,E01003203,Lewisham 009D,314133.625,12.0,15.0,17.0,4.0,1.0,8.0,4.0,103.0,13.0,66.0,243.0,24.646,11.7271,3
E09000023,Lewisham,E01003204,Lewisham 007C,483125.0,4.0,7.0,3.0,2.0,0.0,8.0,0.0,14.0,16.0,65.0,119.0,20.796,12.553,3
E09000023,Lewisham,E01003205,Lewisham 007D,,6.0,10.0,3.0,0.0,0.0,3.0,2.0,7.0,5.0,18.0,54.0,36.269,19.8528,4
E09000023,Lewisham,E01003206,Lewisham 007E,593500.0,9.0,3.0,5.0,3.0,0.0,6.0,2.0,7.0,9.0,30.0,74.0,14.285,21.4174,5
E09000023,Lewisham,E01003207,Lewisham 005A,329375.0,14.0,24.0,20.0,3.0,1.0,16.0,7.0,50.0,34.0,75.0,244.0,36.749,31.5761,6a
E09000023,Lewisham,E01003209,Lewisham 005B,408750.0,12.0,18.0,6.0,1.0,1.0,13.0,2.0,24.0,20.0,45.0,142.0,25.793,27.8807,6a
E09000023,Lewisham,E01003210,Lewisham 005C,436437.5,12.0,15.0,16.0,2.0,3.0,16.0,3.0,30.0,23.0,46.0,166.0,22.25,25.7272,6a
E09000023,Lewisham,E01003211,Lewisham 008B,466750.0,9.0,19.0,7.0,2.0,3.0,13.0,2.0,20.0,24.0,33.0,132.0,23.374,19.7389,4
E09000023,Lewisham,E01003212,Lewisham 005D,604187.5,12.0,15.0,10.0,3.0,2.0,14.0,0.0,30.0,26.0,50.0,162.0,22.918,17.5802,4
E09000023,Lewisham,E01003213,Lewisham 008C,522062.5,8.0,13.0,3.0,2.0,1.0,5.0,3.0,19.0,24.0,46.0,124.0,20.821,15.4353,4
E09000023,Lewisham,E01003214,Lewisham 008D,447782.5,19.0,7.0,6.0,5.0,5.0,20.0,11.0,51.0,18.0,56.0,198.0,26.267,18.1305,4
E09000023,Lewisham,E01003215,Lewisham 005E,442187.5,19.0,18.0,23.0,2.0,4.0,20.0,6.0,90.0,40.0,82.0,304.0,24.827,39.7127,6a
E09000023,Lewisham,E01003216,Lewisham 025A,495187.5,6.0,6.0,6.0,4.0,4.0,8.0,1.0,20.0,22.0,37.0,114.0,22.725,14.1614,3
E09000023,Lewisham,E01003217,Lewisham 022A,553825.0,5.0,5.0,4.0,0.0,1.0,3.0,1.0,6.0,26.0,31.0,82.0,20.989,7.84483,2
E09000023,Lewisham,E01003218,Lewisham 022B,635375.0,2.0,4.0,1.0,0.0,0.0,4.0,0.0,8.0,26.0,19.0,64.0,15.773,5.89341,2
E09000023,Lewisham,E01003219,Lewisham 025B,565500.0,8.0,7.0,6.0,2.0,4.0,11.0,2.0,11.0,26.0,36.0,113.0,18.336,3.79319,1b
E09000023,Lewisham,E01003220,Lewisham 022C,531409.375,6.0,5.0,6.0,1.0,2.0,4.0,0.0,9.0,22.0,28.0,83.0,25.046,8.7527,2
E09000023,Lewisham,E01003221,Lewisham 025C,428500.0,19.0,8.0,16.0,5.0,3.0,14.0,3.0,50.0,27.0,76.0,221.0,31.619,15.5751,4
E09000023,Lewisham,E01003222,Lewisham 022D,481062.5,7.0,5.0,6.0,1.0,0.0,6.0,2.0,10.0,20.0,29.0,86.0,22.103,6.46738,2
E09000023,Lewisham,E01003223,Lewisham 025D,607875.0,8.0,6.0,6.0,1.0,3.0,11.0,3.0,30.0,33.0,43.0,144.0,16.79,12.3205,3
E09000023,Lewisham,E01003224,Lewisham 022E,575583.125,12.0,9.0,5.0,2.0,0.0,7.0,0.0,17.0,23.0,47.0,122.0,22.095,8.66499,2
E09000023,Lewisham,E01003225,Lewisham 015A,698812.5,9.0,7.0,2.0,2.0,3.0,12.0,1.0,13.0,17.0,51.0,117.0,9.432,7.02174,2
E09000023,Lewisham,E01003226,Lewisham 019A,535562.5,6.0,9.0,0.0,1.0,1.0,9.0,4.0,19.0,16.0,41.0,106.0,16.774,19.141,4
E09000023,Lewisham,E01003227,Lewisham 019B,680038.0,9.0,2.0,1.0,0.0,0.0,2.0,0.0,12.0,18.0,11.0,55.0,14.713,15.2386,4
E09000023,Lewisham,E01003228,Lewisham 019C,667562.5,11.0,4.0,1.0,2.0,0.0,7.0,2.0,9.0,23.0,24.0,83.0,18.146,15.068,4
E09000023,Lewisham,E01003229,Lewisham 019D,453412.5,25.0,24.0,13.0,0.0,4.0,17.0,4.0,86.0,43.0,90.0,306.0,32.515,9.09471,2
E09000023,Lewisham,E01003230,Lewisham 019E,386250.0,17.0,7.0,8.0,2.0,1.0,13.0,4.0,22.0,21.0,60.0,155.0,21.999,8.57196,2
E09000023,Lewisham,E01003231,Lewisham 015B,587500.0,7.0,15.0,4.0,3.0,4.0,14.0,3.0,67.0,21.0,43.0,181.0,23.637,12.7198,3
E09000023,Lewisham,E01003232,Lewisham 015C,775000.0,8.0,8.0,2.0,3.0,2.0,11.0,2.0,16.0,15.0,34.0,101.0,12.297,15.2676,4
E09000023,Lewisham,E01003233,Lewisham 015D,704687.5,8.0,3.0,2.0,0.0,0.0,3.0,0.0,14.0,14.0,22.0,66.0,16.337,11.1733,3
E09000023,Lewisham,E01003235,Lewisham 038A,468750.0,12.0,12.0,4.0,2.0,0.0,13.0,2.0,27.0,24.0,45.0,141.0,28.429,4.16014,1b
E09000023,Lewisham,E01003236,Lewisham 037A,379643.5,18.0,18.0,7.0,2.0,2.0,8.0,2.0,17.0,22.0,58.0,154.0,36.793,17.1828,4
E09000023,Lewisham,E01003237,Lewisham 037B,376625.0,10.0,8.0,10.0,1.0,5.0,16.0,2.0,29.0,26.0,108.0,215.0,30.552,10.6293,3
E09000023,Lewisham,E01003238,Lewisham 037C,368437.5,18.0,3.0,8.0,3.0,0.0,4.0,1.0,10.0,12.0,56.0,115.0,36.619,9.70003,2
E09000023,Lewisham,E01003239,Lewisham 037D,374250.0,13.0,8.0,6.0,1.0,1.0,7.0,2.0,8.0,12.0,29.0,87.0,34.432,5.44186,2
E09000023,Lewisham,E01003240,Lewisham 038B,347562.5,18.0,10.0,9.0,6.0,2.0,16.0,0.0,17.0,18.0,55.0,151.0,32.442,7.72376,2
E09000023,Lewisham,E01003241,Lewisham 038C,509531.25,8.0,18.0,6.0,4.0,1.0,10.0,4.0,39.0,21.0,32.0,143.0,33.099,10.5184,3
E09000023,Lewisham,E01003243,Lewisham 038D,333656.25,17.0,16.0,10.0,1.0,0.0,11.0,3.0,43.0,32.0,51.0,184.0,37.508,7.80167,2
E09000023,Lewisham,E01003244,Lewisham 001A,600000.0,10.0,15.0,6.0,1.0,0.0,12.0,2.0,24.0,18.0,51.0,139.0,29.181,4.91866,1b
E09000023,Lewisham,E01003245,Lewisham 001B,,6.0,5.0,8.0,1.0,2.0,2.0,2.0,16.0,14.0,23.0,79.0,35.294,13.3131,3
E09000023,Lewisham,E01003246,Lewisham 002A,554875.0,12.0,31.0,9.0,3.0,1.0,9.0,6.0,37.0,28.0,98.0,234.0,40.956,6.99427,2
E09000023,Lewisham,E01003247,Lewisham 001C,421875.0,16.0,8.0,11.0,3.0,3.0,10.0,5.0,23.0,19.0,38.0,136.0,18.036,10.2319,3
E09000023,Lewisham,E01003248,Lewisham 002B,251250.0,2.0,13.0,10.0,0.0,0.0,6.0,2.0,26.0,20.0,47.0,126.0,30.754,6.35092,2
E09000023,Lewisham,E01003249,Lewisham 001D,392500.0,7.0,7.0,10.0,1.0,0.0,10.0,3.0,26.0,16.0,45.0,125.0,24.548,2.83914,1b
E09000023,Lewisham,E01003250,Lewisham 001E,466125.0,7.0,11.0,2.0,1.0,0.0,2.0,4.0,20.0,9.0,35.0,91.0,30.08,8.58491,2
E09000023,Lewisham,E01003251,Lewisham 002C,267500.0,10.0,22.0,12.0,3.0,0.0,15.0,13.0,31.0,18.0,49.0,173.0,28.185,9.42057,2
E09000023,Lewisham,E01003252,Lewisham 002D,,11.0,6.0,4.0,0.0,1.0,7.0,5.0,23.0,12.0,44.0,113.0,39.521,11.4155,3
E09000023,Lewisham,E01003253,Lewisham 002E,327500.0,17.0,29.0,15.0,2.0,2.0,13.0,6.0,55.0,18.0,56.0,213.0,35.924,18.2678,4
E09000023,Lewisham,E01003254,Lewisham 021A,562900.0,7.0,11.0,4.0,0.0,2.0,8.0,9.0,15.0,32.0,25.0,113.0,12.229,11.1167,3
E09000023,Lewisham,E01003255,Lewisham 021B,378968.75,15.0,20.0,9.0,4.0,2.0,24.0,13.0,60.0,28.0,77.0,252.0,17.513,18.9721,4
E09000023,Lewisham,E01003256,Lewisham 028A,540625.0,17.0,14.0,8.0,4.0,2.0,30.0,4.0,33.0,38.0,71.0,221.0,30.358,15.4436,4
E09000023,Lewisham,E01003257,Lewisham 028B,477500.0,10.0,7.0,0.0,1.0,0.0,3.0,0.0,14.0,33.0,27.0,95.0,21.897,12.2975,3
E09000023,Lewisham,E01003258,Lewisham 028C,437875.0,5.0,7.0,4.0,2.0,0.0,7.0,0.0,14.0,16.0,27.0,82.0,31.215,6.07771,2
E09000023,Lewisham,E01003259,Lewisham 028D,472312.5,10.0,13.0,3.0,2.0,1.0,12.0,3.0,25.0,28.0,39.0,136.0,21.089,9.01367,2
E09000023,Lewisham,E01003260,Lewisham 021C,891875.0,7.0,8.0,3.0,1.0,0.0,4.0,0.0,7.0,41.0,52.0,123.0,14.438,8.00508,2
E09000023,Lewisham,E01003261,Lewisham 021D,655000.0,7.0,10.0,3.0,2.0,0.0,6.0,0.0,11.0,21.0,24.0,84.0,15.644,13.531,3
E09000023,Lewisham,E01003262,Lewisham 021E,410625.0,9.0,14.0,2.0,0.0,0.0,4.0,3.0,11.0,23.0,28.0,94.0,19.131,11.5878,3
E09000023,Lewisham,E01003263,Lewisham 023A,400000.0,11.0,3.0,6.0,0.0,1.0,14.0,2.0,26.0,21.0,45.0,129.0,28.062,13.9215,3
E09000023,Lewisham,E01003264,Lewisham 031A,375125.0,3.0,15.0,10.0,1.0,1.0,8.0,1.0,24.0,25.0,28.0,116.0,26.433,14.2413,3
E09000023,Lewisham,E01003265,Lewisham 031B,279875.0,16.0,14.0,5.0,2.0,2.0,5.0,7.0,22.0,11.0,76.0,160.0,29.476,13.9017,3
E09000023,Lewisham,E01003266,Lewisham 031C,366630.0,9.0,8.0,2.0,2.0,2.0,15.0,1.0,15.0,14.0,46.0,114.0,39.337,7.1715,2
E09000023,Lewisham,E01003267,Lewisham 031D,417812.5,3.0,7.0,2.0,0.0,2.0,9.0,1.0,12.0,14.0,31.0,81.0,35.121,5.4314,2
E09000023,Lewisham,E01003268,Lewisham 023B,463625.0,19.0,10.0,6.0,4.0,1.0,12.0,0.0,15.0,21.0,42.0,130.0,22.889,6.94463,2
E09000023,Lewisham,E01003269,Lewisham 023C,522687.5,3.0,3.0,2.0,0.0,0.0,3.0,1.0,4.0,20.0,20.0,56.0,27.67,6.04856,2
E09000023,Lewisham,E01003270,Lewisham 023D,441000.0,4.0,6.0,6.0,1.0,1.0,8.0,0.0,10.0,18.0,27.0,81.0,11.532,4.45343,1b
E09000023,Lewisham,E01003271,Lewisham 023E,576250.0,5.0,5.0,1.0,0.0,0.0,2.0,0.0,10.0,21.0,13.0,57.0,8.783,4.37984,1b
E09000023,Lewisham,E01003272,Lewisham 014A,550875.0,8.0,3.0,8.0,3.0,3.0,11.0,5.0,28.0,24.0,35.0,128.0,18.848,15.8681,4
E09000023,Lewisham,E01003273,Lewisham 011A,708687.5,4.0,6.0,4.0,1.0,1.0,5.0,1.0,3.0,9.0,30.0,64.0,17.073,17.8771,4
E09000023,Lewisham,E01003274,Lewisham 014B,533875.0,12.0,13.0,5.0,1.0,0.0,10.0,5.0,17.0,15.0,45.0,123.0,17.032,13.7806,3
E09000023,Lewisham,E01003275,Lewisham 014C,588125.0,15.0,9.0,10.0,1.0,0.0,3.0,6.0,17.0,5.0,46.0,112.0,30.622,7.1541,2
E09000023,Lewisham,E01003276,Lewisham 014D,736562.5,8.0,3.0,1.0,3.0,0.0,10.0,3.0,17.0,18.0,43.0,106.0,20.711,10.4773,3
E09000023,Lewisham,E01003277,Lewisham 011B,529750.0,3.0,9.0,2.0,0.0,1.0,5.0,1.0,14.0,17.0,13.0,65.0,22.253,16.5674,4
E09000023,Lewisham,E01003278,Lewisham 011C,482500.0,11.0,10.0,10.0,3.0,1.0,8.0,3.0,35.0,4.0,57.0,142.0,26.151,30.0924,6a
E09000023,Lewisham,E01003279,Lewisham 011D,705000.0,4.0,1.0,1.0,2.0,2.0,4.0,2.0,5.0,18.0,20.0,59.0,16.265,18.5539,4
E09000023,Lewisham,E01003280,Lewisham 016A,404375.0,8.0,5.0,3.0,2.0,0.0,5.0,1.0,13.0,8.0,59.0,104.0,26.957,9.66852,2
E09000023,Lewisham,E01003281,Lewisham 016B,632875.0,5.0,10.0,8.0,1.0,0.0,4.0,1.0,14.0,26.0,22.0,91.0,17.245,9.32453,2
E09000023,Lewisham,E01003282,Lewisham 013A,470000.0,11.0,8.0,12.0,1.0,1.0,13.0,3.0,27.0,23.0,49.0,148.0,23.443,13.6584,3
E09000023,Lewisham,E01003283,Lewisham 013B,881250.0,13.0,3.0,7.0,4.0,0.0,4.0,2.0,21.0,23.0,28.0,105.0,11.31,9.86484,2
E09000023,Lewisham,E01003284,Lewisham 013C,664687.5,10.0,14.0,9.0,1.0,0.0,10.0,8.0,42.0,19.0,39.0,152.0,19.337,9.34675,2
E09000023,Lewisham,E01003285,Lewisham 016C,376250.0,11.0,18.0,3.0,2.0,1.0,13.0,7.0,67.0,18.0,29.0,169.0,13.687,11.4204,3
E09000023,Lewisham,E01003286,Lewisham 013D,389875.0,15.0,12.0,12.0,1.0,4.0,12.0,12.0,51.0,33.0,65.0,217.0,30.194,11.6937,3
E09000023,Lewisham,E01003287,Lewisham 016D,644375.0,6.0,6.0,6.0,1.0,0.0,6.0,2.0,14.0,26.0,13.0,80.0,12.552,11.4132,3
E09000023,Lewisham,E01003288,Lewisham 012A,330625.0,13.0,13.0,17.0,3.0,3.0,17.0,6.0,60.0,16.0,73.0,221.0,30.802,34.2066,6a
E09000023,Lewisham,E01003290,Lewisham 012C,354937.5,30.0,7.0,13.0,1.0,3.0,34.0,5.0,24.0,10.0,68.0,195.0,45.854,15.0935,4
E09000023,Lewisham,E01003291,Lewisham 012D,466812.5,33.0,18.0,29.0,3.0,2.0,36.0,6.0,101.0,21.0,234.0,483.0,44.99,17.8838,4
E09000023,Lewisham,E01003292,Lewisham 017A,565456.25,11.0,14.0,13.0,1.0,1.0,14.0,13.0,68.0,18.0,69.0,222.0,20.574,12.2233,3
E09000023,Lewisham,E01003293,Lewisham 017B,424625.0,8.0,8.0,8.0,2.0,4.0,13.0,5.0,45.0,19.0,39.0,151.0,28.053,14.3757,3
E09000023,Lewisham,E01003295,Lewisham 017D,431875.0,6.0,16.0,9.0,2.0,2.0,17.0,3.0,22.0,10.0,52.0,139.0,29.292,11.515,3
E09000023,Lewisham,E01003296,Lewisham 012E,312125.0,14.0,22.0,15.0,3.0,4.0,6.0,7.0,48.0,12.0,72.0,203.0,28.631,43.3484,6b
E09000023,Lewisham,E01003297,Lewisham 003A,234000.0,10.0,18.0,22.0,4.0,2.0,28.0,15.0,25.0,19.0,41.0,184.0,29.363,1.97711,1a
E09000023,Lewisham,E01003298,Lewisham 039A,347000.0,5.0,8.0,1.0,1.0,0.0,3.0,1.0,17.0,7.0,21.0,64.0,32.141,4.20951,1b
E09000023,Lewisham,E01003299,Lewisham 003B,638375.0,28.0,14.0,10.0,0.0,1.0,26.0,6.0,57.0,24.0,79.0,245.0,32.981,32.8935,6a
E09000023,Lewisham,E01003300,Lewisham 039B,413750.0,10.0,9.0,11.0,2.0,2.0,11.0,4.0,18.0,8.0,53.0,128.0,33.853,18.7993,4
E09000023,Lewisham,E01003301,Lewisham 003C,352687.5,13.0,23.0,5.0,2.0,4.0,13.0,8.0,41.0,23.0,58.0,190.0,25.746,17.1061,4
E09000023,Lewisham,E01003302,Lewisham 003D,299687.5,8.0,5.0,11.0,4.0,2.0,10.0,4.0,16.0,10.0,62.0,132.0,31.65,8.76019,2
E09000023,Lewisham,E01003303,Lewisham 039C,436000.0,39.0,35.0,49.0,5.0,3.0,57.0,28.0,114.0,51.0,133.0,514.0,40.126,35.4971,6a
E09000023,Lewisham,E01003304,Lewisham 039D,287625.0,23.0,32.0,35.0,5.0,8.0,48.0,22.0,120.0,58.0,111.0,462.0,35.961,30.0178,6a
E09000023,Lewisham,E01003305,Lewisham 003E,456062.5,11.0,11.0,3.0,1.0,0.0,11.0,1.0,28.0,15.0,67.0,148.0,43.327,9.80878,2
E09000023,Lewisham,E01003307,Lewisham 024A,541675.0,11.0,5.0,3.0,2.0,2.0,9.0,0.0,7.0,21.0,16.0,76.0,19.336,5.48879,2
E09000023,Lewisham,E01003308,Lewisham 024B,430375.0,14.0,10.0,3.0,1.0,0.0,9.0,4.0,12.0,20.0,47.0,120.0,23.433,11.0308,3
E09000023,Lewisham,E01003309,Lewisham 027A,466250.0,17.0,13.0,4.0,4.0,0.0,8.0,4.0,17.0,30.0,56.0,153.0,32.138,12.3692,3
E09000023,Lewisham,E01003310,Lewisham 027B,370500.0,13.0,9.0,2.0,0.0,1.0,7.0,1.0,14.0,21.0,50.0,118.0,29.569,16.3686,4
E09000023,Lewisham,E01003311,Lewisham 027C,612375.0,4.0,10.0,6.0,0.0,0.0,5.0,0.0,15.0,31.0,12.0,83.0,17.357,5.75959,2
E09000023,Lewisham,E01003312,Lewisham 027D,551875.0,12.0,10.0,3.0,5.0,0.0,4.0,0.0,17.0,52.0,24.0,127.0,17.586,5.94647,2
E09000023,Lewisham,E01003313,Lewisham 027E,385625.0,15.0,5.0,5.0,4.0,1.0,15.0,1.0,20.0,35.0,39.0,140.0,35.351,7.63834,2
E09000023,Lewisham,E01003314,Lewisham 024C,586187.5,9.0,5.0,3.0,0.0,0.0,6.0,1.0,13.0,16.0,24.0,77.0,17.09,7.41916,2
E09000023,Lewisham,E01003315,Lewisham 024D,411062.5,5.0,5.0,4.0,1.0,1.0,4.0,2.0,10.0,38.0,25.0,95.0,27.35,15.8232,4
E09000023,Lewisham,E01003316,Lewisham 024E,587875.0,3.0,6.0,5.0,1.0,0.0,3.0,0.0,21.0,35.0,14.0,88.0,17.224,8.61095,2
E09000023,Lewisham,E01003317,Lewisham 020A,380437.5,13.0,14.0,10.0,0.0,0.0,9.0,7.0,31.0,10.0,41.0,135.0,28.027,16.2203,4
E09000023,Lewisham,E01003318,Lewisham 020B,287406.25,44.0,35.0,70.0,7.0,11.0,68.0,36.0,184.0,30.0,218.0,703.0,47.114,26.3736,6a
E09000023,Lewisham,E01003319,Lewisham 018A,408600.0,11.0,20.0,10.0,3.0,1.0,25.0,2.0,29.0,26.0,67.0,194.0,31.239,21.3732,5
E09000023,Lewisham,E01003320,Lewisham 018B,396625.0,8.0,4.0,16.0,3.0,2.0,17.0,7.0,50.0,12.0,56.0,175.0,35.069,6.65121,2
E09000023,Lewisham,E01003321,Lewisham 020C,496250.0,18.0,17.0,9.0,2.0,1.0,17.0,4.0,24.0,24.0,60.0,176.0,32.198,19.4035,4
E09000023,Lewisham,E01003322,Lewisham 020D,618125.0,14.0,7.0,17.0,1.0,2.0,5.0,3.0,14.0,28.0,49.0,140.0,24.37,13.4777,3
E09000023,Lewisham,E01003323,Lewisham 018C,425125.0,11.0,7.0,5.0,4.0,3.0,9.0,2.0,15.0,23.0,30.0,109.0,34.133,11.9713,3
E09000023,Lewisham,E01003324,Lewisham 020E,455000.0,8.0,19.0,54.0,3.0,4.0,22.0,7.0,73.0,14.0,67.0,271.0,37.075,24.554,5
E09000023,Lewisham,E01003325,Lewisham 018D,455987.5,9.0,13.0,15.0,6.0,2.0,11.0,3.0,26.0,16.0,69.0,170.0,36.329,19.5259,4
E09000023,Lewisham,E01003326,Lewisham 035A,497750.0,8.0,18.0,7.0,0.0,3.0,2.0,2.0,9.0,20.0,52.0,121.0,28.866,11.3001,3
E09000023,Lewisham,E01003327,Lewisham 035B,512312.5,21.0,14.0,5.0,1.0,2.0,19.0,6.0,42.0,48.0,46.0,204.0,16.422,18.9543,4
E09000023,Lewisham,E01003328,Lewisham 035C,406250.0,11.0,6.0,5.0,0.0,2.0,8.0,1.0,15.0,33.0,33.0,114.0,26.287,19.7274,4
E09000023,Lewisham,E01003329,Lewisham 033A,494375.0,5.0,4.0,4.0,1.0,2.0,9.0,1.0,25.0,31.0,41.0,123.0,19.169,13.481,3
E09000023,Lewisham,E01003330,Lewisham 033B,511625.0,9.0,7.0,3.0,1.0,0.0,1.0,2.0,16.0,30.0,39.0,108.0,34.114,6.51841,2
E09000023,Lewisham,E01003331,Lewisham 033C,391715.0,8.0,7.0,6.0,0.0,1.0,1.0,2.0,12.0,31.0,29.0,97.0,26.871,13.6935,3
E09000023,Lewisham,E01003332,Lewisham 033D,404500.0,11.0,4.0,1.0,0.0,0.0,6.0,4.0,8.0,36.0,29.0,99.0,27.507,5.94925,2
E09000023,Lewisham,E01003333,Lewisham 035D,526375.0,8.0,3.0,6.0,1.0,1.0,11.0,4.0,21.0,26.0,52.0,133.0,24.816,7.60953,2
E09000023,Lewisham,E01003334,Lewisham 033E,387437.5,21.0,8.0,11.0,1.0,1.0,19.0,6.0,58.0,19.0,60.0,204.0,28.809,20.7348,5
E09000023,Lewisham,E01003335,Lewisham 035E,473437.5,19.0,5.0,3.0,3.0,0.0,6.0,0.0,12.0,34.0,62.0,144.0,33.691,12.9888,3
E09000023,Lewisham,E01003336,Lewisham 010A,510000.0,11.0,7.0,6.0,0.0,6.0,4.0,4.0,25.0,17.0,46.0,126.0,34.034,14.8687,3
E09000023,Lewisham,E01003337,Lewisham 010B,325250.0,11.0,3.0,6.0,1.0,2.0,9.0,5.0,19.0,12.0,55.0,123.0,33.273,13.0547,3
E09000023,Lewisham,E01003338,Lewisham 006A,402166.6666666667,19.0,22.0,18.0,3.0,1.0,15.0,8.0,34.0,21.0,53.0,194.0,34.64,29.6602,6a
E09000023,Lewisham,E01003339,Lewisham 006B,465672.5,8.0,7.0,6.0,4.0,1.0,2.0,5.0,21.0,18.0,47.0,119.0,26.452,24.2591,5
E09000023,Lewisham,E01003340,Lewisham 006C,556625.0,5.0,11.0,3.0,1.0,1.0,10.0,4.0,23.0,38.0,28.0,124.0,18.948,33.1725,6a
E09000023,Lewisham,E01003341,Lewisham 006D,891500.0,2.0,11.0,3.0,0.0,1.0,5.0,1.0,8.0,22.0,18.0,71.0,20.72,18.1692,4
E09000023,Lewisham,E01003342,Lewisham 010C,480781.25,12.0,2.0,4.0,0.0,3.0,7.0,3.0,11.0,8.0,30.0,80.0,19.498,16.5893,4
E09000023,Lewisham,E01003343,Lewisham 006E,651000.0,11.0,5.0,2.0,3.0,0.0,11.0,1.0,13.0,14.0,20.0,80.0,21.817,15.792,4
E09000023,Lewisham,E01003344,Lewisham 010D,500875.0,6.0,10.0,5.0,2.0,0.0,4.0,0.0,13.0,18.0,27.0,85.0,19.594,17.3481,4
E09000023,Lewisham,E01003345,Lewisham 010E,487625.0,7.0,12.0,9.0,0.0,0.0,7.0,2.0,18.0,20.0,39.0,114.0,16.681,17.3822,4
E09000023,Lewisham,E01003346,Lewisham 026A,435750.0,7.0,16.0,5.0,1.0,1.0,11.0,4.0,23.0,23.0,67.0,158.0,34.426,3.97314,1b
E09000023,Lewisham,E01003347,Lewisham 030A,283625.0,14.0,15.0,4.0,5.0,0.0,17.0,1.0,26.0,9.0,67.0,158.0,44.725,4.4402,1b
E09000023,Lewisham,E01003348,Lewisham 030B,414916.6666666667,11.0,8.0,6.0,3.0,0.0,12.0,3.0,17.0,26.0,43.0,129.0,25.742,7.65764,2
E09000023,Lewisham,E01003349,Lewisham 026B,369187.5,7.0,9.0,4.0,0.0,1.0,5.0,0.0,14.0,12.0,28.0,80.0,33.222,12.3981,3
E09000023,Lewisham,E01003350,Lewisham 030C,421500.0,13.0,12.0,7.0,2.0,1.0,7.0,0.0,10.0,26.0,47.0,125.0,33.849,3.14528,1b
E09000023,Lewisham,E01003351,Lewisham 026C,376250.0,13.0,7.0,5.0,0.0,1.0,12.0,3.0,29.0,13.0,45.0,128.0,37.163,5.52452,2
E09000023,Lewisham,E01003352,Lewisham 030D,527333.3333333334,16.0,12.0,7.0,3.0,3.0,16.0,5.0,14.0,15.0,57.0,148.0,30.959,13.3553,3
E09000023,Lewisham,E01003353,Lewisham 030E,484750.0,11.0,15.0,13.0,3.0,1.0,8.0,2.0,30.0,39.0,42.0,164.0,21.578,7.83899,2
E09000023,Lewisham,E01003354,Lewisham 026D,271250.0,8.0,8.0,4.0,3.0,1.0,4.0,0.0,16.0,24.0,45.0,113.0,22.059,3.63078,1b
E09000023,Lewisham,E01032564,Lewisham 037E,352375.0,7.0,8.0,1.0,1.0,0.0,3.0,1.0,7.0,6.0,50.0,84.0,40.061,5.77311,2
E09000023,Lewisham,E01032565,Lewisham 038E,377187.5,6.0,3.0,6.0,0.0,1.0,9.0,1.0,13.0,15.0,43.0,97.0,37.246,4.63559,1b
E09000023,Lewisham,E01032579,Lewisham 039E,353250.0,24.0,26.0,21.0,9.0,3.0,27.0,2.0,67.0,41.0,62.0,282.0,36.046,21.9167,5
E09000023,Lewisham,E01033320,Lewisham 017E,498750.0,10.0,11.0,8.0,1.0,2.0,5.0,2.0,11.0,22.0,29.0,101.0,21.872,6.62003,2
E09000023,Lewisham,E01033322,Lewisham 017F,361781.25,3.0,3.0,2.0,0.0,0.0,1.0,0.0,7.0,8.0,28.0,52.0,22.616,11.153,3
E09000023,Lewisham,E01033324,Lewisham 008E,565625.0,15.0,4.0,7.0,2.0,0.0,6.0,4.0,13.0,21.0,47.0,119.0,32.623,20.2058,5
E09000023,Lewisham,E01033325,Lewisham 008F,329125.0,5.0,7.0,3.0,0.0,1.0,4.0,1.0,6.0,3.0,22.0,52.0,19.826,22.7693,5
E09000023,Lewisham,E01033327,Lewisham 012F,409375.0,36.0,25.0,42.0,13.0,10.0,64.0,31.0,380.0,26.0,218.0,845.0,33.686,39.0321,6a
E09000023,Lewisham,E01033341,Lewisham 012G,305000.0,18.0,8.0,17.0,3.0,2.0,13.0,3.0,32.0,12.0,65.0,173.0,31.554,32.8147,6a
E09000024,Merton,E01003355,Merton 009A,585000.0,7.0,5.0,3.0,1.0,2.0,6.0,1.0,12.0,8.0,22.0,67.0,8.667,25.4402,6a
E09000024,Merton,E01003356,Merton 009B,940250.0,8.0,9.0,5.0,4.0,1.0,7.0,3.0,17.0,14.0,27.0,95.0,5.985,13.1063,3
E09000024,Merton,E01003357,Merton 012A,535000.0,23.0,10.0,6.0,3.0,1.0,11.0,9.0,23.0,17.0,94.0,197.0,27.022,15.4816,4
E09000024,Merton,E01003358,Merton 009C,714625.0,5.0,5.0,7.0,0.0,2.0,10.0,3.0,13.0,7.0,50.0,102.0,5.46,36.2575,6a
E09000024,Merton,E01003359,Merton 006A,665343.75,12.0,9.0,5.0,2.0,1.0,16.0,3.0,29.0,13.0,52.0,142.0,16.015,14.7625,3
E09000024,Merton,E01003360,Merton 006B,842125.0,7.0,4.0,8.0,1.0,1.0,12.0,2.0,61.0,18.0,39.0,153.0,7.498,18.9816,4
E09000024,Merton,E01003361,Merton 015A,674875.0,5.0,9.0,3.0,2.0,0.0,4.0,5.0,6.0,15.0,22.0,71.0,9.475,7.45239,2
E09000024,Merton,E01003362,Merton 021A,710562.5,3.0,6.0,0.0,1.0,0.0,2.0,0.0,7.0,17.0,19.0,55.0,8.165,3.71779,1b
E09000024,Merton,E01003363,Merton 021B,657631.25,15.0,10.0,5.0,1.0,1.0,8.0,1.0,18.0,10.0,30.0,99.0,5.943,5.49373,2
E09000024,Merton,E01003364,Merton 021C,684375.0,2.0,3.0,1.0,1.0,0.0,1.0,0.0,4.0,16.0,11.0,39.0,6.669,4.02379,1b
E09000024,Merton,E01003365,Merton 021D,752625.0,0.0,12.0,0.0,1.0,0.0,0.0,0.0,4.0,20.0,7.0,44.0,6.803,12.2574,3
E09000024,Merton,E01003366,Merton 016A,565625.0,7.0,7.0,4.0,0.0,0.0,16.0,2.0,45.0,13.0,32.0,126.0,18.396,8.68426,2
E09000024,Merton,E01003367,Merton 005A,481250.0,6.0,12.0,7.0,3.0,1.0,10.0,10.0,26.0,6.0,46.0,127.0,14.43,15.0427,4
E09000024,Merton,E01003368,Merton 008A,484887.5,5.0,8.0,5.0,1.0,0.0,5.0,3.0,3.0,5.0,28.0,63.0,16.576,9.05606,2
E09000024,Merton,E01003369,Merton 005B,476875.0,4.0,5.0,2.0,0.0,0.0,3.0,1.0,24.0,21.0,17.0,77.0,12.297,19.9008,4
E09000024,Merton,E01003370,Merton 005C,404375.0,12.0,13.0,10.0,3.0,1.0,12.0,4.0,60.0,13.0,35.0,163.0,13.142,19.7909,4
E09000024,Merton,E01003371,Merton 005D,712500.0,7.0,13.0,4.0,0.0,0.0,5.0,0.0,8.0,15.0,17.0,69.0,12.515,14.6225,3
E09000024,Merton,E01003372,Merton 008B,393762.5,7.0,8.0,5.0,2.0,0.0,10.0,4.0,22.0,9.0,44.0,111.0,26.568,11.3062,3
E09000024,Merton,E01003373,Merton 018A,210000.0,14.0,2.0,9.0,3.0,1.0,15.0,4.0,14.0,6.0,55.0,123.0,33.12,7.48357,2
E09000024,Merton,E01003374,Merton 022A,287875.0,15.0,9.0,8.0,3.0,2.0,15.0,11.0,27.0,13.0,76.0,179.0,31.166,11.8388,3
E09000024,Merton,E01003375,Merton 022B,462487.5,20.0,15.0,6.0,4.0,2.0,17.0,9.0,28.0,29.0,73.0,203.0,19.139,7.83687,2
E09000024,Merton,E01003376,Merton 012B,432187.5,17.0,2.0,11.0,2.0,1.0,6.0,1.0,6.0,6.0,41.0,93.0,25.138,5.64445,2
E09000024,Merton,E01003377,Merton 012C,245000.0,9.0,2.0,6.0,3.0,5.0,8.0,6.0,11.0,6.0,57.0,113.0,31.291,7.18775,2
E09000024,Merton,E01003378,Merton 018B,414307.5,11.0,10.0,12.0,4.0,1.0,10.0,4.0,19.0,16.0,51.0,138.0,18.396,8.626,2
E09000024,Merton,E01003379,Merton 018C,273750.0,21.0,10.0,12.0,4.0,2.0,32.0,14.0,40.0,6.0,93.0,234.0,31.137,14.4397,3
E09000024,Merton,E01003380,Merton 011A,667500.0,3.0,5.0,3.0,1.0,2.0,5.0,0.0,12.0,7.0,10.0,48.0,5.789,8.28846,2
E09000024,Merton,E01003381,Merton 016B,698750.0,5.0,2.0,1.0,2.0,1.0,3.0,0.0,10.0,13.0,3.0,40.0,7.91,19.927,4
E09000024,Merton,E01003382,Merton 011B,729250.0,3.0,2.0,0.0,2.0,0.0,1.0,3.0,3.0,8.0,12.0,34.0,7.547,13.7653,3
E09000024,Merton,E01003383,Merton 009D,877375.0,26.0,8.0,12.0,1.0,3.0,36.0,21.0,158.0,9.0,104.0,378.0,6.668,37.3532,6a
E09000024,Merton,E01003384,Merton 009E,774950.625,3.0,4.0,1.0,0.0,0.0,1.0,1.0,8.0,12.0,16.0,46.0,8.033,35.7011,6a
E09000024,Merton,E01003385,Merton 011C,987500.0,4.0,5.0,2.0,0.0,1.0,1.0,2.0,2.0,5.0,9.0,31.0,3.811,16.9143,4
E09000024,Merton,E01003386,Merton 013A,437312.5,6.0,5.0,7.0,2.0,1.0,2.0,14.0,10.0,20.0,42.0,109.0,15.919,12.8065,3
E09000024,Merton,E01003387,Merton 014A,292562.5,18.0,7.0,5.0,2.0,0.0,15.0,10.0,16.0,17.0,59.0,149.0,30.21,9.23468,2
E09000024,Merton,E01003388,Merton 013B,398125.0,5.0,4.0,7.0,7.0,0.0,5.0,11.0,10.0,17.0,34.0,100.0,25.835,16.9948,4
E09000024,Merton,E01003389,Merton 013C,454455.0,28.0,12.0,16.0,6.0,2.0,18.0,11.0,29.0,25.0,86.0,233.0,22.957,13.6858,3
E09000024,Merton,E01003390,Merton 018D,260000.0,14.0,12.0,22.0,3.0,2.0,32.0,12.0,52.0,12.0,71.0,232.0,33.578,17.7537,4
E09000024,Merton,E01003391,Merton 014B,,8.0,3.0,1.0,3.0,1.0,13.0,3.0,7.0,6.0,57.0,102.0,38.478,7.98264,2
E09000024,Merton,E01003392,Merton 013D,463750.0,3.0,5.0,6.0,2.0,0.0,7.0,6.0,6.0,13.0,24.0,72.0,17.066,13.2469,3
E09000024,Merton,E01003393,Merton 008C,408750.0,6.0,3.0,2.0,2.0,0.0,10.0,3.0,19.0,18.0,29.0,92.0,14.033,14.7846,3
E09000024,Merton,E01003394,Merton 007A,581562.5,10.0,10.0,4.0,0.0,0.0,7.0,3.0,13.0,17.0,40.0,104.0,16.083,8.76462,2
E09000024,Merton,E01003395,Merton 007B,501151.75,8.0,6.0,3.0,2.0,0.0,3.0,2.0,13.0,11.0,26.0,74.0,11.9,5.47662,2
E09000024,Merton,E01003396,Merton 007C,671000.0,4.0,4.0,1.0,0.0,0.0,1.0,1.0,11.0,15.0,17.0,54.0,12.299,17.2958,4
E09000024,Merton,E01003397,Merton 007D,616250.0,1.0,10.0,7.0,1.0,0.0,1.0,2.0,7.0,18.0,37.0,84.0,14.111,11.2521,3
E09000024,Merton,E01003398,Merton 007E,552125.0,8.0,14.0,7.0,2.0,0.0,5.0,3.0,17.0,20.0,41.0,117.0,15.226,5.31892,2
E09000024,Merton,E01003399,Merton 011D,546023.5,5.0,1.0,0.0,0.0,0.0,3.0,1.0,9.0,9.0,21.0,49.0,9.054,11.3375,3
E09000024,Merton,E01003400,Merton 003A,1063625.0,4.0,1.0,1.0,4.0,1.0,5.0,0.0,20.0,11.0,28.0,75.0,6.798,33.3128,6a
E09000024,Merton,E01003401,Merton 004A,691875.0,11.0,13.0,5.0,2.0,0.0,6.0,4.0,71.0,9.0,48.0,169.0,4.061,32.8755,6a
E09000024,Merton,E01003402,Merton 004B,835625.0,6.0,14.0,5.0,2.0,1.0,8.0,1.0,46.0,16.0,19.0,118.0,4.692,35.699,6a
E09000024,Merton,E01003403,Merton 004C,840625.0,5.0,5.0,0.0,3.0,0.0,1.0,0.0,12.0,18.0,11.0,55.0,5.764,14.6514,3
E09000024,Merton,E01003404,Merton 004D,604375.0,3.0,11.0,1.0,0.0,1.0,2.0,0.0,8.0,11.0,20.0,57.0,8.846,8.77915,2
E09000024,Merton,E01003405,Merton 018E,371250.0,18.0,7.0,14.0,3.0,1.0,10.0,3.0,22.0,22.0,61.0,161.0,25.671,8.7204,2
E09000024,Merton,E01003406,Merton 008D,400375.0,2.0,4.0,3.0,2.0,0.0,6.0,0.0,8.0,7.0,24.0,56.0,22.95,4.99712,1b
E09000024,Merton,E01003407,Merton 008E,266500.0,9.0,9.0,5.0,3.0,0.0,3.0,2.0,12.0,22.0,32.0,97.0,11.858,6.25572,2
E09000024,Merton,E01003408,Merton 012D,379200.375,12.0,8.0,2.0,2.0,1.0,2.0,1.0,17.0,14.0,36.0,95.0,11.874,7.14678,2
E09000024,Merton,E01003409,Merton 013E,463750.0,13.0,7.0,6.0,5.0,1.0,14.0,4.0,7.0,12.0,47.0,116.0,24.464,12.88,3
E09000024,Merton,E01003410,Merton 012E,326500.0,9.0,0.0,3.0,3.0,2.0,5.0,1.0,12.0,12.0,44.0,91.0,21.572,4.68962,1b
E09000024,Merton,E01003411,Merton 014C,419125.0,9.0,7.0,1.0,3.0,1.0,8.0,6.0,16.0,18.0,41.0,110.0,16.046,8.42354,2
E09000024,Merton,E01003412,Merton 014D,450000.0,4.0,6.0,2.0,2.0,0.0,3.0,11.0,14.0,14.0,45.0,101.0,22.716,7.83577,2
E09000024,Merton,E01003413,Merton 017A,366375.0,4.0,3.0,1.0,4.0,2.0,5.0,9.0,49.0,14.0,48.0,139.0,15.38,6.36644,2
E09000024,Merton,E01003414,Merton 017B,506875.0,7.0,5.0,5.0,1.0,1.0,8.0,3.0,9.0,22.0,43.0,104.0,13.702,7.21815,2
E09000024,Merton,E01003415,Merton 017C,476250.0,8.0,4.0,10.0,3.0,0.0,20.0,9.0,8.0,22.0,47.0,131.0,19.747,7.99296,2
E09000024,Merton,E01003416,Merton 017D,450856.25,5.0,10.0,3.0,2.0,1.0,3.0,2.0,9.0,16.0,37.0,88.0,14.135,4.25006,1b
E09000024,Merton,E01003417,Merton 025A,490412.5,3.0,11.0,2.0,3.0,0.0,4.0,2.0,5.0,15.0,13.0,58.0,9.198,5.57126,2
E09000024,Merton,E01003418,Merton 025B,516750.0,5.0,10.0,0.0,2.0,0.0,5.0,0.0,9.0,17.0,6.0,54.0,6.707,3.34478,1b
E09000024,Merton,E01003419,Merton 025C,445687.5,11.0,9.0,3.0,0.0,1.0,9.0,1.0,11.0,26.0,24.0,95.0,11.324,2.1267,1a
E09000024,Merton,E01003420,Merton 025D,470125.0,4.0,8.0,3.0,1.0,0.0,4.0,0.0,9.0,20.0,12.0,61.0,9.184,4.12135,1b
E09000024,Merton,E01003421,Merton 021E,399812.5,5.0,8.0,0.0,1.0,0.0,5.0,1.0,1.0,11.0,15.0,47.0,9.848,4.1522,1b
E09000024,Merton,E01003422,Merton 025E,543250.0,3.0,4.0,1.0,1.0,0.0,7.0,1.0,11.0,18.0,18.0,64.0,9.163,4.62291,1b
E09000024,Merton,E01003423,Merton 011E,714375.0,7.0,4.0,5.0,1.0,3.0,6.0,3.0,18.0,2.0,34.0,83.0,5.847,9.53741,2
E09000024,Merton,E01003424,Merton 015B,1132875.0,1.0,13.0,0.0,1.0,0.0,4.0,0.0,6.0,23.0,9.0,57.0,3.788,6.45468,2
E09000024,Merton,E01003425,Merton 015C,918750.0,0.0,8.0,1.0,0.0,1.0,1.0,4.0,4.0,10.0,6.0,35.0,4.046,9.45613,2
E09000024,Merton,E01003426,Merton 015D,825000.0,3.0,7.0,1.0,1.0,1.0,3.0,3.0,7.0,29.0,23.0,78.0,10.223,19.607,4
E09000024,Merton,E01003427,Merton 023A,361250.0,18.0,15.0,8.0,3.0,1.0,22.0,15.0,85.0,19.0,62.0,248.0,14.092,21.2806,5
E09000024,Merton,E01003428,Merton 015E,622187.5,4.0,5.0,14.0,0.0,0.0,6.0,5.0,8.0,6.0,13.0,61.0,9.369,10.2727,3
E09000024,Merton,E01003429,Merton 019A,469750.0,7.0,4.0,4.0,3.0,0.0,7.0,0.0,7.0,12.0,42.0,86.0,14.234,3.24513,1b
E09000024,Merton,E01003430,Merton 019B,367500.0,10.0,8.0,7.0,1.0,1.0,14.0,11.0,19.0,14.0,77.0,162.0,30.873,5.6941,2
E09000024,Merton,E01003431,Merton 019C,400674.3333333333,10.0,6.0,9.0,6.0,1.0,4.0,6.0,9.0,14.0,45.0,110.0,29.36,6.36314,2
E09000024,Merton,E01003432,Merton 019D,,8.0,3.0,1.0,2.0,0.0,0.0,0.0,5.0,15.0,38.0,72.0,40.359,3.28533,1b
E09000024,Merton,E01003433,Merton 019E,374125.0,10.0,4.0,5.0,4.0,2.0,7.0,5.0,11.0,12.0,33.0,93.0,17.62,7.02112,2
E09000024,Merton,E01003434,Merton 017E,467500.0,0.0,6.0,2.0,1.0,1.0,4.0,5.0,7.0,4.0,19.0,49.0,13.002,5.49733,2
E09000024,Merton,E01003435,Merton 014E,345625.0,8.0,9.0,6.0,0.0,0.0,10.0,7.0,26.0,9.0,54.0,129.0,17.599,5.77996,2
E09000024,Merton,E01003436,Merton 023B,433750.0,14.0,7.0,1.0,3.0,0.0,7.0,3.0,4.0,13.0,40.0,92.0,25.62,6.70493,2
E09000024,Merton,E01003437,Merton 022C,506875.0,8.0,7.0,7.0,6.0,2.0,13.0,2.0,19.0,38.0,28.0,130.0,16.002,5.86911,2
E09000024,Merton,E01003438,Merton 024A,400312.5,13.0,1.0,1.0,1.0,1.0,15.0,8.0,16.0,19.0,55.0,130.0,26.908,8.94532,2
E09000024,Merton,E01003439,Merton 023C,472750.0,18.0,6.0,12.0,3.0,3.0,18.0,20.0,37.0,12.0,68.0,197.0,27.369,18.5506,4
E09000024,Merton,E01003440,Merton 022D,344250.0,7.0,6.0,6.0,3.0,2.0,10.0,4.0,13.0,11.0,44.0,106.0,23.077,8.36575,2
E09000024,Merton,E01003441,Merton 022E,431750.0,4.0,13.0,2.0,2.0,2.0,15.0,14.0,10.0,9.0,39.0,110.0,22.89,8.32926,2
E09000024,Merton,E01003442,Merton 010A,1053750.0,3.0,7.0,1.0,0.0,0.0,4.0,3.0,4.0,10.0,15.0,47.0,5.222,8.01111,2
E09000024,Merton,E01003443,Merton 010B,1125312.5,2.0,8.0,3.0,1.0,0.0,5.0,1.0,6.0,22.0,29.0,77.0,4.549,17.4482,4
E09000024,Merton,E01003444,Merton 010C,723250.0,3.0,2.0,1.0,0.0,1.0,1.0,1.0,2.0,18.0,10.0,39.0,5.39,13.2741,3
E09000024,Merton,E01003445,Merton 010D,881250.0,7.0,8.0,3.0,0.0,1.0,2.0,2.0,7.0,15.0,19.0,64.0,9.449,6.61758,2
E09000024,Merton,E01003446,Merton 016C,535875.0,17.0,9.0,16.0,3.0,0.0,12.0,4.0,56.0,10.0,43.0,170.0,10.115,21.2699,5
E09000024,Merton,E01003447,Merton 016D,350000.0,9.0,8.0,4.0,2.0,2.0,11.0,3.0,34.0,19.0,41.0,133.0,24.427,6.35632,2
E09000024,Merton,E01003448,Merton 023D,345000.0,11.0,16.0,2.0,0.0,1.0,6.0,1.0,9.0,19.0,47.0,112.0,24.584,7.52996,2
E09000024,Merton,E01003449,Merton 024B,470831.25,3.0,5.0,2.0,2.0,1.0,3.0,1.0,11.0,18.0,23.0,69.0,18.476,6.85918,2
E09000024,Merton,E01003450,Merton 024C,400625.0,12.0,9.0,1.0,2.0,0.0,8.0,1.0,8.0,25.0,51.0,117.0,28.091,9.92658,2
E09000024,Merton,E01003451,Merton 024D,528000.0,2.0,10.0,7.0,1.0,0.0,10.0,2.0,6.0,26.0,18.0,82.0,12.612,6.56381,2
E09000024,Merton,E01003452,Merton 024E,330500.0,13.0,4.0,11.0,2.0,3.0,17.0,6.0,27.0,25.0,59.0,167.0,27.017,8.20617,2
E09000024,Merton,E01003453,Merton 023E,478687.5,11.0,8.0,6.0,1.0,1.0,7.0,2.0,72.0,20.0,50.0,178.0,24.369,13.9437,3
E09000024,Merton,E01003454,Merton 003B,783437.5,4.0,1.0,4.0,0.0,0.0,4.0,2.0,10.0,6.0,8.0,39.0,5.551,18.8445,4
E09000024,Merton,E01003455,Merton 005E,461250.0,9.0,4.0,5.0,2.0,1.0,5.0,17.0,10.0,7.0,17.0,77.0,10.995,2.81533,1b
E09000024,Merton,E01003456,Merton 003C,567850.0,22.0,12.0,20.0,2.0,2.0,23.0,13.0,151.0,8.0,109.0,362.0,12.785,37.5846,6a
E09000024,Merton,E01003457,Merton 006C,974009.75,3.0,0.0,3.0,2.0,2.0,1.0,0.0,6.0,13.0,16.0,46.0,5.546,9.78008,2
E09000024,Merton,E01003458,Merton 006D,817812.5,5.0,2.0,3.0,1.0,0.0,5.0,0.0,19.0,7.0,18.0,60.0,6.013,9.69461,2
E09000024,Merton,E01003459,Merton 006E,461250.0,14.0,7.0,6.0,1.0,1.0,10.0,6.0,29.0,10.0,41.0,125.0,16.068,12.2569,3
E09000024,Merton,E01003460,Merton 002A,2134375.0,6.0,15.0,6.0,2.0,1.0,11.0,3.0,14.0,35.0,28.0,121.0,9.005,1.15624,1a
E09000024,Merton,E01003461,Merton 004E,1655625.0,3.0,11.0,1.0,0.0,0.0,5.0,2.0,40.0,18.0,30.0,110.0,3.716,15.0446,4
E09000024,Merton,E01003462,Merton 002B,1300625.0,0.0,1.0,0.0,0.0,0.0,3.0,0.0,3.0,12.0,5.0,24.0,6.885,2.39774,1a
E09000024,Merton,E01003463,Merton 010E,1581922.5,7.0,11.0,0.0,0.0,0.0,1.0,0.0,7.0,7.0,5.0,38.0,4.307,3.03817,1b
E09000024,Merton,E01003464,Merton 002C,1396875.0,4.0,14.0,6.0,0.0,1.0,7.0,3.0,18.0,21.0,22.0,96.0,6.098,3.22688,1b
E09000024,Merton,E01003465,Merton 002D,3948125.0,2.0,18.0,1.0,1.0,0.0,4.0,0.0,8.0,18.0,7.0,59.0,4.686,4.60562,1b
E09000024,Merton,E01003466,Merton 020A,660937.5,6.0,6.0,2.0,1.0,0.0,4.0,1.0,3.0,10.0,20.0,53.0,4.599,6.31772,2
E09000024,Merton,E01003467,Merton 020B,827668.75,6.0,9.0,1.0,2.0,1.0,4.0,0.0,5.0,14.0,11.0,53.0,7.121,4.29369,1b
E09000024,Merton,E01003468,Merton 020C,655625.0,2.0,8.0,3.0,3.0,0.0,2.0,0.0,7.0,24.0,16.0,65.0,4.513,5.13388,2
E09000024,Merton,E01003469,Merton 020D,387625.0,5.0,10.0,3.0,7.0,1.0,8.0,5.0,88.0,23.0,30.0,180.0,16.013,7.42762,2
E09000024,Merton,E01003470,Merton 020E,598781.25,5.0,10.0,6.0,1.0,2.0,6.0,1.0,21.0,11.0,33.0,96.0,9.521,9.1327,2
E09000024,Merton,E01003471,Merton 016E,671750.0,11.0,6.0,2.0,1.0,0.0,15.0,2.0,157.0,34.0,41.0,269.0,8.051,10.6204,3
E09000024,Merton,E01003472,Merton 001A,1199750.0,2.0,1.0,1.0,0.0,1.0,2.0,0.0,3.0,10.0,12.0,32.0,3.806,7.95835,2
E09000024,Merton,E01003473,Merton 001B,1065750.0,1.0,4.0,3.0,0.0,0.0,5.0,2.0,12.0,16.0,13.0,56.0,5.269,8.69213,2
E09000024,Merton,E01003474,Merton 001C,1848250.0,6.0,7.0,1.0,0.0,0.0,3.0,0.0,9.0,17.0,12.0,55.0,4.548,5.25547,2
E09000024,Merton,E01003475,Merton 001D,521250.0,20.0,22.0,8.0,0.0,1.0,14.0,7.0,43.0,16.0,51.0,182.0,17.36,7.37352,2
E09000024,Merton,E01003476,Merton 003D,1132187.5,0.0,5.0,4.0,0.0,0.0,6.0,2.0,8.0,14.0,26.0,65.0,11.723,14.4573,3
E09000024,Merton,E01003477,Merton 003E,849621.75,4.0,6.0,2.0,1.0,0.0,7.0,3.0,15.0,17.0,26.0,81.0,8.595,8.2588,2
E09000024,Merton,E01003478,Merton 001E,752437.5,6.0,15.0,1.0,1.0,0.0,3.0,0.0,26.0,20.0,18.0,90.0,6.496,8.9586,2
E09000025,Newham,E01003479,Newham 035A,310375.0,6.0,5.0,3.0,1.0,3.0,7.0,2.0,19.0,10.0,57.0,113.0,30.088,4.70753,1b
E09000025,Newham,E01003480,Newham 033A,424375.0,8.0,10.0,3.0,3.0,0.0,11.0,6.0,25.0,18.0,38.0,122.0,24.019,11.4285,3
E09000025,Newham,E01003481,Newham 035B,374125.0,7.0,8.0,13.0,2.0,1.0,9.0,6.0,34.0,28.0,47.0,155.0,28.627,8.92584,2
E09000025,Newham,E01003482,Newham 033B,399562.5,48.0,18.0,49.0,7.0,6.0,50.0,21.0,406.0,155.0,145.0,905.0,27.209,4.15393,1b
E09000025,Newham,E01003483,Newham 032A,312093.75,14.0,8.0,2.0,3.0,0.0,3.0,5.0,16.0,22.0,29.0,102.0,37.192,3.34734,1b
E09000025,Newham,E01003484,Newham 032B,291500.0,1.0,7.0,2.0,2.0,1.0,3.0,0.0,9.0,12.0,28.0,65.0,22.723,6.39175,2
E09000025,Newham,E01003485,Newham 035C,405000.0,5.0,3.0,2.0,1.0,0.0,2.0,3.0,8.0,13.0,24.0,61.0,24.091,4.60985,1b
E09000025,Newham,E01003486,Newham 033C,,26.0,8.0,9.0,0.0,0.0,37.0,11.0,97.0,121.0,84.0,393.0,47.765,12.3745,3
E09000025,Newham,E01003487,Newham 033D,,5.0,4.0,7.0,1.0,0.0,7.0,0.0,11.0,12.0,59.0,106.0,43.594,9.19224,2
E09000025,Newham,E01003488,Newham 019A,319375.0,4.0,9.0,24.0,1.0,2.0,6.0,8.0,15.0,17.0,39.0,125.0,40.69,13.0299,3
E09000025,Newham,E01003489,Newham 019B,490875.0,20.0,15.0,30.0,1.0,2.0,12.0,10.0,29.0,18.0,71.0,208.0,34.363,19.6277,4
E09000025,Newham,E01003490,Newham 019C,440000.0,6.0,4.0,5.0,2.0,0.0,5.0,2.0,13.0,22.0,68.0,127.0,31.017,13.6029,3
E09000025,Newham,E01003491,Newham 022A,320000.0,23.0,14.0,59.0,5.0,4.0,19.0,8.0,82.0,36.0,77.0,327.0,29.506,20.1882,5
E09000025,Newham,E01003492,Newham 025A,464375.0,5.0,3.0,8.0,0.0,0.0,3.0,6.0,18.0,18.0,29.0,90.0,24.941,15.4253,4
E09000025,Newham,E01003493,Newham 025B,454000.0,3.0,5.0,5.0,0.0,0.0,15.0,1.0,10.0,25.0,40.0,104.0,27.328,13.9254,3
E09000025,Newham,E01003494,Newham 025C,423500.0,7.0,2.0,3.0,2.0,1.0,5.0,0.0,16.0,27.0,23.0,86.0,21.333,9.82311,2
E09000025,Newham,E01003495,Newham 025D,446412.5,11.0,1.0,2.0,3.0,0.0,2.0,3.0,10.0,27.0,25.0,84.0,17.983,6.40517,2
E09000025,Newham,E01003496,Newham 027A,282500.0,7.0,1.0,11.0,0.0,2.0,6.0,7.0,21.0,15.0,34.0,104.0,28.548,19.671,4
E09000025,Newham,E01003497,Newham 034A,425625.0,29.0,31.0,21.0,2.0,0.0,16.0,8.0,64.0,170.0,60.0,401.0,33.279,11.2243,3
E09000025,Newham,E01003498,Newham 027B,329375.0,12.0,10.0,8.0,1.0,2.0,10.0,3.0,17.0,35.0,67.0,165.0,33.218,8.73607,2
E09000025,Newham,E01003499,Newham 030A,325500.0,31.0,15.0,13.0,2.0,3.0,17.0,6.0,39.0,46.0,85.0,257.0,40.608,16.0956,4
E09000025,Newham,E01003500,Newham 027C,429500.0,14.0,27.0,10.0,3.0,1.0,10.0,2.0,26.0,99.0,44.0,236.0,34.325,12.1732,3
E09000025,Newham,E01003501,Newham 030B,392125.0,11.0,13.0,6.0,1.0,0.0,7.0,5.0,28.0,39.0,47.0,157.0,36.283,11.6261,3
E09000025,Newham,E01003502,Newham 030C,345833.3333333333,28.0,25.0,17.0,0.0,8.0,27.0,15.0,67.0,52.0,88.0,327.0,36.469,20.8784,5
E09000025,Newham,E01003503,Newham 030D,334437.5,42.0,23.0,19.0,6.0,6.0,23.0,12.0,75.0,73.0,101.0,380.0,39.386,24.5424,5
E09000025,Newham,E01003506,Newham 034D,424500.0,19.0,5.0,10.0,0.0,0.0,4.0,3.0,15.0,36.0,31.0,123.0,45.294,9.13872,2
E09000025,Newham,E01003507,Newham 031A,432750.0,14.0,17.0,14.0,2.0,4.0,6.0,8.0,41.0,54.0,85.0,245.0,33.98,16.3614,4
E09000025,Newham,E01003508,Newham 031B,348125.0,19.0,20.0,6.0,2.0,2.0,3.0,4.0,26.0,56.0,49.0,187.0,36.928,11.0032,3
E09000025,Newham,E01003509,Newham 031C,293750.0,25.0,1.0,4.0,1.0,1.0,4.0,2.0,11.0,25.0,43.0,117.0,35.443,12.9488,3
E09000025,Newham,E01003511,Newham 036A,376125.0,13.0,5.0,3.0,3.0,1.0,3.0,0.0,12.0,27.0,31.0,98.0,35.284,5.39377,2
E09000025,Newham,E01003512,Newham 036B,366250.0,8.0,11.0,4.0,0.0,0.0,6.0,4.0,24.0,31.0,47.0,135.0,35.298,11.3688,3
E09000025,Newham,E01003513,Newham 035D,369000.0,21.0,8.0,11.0,0.0,0.0,8.0,3.0,19.0,97.0,29.0,196.0,22.174,4.65631,1b
E09000025,Newham,E01003514,Newham 036C,450000.0,5.0,3.0,4.0,3.0,1.0,6.0,1.0,17.0,22.0,43.0,105.0,36.673,6.13672,2
E09000025,Newham,E01003515,Newham 036D,388333.3333333333,29.0,17.0,35.0,4.0,4.0,22.0,6.0,80.0,113.0,101.0,411.0,47.7,10.8545,3
E09000025,Newham,E01003516,Newham 032C,,15.0,5.0,8.0,4.0,2.0,7.0,0.0,14.0,21.0,49.0,125.0,39.917,9.82262,2
E09000025,Newham,E01003517,Newham 036E,377500.0,19.0,5.0,9.0,1.0,3.0,12.0,6.0,19.0,24.0,47.0,145.0,46.731,9.32713,2
E09000025,Newham,E01003518,Newham 032D,415250.0,6.0,10.0,5.0,4.0,0.0,3.0,2.0,2.0,17.0,26.0,75.0,22.636,4.54481,1b
E09000025,Newham,E01003519,Newham 032E,450000.0,7.0,4.0,4.0,0.0,1.0,7.0,1.0,5.0,21.0,30.0,80.0,29.409,8.22171,2
E09000025,Newham,E01003520,Newham 018A,463000.0,13.0,8.0,43.0,2.0,0.0,27.0,23.0,257.0,21.0,132.0,526.0,26.667,23.2827,5
E09000025,Newham,E01003521,Newham 018B,358671.875,36.0,15.0,51.0,9.0,2.0,38.0,54.0,590.0,31.0,171.0,997.0,28.488,25.6434,6a
E09000025,Newham,E01003522,Newham 018C,355000.0,9.0,3.0,5.0,1.0,1.0,3.0,1.0,6.0,12.0,32.0,73.0,31.365,16.0592,4
E09000025,Newham,E01003523,Newham 024A,421250.0,25.0,17.0,22.0,5.0,2.0,19.0,12.0,44.0,44.0,72.0,262.0,31.507,17.8566,4
E09000025,Newham,E01003524,Newham 019D,422500.0,7.0,2.0,5.0,2.0,0.0,7.0,1.0,16.0,19.0,40.0,99.0,28.552,14.6133,3
E09000025,Newham,E01003525,Newham 018D,378122.5,14.0,6.0,9.0,1.0,0.0,15.0,9.0,54.0,30.0,59.0,197.0,30.664,18.3456,4
E09000025,Newham,E01003526,Newham 018E,371250.0,6.0,3.0,17.0,2.0,1.0,10.0,3.0,14.0,29.0,48.0,133.0,30.073,18.6487,4
E09000025,Newham,E01003527,Newham 024B,481750.0,3.0,5.0,13.0,0.0,2.0,6.0,2.0,16.0,33.0,31.0,111.0,19.947,8.39999,2
E09000025,Newham,E01003528,Newham 005A,,0.0,0.0,14.0,2.0,0.0,2.0,2.0,9.0,15.0,13.0,57.0,30.372,3.17835,1b
E09000025,Newham,E01003529,Newham 010A,488000.0,10.0,4.0,4.0,3.0,0.0,6.0,3.0,34.0,20.0,40.0,124.0,23.37,17.9732,4
E09000025,Newham,E01003530,Newham 010B,494375.0,3.0,7.0,2.0,1.0,0.0,6.0,1.0,9.0,18.0,27.0,74.0,21.945,11.7425,3
E09000025,Newham,E01003531,Newham 010C,,11.0,1.0,48.0,3.0,0.0,21.0,7.0,64.0,28.0,78.0,261.0,29.192,19.0651,4
E09000025,Newham,E01003532,Newham 010D,480000.0,5.0,7.0,5.0,1.0,0.0,4.0,11.0,13.0,26.0,25.0,97.0,25.259,21.7079,5
E09000025,Newham,E01003533,Newham 011A,430000.0,10.0,3.0,16.0,2.0,0.0,6.0,4.0,15.0,12.0,43.0,111.0,27.567,14.754,3
E09000025,Newham,E01003534,Newham 010E,458750.0,7.0,3.0,10.0,3.0,3.0,12.0,3.0,28.0,26.0,48.0,143.0,25.169,12.3019,3
E09000025,Newham,E01003535,Newham 023A,388000.0,8.0,9.0,11.0,2.0,0.0,5.0,4.0,18.0,58.0,50.0,165.0,42.56,3.3945,1b
E09000025,Newham,E01003536,Newham 023B,402625.0,12.0,9.0,7.0,2.0,1.0,5.0,3.0,11.0,19.0,43.0,112.0,29.531,4.90053,1b
E09000025,Newham,E01003537,Newham 024C,442500.0,11.0,6.0,2.0,1.0,2.0,13.0,5.0,27.0,32.0,70.0,169.0,25.312,7.36675,2
E09000025,Newham,E01003538,Newham 029A,395595.8333333333,12.0,12.0,5.0,2.0,0.0,17.0,5.0,32.0,22.0,62.0,169.0,32.047,6.49134,2
E09000025,Newham,E01003539,Newham 029B,427500.0,6.0,9.0,5.0,3.0,3.0,10.0,14.0,25.0,25.0,67.0,167.0,27.345,2.69865,1b
E09000025,Newham,E01003540,Newham 029C,319000.0,8.0,8.0,8.0,2.0,1.0,7.0,2.0,13.0,34.0,49.0,132.0,38.68,8.25078,2
E09000025,Newham,E01003541,Newham 029D,377687.5,10.0,7.0,1.0,1.0,0.0,8.0,3.0,7.0,26.0,50.0,113.0,27.163,2.87957,1b
E09000025,Newham,E01003542,Newham 024D,412083.3333333333,7.0,9.0,5.0,2.0,2.0,5.0,5.0,29.0,27.0,55.0,146.0,32.819,8.42999,2
E09000025,Newham,E01003543,Newham 001A,608375.0,20.0,10.0,14.0,5.0,2.0,20.0,3.0,33.0,29.0,67.0,203.0,23.221,12.5267,3
E09000025,Newham,E01003544,Newham 001B,487875.0,13.0,14.0,9.0,1.0,6.0,13.0,11.0,29.0,16.0,62.0,174.0,28.703,8.799,2
E09000025,Newham,E01003545,Newham 006A,567000.0,9.0,6.0,8.0,1.0,4.0,9.0,2.0,11.0,22.0,51.0,123.0,27.152,6.31559,2
E09000025,Newham,E01003546,Newham 001C,440500.0,11.0,7.0,14.0,1.0,1.0,3.0,2.0,7.0,20.0,35.0,101.0,33.531,12.0341,3
E09000025,Newham,E01003547,Newham 007A,671887.5,6.0,0.0,5.0,1.0,0.0,4.0,3.0,15.0,46.0,19.0,99.0,18.936,7.69752,2
E09000025,Newham,E01003548,Newham 006B,515625.0,5.0,4.0,13.0,5.0,2.0,13.0,2.0,20.0,26.0,46.0,136.0,22.286,7.01348,2
E09000025,Newham,E01003549,Newham 006C,383437.5,11.0,9.0,15.0,1.0,0.0,7.0,4.0,18.0,13.0,50.0,128.0,25.608,10.3661,3
E09000025,Newham,E01003550,Newham 001D,587350.0,2.0,8.0,6.0,0.0,0.0,1.0,5.0,17.0,23.0,38.0,100.0,26.959,10.7182,3
E09000025,Newham,E01003551,Newham 009A,468625.0,16.0,7.0,5.0,8.0,3.0,14.0,3.0,15.0,12.0,45.0,128.0,34.983,9.06683,2
E09000025,Newham,E01003552,Newham 016A,383875.0,8.0,6.0,10.0,3.0,1.0,7.0,2.0,9.0,23.0,52.0,121.0,29.808,5.3028,2
E09000025,Newham,E01003553,Newham 009B,342500.0,6.0,14.0,22.0,2.0,2.0,19.0,9.0,50.0,24.0,75.0,223.0,35.838,10.4817,3
E09000025,Newham,E01003554,Newham 009C,465831.25,4.0,9.0,4.0,3.0,0.0,5.0,2.0,18.0,31.0,20.0,96.0,21.902,7.91034,2
E09000025,Newham,E01003555,Newham 007B,963252.5,3.0,8.0,4.0,2.0,0.0,1.0,0.0,15.0,26.0,22.0,81.0,25.848,14.649,3
E09000025,Newham,E01003556,Newham 008A,439000.0,24.0,7.0,9.0,3.0,1.0,28.0,10.0,84.0,22.0,94.0,282.0,42.29,17.3377,4
E09000025,Newham,E01003557,Newham 006D,381250.0,13.0,12.0,5.0,1.0,0.0,17.0,2.0,32.0,23.0,54.0,159.0,36.797,12.8663,3
E09000025,Newham,E01003558,Newham 008B,373156.25,22.0,7.0,13.0,2.0,5.0,27.0,9.0,49.0,18.0,90.0,242.0,38.255,14.4861,3
E09000025,Newham,E01003559,Newham 009D,419250.0,14.0,16.0,10.0,4.0,2.0,14.0,9.0,36.0,23.0,55.0,183.0,20.714,24.7553,5
E09000025,Newham,E01003560,Newham 011B,495250.0,2.0,4.0,6.0,4.0,1.0,4.0,0.0,8.0,14.0,37.0,80.0,28.024,8.61398,2
E09000025,Newham,E01003561,Newham 007C,490000.0,14.0,1.0,6.0,2.0,0.0,2.0,0.0,14.0,26.0,27.0,92.0,23.743,10.2981,3
E09000025,Newham,E01003562,Newham 014A,470000.0,15.0,4.0,5.0,0.0,2.0,16.0,5.0,17.0,15.0,31.0,110.0,25.879,10.1756,3
E09000025,Newham,E01003563,Newham 011C,436000.0,6.0,2.0,3.0,0.0,1.0,1.0,1.0,16.0,13.0,39.0,82.0,27.104,5.39495,2
E09000025,Newham,E01003564,Newham 014B,372250.0,7.0,12.0,1.0,4.0,0.0,6.0,0.0,48.0,27.0,29.0,134.0,27.393,14.3581,3
E09000025,Newham,E01003565,Newham 014C,,8.0,7.0,9.0,1.0,1.0,6.0,4.0,10.0,11.0,22.0,79.0,25.412,16.1991,4
E09000025,Newham,E01003566,Newham 014D,,19.0,20.0,35.0,2.0,2.0,19.0,24.0,130.0,20.0,80.0,351.0,30.414,18.7171,4
E09000025,Newham,E01003567,Newham 007D,469812.5,16.0,3.0,4.0,2.0,1.0,12.0,3.0,33.0,19.0,50.0,143.0,32.133,12.3867,3
E09000025,Newham,E01003568,Newham 017A,545000.0,11.0,5.0,4.0,1.0,1.0,3.0,5.0,9.0,23.0,34.0,96.0,24.045,14.8205,3
E09000025,Newham,E01003569,Newham 017B,,17.0,16.0,12.0,5.0,1.0,15.0,17.0,265.0,30.0,70.0,448.0,27.715,18.6924,4
E09000025,Newham,E01003570,Newham 008C,556414.25,32.0,7.0,53.0,3.0,6.0,31.0,7.0,40.0,20.0,116.0,315.0,31.336,13.3864,3
E09000025,Newham,E01003571,Newham 008D,403500.0,2.0,4.0,14.0,3.0,0.0,10.0,6.0,15.0,19.0,52.0,125.0,27.983,10.3242,3
E09000025,Newham,E01003572,Newham 008E,572875.0,3.0,3.0,4.0,3.0,1.0,5.0,6.0,10.0,18.0,33.0,86.0,27.781,8.02012,2
E09000025,Newham,E01003573,Newham 017C,415000.0,8.0,7.0,5.0,3.0,1.0,7.0,2.0,82.0,18.0,38.0,171.0,27.069,13.0944,3
E09000025,Newham,E01003574,Newham 017D,465625.0,8.0,5.0,5.0,3.0,0.0,9.0,5.0,25.0,30.0,74.0,164.0,29.332,9.48282,2
E09000025,Newham,E01003575,Newham 005B,430937.5,4.0,6.0,4.0,7.0,3.0,5.0,0.0,15.0,15.0,31.0,90.0,29.833,4.27964,1b
E09000025,Newham,E01003576,Newham 002A,319375.0,16.0,10.0,21.0,4.0,2.0,10.0,6.0,43.0,21.0,47.0,180.0,38.074,12.8318,3
E09000025,Newham,E01003577,Newham 005C,,16.0,7.0,14.0,3.0,3.0,13.0,6.0,22.0,30.0,50.0,164.0,40.868,5.50853,2
E09000025,Newham,E01003578,Newham 003A,376062.5,13.0,11.0,12.0,7.0,4.0,16.0,10.0,31.0,19.0,81.0,204.0,26.188,3.56902,1b
E09000025,Newham,E01003579,Newham 004A,450000.0,5.0,3.0,1.0,0.0,0.0,3.0,1.0,18.0,14.0,34.0,79.0,28.483,9.41612,2
E09000025,Newham,E01003580,Newham 005D,375625.0,8.0,8.0,18.0,2.0,1.0,4.0,3.0,12.0,16.0,33.0,105.0,32.832,1.17726,1a
E09000025,Newham,E01003581,Newham 002B,425000.0,3.0,0.0,6.0,3.0,0.0,3.0,1.0,17.0,10.0,50.0,93.0,26.783,8.38933,2
E09000025,Newham,E01003582,Newham 002C,418125.0,15.0,9.0,3.0,5.0,3.0,5.0,4.0,15.0,14.0,40.0,113.0,30.905,4.41749,1b
E09000025,Newham,E01003583,Newham 002D,390750.0,6.0,11.0,4.0,2.0,0.0,9.0,4.0,17.0,21.0,34.0,108.0,28.482,5.24861,2
E09000025,Newham,E01003584,Newham 003B,639325.0,10.0,6.0,6.0,1.0,0.0,7.0,1.0,10.0,19.0,31.0,91.0,29.49,7.22095,2
E09000025,Newham,E01003585,Newham 004B,485000.0,12.0,3.0,4.0,1.0,0.0,1.0,1.0,11.0,10.0,49.0,92.0,27.968,13.6621,3
E09000025,Newham,E01003586,Newham 003C,487333.3333333333,17.0,4.0,4.0,3.0,2.0,7.0,6.0,20.0,15.0,40.0,118.0,29.95,12.6977,3
E09000025,Newham,E01003587,Newham 004C,318812.5,10.0,12.0,15.0,2.0,2.0,7.0,4.0,44.0,25.0,60.0,181.0,28.048,14.6578,3
E09000025,Newham,E01003588,Newham 011D,414000.0,5.0,4.0,3.0,0.0,1.0,6.0,1.0,7.0,22.0,23.0,72.0,29.189,10.8009,3
E09000025,Newham,E01003589,Newham 011E,470000.0,4.0,0.0,10.0,2.0,0.0,5.0,1.0,12.0,26.0,40.0,100.0,26.805,10.3726,3
E09000025,Newham,E01003590,Newham 003D,393581.25,10.0,10.0,17.0,2.0,0.0,7.0,4.0,21.0,17.0,44.0,132.0,38.34,13.1008,3
E09000025,Newham,E01003591,Newham 004D,346250.0,25.0,8.0,30.0,5.0,5.0,28.0,11.0,50.0,22.0,89.0,273.0,34.139,17.7402,4
E09000025,Newham,E01003592,Newham 022B,422750.0,20.0,8.0,9.0,7.0,2.0,17.0,5.0,18.0,17.0,56.0,159.0,34.378,13.6495,3
E09000025,Newham,E01003593,Newham 027D,397062.5,13.0,17.0,13.0,0.0,1.0,10.0,10.0,25.0,13.0,39.0,141.0,32.672,15.7011,4
E09000025,Newham,E01003594,Newham 026A,451375.0,4.0,8.0,9.0,2.0,1.0,8.0,6.0,13.0,19.0,31.0,101.0,29.213,16.5802,4
E09000025,Newham,E01003595,Newham 026B,333463.75,4.0,9.0,18.0,1.0,2.0,6.0,0.0,18.0,14.0,34.0,106.0,29.76,18.8175,4
E09000025,Newham,E01003596,Newham 016B,376500.0,11.0,5.0,0.0,2.0,1.0,6.0,2.0,14.0,9.0,34.0,84.0,25.24,12.212,3
E09000025,Newham,E01003597,Newham 016C,336000.0,7.0,2.0,3.0,3.0,0.0,7.0,0.0,8.0,13.0,42.0,85.0,25.676,10.9827,3
E09000025,Newham,E01003598,Newham 021A,340000.0,6.0,9.0,6.0,1.0,1.0,7.0,1.0,20.0,13.0,52.0,116.0,31.237,15.9015,4
E09000025,Newham,E01003599,Newham 022C,490000.0,18.0,2.0,17.0,7.0,2.0,8.0,3.0,13.0,30.0,44.0,144.0,31.152,13.4215,3
E09000025,Newham,E01003600,Newham 021B,334000.0,7.0,13.0,9.0,4.0,0.0,6.0,2.0,17.0,23.0,36.0,117.0,34.336,17.2504,4
E09000025,Newham,E01003601,Newham 028A,429500.0,42.0,11.0,11.0,3.0,7.0,45.0,11.0,73.0,35.0,263.0,501.0,37.186,12.1924,3
E09000025,Newham,E01003602,Newham 026C,455000.0,7.0,17.0,7.0,3.0,1.0,6.0,2.0,23.0,21.0,55.0,142.0,26.11,18.4545,4
E09000025,Newham,E01003603,Newham 028B,399125.0,17.0,7.0,3.0,4.0,2.0,14.0,5.0,43.0,35.0,90.0,220.0,22.804,8.13435,2
E09000025,Newham,E01003604,Newham 031D,363375.0,9.0,20.0,12.0,2.0,1.0,13.0,4.0,28.0,43.0,51.0,183.0,35.681,10.7325,3
E09000025,Newham,E01003605,Newham 028C,417500.0,9.0,6.0,5.0,1.0,1.0,15.0,4.0,27.0,30.0,66.0,164.0,29.461,17.2512,4
E09000025,Newham,E01003606,Newham 022D,381625.0,8.0,5.0,6.0,2.0,0.0,13.0,6.0,67.0,13.0,48.0,168.0,28.551,17.6529,4
E09000025,Newham,E01003607,Newham 026D,376250.0,16.0,16.0,9.0,1.0,5.0,12.0,4.0,23.0,19.0,61.0,166.0,30.506,20.1833,5
E09000025,Newham,E01003608,Newham 028D,388500.0,3.0,6.0,5.0,0.0,0.0,5.0,6.0,13.0,23.0,32.0,93.0,23.936,12.9713,3
E09000025,Newham,E01003609,Newham 037A,382500.0,8.0,17.0,19.0,5.0,3.0,19.0,5.0,22.0,59.0,53.0,210.0,23.035,7.18759,2
E09000025,Newham,E01003611,Newham 037C,271250.0,14.0,6.0,21.0,3.0,0.0,10.0,3.0,12.0,15.0,42.0,126.0,31.396,9.15887,2
E09000025,Newham,E01003615,Newham 013C,469408.125,6.0,8.0,4.0,0.0,1.0,10.0,2.0,35.0,15.0,37.0,118.0,27.328,11.6137,3
E09000025,Newham,E01003616,Newham 012A,391500.0,6.0,23.0,19.0,4.0,4.0,13.0,21.0,42.0,31.0,58.0,221.0,29.41,34.6324,6a
E09000025,Newham,E01003617,Newham 012B,404375.0,21.0,19.0,24.0,5.0,1.0,14.0,9.0,62.0,27.0,84.0,266.0,30.044,59.1653,6b
E09000025,Newham,E01003618,Newham 012C,456250.0,10.0,11.0,21.0,2.0,2.0,20.0,6.0,62.0,37.0,86.0,257.0,26.797,25.2503,6a
E09000025,Newham,E01003619,Newham 012D,329533.3333333333,34.0,18.0,55.0,5.0,6.0,29.0,14.0,79.0,32.0,135.0,407.0,35.297,40.515,6b
E09000025,Newham,E01003621,Newham 023C,380750.0,10.0,2.0,7.0,2.0,1.0,4.0,8.0,11.0,16.0,43.0,104.0,23.076,11.0746,3
E09000025,Newham,E01003622,Newham 023D,,13.0,10.0,9.0,3.0,2.0,11.0,10.0,36.0,24.0,62.0,180.0,33.739,9.4127,2
E09000025,Newham,E01003623,Newham 023E,355750.0,5.0,11.0,4.0,0.0,5.0,15.0,0.0,9.0,22.0,38.0,109.0,31.385,3.98783,1b
E09000025,Newham,E01003624,Newham 024E,394625.0,6.0,6.0,6.0,1.0,1.0,8.0,2.0,10.0,19.0,35.0,94.0,31.648,9.70651,2
E09000025,Newham,E01003625,Newham 015A,418750.0,4.0,2.0,12.0,4.0,0.0,7.0,4.0,8.0,18.0,37.0,96.0,28.623,2.24658,1a
E09000025,Newham,E01003626,Newham 015B,,8.0,0.0,13.0,2.0,1.0,3.0,3.0,7.0,12.0,26.0,75.0,23.921,10.7481,3
E09000025,Newham,E01003627,Newham 015C,292500.0,3.0,2.0,9.0,3.0,0.0,4.0,2.0,8.0,22.0,22.0,75.0,28.43,15.8248,4
E09000025,Newham,E01003628,Newham 015D,438333.3333333333,1.0,2.0,4.0,2.0,1.0,5.0,2.0,9.0,14.0,18.0,58.0,21.405,10.1432,3
E09000025,Newham,E01003629,Newham 015E,257000.0,3.0,1.0,16.0,0.0,0.0,5.0,2.0,11.0,16.0,39.0,93.0,26.957,21.6487,5
E09000025,Newham,E01003630,Newham 021C,421250.0,10.0,9.0,14.0,2.0,0.0,4.0,5.0,34.0,21.0,70.0,169.0,29.832,20.1386,5
E09000025,Newham,E01003631,Newham 020A,421750.0,13.0,2.0,17.0,10.0,3.0,11.0,1.0,22.0,20.0,55.0,154.0,27.243,23.017,5
E09000025,Newham,E01003632,Newham 020B,461250.0,3.0,3.0,13.0,2.0,2.0,7.0,3.0,9.0,22.0,22.0,86.0,20.975,23.7054,5
E09000025,Newham,E01003633,Newham 020C,,16.0,9.0,30.0,1.0,1.0,8.0,5.0,17.0,23.0,41.0,151.0,39.451,22.1395,5
E09000025,Newham,E01003634,Newham 020D,450000.0,11.0,5.0,19.0,1.0,0.0,5.0,4.0,9.0,17.0,27.0,98.0,31.094,19.4848,4
E09000025,Newham,E01003635,Newham 016D,530625.0,7.0,3.0,17.0,1.0,0.0,12.0,5.0,17.0,10.0,41.0,113.0,24.619,6.72217,2
E09000025,Newham,E01003636,Newham 020E,320833.3333333333,17.0,10.0,44.0,0.0,2.0,15.0,8.0,33.0,30.0,76.0,235.0,32.341,18.2501,4
E09000025,Newham,E01003637,Newham 021D,552500.0,4.0,2.0,3.0,7.0,0.0,5.0,1.0,10.0,8.0,39.0,79.0,21.981,17.3712,4
E09000025,Newham,E01033574,Newham 034F,389312.5,5.0,14.0,7.0,6.0,1.0,4.0,3.0,35.0,19.0,37.0,131.0,17.02,6.69114,2
E09000025,Newham,E01033575,Newham 034G,392125.0,5.0,14.0,7.0,6.0,1.0,4.0,3.0,35.0,19.0,37.0,131.0,20.08,7.7549,2
E09000025,Newham,E01033576,Newham 034H,533750.0,12.0,6.0,3.0,1.0,0.0,2.0,5.0,12.0,25.0,29.0,95.0,24.456,9.97806,2
E09000025,Newham,E01033577,Newham 037E,541125.0,20.0,22.0,14.0,3.0,1.0,11.0,3.0,16.0,27.0,69.0,186.0,18.966,6.56145,2
E09000025,Newham,E01033578,Newham 013E,463875.0,23.0,15.0,60.0,5.0,3.0,53.0,21.0,66.0,10.0,117.0,373.0,27.216,13.6806,3
E09000025,Newham,E01033579,Newham 013F,420750.0,4.0,8.0,15.0,2.0,0.0,1.0,9.0,41.0,16.0,28.0,124.0,21.114,9.45487,2
E09000025,Newham,E01033580,Newham 037F,358437.5,2.0,7.0,2.0,0.0,0.0,2.0,0.0,11.0,12.0,12.0,48.0,8.919,6.6148,2
E09000025,Newham,E01033581,Newham 037G,347000.0,13.0,12.0,13.0,97.0,1.0,15.0,1.0,40.0,23.0,57.0,272.0,34.941,6.92438,2
E09000025,Newham,E01033582,Newham 037H,317125.0,1.0,6.0,4.0,0.0,0.0,2.0,1.0,3.0,12.0,33.0,62.0,14.606,5.32615,2
E09000025,Newham,E01033583,Newham 013G,600625.0,10.0,10.0,18.0,0.0,5.0,18.0,12.0,36.0,54.0,61.0,224.0,27.315,40.5343,6b
E09000025,Newham,E01033584,Newham 034I,,9.0,5.0,8.0,0.0,1.0,6.0,6.0,9.0,34.0,30.0,108.0,41.55,8.05798,2
E09000025,Newham,E01033585,Newham 034J,446875.0,16.0,24.0,8.0,2.0,4.0,13.0,10.0,33.0,45.0,39.0,194.0,41.668,17.5444,4
E09000025,Newham,E01033586,Newham 013H,,14.0,4.0,29.0,4.0,2.0,6.0,14.0,35.0,25.0,44.0,177.0,34.463,15.0598,4
E09000026,Redbridge,E01003638,Redbridge 017A,425750.0,11.0,9.0,7.0,2.0,0.0,9.0,5.0,43.0,37.0,49.0,172.0,17.693,7.82279,2
E09000026,Redbridge,E01003639,Redbridge 013A,369625.0,7.0,5.0,12.0,3.0,2.0,8.0,1.0,24.0,29.0,36.0,127.0,20.275,5.35247,2
E09000026,Redbridge,E01003640,Redbridge 013B,490650.0,6.0,19.0,14.0,1.0,0.0,7.0,1.0,20.0,31.0,46.0,145.0,17.809,0.891551,1a
E09000026,Redbridge,E01003641,Redbridge 013C,522625.0,5.0,3.0,1.0,5.0,0.0,3.0,3.0,25.0,41.0,36.0,122.0,14.28,6.08104,2
E09000026,Redbridge,E01003642,Redbridge 013D,536000.0,4.0,5.0,3.0,1.0,2.0,10.0,4.0,13.0,38.0,64.0,144.0,16.546,5.41646,2
E09000026,Redbridge,E01003643,Redbridge 017B,498406.25,6.0,3.0,1.0,4.0,2.0,3.0,0.0,9.0,33.0,15.0,76.0,11.343,5.96298,2
E09000026,Redbridge,E01003644,Redbridge 017C,504166.6666666667,6.0,7.0,4.0,0.0,0.0,5.0,2.0,12.0,13.0,13.0,62.0,12.62,6.94914,2
E09000026,Redbridge,E01003645,Redbridge 017D,449125.0,14.0,11.0,14.0,2.0,3.0,21.0,7.0,112.0,35.0,73.0,292.0,19.419,11.253,3
E09000026,Redbridge,E01003646,Redbridge 012A,517875.0,8.0,10.0,10.0,5.0,0.0,17.0,2.0,26.0,56.0,41.0,175.0,12.374,13.3475,3
E09000026,Redbridge,E01003647,Redbridge 015A,530937.5,4.0,6.0,6.0,0.0,2.0,9.0,5.0,24.0,21.0,51.0,128.0,13.468,12.7746,3
E09000026,Redbridge,E01003648,Redbridge 012B,647687.5,2.0,3.0,1.0,0.0,0.0,1.0,1.0,7.0,26.0,15.0,56.0,7.595,5.11642,2
E09000026,Redbridge,E01003649,Redbridge 012C,542500.0,4.0,4.0,4.0,1.0,0.0,7.0,0.0,9.0,26.0,19.0,74.0,9.01,3.43863,1b
E09000026,Redbridge,E01003650,Redbridge 015B,523750.0,5.0,5.0,8.0,3.0,1.0,7.0,4.0,3.0,29.0,24.0,89.0,16.216,6.182,2
E09000026,Redbridge,E01003651,Redbridge 012D,622500.0,4.0,4.0,5.0,1.0,1.0,3.0,0.0,2.0,25.0,21.0,66.0,11.315,10.8085,3
E09000026,Redbridge,E01003652,Redbridge 015C,621500.0,2.0,4.0,0.0,1.0,0.0,2.0,0.0,5.0,23.0,9.0,46.0,8.078,7.6987,2
E09000026,Redbridge,E01003653,Redbridge 015D,491250.0,14.0,19.0,9.0,5.0,2.0,14.0,5.0,55.0,30.0,56.0,209.0,14.35,13.6713,3
E09000026,Redbridge,E01003654,Redbridge 004A,505718.75,5.0,3.0,1.0,1.0,1.0,1.0,2.0,9.0,15.0,23.0,61.0,18.26,9.13834,2
E09000026,Redbridge,E01003655,Redbridge 004B,573500.0,7.0,4.0,2.0,0.0,0.0,3.0,3.0,10.0,27.0,17.0,73.0,10.104,11.1364,3
E09000026,Redbridge,E01003656,Redbridge 005A,430468.75,11.0,8.0,7.0,5.0,2.0,14.0,1.0,22.0,26.0,43.0,139.0,27.96,3.11463,1b
E09000026,Redbridge,E01003657,Redbridge 005B,400500.0,9.0,22.0,5.0,1.0,0.0,8.0,1.0,40.0,59.0,54.0,199.0,12.312,2.73934,1b
E09000026,Redbridge,E01003658,Redbridge 004C,502000.0,6.0,6.0,3.0,2.0,0.0,11.0,6.0,17.0,22.0,46.0,119.0,22.802,8.55628,2
E09000026,Redbridge,E01003659,Redbridge 005C,491124.875,5.0,4.0,4.0,1.0,0.0,2.0,1.0,26.0,11.0,21.0,75.0,10.666,2.69963,1b
E09000026,Redbridge,E01003660,Redbridge 004D,568125.0,3.0,4.0,2.0,1.0,0.0,2.0,0.0,8.0,15.0,25.0,60.0,6.729,2.5003,1b
E09000026,Redbridge,E01003661,Redbridge 019A,469625.0,11.0,9.0,5.0,2.0,1.0,5.0,4.0,14.0,27.0,32.0,110.0,18.026,10.5653,3
E09000026,Redbridge,E01003662,Redbridge 019B,328625.0,20.0,22.0,9.0,1.0,7.0,22.0,8.0,30.0,27.0,59.0,205.0,18.066,14.3803,3
E09000026,Redbridge,E01003663,Redbridge 019C,472500.0,6.0,9.0,7.0,4.0,0.0,6.0,3.0,17.0,14.0,38.0,104.0,15.078,5.48835,2
E09000026,Redbridge,E01003664,Redbridge 019D,461625.0,7.0,2.0,3.0,0.0,0.0,4.0,1.0,7.0,29.0,28.0,81.0,15.719,1.53675,1a
E09000026,Redbridge,E01003665,Redbridge 019E,451875.0,3.0,4.0,3.0,1.0,0.0,4.0,2.0,6.0,16.0,22.0,61.0,11.889,3.62429,1b
E09000026,Redbridge,E01003666,Redbridge 019F,297812.5,14.0,12.0,10.0,2.0,0.0,13.0,2.0,56.0,27.0,73.0,209.0,20.279,4.47327,1b
E09000026,Redbridge,E01003668,Redbridge 007A,435000.0,5.0,15.0,2.0,3.0,0.0,5.0,2.0,42.0,28.0,18.0,120.0,8.929,12.9246,3
E09000026,Redbridge,E01003669,Redbridge 007B,518842.25,3.0,8.0,1.0,1.0,0.0,6.0,1.0,34.0,41.0,17.0,112.0,6.169,4.76334,1b
E09000026,Redbridge,E01003670,Redbridge 007C,844437.5,3.0,7.0,0.0,2.0,0.0,6.0,0.0,10.0,17.0,26.0,71.0,9.549,4.84771,1b
E09000026,Redbridge,E01003671,Redbridge 007D,744750.0,4.0,5.0,3.0,0.0,0.0,1.0,0.0,1.0,15.0,11.0,40.0,3.631,4.87334,1b
E09000026,Redbridge,E01003672,Redbridge 007E,347637.5,6.0,9.0,5.0,2.0,0.0,8.0,1.0,19.0,19.0,23.0,92.0,17.186,8.67179,2
E09000026,Redbridge,E01003673,Redbridge 007F,476250.0,3.0,5.0,3.0,0.0,0.0,5.0,3.0,3.0,35.0,32.0,89.0,10.701,6.37091,2
E09000026,Redbridge,E01003674,Redbridge 007G,375937.5,12.0,11.0,6.0,0.0,0.0,13.0,16.0,110.0,35.0,61.0,264.0,8.999,10.545,3
E09000026,Redbridge,E01003675,Redbridge 036A,436250.0,4.0,4.0,5.0,3.0,1.0,11.0,2.0,14.0,46.0,23.0,113.0,14.67,11.5031,3
E09000026,Redbridge,E01003676,Redbridge 036B,622500.0,9.0,4.0,3.0,0.0,1.0,2.0,3.0,8.0,25.0,32.0,87.0,10.273,10.1765,3
E09000026,Redbridge,E01003677,Redbridge 036C,650625.0,8.0,12.0,1.0,3.0,0.0,7.0,1.0,39.0,56.0,29.0,156.0,9.431,5.01901,2
E09000026,Redbridge,E01003678,Redbridge 036D,654812.5,5.0,8.0,2.0,2.0,0.0,7.0,3.0,7.0,20.0,20.0,74.0,9.727,3.19564,1b
E09000026,Redbridge,E01003679,Redbridge 036E,656125.0,6.0,8.0,4.0,0.0,1.0,2.0,1.0,4.0,32.0,25.0,83.0,9.012,3.11889,1b
E09000026,Redbridge,E01003680,Redbridge 036F,571875.0,2.0,10.0,5.0,2.0,0.0,6.0,3.0,70.0,29.0,10.0,137.0,7.709,2.55314,1b
E09000026,Redbridge,E01003681,Redbridge 036G,348125.0,8.0,2.0,7.0,3.0,3.0,10.0,3.0,17.0,30.0,45.0,128.0,15.84,4.16421,1b
E09000026,Redbridge,E01003682,Redbridge 036H,586250.0,1.0,1.0,2.0,2.0,2.0,5.0,1.0,9.0,22.0,25.0,70.0,8.29,2.94155,1b
E09000026,Redbridge,E01003683,Redbridge 030A,437250.0,11.0,7.0,6.0,0.0,1.0,5.0,1.0,15.0,23.0,46.0,115.0,20.176,3.94166,1b
E09000026,Redbridge,E01003684,Redbridge 030B,445625.0,8.0,10.0,3.0,6.0,0.0,3.0,1.0,16.0,19.0,37.0,103.0,18.413,3.71843,1b
E09000026,Redbridge,E01003685,Redbridge 030C,425500.0,16.0,13.0,6.0,1.0,1.0,11.0,5.0,20.0,33.0,48.0,154.0,20.929,5.96544,2
E09000026,Redbridge,E01003686,Redbridge 030D,504500.0,12.0,5.0,6.0,1.0,1.0,9.0,3.0,19.0,29.0,46.0,131.0,26.378,10.4412,3
E09000026,Redbridge,E01003688,Redbridge 030F,,22.0,5.0,7.0,6.0,4.0,4.0,5.0,32.0,22.0,70.0,177.0,25.262,8.52361,2
E09000026,Redbridge,E01003689,Redbridge 030G,465000.0,51.0,43.0,78.0,12.0,7.0,74.0,74.0,753.0,63.0,196.0,1351.0,31.258,29.5026,6a
E09000026,Redbridge,E01003690,Redbridge 035A,616250.0,16.0,18.0,42.0,6.0,1.0,30.0,17.0,107.0,37.0,121.0,395.0,18.556,12.4863,3
E09000026,Redbridge,E01003691,Redbridge 035B,425833.3333333333,6.0,3.0,3.0,1.0,0.0,5.0,0.0,13.0,24.0,18.0,73.0,13.561,2.06048,1a
E09000026,Redbridge,E01003692,Redbridge 035C,690000.0,7.0,5.0,7.0,1.0,1.0,10.0,2.0,18.0,32.0,53.0,136.0,14.631,17.2519,4
E09000026,Redbridge,E01003693,Redbridge 035D,755000.0,3.0,3.0,7.0,0.0,2.0,6.0,0.0,8.0,27.0,18.0,74.0,14.247,5.21931,2
E09000026,Redbridge,E01003694,Redbridge 035E,619000.0,3.0,4.0,3.0,1.0,0.0,10.0,1.0,4.0,18.0,43.0,87.0,16.177,11.0764,3
E09000026,Redbridge,E01003695,Redbridge 035F,313333.3333333333,8.0,9.0,2.0,2.0,0.0,7.0,2.0,7.0,7.0,44.0,88.0,22.931,10.6365,3
E09000026,Redbridge,E01003696,Redbridge 035G,540625.0,3.0,10.0,4.0,3.0,2.0,5.0,0.0,13.0,26.0,24.0,90.0,11.491,12.7752,3
E09000026,Redbridge,E01003697,Redbridge 035H,549500.0,19.0,7.0,13.0,1.0,1.0,10.0,5.0,118.0,35.0,54.0,263.0,17.925,10.8525,3
E09000026,Redbridge,E01003698,Redbridge 006A,556875.0,4.0,1.0,0.0,0.0,0.0,5.0,0.0,9.0,15.0,19.0,53.0,14.458,5.6394,2
E09000026,Redbridge,E01003699,Redbridge 006B,413187.5,4.0,9.0,6.0,2.0,0.0,8.0,6.0,25.0,19.0,38.0,117.0,13.898,5.7749,2
E09000026,Redbridge,E01003700,Redbridge 006C,490625.0,14.0,12.0,5.0,4.0,2.0,13.0,1.0,18.0,58.0,63.0,190.0,18.062,8.81077,2
E09000026,Redbridge,E01003701,Redbridge 006D,510875.25,13.0,19.0,9.0,2.0,1.0,10.0,7.0,60.0,48.0,55.0,224.0,16.423,14.1653,3
E09000026,Redbridge,E01003702,Redbridge 006E,338500.0,10.0,1.0,3.0,2.0,3.0,7.0,7.0,9.0,17.0,32.0,91.0,16.747,7.6979,2
E09000026,Redbridge,E01003703,Redbridge 006F,648400.0,7.0,8.0,4.0,2.0,1.0,9.0,0.0,10.0,21.0,35.0,97.0,14.522,1.67227,1a
E09000026,Redbridge,E01003704,Redbridge 006G,460312.5,10.0,12.0,4.0,2.0,0.0,14.0,8.0,48.0,28.0,58.0,184.0,18.734,10.8331,3
E09000026,Redbridge,E01003705,Redbridge 010A,517000.0,15.0,13.0,5.0,3.0,1.0,14.0,11.0,74.0,30.0,43.0,209.0,14.277,10.4512,3
E09000026,Redbridge,E01003706,Redbridge 010B,376250.0,0.0,7.0,2.0,0.0,0.0,1.0,0.0,4.0,11.0,30.0,55.0,16.311,3.8223,1b
E09000026,Redbridge,E01003707,Redbridge 008A,540625.0,3.0,9.0,0.0,0.0,0.0,2.0,0.0,7.0,18.0,20.0,59.0,15.526,3.26508,1b
E09000026,Redbridge,E01003708,Redbridge 008B,428625.0,8.0,6.0,6.0,1.0,3.0,9.0,2.0,11.0,15.0,48.0,109.0,28.999,2.56803,1b
E09000026,Redbridge,E01003709,Redbridge 008C,542750.0,0.0,3.0,0.0,2.0,1.0,3.0,1.0,7.0,13.0,5.0,35.0,9.673,3.22212,1b
E09000026,Redbridge,E01003710,Redbridge 008D,559062.5,3.0,5.0,1.0,2.0,0.0,8.0,2.0,12.0,15.0,31.0,79.0,10.916,3.59441,1b
E09000026,Redbridge,E01003711,Redbridge 010C,525000.0,12.0,7.0,7.0,3.0,8.0,10.0,7.0,42.0,16.0,45.0,157.0,16.89,7.56211,2
E09000026,Redbridge,E01003712,Redbridge 010D,489750.0,4.0,3.0,12.0,1.0,1.0,5.0,1.0,6.0,7.0,25.0,65.0,39.856,3.41703,1b
E09000026,Redbridge,E01003713,Redbridge 034A,515166.6666666667,4.0,2.0,5.0,4.0,0.0,4.0,0.0,11.0,16.0,25.0,71.0,17.315,10.8117,3
E09000026,Redbridge,E01003714,Redbridge 034B,474000.0,12.0,10.0,15.0,4.0,3.0,12.0,1.0,30.0,37.0,49.0,173.0,19.087,13.1831,3
E09000026,Redbridge,E01003715,Redbridge 034C,551875.0,16.0,12.0,6.0,3.0,2.0,7.0,3.0,18.0,20.0,55.0,142.0,19.475,11.374,3
E09000026,Redbridge,E01003716,Redbridge 034D,400125.0,15.0,4.0,12.0,0.0,1.0,7.0,3.0,20.0,22.0,43.0,127.0,22.223,7.22206,2
E09000026,Redbridge,E01003718,Redbridge 034E,489562.5,6.0,4.0,11.0,0.0,2.0,4.0,2.0,20.0,21.0,47.0,117.0,18.677,12.6756,3
E09000026,Redbridge,E01003719,Redbridge 034F,543125.0,15.0,20.0,21.0,1.0,0.0,14.0,16.0,33.0,31.0,91.0,242.0,23.275,9.40997,2
E09000026,Redbridge,E01003720,Redbridge 002A,366250.0,10.0,5.0,3.0,1.0,1.0,13.0,8.0,72.0,23.0,50.0,186.0,30.716,4.5279,1b
E09000026,Redbridge,E01003721,Redbridge 003A,435125.0,14.0,9.0,11.0,3.0,2.0,6.0,2.0,51.0,20.0,39.0,157.0,19.545,9.19717,2
E09000026,Redbridge,E01003722,Redbridge 002B,383500.0,6.0,6.0,12.0,3.0,0.0,8.0,1.0,14.0,15.0,43.0,108.0,24.506,4.71604,1b
E09000026,Redbridge,E01003723,Redbridge 002C,400000.0,13.0,6.0,4.0,4.0,2.0,21.0,3.0,10.0,25.0,73.0,161.0,28.091,4.89036,1b
E09000026,Redbridge,E01003724,Redbridge 003B,452000.25,1.0,3.0,3.0,1.0,0.0,5.0,1.0,7.0,10.0,28.0,59.0,18.246,4.50582,1b
E09000026,Redbridge,E01003725,Redbridge 003C,366876.25,9.0,4.0,7.0,2.0,1.0,0.0,1.0,6.0,13.0,28.0,71.0,26.212,5.86856,2
E09000026,Redbridge,E01003726,Redbridge 002D,413625.0,15.0,12.0,3.0,4.0,0.0,14.0,3.0,27.0,35.0,56.0,169.0,31.711,1.29928,1a
E09000026,Redbridge,E01003727,Redbridge 003D,388750.0,2.0,14.0,1.0,2.0,0.0,2.0,1.0,12.0,15.0,35.0,84.0,29.893,4.51828,1b
E09000026,Redbridge,E01003728,Redbridge 032A,275625.0,13.0,16.0,28.0,1.0,3.0,26.0,21.0,139.0,36.0,91.0,374.0,29.17,25.6946,6a
E09000026,Redbridge,E01003729,Redbridge 032B,380000.0,18.0,6.0,14.0,3.0,2.0,21.0,17.0,89.0,27.0,121.0,318.0,29.466,14.6289,3
E09000026,Redbridge,E01003730,Redbridge 032C,447333.3333333333,10.0,1.0,9.0,2.0,2.0,5.0,2.0,12.0,18.0,42.0,103.0,23.485,6.63365,2
E09000026,Redbridge,E01003731,Redbridge 033A,403125.0,7.0,4.0,2.0,3.0,0.0,5.0,0.0,10.0,24.0,37.0,92.0,26.421,5.1061,2
E09000026,Redbridge,E01003732,Redbridge 032D,236250.0,27.0,16.0,13.0,3.0,2.0,7.0,2.0,18.0,23.0,53.0,164.0,33.926,2.88878,1b
E09000026,Redbridge,E01003733,Redbridge 032E,406250.0,12.0,5.0,15.0,2.0,1.0,9.0,6.0,17.0,23.0,58.0,148.0,25.381,6.61515,2
E09000026,Redbridge,E01003734,Redbridge 033B,428000.0,6.0,15.0,8.0,2.0,1.0,7.0,5.0,35.0,26.0,74.0,179.0,22.036,11.5644,3
E09000026,Redbridge,E01003735,Redbridge 033C,276937.5,17.0,7.0,10.0,5.0,2.0,17.0,4.0,34.0,15.0,49.0,160.0,34.319,5.17311,2
E09000026,Redbridge,E01003736,Redbridge 033D,428125.0,6.0,6.0,2.0,0.0,0.0,3.0,0.0,12.0,15.0,21.0,65.0,25.007,11.9216,3
E09000026,Redbridge,E01003737,Redbridge 031A,788125.0,7.0,5.0,11.0,1.0,0.0,2.0,1.0,14.0,39.0,27.0,107.0,14.602,4.98618,1b
E09000026,Redbridge,E01003738,Redbridge 031B,528000.0,21.0,5.0,6.0,4.0,1.0,5.0,5.0,10.0,33.0,62.0,152.0,14.155,5.93214,2
E09000026,Redbridge,E01003739,Redbridge 031C,455937.5,8.0,10.0,11.0,1.0,1.0,8.0,1.0,13.0,37.0,67.0,157.0,19.82,4.70962,1b
E09000026,Redbridge,E01003740,Redbridge 031D,551250.0,9.0,3.0,11.0,2.0,1.0,10.0,8.0,20.0,48.0,61.0,173.0,18.38,4.86374,1b
E09000026,Redbridge,E01003741,Redbridge 031E,417500.0,6.0,9.0,6.0,1.0,0.0,8.0,1.0,15.0,28.0,33.0,107.0,16.28,7.34523,2
E09000026,Redbridge,E01003742,Redbridge 031F,488875.0,7.0,9.0,5.0,2.0,0.0,5.0,7.0,18.0,19.0,58.0,130.0,15.083,9.43608,2
E09000026,Redbridge,E01003743,Redbridge 031G,469500.0,18.0,10.0,7.0,1.0,3.0,10.0,7.0,12.0,27.0,50.0,145.0,20.542,5.92626,2
E09000026,Redbridge,E01003744,Redbridge 001A,660125.0,2.0,3.0,0.0,0.0,0.0,2.0,1.0,8.0,14.0,10.0,40.0,8.383,3.26105,1b
E09000026,Redbridge,E01003745,Redbridge 001B,1360000.0,2.0,6.0,0.0,0.0,0.0,3.0,1.0,6.0,13.0,14.0,45.0,5.743,3.23111,1b
E09000026,Redbridge,E01003746,Redbridge 001C,614625.0,1.0,7.0,3.0,1.0,0.0,6.0,2.0,9.0,24.0,19.0,72.0,4.117,4.027,1b
E09000026,Redbridge,E01003747,Redbridge 001D,1076875.0,4.0,4.0,0.0,0.0,1.0,2.0,1.0,5.0,5.0,6.0,28.0,5.927,6.66185,2
E09000026,Redbridge,E01003748,Redbridge 001E,1226443.75,5.0,10.0,2.0,0.0,0.0,5.0,5.0,60.0,39.0,24.0,150.0,4.929,7.79245,2
E09000026,Redbridge,E01003749,Redbridge 001F,610000.0,2.0,6.0,3.0,1.0,0.0,4.0,3.0,2.0,9.0,14.0,44.0,8.362,10.9326,3
E09000026,Redbridge,E01003750,Redbridge 001G,407125.0,11.0,13.0,2.0,0.0,0.0,3.0,3.0,24.0,29.0,32.0,117.0,12.172,6.17191,2
E09000026,Redbridge,E01003751,Redbridge 020A,428875.0,7.0,14.0,8.0,6.0,0.0,9.0,5.0,20.0,26.0,44.0,139.0,16.317,4.75922,1b
E09000026,Redbridge,E01003752,Redbridge 023A,552500.0,9.0,13.0,13.0,3.0,1.0,6.0,7.0,21.0,47.0,53.0,173.0,12.74,10.3576,3
E09000026,Redbridge,E01003753,Redbridge 020B,337750.0,1.0,1.0,2.0,2.0,0.0,6.0,1.0,7.0,20.0,25.0,65.0,13.373,11.4789,3
E09000026,Redbridge,E01003754,Redbridge 020C,524375.0,3.0,9.0,2.0,1.0,0.0,2.0,3.0,11.0,17.0,26.0,74.0,13.011,7.77639,2
E09000026,Redbridge,E01003755,Redbridge 023B,478125.0,3.0,12.0,8.0,2.0,1.0,8.0,3.0,64.0,26.0,26.0,153.0,14.75,10.0697,3
E09000026,Redbridge,E01003756,Redbridge 023C,527375.0,16.0,5.0,8.0,0.0,0.0,22.0,3.0,21.0,16.0,57.0,148.0,16.868,6.81042,2
E09000026,Redbridge,E01003757,Redbridge 020D,467312.5,6.0,6.0,8.0,2.0,1.0,4.0,4.0,13.0,29.0,56.0,129.0,20.327,8.02507,2
E09000026,Redbridge,E01003758,Redbridge 023D,277166.6666666667,4.0,3.0,9.0,1.0,0.0,0.0,4.0,3.0,3.0,20.0,47.0,21.133,6.232,2
E09000026,Redbridge,E01003759,Redbridge 009A,879375.0,1.0,3.0,1.0,0.0,1.0,2.0,0.0,4.0,27.0,8.0,47.0,5.02,7.26913,2
E09000026,Redbridge,E01003760,Redbridge 009B,323125.0,9.0,6.0,3.0,3.0,0.0,7.0,1.0,15.0,26.0,35.0,105.0,15.006,5.04545,2
E09000026,Redbridge,E01003761,Redbridge 009C,271333.3333333333,11.0,4.0,5.0,0.0,0.0,6.0,1.0,12.0,26.0,53.0,118.0,39.737,3.23433,1b
E09000026,Redbridge,E01003762,Redbridge 009D,551125.0,4.0,22.0,4.0,1.0,0.0,5.0,2.0,15.0,27.0,21.0,101.0,14.079,3.64903,1b
E09000026,Redbridge,E01003763,Redbridge 009E,548625.0,6.0,5.0,0.0,3.0,0.0,6.0,0.0,44.0,52.0,19.0,135.0,11.372,2.30167,1a
E09000026,Redbridge,E01003764,Redbridge 009F,578687.5,4.0,12.0,5.0,3.0,1.0,10.0,1.0,15.0,36.0,27.0,114.0,14.111,7.13022,2
E09000026,Redbridge,E01003765,Redbridge 009G,603562.5,8.0,15.0,1.0,0.0,1.0,5.0,5.0,27.0,45.0,23.0,130.0,8.499,9.52741,2
E09000026,Redbridge,E01003766,Redbridge 024A,427500.0,4.0,1.0,10.0,2.0,0.0,3.0,1.0,16.0,16.0,36.0,89.0,19.514,7.73922,2
E09000026,Redbridge,E01003767,Redbridge 024B,442625.0,11.0,16.0,18.0,5.0,3.0,15.0,10.0,65.0,27.0,83.0,253.0,22.412,10.8431,3
E09000026,Redbridge,E01003768,Redbridge 024C,692500.0,10.0,34.0,17.0,17.0,4.0,17.0,10.0,51.0,15.0,82.0,257.0,29.257,9.05979,2
E09000026,Redbridge,E01003769,Redbridge 022A,475833.3333333333,13.0,27.0,17.0,0.0,3.0,9.0,10.0,90.0,38.0,90.0,297.0,24.749,12.8205,3
E09000026,Redbridge,E01003770,Redbridge 022B,442500.0,86.0,7.0,13.0,3.0,2.0,48.0,3.0,45.0,41.0,456.0,704.0,16.679,5.43161,2
E09000026,Redbridge,E01003771,Redbridge 022C,477000.0,36.0,8.0,10.0,3.0,1.0,7.0,3.0,15.0,19.0,97.0,199.0,16.92,7.49614,2
E09000026,Redbridge,E01003772,Redbridge 024D,480750.0,1.0,6.0,3.0,1.0,0.0,5.0,1.0,12.0,13.0,38.0,80.0,17.275,4.92969,1b
E09000026,Redbridge,E01003773,Redbridge 022D,504125.0,16.0,8.0,13.0,3.0,2.0,5.0,4.0,30.0,19.0,46.0,146.0,14.99,10.7614,3
E09000026,Redbridge,E01003774,Redbridge 014A,525750.0,4.0,7.0,3.0,0.0,1.0,1.0,0.0,11.0,33.0,15.0,75.0,8.887,9.7145,2
E09000026,Redbridge,E01003775,Redbridge 014B,574375.0,4.0,8.0,2.0,0.0,0.0,4.0,3.0,3.0,23.0,14.0,61.0,7.581,8.42769,2
E09000026,Redbridge,E01003776,Redbridge 014C,443150.0,12.0,12.0,6.0,5.0,1.0,24.0,3.0,7.0,27.0,39.0,136.0,23.873,10.911,3
E09000026,Redbridge,E01003777,Redbridge 014D,593687.5,12.0,7.0,5.0,2.0,0.0,1.0,0.0,21.0,49.0,22.0,119.0,7.823,18.1439,4
E09000026,Redbridge,E01003778,Redbridge 014E,397812.5,16.0,17.0,12.0,6.0,2.0,17.0,13.0,102.0,53.0,42.0,280.0,9.642,18.1585,4
E09000026,Redbridge,E01003779,Redbridge 014F,627640.375,11.0,4.0,3.0,0.0,0.0,4.0,1.0,6.0,23.0,18.0,70.0,14.112,16.8956,4
E09000026,Redbridge,E01003780,Redbridge 014G,1123375.0,5.0,3.0,1.0,0.0,0.0,3.0,0.0,6.0,17.0,3.0,38.0,5.828,3.48404,1b
E09000026,Redbridge,E01003781,Redbridge 026A,329250.0,20.0,17.0,17.0,2.0,0.0,17.0,17.0,46.0,19.0,108.0,263.0,17.125,21.473,5
E09000026,Redbridge,E01003782,Redbridge 026B,405500.0,5.0,1.0,21.0,3.0,1.0,12.0,1.0,15.0,20.0,34.0,113.0,21.961,19.5457,4
E09000026,Redbridge,E01003783,Redbridge 029A,265250.0,17.0,35.0,52.0,4.0,3.0,50.0,38.0,361.0,44.0,169.0,773.0,34.175,31.033,6a
E09000026,Redbridge,E01003784,Redbridge 029B,365000.0,4.0,6.0,7.0,4.0,1.0,5.0,1.0,11.0,18.0,50.0,107.0,18.41,6.91525,2
E09000026,Redbridge,E01003785,Redbridge 029C,323750.0,14.0,16.0,6.0,3.0,2.0,9.0,2.0,27.0,26.0,79.0,184.0,25.704,10.1838,3
E09000026,Redbridge,E01003786,Redbridge 026C,508000.0,4.0,2.0,3.0,1.0,1.0,4.0,4.0,11.0,26.0,19.0,75.0,12.992,4.31107,1b
E09000026,Redbridge,E01003787,Redbridge 026D,548333.3333333334,2.0,0.0,1.0,0.0,0.0,5.0,3.0,7.0,16.0,22.0,56.0,15.402,8.02686,2
E09000026,Redbridge,E01003788,Redbridge 029D,320625.0,22.0,15.0,19.0,2.0,4.0,20.0,6.0,31.0,16.0,85.0,220.0,24.91,18.5283,4
E09000026,Redbridge,E01003789,Redbridge 018A,968500.0,3.0,3.0,3.0,0.0,1.0,2.0,3.0,18.0,19.0,15.0,67.0,10.258,13.8459,3
E09000026,Redbridge,E01003790,Redbridge 027A,837000.0,6.0,3.0,3.0,1.0,0.0,5.0,3.0,3.0,29.0,25.0,78.0,16.218,0.792167,1a
E09000026,Redbridge,E01003791,Redbridge 027B,1004125.0,3.0,10.0,3.0,2.0,1.0,1.0,3.0,7.0,32.0,15.0,77.0,15.669,5.63005,2
E09000026,Redbridge,E01003792,Redbridge 027C,916250.0,7.0,7.0,2.0,0.0,0.0,7.0,1.0,6.0,12.0,18.0,60.0,11.304,4.31212,1b
E09000026,Redbridge,E01003793,Redbridge 027D,395937.5,6.0,6.0,10.0,3.0,0.0,2.0,3.0,13.0,26.0,38.0,107.0,24.975,3.62257,1b
E09000026,Redbridge,E01003794,Redbridge 018B,829000.0,6.0,12.0,3.0,3.0,0.0,3.0,5.0,8.0,11.0,29.0,80.0,7.939,4.31912,1b
E09000026,Redbridge,E01003795,Redbridge 018C,1068062.5,2.0,9.0,3.0,2.0,2.0,8.0,2.0,12.0,40.0,26.0,106.0,8.353,4.09305,1b
E09000026,Redbridge,E01003796,Redbridge 018D,967437.5,7.0,7.0,1.0,2.0,0.0,2.0,1.0,11.0,24.0,19.0,74.0,9.481,9.25719,2
E09000026,Redbridge,E01032581,Redbridge 034G,349375.0,11.0,7.0,7.0,2.0,4.0,21.0,6.0,24.0,19.0,62.0,163.0,27.56,9.0732,2
E09000026,Redbridge,E01033589,Redbridge 030H,273666.6666666667,28.0,13.0,26.0,3.0,7.0,50.0,26.0,125.0,19.0,172.0,469.0,15.334,20.3965,5
E09000026,Redbridge,E01033590,Redbridge 019H,266562.5,8.0,4.0,0.0,0.0,1.0,4.0,3.0,3.0,9.0,31.0,63.0,16.588,3.93757,1b
E09000026,Redbridge,E01033591,Redbridge 030I,362062.5,19.0,30.0,23.0,6.0,1.0,24.0,9.0,88.0,43.0,124.0,367.0,30.489,10.7173,3
E09000026,Redbridge,E01033592,Redbridge 019I,377125.0,7.0,6.0,2.0,0.0,0.0,5.0,1.0,8.0,9.0,30.0,68.0,17.13,3.82496,1b
E09000027,Richmond upon Thames,E01003797,Richmond upon Thames 001A,2671875.0,4.0,3.0,0.0,1.0,0.0,8.0,0.0,8.0,28.0,20.0,72.0,5.944,6.10932,2
E09000027,Richmond upon Thames,E01003798,Richmond upon Thames 001B,1900000.0,7.0,17.0,2.0,1.0,0.0,6.0,0.0,17.0,32.0,13.0,95.0,8.509,9.16319,2
E09000027,Richmond upon Thames,E01003799,Richmond upon Thames 001C,2124250.0,3.0,13.0,1.0,1.0,1.0,1.0,1.0,26.0,57.0,10.0,114.0,7.18,6.33032,2
E09000027,Richmond upon Thames,E01003800,Richmond upon Thames 001D,1699625.0,3.0,9.0,0.0,1.0,0.0,5.0,1.0,23.0,11.0,17.0,70.0,13.145,11.1344,3
E09000027,Richmond upon Thames,E01003801,Richmond upon Thames 001E,1281875.0,8.0,5.0,0.0,0.0,0.0,9.0,3.0,12.0,17.0,7.0,61.0,4.028,8.47715,2
E09000027,Richmond upon Thames,E01003802,Richmond upon Thames 001F,1266437.5,4.0,11.0,1.0,2.0,0.0,2.0,0.0,4.0,5.0,11.0,40.0,4.675,5.28207,2
E09000027,Richmond upon Thames,E01003803,Richmond upon Thames 001G,784375.0,8.0,6.0,2.0,1.0,0.0,12.0,0.0,9.0,12.0,30.0,80.0,23.823,5.81326,2
E09000027,Richmond upon Thames,E01003804,Richmond upon Thames 005A,1035625.0,5.0,11.0,0.0,0.0,0.0,2.0,0.0,5.0,19.0,36.0,78.0,5.756,7.54872,2
E09000027,Richmond upon Thames,E01003805,Richmond upon Thames 012A,1637937.5,3.0,13.0,5.0,1.0,1.0,2.0,0.0,11.0,33.0,10.0,79.0,3.697,1.12237,1a
E09000027,Richmond upon Thames,E01003806,Richmond upon Thames 012B,2162500.0,5.0,2.0,1.0,0.0,1.0,4.0,0.0,10.0,27.0,4.0,54.0,8.022,0.811559,1a
E09000027,Richmond upon Thames,E01003807,Richmond upon Thames 005B,508552.5,7.0,12.0,0.0,0.0,0.0,22.0,4.0,63.0,20.0,51.0,179.0,7.831,9.86465,2
E09000027,Richmond upon Thames,E01003808,Richmond upon Thames 005C,945500.0,7.0,7.0,2.0,0.0,0.0,7.0,0.0,21.0,28.0,17.0,89.0,5.994,9.59648,2
E09000027,Richmond upon Thames,E01003809,Richmond upon Thames 005D,1607500.0,8.0,6.0,3.0,1.0,0.0,5.0,1.0,19.0,22.0,19.0,84.0,6.067,4.66209,1b
E09000027,Richmond upon Thames,E01003810,Richmond upon Thames 019A,942500.0,5.0,2.0,1.0,0.0,0.0,5.0,1.0,11.0,16.0,16.0,57.0,7.461,11.1387,3
E09000027,Richmond upon Thames,E01003811,Richmond upon Thames 018A,819687.5,2.0,4.0,1.0,0.0,1.0,2.0,0.0,4.0,12.0,10.0,36.0,5.515,8.2283,2
E09000027,Richmond upon Thames,E01003812,Richmond upon Thames 018B,793750.0,4.0,6.0,2.0,2.0,0.0,6.0,0.0,22.0,11.0,27.0,80.0,7.792,11.0846,3
E09000027,Richmond upon Thames,E01003813,Richmond upon Thames 019B,1018118.75,3.0,1.0,1.0,1.0,0.0,2.0,0.0,10.0,17.0,12.0,47.0,4.739,4.57371,1b
E09000027,Richmond upon Thames,E01003814,Richmond upon Thames 019C,635187.5,6.0,5.0,3.0,1.0,1.0,7.0,0.0,13.0,4.0,13.0,53.0,8.961,6.42948,2
E09000027,Richmond upon Thames,E01003815,Richmond upon Thames 019D,615999.875,6.0,11.0,2.0,3.0,1.0,15.0,1.0,42.0,14.0,31.0,126.0,8.914,4.81855,1b
E09000027,Richmond upon Thames,E01003816,Richmond upon Thames 012C,1231858.75,8.0,16.0,6.0,4.0,1.0,11.0,2.0,8.0,20.0,18.0,94.0,12.147,1.71255,1a
E09000027,Richmond upon Thames,E01003817,Richmond upon Thames 012D,643125.0,8.0,14.0,7.0,2.0,0.0,13.0,6.0,42.0,18.0,47.0,157.0,11.002,1.10055,1a
E09000027,Richmond upon Thames,E01003818,Richmond upon Thames 017A,574500.0,7.0,1.0,2.0,0.0,0.0,4.0,5.0,6.0,2.0,27.0,54.0,7.107,2.11795,1a
E09000027,Richmond upon Thames,E01003819,Richmond upon Thames 017B,555168.75,10.0,5.0,9.0,1.0,1.0,7.0,1.0,17.0,18.0,41.0,110.0,28.717,1.73335,1a
E09000027,Richmond upon Thames,E01003820,Richmond upon Thames 017C,767375.0,22.0,4.0,2.0,3.0,0.0,5.0,0.0,8.0,9.0,31.0,84.0,11.453,3.48605,1b
E09000027,Richmond upon Thames,E01003821,Richmond upon Thames 008A,807284.75,5.0,5.0,1.0,1.0,0.0,6.0,3.0,14.0,24.0,40.0,99.0,5.143,5.45005,2
E09000027,Richmond upon Thames,E01003822,Richmond upon Thames 023A,1200625.0,2.0,9.0,2.0,3.0,0.0,2.0,1.0,3.0,5.0,0.0,27.0,2.997,5.04173,2
E09000027,Richmond upon Thames,E01003823,Richmond upon Thames 023B,791487.5,23.0,12.0,9.0,4.0,0.0,14.0,4.0,30.0,8.0,38.0,142.0,7.241,2.93877,1b
E09000027,Richmond upon Thames,E01003824,Richmond upon Thames 023C,881931.25,1.0,1.0,1.0,1.0,1.0,2.0,2.0,8.0,15.0,21.0,53.0,4.594,5.92928,2
E09000027,Richmond upon Thames,E01003825,Richmond upon Thames 023D,712500.0,2.0,14.0,0.0,0.0,0.0,1.0,1.0,5.0,6.0,10.0,39.0,3.249,3.41686,1b
E09000027,Richmond upon Thames,E01003826,Richmond upon Thames 023E,504375.0,12.0,6.0,5.0,5.0,1.0,9.0,1.0,14.0,11.0,46.0,110.0,22.898,2.08333,1a
E09000027,Richmond upon Thames,E01003827,Richmond upon Thames 023F,609000.0,10.0,8.0,6.0,1.0,0.0,13.0,2.0,24.0,12.0,36.0,112.0,8.485,4.66336,1b
E09000027,Richmond upon Thames,E01003828,Richmond upon Thames 020A,705618.75,2.0,6.0,0.0,1.0,1.0,2.0,2.0,6.0,9.0,25.0,54.0,6.069,4.59622,1b
E09000027,Richmond upon Thames,E01003829,Richmond upon Thames 020B,489625.0,21.0,11.0,7.0,0.0,1.0,10.0,4.0,60.0,27.0,63.0,204.0,26.698,3.80589,1b
E09000027,Richmond upon Thames,E01003830,Richmond upon Thames 020C,760625.0,8.0,9.0,0.0,1.0,0.0,9.0,0.0,10.0,8.0,19.0,64.0,9.449,4.82117,1b
E09000027,Richmond upon Thames,E01003831,Richmond upon Thames 020D,456000.0,4.0,10.0,0.0,2.0,0.0,2.0,1.0,7.0,11.0,15.0,52.0,10.154,3.87613,1b
E09000027,Richmond upon Thames,E01003832,Richmond upon Thames 020E,368737.5,18.0,3.0,3.0,4.0,1.0,9.0,4.0,12.0,9.0,46.0,109.0,37.019,3.55058,1b
E09000027,Richmond upon Thames,E01003833,Richmond upon Thames 020F,387362.5,6.0,10.0,2.0,1.0,0.0,6.0,2.0,51.0,13.0,50.0,141.0,16.556,4.08739,1b
E09000027,Richmond upon Thames,E01003834,Richmond upon Thames 022A,458800.0,6.0,10.0,5.0,3.0,0.0,6.0,0.0,29.0,7.0,26.0,92.0,7.292,6.75003,2
E09000027,Richmond upon Thames,E01003835,Richmond upon Thames 022B,913125.0,1.0,4.0,0.0,1.0,0.0,4.0,0.0,42.0,5.0,7.0,64.0,4.465,3.94543,1b
E09000027,Richmond upon Thames,E01003836,Richmond upon Thames 022C,707375.0,3.0,4.0,2.0,1.0,0.0,1.0,0.0,10.0,6.0,14.0,41.0,12.983,6.58638,2
E09000027,Richmond upon Thames,E01003837,Richmond upon Thames 022D,665625.0,14.0,11.0,1.0,5.0,1.0,8.0,2.0,11.0,6.0,36.0,95.0,7.835,1.94871,1a
E09000027,Richmond upon Thames,E01003838,Richmond upon Thames 022E,928750.0,4.0,9.0,1.0,1.0,0.0,3.0,2.0,21.0,8.0,12.0,61.0,7.339,6.61121,2
E09000027,Richmond upon Thames,E01003839,Richmond upon Thames 022F,522487.5,11.0,10.0,7.0,3.0,1.0,14.0,1.0,11.0,4.0,57.0,119.0,13.14,10.2645,3
E09000027,Richmond upon Thames,E01003840,Richmond upon Thames 013A,511875.0,2.0,4.0,5.0,3.0,0.0,5.0,2.0,13.0,27.0,28.0,89.0,14.808,4.07902,1b
E09000027,Richmond upon Thames,E01003841,Richmond upon Thames 013B,304500.0,26.0,9.0,6.0,2.0,0.0,17.0,2.0,25.0,38.0,59.0,184.0,26.04,3.71158,1b
E09000027,Richmond upon Thames,E01003842,Richmond upon Thames 013C,507499.625,8.0,9.0,3.0,3.0,1.0,8.0,0.0,10.0,16.0,41.0,99.0,20.358,3.1675,1b
E09000027,Richmond upon Thames,E01003843,Richmond upon Thames 013D,606875.0,13.0,14.0,5.0,0.0,0.0,12.0,1.0,12.0,32.0,25.0,114.0,15.73,4.02523,1b
E09000027,Richmond upon Thames,E01003844,Richmond upon Thames 013E,847500.0,10.0,10.0,0.0,0.0,0.0,6.0,1.0,14.0,33.0,43.0,117.0,9.207,6.60147,2
E09000027,Richmond upon Thames,E01003845,Richmond upon Thames 013F,626500.0,2.0,11.0,2.0,0.0,1.0,1.0,5.0,11.0,38.0,21.0,92.0,9.314,2.95048,1b
E09000027,Richmond upon Thames,E01003846,Richmond upon Thames 002A,1332312.5,4.0,11.0,0.0,0.0,0.0,2.0,0.0,8.0,33.0,7.0,65.0,4.171,6.95003,2
E09000027,Richmond upon Thames,E01003847,Richmond upon Thames 002B,552375.0,15.0,16.0,3.0,0.0,0.0,4.0,0.0,52.0,26.0,20.0,136.0,6.72,3.82784,1b
E09000027,Richmond upon Thames,E01003848,Richmond upon Thames 004A,763750.0,3.0,2.0,4.0,2.0,0.0,3.0,0.0,21.0,11.0,19.0,65.0,11.354,15.4261,4
E09000027,Richmond upon Thames,E01003849,Richmond upon Thames 002C,963750.0,12.0,7.0,0.0,0.0,0.0,3.0,2.0,9.0,18.0,24.0,75.0,8.448,8.61002,2
E09000027,Richmond upon Thames,E01003851,Richmond upon Thames 002D,1440875.0,5.0,14.0,2.0,0.0,0.0,5.0,0.0,17.0,40.0,18.0,101.0,5.879,8.76742,2
E09000027,Richmond upon Thames,E01003852,Richmond upon Thames 003A,706250.0,2.0,15.0,5.0,0.0,1.0,7.0,3.0,12.0,19.0,17.0,81.0,13.631,12.4464,3
E09000027,Richmond upon Thames,E01003853,Richmond upon Thames 003B,1845019.5,5.0,15.0,5.0,0.0,0.0,7.0,2.0,6.0,19.0,15.0,74.0,11.466,9.37238,2
E09000027,Richmond upon Thames,E01003854,Richmond upon Thames 003C,1421250.0,5.0,8.0,4.0,0.0,3.0,10.0,5.0,44.0,27.0,22.0,128.0,7.824,10.799,3
E09000027,Richmond upon Thames,E01003855,Richmond upon Thames 003D,770687.5,22.0,14.0,3.0,7.0,2.0,9.0,4.0,23.0,20.0,62.0,166.0,19.172,5.30982,2
E09000027,Richmond upon Thames,E01003856,Richmond upon Thames 003E,645000.0,2.0,2.0,3.0,0.0,0.0,2.0,1.0,8.0,15.0,21.0,54.0,6.295,8.33843,2
E09000027,Richmond upon Thames,E01003857,Richmond upon Thames 003F,938775.0,5.0,3.0,3.0,1.0,0.0,4.0,1.0,6.0,21.0,18.0,62.0,5.533,6.61309,2
E09000027,Richmond upon Thames,E01003858,Richmond upon Thames 003G,1276875.0,5.0,13.0,1.0,0.0,0.0,5.0,2.0,26.0,26.0,18.0,96.0,3.877,7.39134,2
E09000027,Richmond upon Thames,E01003859,Richmond upon Thames 005E,1183750.0,6.0,8.0,2.0,1.0,1.0,7.0,0.0,9.0,28.0,14.0,76.0,6.736,8.3253,2
E09000027,Richmond upon Thames,E01003860,Richmond upon Thames 002E,1000750.0,15.0,10.0,9.0,1.0,1.0,7.0,5.0,50.0,43.0,30.0,171.0,9.269,7.28793,2
E09000027,Richmond upon Thames,E01003861,Richmond upon Thames 004C,725000.0,10.0,11.0,1.0,0.0,0.0,2.0,0.0,12.0,25.0,18.0,79.0,8.226,23.9086,5
E09000027,Richmond upon Thames,E01003862,Richmond upon Thames 004D,641875.0,10.0,10.0,3.0,1.0,1.0,10.0,3.0,52.0,34.0,41.0,165.0,17.786,12.0508,3
E09000027,Richmond upon Thames,E01003863,Richmond upon Thames 004E,1087750.0,6.0,16.0,1.0,1.0,1.0,4.0,2.0,13.0,18.0,17.0,79.0,18.695,15.0247,4
E09000027,Richmond upon Thames,E01003864,Richmond upon Thames 002F,936250.0,6.0,4.0,0.0,2.0,0.0,6.0,0.0,22.0,20.0,19.0,79.0,7.131,14.337,3
E09000027,Richmond upon Thames,E01003865,Richmond upon Thames 004F,827802.625,9.0,6.0,1.0,1.0,0.0,10.0,0.0,9.0,6.0,26.0,68.0,11.466,7.77851,2
E09000027,Richmond upon Thames,E01003866,Richmond upon Thames 007A,974812.5,3.0,5.0,0.0,1.0,0.0,0.0,0.0,6.0,12.0,5.0,32.0,3.804,7.67142,2
E09000027,Richmond upon Thames,E01003867,Richmond upon Thames 011A,801250.0,9.0,9.0,4.0,4.0,0.0,9.0,2.0,47.0,13.0,57.0,154.0,11.779,7.95438,2
E09000027,Richmond upon Thames,E01003868,Richmond upon Thames 007B,659687.5,8.0,3.0,1.0,0.0,0.0,4.0,1.0,16.0,12.0,8.0,53.0,5.583,12.3467,3
E09000027,Richmond upon Thames,E01003869,Richmond upon Thames 011B,590000.0,10.0,8.0,4.0,0.0,0.0,9.0,0.0,15.0,18.0,31.0,95.0,5.06,11.5189,3
E09000027,Richmond upon Thames,E01003870,Richmond upon Thames 011C,798562.5,2.0,11.0,3.0,0.0,0.0,6.0,3.0,13.0,21.0,27.0,86.0,5.807,8.73501,2
E09000027,Richmond upon Thames,E01003871,Richmond upon Thames 007C,1004999.375,3.0,3.0,0.0,2.0,1.0,2.0,0.0,3.0,11.0,13.0,38.0,4.824,4.939,1b
E09000027,Richmond upon Thames,E01003872,Richmond upon Thames 007D,629125.0,2.0,5.0,7.0,0.0,1.0,1.0,1.0,7.0,14.0,17.0,55.0,7.634,6.44728,2
E09000027,Richmond upon Thames,E01003873,Richmond upon Thames 006A,808500.0,16.0,9.0,11.0,1.0,2.0,9.0,5.0,39.0,40.0,43.0,175.0,7.46,26.0067,6a
E09000027,Richmond upon Thames,E01003874,Richmond upon Thames 006B,888125.0,5.0,12.0,0.0,0.0,0.0,5.0,0.0,10.0,10.0,13.0,55.0,5.246,13.3992,3
E09000027,Richmond upon Thames,E01003875,Richmond upon Thames 006C,839500.0,4.0,14.0,3.0,5.0,0.0,5.0,0.0,10.0,18.0,21.0,80.0,7.33,6.25354,2
E09000027,Richmond upon Thames,E01003876,Richmond upon Thames 008B,955625.0,53.0,31.0,15.0,5.0,2.0,55.0,38.0,477.0,183.0,142.0,1001.0,6.706,27.4481,6a
E09000027,Richmond upon Thames,E01003877,Richmond upon Thames 008C,1120937.5,3.0,6.0,3.0,2.0,0.0,1.0,0.0,12.0,14.0,12.0,53.0,6.021,14.9334,3
E09000027,Richmond upon Thames,E01003878,Richmond upon Thames 006D,1529375.0,20.0,5.0,7.0,0.0,2.0,10.0,3.0,8.0,12.0,34.0,101.0,19.583,1.55146,1a
E09000027,Richmond upon Thames,E01003879,Richmond upon Thames 008D,1173750.0,3.0,7.0,1.0,0.0,0.0,1.0,1.0,13.0,17.0,11.0,54.0,5.901,3.26691,1b
E09000027,Richmond upon Thames,E01003880,Richmond upon Thames 016A,1194000.0,4.0,7.0,7.0,1.0,0.0,8.0,1.0,17.0,16.0,7.0,68.0,6.098,10.0568,3
E09000027,Richmond upon Thames,E01003881,Richmond upon Thames 016B,1116250.0,2.0,0.0,2.0,1.0,0.0,0.0,1.0,16.0,6.0,21.0,49.0,4.598,6.11107,2
E09000027,Richmond upon Thames,E01003882,Richmond upon Thames 014A,929000.0,9.0,7.0,1.0,2.0,1.0,6.0,5.0,31.0,13.0,29.0,104.0,6.198,16.6946,4
E09000027,Richmond upon Thames,E01003883,Richmond upon Thames 014B,648500.0,5.0,7.0,1.0,0.0,0.0,5.0,2.0,12.0,12.0,14.0,58.0,4.784,9.50809,2
E09000027,Richmond upon Thames,E01003884,Richmond upon Thames 016C,815000.0,4.0,8.0,2.0,2.0,0.0,8.0,3.0,18.0,10.0,25.0,80.0,5.571,10.1512,3
E09000027,Richmond upon Thames,E01003885,Richmond upon Thames 016D,512812.5,5.0,4.0,1.0,0.0,0.0,3.0,1.0,8.0,7.0,31.0,60.0,6.094,9.96644,2
E09000027,Richmond upon Thames,E01003886,Richmond upon Thames 021A,802662.5,4.0,5.0,0.0,2.0,0.0,2.0,0.0,13.0,9.0,8.0,43.0,3.466,10.9734,3
E09000027,Richmond upon Thames,E01003887,Richmond upon Thames 021B,723743.75,9.0,13.0,1.0,0.0,0.0,10.0,2.0,39.0,6.0,24.0,104.0,4.573,11.9381,3
E09000027,Richmond upon Thames,E01003888,Richmond upon Thames 021C,792500.0,14.0,13.0,3.0,5.0,0.0,2.0,2.0,68.0,10.0,41.0,158.0,13.591,4.75512,1b
E09000027,Richmond upon Thames,E01003889,Richmond upon Thames 021D,632812.5,8.0,4.0,3.0,4.0,1.0,4.0,0.0,17.0,2.0,23.0,66.0,4.826,2.32395,1a
E09000027,Richmond upon Thames,E01003890,Richmond upon Thames 018C,930999.75,2.0,7.0,0.0,0.0,0.0,0.0,0.0,10.0,5.0,13.0,37.0,6.593,5.62006,2
E09000027,Richmond upon Thames,E01003891,Richmond upon Thames 018D,716034.125,3.0,5.0,1.0,1.0,0.0,8.0,0.0,34.0,7.0,15.0,74.0,2.666,6.25637,2
E09000027,Richmond upon Thames,E01003892,Richmond upon Thames 009A,1037500.0,3.0,9.0,0.0,2.0,0.0,1.0,1.0,12.0,12.0,20.0,60.0,3.779,8.13706,2
E09000027,Richmond upon Thames,E01003893,Richmond upon Thames 009B,527250.0,2.0,5.0,3.0,2.0,0.0,4.0,0.0,23.0,3.0,13.0,55.0,6.7,12.1823,3
E09000027,Richmond upon Thames,E01003894,Richmond upon Thames 009C,678875.0,4.0,3.0,3.0,0.0,0.0,2.0,1.0,9.0,7.0,16.0,45.0,4.823,14.35,3
E09000027,Richmond upon Thames,E01003895,Richmond upon Thames 009D,666250.0,4.0,2.0,7.0,1.0,0.0,5.0,2.0,12.0,7.0,28.0,68.0,8.016,10.5819,3
E09000027,Richmond upon Thames,E01003896,Richmond upon Thames 014C,480612.5,17.0,17.0,13.0,2.0,4.0,29.0,4.0,98.0,9.0,71.0,264.0,7.551,19.8683,4
E09000027,Richmond upon Thames,E01003897,Richmond upon Thames 014D,496562.5,14.0,7.0,7.0,1.0,3.0,13.0,5.0,61.0,13.0,58.0,182.0,8.295,21.7385,5
E09000027,Richmond upon Thames,E01003898,Richmond upon Thames 015A,584125.0,6.0,5.0,0.0,1.0,0.0,5.0,0.0,9.0,10.0,21.0,57.0,7.887,11.1942,3
E09000027,Richmond upon Thames,E01003899,Richmond upon Thames 015B,584375.0,7.0,7.0,1.0,1.0,0.0,4.0,0.0,21.0,10.0,12.0,63.0,5.147,8.2658,2
E09000027,Richmond upon Thames,E01003900,Richmond upon Thames 015C,763000.0,10.0,7.0,3.0,2.0,1.0,10.0,0.0,22.0,5.0,38.0,98.0,21.164,7.3949,2
E09000027,Richmond upon Thames,E01003901,Richmond upon Thames 015D,733581.25,6.0,5.0,4.0,1.0,0.0,2.0,0.0,9.0,23.0,15.0,65.0,7.055,1.69309,1a
E09000027,Richmond upon Thames,E01003902,Richmond upon Thames 015E,625750.0,5.0,3.0,0.0,0.0,1.0,4.0,3.0,19.0,8.0,30.0,73.0,5.894,7.08943,2
E09000027,Richmond upon Thames,E01003903,Richmond upon Thames 015F,666875.0,13.0,7.0,7.0,2.0,0.0,8.0,3.0,37.0,34.0,33.0,144.0,13.193,5.39507,2
E09000027,Richmond upon Thames,E01003904,Richmond upon Thames 015G,630750.0,13.0,5.0,5.0,0.0,0.0,7.0,5.0,9.0,14.0,20.0,78.0,10.731,5.06126,2
E09000027,Richmond upon Thames,E01003905,Richmond upon Thames 010A,531375.0,8.0,4.0,0.0,0.0,0.0,3.0,1.0,2.0,5.0,19.0,42.0,7.581,5.18296,2
E09000027,Richmond upon Thames,E01003906,Richmond upon Thames 010B,476306.25,7.0,2.0,1.0,4.0,0.0,8.0,1.0,16.0,20.0,29.0,88.0,12.068,7.87389,2
E09000027,Richmond upon Thames,E01003907,Richmond upon Thames 010C,589437.5,6.0,6.0,4.0,2.0,1.0,6.0,0.0,6.0,17.0,35.0,83.0,20.973,2.00928,1a
E09000027,Richmond upon Thames,E01003908,Richmond upon Thames 010D,581500.0,1.0,7.0,2.0,0.0,1.0,3.0,2.0,7.0,14.0,20.0,57.0,6.907,6.12218,2
E09000027,Richmond upon Thames,E01003909,Richmond upon Thames 010E,713750.0,8.0,15.0,10.0,2.0,1.0,21.0,11.0,80.0,18.0,47.0,213.0,7.634,7.82695,2
E09000027,Richmond upon Thames,E01003910,Richmond upon Thames 011D,599500.0,9.0,2.0,0.0,1.0,1.0,2.0,0.0,3.0,21.0,13.0,52.0,6.487,4.11358,1b
E09000027,Richmond upon Thames,E01033570,Richmond upon Thames 004G,570687.5,11.0,18.0,3.0,2.0,1.0,5.0,1.0,57.0,20.0,23.0,141.0,15.262,2.85796,1b
E09000027,Richmond upon Thames,E01033571,Richmond upon Thames 004H,1187812.5,6.0,6.0,3.0,1.0,1.0,4.0,0.0,9.0,10.0,25.0,65.0,13.495,5.87337,2
E09000028,Southwark,E01003911,Southwark 020A,499375.0,11.0,10.0,12.0,0.0,1.0,10.0,6.0,26.0,10.0,60.0,146.0,29.823,14.285,3
E09000028,Southwark,E01003912,Southwark 019A,,8.0,8.0,6.0,1.0,0.0,6.0,8.0,21.0,11.0,28.0,97.0,40.627,13.4737,3
E09000028,Southwark,E01003913,Southwark 024A,739000.0,27.0,19.0,29.0,2.0,4.0,23.0,19.0,89.0,25.0,180.0,417.0,19.198,25.1306,6a
E09000028,Southwark,E01003914,Southwark 024B,697875.0,10.0,12.0,8.0,0.0,1.0,12.0,6.0,42.0,16.0,49.0,156.0,21.514,13.8509,3
E09000028,Southwark,E01003915,Southwark 024C,427262.5,17.0,13.0,13.0,0.0,1.0,4.0,10.0,21.0,15.0,41.0,135.0,28.036,7.36537,2
E09000028,Southwark,E01003916,Southwark 020B,428250.0,24.0,17.0,14.0,0.0,0.0,17.0,14.0,53.0,12.0,77.0,228.0,24.749,7.25009,2
E09000028,Southwark,E01003917,Southwark 020C,397500.0,9.0,14.0,4.0,1.0,2.0,10.0,6.0,26.0,5.0,33.0,110.0,30.163,12.0831,3
E09000028,Southwark,E01003918,Southwark 020D,392500.0,8.0,23.0,4.0,1.0,0.0,8.0,11.0,27.0,6.0,41.0,129.0,34.58,18.7464,4
E09000028,Southwark,E01003919,Southwark 021A,468750.0,21.0,20.0,5.0,3.0,2.0,7.0,7.0,40.0,19.0,58.0,182.0,23.585,20.7302,5
E09000028,Southwark,E01003920,Southwark 021B,342915.0,12.0,13.0,8.0,1.0,1.0,17.0,8.0,14.0,9.0,55.0,138.0,32.296,21.9918,5
E09000028,Southwark,E01003921,Southwark 021C,366375.0,41.0,18.0,21.0,4.0,7.0,46.0,32.0,209.0,13.0,163.0,554.0,39.685,33.812,6a
E09000028,Southwark,E01003922,Southwark 021D,378437.5,19.0,11.0,15.0,1.0,2.0,22.0,10.0,77.0,10.0,70.0,237.0,30.64,27.1055,6a
E09000028,Southwark,E01003923,Southwark 017A,527062.5,8.0,13.0,10.0,1.0,5.0,9.0,9.0,27.0,10.0,41.0,133.0,26.667,19.9945,4
E09000028,Southwark,E01003924,Southwark 021E,471250.0,18.0,18.0,5.0,4.0,1.0,6.0,2.0,34.0,14.0,49.0,151.0,31.183,23.2131,5
E09000028,Southwark,E01003925,Southwark 020E,462125.0,4.0,7.0,3.0,2.0,0.0,5.0,5.0,25.0,4.0,37.0,92.0,32.72,16.701,4
E09000028,Southwark,E01003926,Southwark 021F,395666.6666666667,9.0,5.0,10.0,0.0,2.0,9.0,4.0,20.0,5.0,41.0,105.0,31.441,15.3548,4
E09000028,Southwark,E01003927,Southwark 002A,554812.5,16.0,33.0,16.0,2.0,2.0,15.0,10.0,209.0,11.0,60.0,374.0,16.421,79.5195,6b
E09000028,Southwark,E01003929,Southwark 002B,781875.0,18.0,51.0,57.0,5.0,7.0,30.0,43.0,860.0,13.0,107.0,1191.0,22.973,92.32,6b
E09000028,Southwark,E01003930,Southwark 034A,534562.5,10.0,16.0,7.0,0.0,2.0,12.0,9.0,55.0,8.0,51.0,170.0,28.921,98.7026,6b
E09000028,Southwark,E01003932,Southwark 034B,453125.0,27.0,19.0,14.0,1.0,2.0,13.0,21.0,154.0,13.0,74.0,338.0,38.967,78.2513,6b
E09000028,Southwark,E01003933,Southwark 034C,709750.0,31.0,15.0,14.0,0.0,5.0,29.0,13.0,131.0,13.0,66.0,317.0,33.607,63.6931,6b
E09000028,Southwark,E01003934,Southwark 002C,873750.0,15.0,36.0,36.0,3.0,2.0,20.0,51.0,539.0,6.0,58.0,766.0,18.616,75.8419,6b
E09000028,Southwark,E01003935,Southwark 002D,1185750.0,4.0,22.0,5.0,0.0,1.0,8.0,16.0,122.0,7.0,26.0,211.0,21.011,71.412,6b
E09000028,Southwark,E01003936,Southwark 009A,662500.0,4.0,13.0,4.0,1.0,1.0,13.0,9.0,35.0,4.0,16.0,100.0,14.247,55.6753,6b
E09000028,Southwark,E01003937,Southwark 009B,398125.0,13.0,12.0,36.0,2.0,1.0,17.0,16.0,128.0,12.0,51.0,288.0,24.291,76.3364,6b
E09000028,Southwark,E01003938,Southwark 006A,435250.0,10.0,13.0,9.0,2.0,1.0,11.0,4.0,25.0,3.0,19.0,97.0,31.171,63.9147,6b
E09000028,Southwark,E01003939,Southwark 002E,522514.875,26.0,36.0,37.0,5.0,5.0,33.0,38.0,425.0,20.0,132.0,757.0,20.471,89.4512,6b
E09000028,Southwark,E01003940,Southwark 006B,420625.0,7.0,10.0,13.0,2.0,1.0,0.0,5.0,20.0,19.0,21.0,98.0,33.392,31.057,6a
E09000028,Southwark,E01003941,Southwark 006C,845000.0,13.0,17.0,9.0,2.0,2.0,12.0,11.0,76.0,11.0,46.0,199.0,18.245,19.919,4
E09000028,Southwark,E01003942,Southwark 006D,460625.0,10.0,22.0,8.0,4.0,1.0,12.0,5.0,32.0,13.0,44.0,151.0,31.341,30.0469,6a
E09000028,Southwark,E01003943,Southwark 009C,374625.0,12.0,13.0,7.0,2.0,1.0,11.0,6.0,23.0,11.0,44.0,130.0,40.136,65.1941,6b
E09000028,Southwark,E01003945,Southwark 033A,506000.0,1.0,16.0,2.0,0.0,1.0,5.0,3.0,6.0,32.0,13.0,79.0,16.412,6.43321,2
E09000028,Southwark,E01003946,Southwark 033B,684612.5,2.0,6.0,1.0,2.0,1.0,6.0,5.0,14.0,28.0,24.0,89.0,17.006,8.85067,2
E09000028,Southwark,E01003947,Southwark 033C,,12.0,4.0,9.0,4.0,0.0,8.0,2.0,11.0,14.0,47.0,111.0,36.138,8.84743,2
E09000028,Southwark,E01003948,Southwark 033D,443125.0,3.0,15.0,5.0,3.0,0.0,3.0,7.0,16.0,28.0,25.0,105.0,17.282,15.3887,4
E09000028,Southwark,E01003949,Southwark 032A,459750.0,14.0,12.0,2.0,1.0,0.0,6.0,4.0,15.0,33.0,27.0,114.0,17.081,9.00387,2
E09000028,Southwark,E01003950,Southwark 032B,470250.0,9.0,11.0,3.0,1.0,0.0,7.0,6.0,13.0,19.0,36.0,105.0,27.465,8.68232,2
E09000028,Southwark,E01003951,Southwark 033E,817812.5,9.0,11.0,4.0,2.0,2.0,8.0,9.0,24.0,20.0,20.0,109.0,16.049,4.94678,1b
E09000028,Southwark,E01003952,Southwark 030A,880125.0,7.0,22.0,3.0,0.0,0.0,8.0,7.0,120.0,23.0,42.0,232.0,15.594,16.5506,4
E09000028,Southwark,E01003953,Southwark 028A,869375.0,18.0,23.0,6.0,3.0,0.0,22.0,15.0,79.0,22.0,41.0,229.0,18.641,17.4577,4
E09000028,Southwark,E01003954,Southwark 030B,708750.0,4.0,6.0,0.0,0.0,0.0,1.0,1.0,22.0,16.0,21.0,71.0,17.262,12.4087,3
E09000028,Southwark,E01003955,Southwark 028B,802062.5,3.0,15.0,2.0,2.0,1.0,8.0,0.0,11.0,30.0,17.0,89.0,18.283,11.1178,3
E09000028,Southwark,E01003956,Southwark 030C,700625.0,6.0,8.0,1.0,0.0,0.0,1.0,0.0,14.0,12.0,17.0,59.0,11.825,11.4817,3
E09000028,Southwark,E01003957,Southwark 032C,615937.5,6.0,6.0,1.0,0.0,0.0,7.0,2.0,8.0,26.0,37.0,93.0,14.122,9.48494,2
E09000028,Southwark,E01003958,Southwark 032D,765000.0,2.0,17.0,4.0,0.0,0.0,11.0,4.0,32.0,13.0,40.0,123.0,16.322,11.488,3
E09000028,Southwark,E01003960,Southwark 012A,711250.0,14.0,13.0,11.0,2.0,0.0,7.0,5.0,34.0,10.0,49.0,145.0,27.356,32.6668,6a
E09000028,Southwark,E01003961,Southwark 012B,363125.0,12.0,18.0,10.0,3.0,3.0,14.0,12.0,56.0,19.0,62.0,209.0,37.844,21.5532,5
E09000028,Southwark,E01003963,Southwark 016A,411000.0,11.0,5.0,3.0,4.0,1.0,9.0,7.0,23.0,7.0,58.0,128.0,39.212,27.8448,6a
E09000028,Southwark,E01003964,Southwark 015A,505000.0,12.0,7.0,18.0,0.0,2.0,8.0,7.0,19.0,5.0,37.0,115.0,35.378,12.6048,3
E09000028,Southwark,E01003966,Southwark 015B,305000.0,19.0,11.0,17.0,1.0,3.0,27.0,12.0,43.0,13.0,87.0,233.0,33.346,19.6325,4
E09000028,Southwark,E01003967,Southwark 016B,425000.0,8.0,16.0,8.0,3.0,0.0,17.0,13.0,26.0,7.0,32.0,130.0,31.354,19.6174,4
E09000028,Southwark,E01003968,Southwark 015C,,15.0,10.0,19.0,3.0,3.0,4.0,10.0,26.0,25.0,61.0,176.0,46.579,6.82276,2
E09000028,Southwark,E01003969,Southwark 017B,581862.5,22.0,31.0,27.0,3.0,3.0,36.0,47.0,108.0,12.0,119.0,408.0,24.1,20.5273,5
E09000028,Southwark,E01003970,Southwark 016C,570750.0,8.0,16.0,8.0,3.0,0.0,17.0,13.0,26.0,7.0,32.0,130.0,38.992,9.20853,2
E09000028,Southwark,E01003971,Southwark 015D,,6.0,12.0,10.0,1.0,0.0,12.0,4.0,15.0,4.0,42.0,106.0,50.411,13.4816,3
E09000028,Southwark,E01003972,Southwark 016D,436666.6666666667,10.0,7.0,17.0,2.0,3.0,6.0,11.0,28.0,6.0,51.0,141.0,27.729,14.3897,3
E09000028,Southwark,E01003973,Southwark 016E,325000.0,8.0,9.0,13.0,4.0,4.0,24.0,9.0,74.0,18.0,58.0,221.0,29.812,23.6952,5
E09000028,Southwark,E01003974,Southwark 015E,,15.0,10.0,19.0,3.0,3.0,4.0,10.0,26.0,25.0,61.0,176.0,35.37,9.0756,2
E09000028,Southwark,E01003975,Southwark 004A,438875.0,10.0,14.0,11.0,3.0,1.0,9.0,3.0,29.0,14.0,43.0,137.0,31.043,10.9034,3
E09000028,Southwark,E01003976,Southwark 003A,446750.0,17.0,27.0,13.0,2.0,0.0,7.0,9.0,65.0,12.0,59.0,211.0,30.428,21.5032,5
E09000028,Southwark,E01003977,Southwark 010A,453437.5,16.0,10.0,8.0,2.0,0.0,19.0,1.0,20.0,15.0,52.0,143.0,27.452,7.06045,2
E09000028,Southwark,E01003978,Southwark 004B,544750.0,11.0,26.0,5.0,1.0,1.0,11.0,2.0,21.0,12.0,34.0,124.0,22.926,9.21538,2
E09000028,Southwark,E01003979,Southwark 006E,756675.0,24.0,50.0,10.0,2.0,3.0,11.0,14.0,130.0,15.0,65.0,324.0,29.514,18.2871,4
E09000028,Southwark,E01003980,Southwark 013A,339500.0,13.0,16.0,13.0,2.0,3.0,17.0,13.0,73.0,11.0,66.0,227.0,32.853,15.5438,4
E09000028,Southwark,E01003981,Southwark 006F,566750.0,27.0,31.0,41.0,4.0,5.0,43.0,49.0,407.0,117.0,98.0,822.0,26.493,84.3865,6b
E09000028,Southwark,E01003983,Southwark 018A,361500.0,9.0,7.0,8.0,1.0,2.0,14.0,10.0,27.0,16.0,54.0,148.0,31.14,13.772,3
E09000028,Southwark,E01003984,Southwark 023A,549250.0,10.0,8.0,7.0,0.0,3.0,16.0,16.0,71.0,12.0,44.0,187.0,35.23,20.6753,5
E09000028,Southwark,E01003986,Southwark 011A,362500.0,14.0,17.0,6.0,2.0,0.0,9.0,10.0,35.0,18.0,54.0,165.0,38.146,13.1411,3
E09000028,Southwark,E01003987,Southwark 011B,383750.0,8.0,13.0,5.0,2.0,0.0,7.0,1.0,16.0,14.0,66.0,132.0,34.241,4.31175,1b
E09000028,Southwark,E01003988,Southwark 018B,,20.0,24.0,9.0,1.0,3.0,15.0,6.0,59.0,24.0,87.0,248.0,31.655,10.7857,3
E09000028,Southwark,E01003989,Southwark 018C,350875.0,8.0,20.0,20.0,2.0,3.0,16.0,11.0,52.0,21.0,89.0,242.0,28.863,9.99103,2
E09000028,Southwark,E01003990,Southwark 018D,557500.0,10.0,3.0,10.0,2.0,2.0,12.0,10.0,28.0,20.0,60.0,157.0,31.077,11.0672,3
E09000028,Southwark,E01003991,Southwark 017C,455446.0,7.0,8.0,1.0,5.0,1.0,2.0,3.0,14.0,7.0,30.0,78.0,39.26,8.15529,2
E09000028,Southwark,E01003992,Southwark 014A,503333.3333333333,6.0,5.0,2.0,3.0,1.0,6.0,0.0,16.0,13.0,33.0,85.0,32.416,16.5964,4
E09000028,Southwark,E01003993,Southwark 017D,380250.0,17.0,14.0,4.0,4.0,1.0,7.0,2.0,26.0,10.0,41.0,126.0,28.38,8.92975,2
E09000028,Southwark,E01003994,Southwark 012E,602500.0,19.0,26.0,12.0,7.0,2.0,34.0,28.0,126.0,9.0,95.0,358.0,35.666,35.947,6a
E09000028,Southwark,E01003995,Southwark 014B,445000.0,11.0,6.0,3.0,2.0,2.0,13.0,5.0,14.0,3.0,36.0,95.0,35.076,45.6154,6b
E09000028,Southwark,E01003997,Southwark 017E,893750.0,4.0,6.0,2.0,4.0,0.0,4.0,3.0,22.0,7.0,21.0,73.0,30.268,18.504,4
E09000028,Southwark,E01003998,Southwark 014D,629375.0,8.0,9.0,6.0,1.0,3.0,9.0,7.0,48.0,15.0,19.0,125.0,25.146,34.3612,6a
E09000028,Southwark,E01003999,Southwark 014E,360000.0,6.0,4.0,5.0,2.0,2.0,14.0,6.0,11.0,5.0,29.0,84.0,24.487,18.3586,4
E09000028,Southwark,E01004000,Southwark 026A,700281.25,18.0,15.0,2.0,2.0,4.0,11.0,3.0,29.0,30.0,30.0,144.0,27.983,13.3242,3
E09000028,Southwark,E01004001,Southwark 026B,581708.5,12.0,9.0,5.0,0.0,1.0,3.0,3.0,13.0,19.0,29.0,94.0,35.784,8.26902,2
E09000028,Southwark,E01004002,Southwark 029A,770125.0,8.0,4.0,2.0,0.0,4.0,6.0,1.0,11.0,34.0,17.0,87.0,17.58,7.92082,2
E09000028,Southwark,E01004003,Southwark 023B,329750.0,8.0,8.0,10.0,4.0,4.0,8.0,8.0,21.0,20.0,48.0,139.0,35.58,17.3645,4
E09000028,Southwark,E01004004,Southwark 023C,565000.0,13.0,12.0,17.0,1.0,1.0,11.0,23.0,38.0,23.0,48.0,187.0,31.644,23.1322,5
E09000028,Southwark,E01004005,Southwark 023D,459375.0,11.0,21.0,19.0,2.0,1.0,17.0,32.0,45.0,22.0,87.0,257.0,45.149,24.5143,5
E09000028,Southwark,E01004006,Southwark 023E,746312.5,10.0,3.0,6.0,4.0,0.0,8.0,7.0,13.0,30.0,38.0,119.0,26.449,16.3159,4
E09000028,Southwark,E01004007,Southwark 018E,348750.0,3.0,8.0,7.0,2.0,2.0,6.0,6.0,16.0,7.0,34.0,91.0,39.431,10.8004,3
E09000028,Southwark,E01004008,Southwark 022B,405000.0,17.0,6.0,9.0,4.0,3.0,11.0,15.0,25.0,8.0,45.0,143.0,34.841,28.8441,6a
E09000028,Southwark,E01004010,Southwark 022D,401875.0,10.0,12.0,14.0,4.0,3.0,19.0,32.0,125.0,3.0,119.0,341.0,32.313,25.2333,6a
E09000028,Southwark,E01004011,Southwark 019B,402500.0,6.0,12.0,9.0,4.0,2.0,3.0,6.0,25.0,18.0,46.0,131.0,30.983,10.4316,3
E09000028,Southwark,E01004012,Southwark 019C,325375.0,13.0,16.0,11.0,1.0,1.0,5.0,2.0,31.0,18.0,63.0,161.0,27.301,5.62015,2
E09000028,Southwark,E01004013,Southwark 019D,370875.0,6.0,7.0,9.0,1.0,1.0,6.0,4.0,18.0,4.0,37.0,93.0,39.137,14.4653,3
E09000028,Southwark,E01004014,Southwark 019E,393625.0,9.0,11.0,3.0,1.0,1.0,6.0,5.0,15.0,16.0,49.0,116.0,33.895,6.73928,2
E09000028,Southwark,E01004015,Southwark 028C,624750.0,5.0,9.0,7.0,1.0,0.0,8.0,12.0,48.0,17.0,48.0,155.0,22.806,10.0316,3
E09000028,Southwark,E01004016,Southwark 029B,609062.5,13.0,19.0,6.0,1.0,2.0,2.0,3.0,36.0,36.0,32.0,150.0,20.176,8.0044,2
E09000028,Southwark,E01004017,Southwark 029C,823375.0,5.0,11.0,3.0,1.0,0.0,6.0,2.0,15.0,16.0,16.0,75.0,15.612,7.87077,2
E09000028,Southwark,E01004018,Southwark 032E,603750.0,3.0,7.0,0.0,1.0,0.0,6.0,2.0,19.0,20.0,19.0,77.0,11.302,6.66859,2
E09000028,Southwark,E01004019,Southwark 026C,530125.0,10.0,10.0,7.0,1.0,1.0,1.0,12.0,31.0,27.0,25.0,125.0,24.043,11.8681,3
E09000028,Southwark,E01004020,Southwark 029D,397750.0,8.0,9.0,7.0,0.0,4.0,7.0,5.0,20.0,12.0,48.0,120.0,28.028,4.82233,1b
E09000028,Southwark,E01004021,Southwark 028D,523813.75,9.0,21.0,7.0,3.0,2.0,19.0,8.0,63.0,35.0,29.0,196.0,14.812,16.2104,4
E09000028,Southwark,E01004022,Southwark 004C,322600.0,7.0,8.0,9.0,3.0,3.0,5.0,4.0,31.0,7.0,43.0,120.0,24.603,15.2282,4
E09000028,Southwark,E01004023,Southwark 004D,426312.5,9.0,7.0,18.0,7.0,0.0,16.0,9.0,65.0,11.0,43.0,185.0,28.547,14.8683,3
E09000028,Southwark,E01004024,Southwark 011C,313750.0,12.0,25.0,9.0,3.0,1.0,10.0,3.0,50.0,15.0,41.0,169.0,31.179,14.9454,3
E09000028,Southwark,E01004027,Southwark 003E,547125.0,15.0,8.0,14.0,1.0,2.0,9.0,8.0,92.0,5.0,41.0,195.0,19.542,70.7293,6b
E09000028,Southwark,E01004028,Southwark 004E,463500.0,25.0,18.0,13.0,3.0,0.0,10.0,8.0,71.0,15.0,49.0,212.0,26.416,12.6684,3
E09000028,Southwark,E01004029,Southwark 001A,484375.0,3.0,10.0,2.0,2.0,0.0,4.0,4.0,28.0,8.0,25.0,86.0,12.382,17.8708,4
E09000028,Southwark,E01004030,Southwark 007A,646250.0,6.0,9.0,8.0,0.0,0.0,16.0,5.0,33.0,11.0,32.0,120.0,24.934,20.2074,5
E09000028,Southwark,E01004031,Southwark 007B,426875.0,30.0,29.0,25.0,6.0,3.0,41.0,46.0,385.0,37.0,86.0,688.0,25.963,27.0332,6a
E09000028,Southwark,E01004032,Southwark 001B,560812.5,7.0,6.0,3.0,2.0,0.0,5.0,3.0,13.0,10.0,26.0,75.0,8.261,18.9261,4
E09000028,Southwark,E01004033,Southwark 007C,441875.0,11.0,32.0,5.0,2.0,3.0,21.0,6.0,47.0,8.0,74.0,209.0,27.067,25.9337,6a
E09000028,Southwark,E01004034,Southwark 007D,390312.5,12.0,10.0,17.0,4.0,2.0,16.0,4.0,40.0,20.0,46.0,171.0,25.711,17.0703,4
E09000028,Southwark,E01004035,Southwark 011D,343750.0,14.0,16.0,7.0,2.0,2.0,4.0,6.0,31.0,29.0,46.0,157.0,36.203,17.2006,4
E09000028,Southwark,E01004036,Southwark 007E,373250.0,17.0,19.0,12.0,4.0,2.0,11.0,8.0,31.0,21.0,68.0,193.0,31.501,22.6585,5
E09000028,Southwark,E01004037,Southwark 010B,321687.5,15.0,17.0,13.0,2.0,3.0,8.0,10.0,33.0,21.0,51.0,173.0,25.892,12.224,3
E09000028,Southwark,E01004038,Southwark 010C,384375.0,16.0,31.0,14.0,4.0,1.0,14.0,15.0,56.0,26.0,61.0,238.0,22.29,11.1853,3
E09000028,Southwark,E01004039,Southwark 013B,447785.25,12.0,13.0,4.0,1.0,0.0,3.0,5.0,22.0,17.0,13.0,90.0,22.583,12.7657,3
E09000028,Southwark,E01004040,Southwark 013C,,15.0,16.0,12.0,2.0,1.0,19.0,16.0,123.0,12.0,88.0,304.0,39.89,18.2292,4
E09000028,Southwark,E01004041,Southwark 013D,,23.0,7.0,7.0,2.0,1.0,8.0,2.0,20.0,10.0,20.0,100.0,27.397,14.4436,3
E09000028,Southwark,E01004042,Southwark 010D,394250.0,18.0,21.0,16.0,3.0,0.0,21.0,9.0,67.0,17.0,74.0,246.0,45.391,9.92028,2
E09000028,Southwark,E01004043,Southwark 010E,574562.5,7.0,12.0,4.0,2.0,1.0,7.0,4.0,30.0,16.0,30.0,113.0,26.395,7.1296,2
E09000028,Southwark,E01004044,Southwark 013E,350623.75,11.0,10.0,9.0,1.0,1.0,4.0,3.0,19.0,14.0,33.0,105.0,31.112,11.5705,3
E09000028,Southwark,E01004045,Southwark 027A,368125.0,6.0,4.0,5.0,5.0,1.0,0.0,2.0,30.0,9.0,62.0,124.0,27.322,15.3488,4
E09000028,Southwark,E01004046,Southwark 028E,975937.5,4.0,5.0,4.0,2.0,0.0,10.0,3.0,14.0,26.0,16.0,84.0,17.334,16.7826,4
E09000028,Southwark,E01004047,Southwark 027B,387125.0,5.0,5.0,1.0,0.0,0.0,2.0,10.0,17.0,6.0,15.0,61.0,24.36,14.5472,3
E09000028,Southwark,E01004048,Southwark 027C,686400.0,12.0,7.0,6.0,0.0,2.0,12.0,11.0,64.0,19.0,36.0,169.0,20.516,11.6454,3
E09000028,Southwark,E01004049,Southwark 027D,410625.0,1.0,3.0,4.0,0.0,2.0,9.0,6.0,16.0,6.0,21.0,68.0,16.687,21.3117,5
E09000028,Southwark,E01004050,Southwark 024D,491375.0,2.0,7.0,1.0,0.0,0.0,1.0,4.0,17.0,15.0,7.0,54.0,14.511,13.6149,3
E09000028,Southwark,E01004051,Southwark 027E,456125.0,6.0,1.0,1.0,0.0,2.0,5.0,3.0,29.0,3.0,13.0,63.0,9.731,21.4085,5
E09000028,Southwark,E01004052,Southwark 024E,561687.5,14.0,25.0,2.0,1.0,1.0,10.0,5.0,40.0,21.0,25.0,144.0,15.763,13.678,3
E09000028,Southwark,E01004053,Southwark 001C,549125.0,8.0,5.0,4.0,1.0,0.0,6.0,3.0,23.0,10.0,24.0,84.0,8.683,11.503,3
E09000028,Southwark,E01004054,Southwark 001D,465000.0,3.0,14.0,2.0,0.0,1.0,4.0,3.0,24.0,8.0,21.0,80.0,8.354,4.73782,1b
E09000028,Southwark,E01004055,Southwark 001E,,2.0,6.0,5.0,2.0,0.0,9.0,2.0,17.0,5.0,43.0,91.0,38.922,4.43278,1b
E09000028,Southwark,E01004056,Southwark 008A,504000.0,12.0,21.0,10.0,5.0,0.0,7.0,4.0,26.0,15.0,41.0,141.0,19.671,4.48725,1b
E09000028,Southwark,E01004057,Southwark 008B,526875.0,6.0,10.0,9.0,1.0,0.0,3.0,3.0,21.0,8.0,31.0,92.0,21.669,8.45748,2
E09000028,Southwark,E01004058,Southwark 008C,404375.0,3.0,15.0,2.0,1.0,0.0,2.0,1.0,29.0,20.0,13.0,86.0,8.41,3.33372,1b
E09000028,Southwark,E01004059,Southwark 008D,510250.0,11.0,26.0,9.0,3.0,0.0,10.0,20.0,259.0,25.0,36.0,399.0,17.254,17.7769,4
E09000028,Southwark,E01004060,Southwark 008E,363375.0,12.0,12.0,13.0,0.0,1.0,15.0,4.0,28.0,18.0,51.0,154.0,31.991,19.2869,4
E09000028,Southwark,E01004061,Southwark 025A,687781.25,9.0,13.0,10.0,1.0,0.0,11.0,15.0,84.0,21.0,33.0,197.0,21.531,23.2533,5
E09000028,Southwark,E01004062,Southwark 025B,514625.0,33.0,26.0,24.0,5.0,2.0,26.0,23.0,143.0,27.0,127.0,436.0,29.363,30.5572,6a
E09000028,Southwark,E01004063,Southwark 025C,839375.0,16.0,19.0,5.0,4.0,1.0,15.0,9.0,75.0,39.0,49.0,232.0,27.404,25.4598,6a
E09000028,Southwark,E01004064,Southwark 026D,469375.0,11.0,19.0,10.0,3.0,4.0,6.0,3.0,43.0,11.0,43.0,153.0,30.525,20.416,5
E09000028,Southwark,E01004065,Southwark 025D,638125.0,11.0,14.0,2.0,2.0,0.0,7.0,1.0,19.0,24.0,28.0,108.0,19.287,21.1206,5
E09000028,Southwark,E01004066,Southwark 025E,698750.0,6.0,15.0,13.0,0.0,2.0,2.0,4.0,39.0,17.0,48.0,146.0,23.913,23.8717,5
E09000028,Southwark,E01004067,Southwark 022E,467500.0,32.0,20.0,24.0,0.0,3.0,53.0,35.0,394.0,23.0,161.0,745.0,35.543,39.3049,6a
E09000028,Southwark,E01004068,Southwark 026E,510375.0,10.0,17.0,6.0,0.0,2.0,13.0,11.0,38.0,43.0,70.0,210.0,34.366,17.4789,4
E09000028,Southwark,E01004069,Southwark 031A,1954625.0,8.0,23.0,2.0,2.0,0.0,7.0,1.0,27.0,33.0,18.0,121.0,9.326,6.49154,2
E09000028,Southwark,E01004070,Southwark 031B,897125.0,8.0,15.0,2.0,2.0,0.0,5.0,11.0,35.0,21.0,20.0,119.0,13.134,13.7166,3
E09000028,Southwark,E01004071,Southwark 030D,607437.5,6.0,10.0,2.0,1.0,0.0,9.0,2.0,13.0,17.0,20.0,80.0,18.227,11.1411,3
E09000028,Southwark,E01004072,Southwark 030E,1354166.625,7.0,11.0,0.0,1.0,0.0,2.0,2.0,30.0,19.0,13.0,85.0,9.199,10.2607,3
E09000028,Southwark,E01004073,Southwark 031C,1438625.0,2.0,6.0,1.0,1.0,0.0,3.0,3.0,14.0,25.0,19.0,74.0,8.556,18.2363,4
E09000028,Southwark,E01004074,Southwark 031D,1102625.0,21.0,13.0,5.0,2.0,3.0,9.0,7.0,35.0,25.0,22.0,142.0,9.778,18.376,4
E09000028,Southwark,E01004075,Southwark 031E,1649687.5,11.0,21.0,0.0,0.0,0.0,3.0,5.0,47.0,41.0,23.0,151.0,8.625,5.99604,2
E09000028,Southwark,E01032583,Southwark 034D,895125.0,7.0,26.0,6.0,3.0,1.0,16.0,22.0,225.0,11.0,53.0,370.0,30.177,100.926,6b
E09000028,Southwark,E01032584,Southwark 034E,512750.0,14.0,12.0,6.0,3.0,1.0,13.0,7.0,66.0,4.0,50.0,176.0,28.127,121.887,6b
E09000028,Southwark,E01032637,Southwark 003F,569062.5,2.0,10.0,1.0,0.0,0.0,0.0,1.0,9.0,0.0,6.0,29.0,10.025,25.3849,6a
E09000028,Southwark,E01032638,Southwark 003G,828462.5,2.0,3.0,0.0,1.0,0.0,2.0,2.0,16.0,2.0,9.0,37.0,5.629,9.37779,2
E09000028,Southwark,E01032639,Southwark 014F,449500.0,32.0,24.0,42.0,3.0,5.0,52.0,8.0,101.0,10.0,104.0,381.0,22.737,57.9769,6b
E09000028,Southwark,E01032640,Southwark 003H,723875.0,6.0,15.0,4.0,0.0,1.0,2.0,5.0,55.0,2.0,19.0,109.0,9.755,25.0381,6a
E09000028,Southwark,E01032646,Southwark 003I,732587.5,2.0,22.0,14.0,1.0,2.0,7.0,8.0,134.0,10.0,37.0,237.0,13.999,51.0127,6b
E09000028,Southwark,E01032719,Southwark 014G,450000.0,7.0,6.0,18.0,6.0,0.0,4.0,15.0,43.0,5.0,27.0,131.0,26.037,65.755,6b
E09000028,Southwark,E01032720,Southwark 009F,862421.25,15.0,27.0,18.0,2.0,2.0,24.0,25.0,161.0,7.0,77.0,358.0,49.164,58.5998,6b
E09000028,Southwark,E01032722,Southwark 012F,525375.0,10.0,9.0,12.0,1.0,1.0,9.0,6.0,52.0,5.0,48.0,153.0,36.878,45.0002,6b
E09000028,Southwark,E01032803,Southwark 003J,669250.0,6.0,20.0,4.0,1.0,0.0,3.0,6.0,44.0,6.0,17.0,107.0,16.067,59.5684,6b
E09000028,Southwark,E01032805,Southwark 022F,570312.5,9.0,4.0,4.0,1.0,0.0,4.0,5.0,6.0,6.0,37.0,76.0,37.664,26.6419,6a
E09000028,Southwark,E01032834,Southwark 003K,836250.0,3.0,15.0,2.0,0.0,0.0,4.0,6.0,62.0,1.0,6.0,99.0,9.09,11.0725,3
E09000029,Sutton,E01004076,Sutton 011A,383750.0,25.0,12.0,44.0,4.0,4.0,19.0,10.0,55.0,56.0,89.0,318.0,18.319,3.77595,1b
E09000029,Sutton,E01004077,Sutton 011B,529687.5,9.0,9.0,5.0,2.0,0.0,5.0,3.0,9.0,11.0,29.0,82.0,13.521,7.05502,2
E09000029,Sutton,E01004078,Sutton 011C,367125.0,9.0,5.0,6.0,3.0,0.0,12.0,2.0,13.0,37.0,45.0,132.0,15.61,3.24312,1b
E09000029,Sutton,E01004079,Sutton 011D,600250.0,3.0,9.0,0.0,0.0,0.0,0.0,0.0,3.0,20.0,10.0,45.0,8.556,4.75835,1b
E09000029,Sutton,E01004080,Sutton 011E,556750.0,3.0,11.0,1.0,0.0,0.0,2.0,1.0,2.0,11.0,23.0,54.0,9.86,8.65035,2
E09000029,Sutton,E01004081,Sutton 011F,447875.0,14.0,8.0,2.0,1.0,0.0,11.0,0.0,7.0,23.0,30.0,96.0,12.414,5.10348,2
E09000029,Sutton,E01004082,Sutton 011G,507125.0,3.0,9.0,1.0,0.0,0.0,2.0,0.0,1.0,15.0,11.0,42.0,5.317,6.09718,2
E09000029,Sutton,E01004083,Sutton 019A,252000.0,7.0,1.0,8.0,0.0,1.0,6.0,4.0,7.0,10.0,50.0,94.0,44.327,3.38368,1b
E09000029,Sutton,E01004084,Sutton 024A,798000.0,3.0,14.0,1.0,2.0,0.0,3.0,0.0,1.0,8.0,10.0,42.0,5.77,3.22483,1b
E09000029,Sutton,E01004085,Sutton 024B,745187.5,4.0,4.0,1.0,0.0,1.0,3.0,0.0,7.0,15.0,13.0,48.0,8.478,1.54295,1a
E09000029,Sutton,E01004086,Sutton 019B,319625.0,15.0,15.0,9.0,3.0,2.0,10.0,3.0,20.0,22.0,53.0,152.0,15.277,5.73115,2
E09000029,Sutton,E01004087,Sutton 017A,729625.125,1.0,6.0,5.0,2.0,0.0,0.0,0.0,3.0,21.0,15.0,53.0,5.727,4.41837,1b
E09000029,Sutton,E01004088,Sutton 019C,,18.0,8.0,18.0,5.0,5.0,11.0,2.0,23.0,34.0,86.0,210.0,43.226,3.09877,1b
E09000029,Sutton,E01004089,Sutton 019D,351125.0,7.0,3.0,2.0,1.0,1.0,7.0,6.0,40.0,11.0,45.0,123.0,35.547,4.1885,1b
E09000029,Sutton,E01004090,Sutton 021A,256375.0,14.0,11.0,8.0,0.0,3.0,8.0,1.0,9.0,7.0,43.0,104.0,34.411,8.44048,2
E09000029,Sutton,E01004091,Sutton 022A,881875.0,3.0,6.0,0.0,0.0,0.0,2.0,0.0,8.0,8.0,8.0,35.0,4.563,4.25247,1b
E09000029,Sutton,E01004092,Sutton 022B,804562.5,0.0,5.0,5.0,0.0,0.0,5.0,2.0,3.0,9.0,17.0,46.0,7.536,4.75012,1b
E09000029,Sutton,E01004093,Sutton 025A,639412.5,2.0,5.0,4.0,0.0,0.0,2.0,0.0,6.0,16.0,21.0,56.0,5.418,3.47156,1b
E09000029,Sutton,E01004094,Sutton 025B,327187.5,11.0,4.0,2.0,0.0,0.0,6.0,2.0,4.0,13.0,33.0,75.0,4.481,7.4126,2
E09000029,Sutton,E01004095,Sutton 025C,472875.0,3.0,5.0,2.0,0.0,0.0,1.0,1.0,3.0,9.0,16.0,40.0,5.625,3.52492,1b
E09000029,Sutton,E01004096,Sutton 021B,262625.0,11.0,10.0,4.0,0.0,0.0,1.0,0.0,3.0,12.0,17.0,58.0,18.894,5.89197,2
E09000029,Sutton,E01004097,Sutton 015A,643000.0,8.0,5.0,4.0,1.0,0.0,0.0,0.0,0.0,4.0,15.0,37.0,4.804,9.32313,2
E09000029,Sutton,E01004098,Sutton 015B,575500.0,5.0,3.0,2.0,0.0,0.0,2.0,0.0,7.0,11.0,17.0,47.0,5.989,9.22396,2
E09000029,Sutton,E01004099,Sutton 015C,385048.0,17.0,13.0,11.0,3.0,1.0,15.0,8.0,24.0,19.0,43.0,154.0,21.103,10.5112,3
E09000029,Sutton,E01004100,Sutton 015D,639687.5,4.0,6.0,3.0,0.0,0.0,2.0,0.0,23.0,19.0,43.0,100.0,7.356,9.47192,2
E09000029,Sutton,E01004101,Sutton 013A,561062.5,2.0,5.0,0.0,3.0,1.0,5.0,1.0,4.0,9.0,19.0,49.0,4.687,6.18213,2
E09000029,Sutton,E01004102,Sutton 015E,527625.0,9.0,12.0,5.0,0.0,2.0,8.0,1.0,20.0,22.0,33.0,112.0,10.815,9.73324,2
E09000029,Sutton,E01004103,Sutton 013B,387500.0,9.0,12.0,3.0,1.0,1.0,3.0,6.0,10.0,16.0,28.0,89.0,8.235,6.0167,2
E09000029,Sutton,E01004104,Sutton 020A,765437.5,2.0,5.0,3.0,2.0,0.0,2.0,2.0,10.0,18.0,7.0,51.0,4.084,7.20562,2
E09000029,Sutton,E01004105,Sutton 022C,677500.0,4.0,13.0,7.0,3.0,0.0,6.0,2.0,3.0,15.0,16.0,69.0,5.081,7.63036,2
E09000029,Sutton,E01004106,Sutton 022D,999250.0,4.0,12.0,4.0,0.0,1.0,0.0,1.0,1.0,8.0,12.0,43.0,3.091,2.67298,1b
E09000029,Sutton,E01004107,Sutton 020B,471687.5,3.0,4.0,2.0,1.0,0.0,11.0,0.0,6.0,8.0,38.0,73.0,12.514,4.93898,1b
E09000029,Sutton,E01004108,Sutton 024C,547500.0,9.0,4.0,16.0,2.0,2.0,9.0,4.0,7.0,23.0,31.0,107.0,13.133,0.70214,1a
E09000029,Sutton,E01004109,Sutton 024D,482812.5,6.0,7.0,4.0,0.0,0.0,3.0,0.0,0.0,22.0,24.0,66.0,14.737,2.80366,1b
E09000029,Sutton,E01004110,Sutton 016A,540875.0,14.0,8.0,1.0,0.0,0.0,14.0,2.0,16.0,23.0,41.0,119.0,9.204,9.51512,2
E09000029,Sutton,E01004111,Sutton 016B,524383.75,3.0,5.0,16.0,2.0,0.0,4.0,3.0,25.0,9.0,10.0,77.0,10.447,6.75066,2
E09000029,Sutton,E01004112,Sutton 016C,654375.0,3.0,3.0,1.0,0.0,0.0,2.0,0.0,10.0,16.0,19.0,54.0,2.793,6.1355,2
E09000029,Sutton,E01004114,Sutton 025D,1254375.0,6.0,13.0,0.0,1.0,0.0,2.0,0.0,6.0,10.0,17.0,55.0,4.659,0.541711,1a
E09000029,Sutton,E01004115,Sutton 009A,483875.0,4.0,4.0,3.0,1.0,2.0,3.0,0.0,5.0,6.0,19.0,47.0,6.163,3.24227,1b
E09000029,Sutton,E01004116,Sutton 008A,515000.0,1.0,19.0,7.0,1.0,0.0,0.0,0.0,2.0,10.0,6.0,46.0,6.392,3.31165,1b
E09000029,Sutton,E01004117,Sutton 006A,583768.75,4.0,11.0,4.0,1.0,0.0,1.0,0.0,4.0,5.0,5.0,35.0,4.051,1.40874,1a
E09000029,Sutton,E01004118,Sutton 009B,367687.5,22.0,13.0,5.0,1.0,2.0,16.0,3.0,57.0,21.0,57.0,197.0,9.787,8.16664,2
E09000029,Sutton,E01004119,Sutton 009C,560000.0,2.0,6.0,2.0,1.0,0.0,9.0,1.0,33.0,17.0,17.0,88.0,9.583,6.30588,2
E09000029,Sutton,E01004120,Sutton 016D,685625.0,1.0,4.0,1.0,0.0,0.0,1.0,1.0,5.0,8.0,9.0,30.0,4.752,5.05801,2
E09000029,Sutton,E01004121,Sutton 006B,595937.5,8.0,10.0,2.0,2.0,0.0,7.0,1.0,39.0,10.0,29.0,108.0,8.307,8.31877,2
E09000029,Sutton,E01004122,Sutton 008B,603625.0,2.0,6.0,3.0,0.0,0.0,1.0,0.0,2.0,6.0,12.0,32.0,5.319,4.23612,1b
E09000029,Sutton,E01004123,Sutton 002A,389750.0,28.0,16.0,8.0,1.0,4.0,25.0,13.0,43.0,34.0,93.0,265.0,28.156,8.48172,2
E09000029,Sutton,E01004124,Sutton 002B,425125.0,6.0,6.0,1.0,5.0,1.0,7.0,0.0,9.0,21.0,25.0,81.0,23.237,3.97712,1b
E09000029,Sutton,E01004125,Sutton 001A,373125.0,16.0,8.0,7.0,5.0,0.0,5.0,5.0,10.0,17.0,43.0,116.0,31.639,6.71199,2
E09000029,Sutton,E01004126,Sutton 002C,385500.0,7.0,6.0,4.0,2.0,0.0,2.0,2.0,10.0,15.0,32.0,80.0,31.361,7.11746,2
E09000029,Sutton,E01004127,Sutton 005A,433437.5,9.0,9.0,4.0,1.0,1.0,3.0,1.0,6.0,13.0,44.0,91.0,19.777,5.67364,2
E09000029,Sutton,E01004128,Sutton 002D,408750.0,14.0,8.0,6.0,2.0,4.0,18.0,1.0,24.0,23.0,96.0,196.0,23.682,6.5381,2
E09000029,Sutton,E01004129,Sutton 002E,378375.0,14.0,14.0,9.0,1.0,2.0,16.0,1.0,21.0,16.0,54.0,148.0,34.12,9.46177,2
E09000029,Sutton,E01004130,Sutton 003A,523125.0,12.0,17.0,6.0,3.0,0.0,9.0,3.0,93.0,32.0,46.0,221.0,10.222,4.30973,1b
E09000029,Sutton,E01004131,Sutton 003B,513875.0,3.0,10.0,1.0,2.0,0.0,4.0,0.0,7.0,9.0,26.0,62.0,11.154,5.57155,2
E09000029,Sutton,E01004132,Sutton 009D,520812.5,5.0,5.0,2.0,1.0,0.0,1.0,0.0,5.0,20.0,8.0,47.0,6.647,4.67314,1b
E09000029,Sutton,E01004133,Sutton 009E,526250.0,6.0,10.0,1.0,0.0,0.0,5.0,0.0,4.0,16.0,11.0,53.0,6.482,3.93757,1b
E09000029,Sutton,E01004134,Sutton 003C,522687.5,8.0,2.0,3.0,1.0,1.0,7.0,3.0,12.0,16.0,21.0,74.0,11.832,6.81465,2
E09000029,Sutton,E01004135,Sutton 003D,590000.0,4.0,11.0,2.0,0.0,0.0,1.0,1.0,4.0,18.0,16.0,57.0,7.552,4.40326,1b
E09000029,Sutton,E01004136,Sutton 003E,507062.5,2.0,6.0,1.0,0.0,1.0,0.0,2.0,5.0,13.0,13.0,43.0,8.396,4.69217,1b
E09000029,Sutton,E01004137,Sutton 012A,350312.5,20.0,11.0,5.0,4.0,2.0,25.0,7.0,104.0,14.0,115.0,307.0,16.018,26.1402,6a
E09000029,Sutton,E01004138,Sutton 013C,420993.75,7.0,9.0,1.0,1.0,2.0,3.0,0.0,12.0,16.0,23.0,74.0,14.166,7.84391,2
E09000029,Sutton,E01004139,Sutton 013D,357437.5,6.0,20.0,3.0,0.0,0.0,7.0,0.0,15.0,6.0,43.0,100.0,9.611,14.2341,3
E09000029,Sutton,E01004140,Sutton 012B,238687.5,8.0,8.0,13.0,3.0,2.0,13.0,4.0,13.0,3.0,80.0,147.0,33.998,17.5219,4
E09000029,Sutton,E01004141,Sutton 012C,279375.0,13.0,4.0,2.0,3.0,1.0,7.0,0.0,16.0,15.0,47.0,108.0,21.087,9.34952,2
E09000029,Sutton,E01004142,Sutton 012D,357625.0,32.0,18.0,2.0,3.0,4.0,20.0,27.0,133.0,18.0,81.0,338.0,25.999,26.9452,6a
E09000029,Sutton,E01004143,Sutton 014A,392856.25,8.0,1.0,1.0,2.0,1.0,3.0,2.0,4.0,9.0,25.0,56.0,11.79,16.9251,4
E09000029,Sutton,E01004144,Sutton 007A,577750.0,5.0,7.0,12.0,1.0,0.0,5.0,3.0,11.0,18.0,24.0,86.0,8.77,9.66375,2
E09000029,Sutton,E01004145,Sutton 007B,441000.0,15.0,8.0,11.0,2.0,0.0,12.0,0.0,8.0,14.0,37.0,107.0,12.273,7.51904,2
E09000029,Sutton,E01004146,Sutton 007C,474750.0,6.0,8.0,4.0,1.0,2.0,9.0,4.0,14.0,18.0,39.0,105.0,12.483,15.8272,4
E09000029,Sutton,E01004147,Sutton 007D,495962.5,5.0,6.0,2.0,3.0,2.0,3.0,2.0,6.0,12.0,13.0,54.0,9.428,3.92044,1b
E09000029,Sutton,E01004148,Sutton 014B,400825.0,14.0,9.0,2.0,2.0,0.0,9.0,2.0,15.0,8.0,44.0,105.0,23.361,9.0427,2
E09000029,Sutton,E01004149,Sutton 012E,513437.5,5.0,4.0,3.0,1.0,0.0,4.0,0.0,7.0,10.0,24.0,58.0,9.979,9.58367,2
E09000029,Sutton,E01004150,Sutton 021C,270331.25,8.0,3.0,2.0,0.0,0.0,6.0,1.0,7.0,15.0,39.0,81.0,21.634,20.9115,5
E09000029,Sutton,E01004151,Sutton 021D,311000.0,4.0,2.0,1.0,0.0,2.0,3.0,0.0,5.0,11.0,26.0,54.0,14.853,7.49818,2
E09000029,Sutton,E01004152,Sutton 018A,338500.0,9.0,6.0,2.0,0.0,0.0,8.0,8.0,12.0,11.0,36.0,92.0,14.903,21.2158,5
E09000029,Sutton,E01004153,Sutton 021E,318125.0,6.0,4.0,1.0,1.0,0.0,5.0,0.0,9.0,7.0,19.0,52.0,13.116,9.76001,2
E09000029,Sutton,E01004154,Sutton 022E,737812.5,3.0,3.0,0.0,1.0,0.0,1.0,1.0,2.0,13.0,3.0,27.0,4.873,3.80326,1b
E09000029,Sutton,E01004155,Sutton 018B,339375.0,5.0,15.0,5.0,1.0,1.0,11.0,0.0,7.0,13.0,40.0,98.0,8.123,10.2037,3
E09000029,Sutton,E01004156,Sutton 018C,300375.0,3.0,12.0,9.0,1.0,1.0,8.0,6.0,46.0,22.0,31.0,139.0,9.004,24.6079,5
E09000029,Sutton,E01004157,Sutton 016E,825000.25,1.0,9.0,4.0,1.0,0.0,1.0,2.0,2.0,18.0,6.0,44.0,3.327,10.4998,3
E09000029,Sutton,E01004158,Sutton 018D,376062.5,4.0,9.0,2.0,0.0,1.0,4.0,4.0,3.0,23.0,26.0,76.0,7.905,11.7387,3
E09000029,Sutton,E01004159,Sutton 014C,488062.375,9.0,2.0,5.0,2.0,1.0,11.0,3.0,4.0,16.0,31.0,84.0,14.179,6.7979,2
E09000029,Sutton,E01004160,Sutton 014D,415375.0,4.0,5.0,1.0,1.0,0.0,3.0,0.0,5.0,16.0,19.0,54.0,9.329,8.87518,2
E09000029,Sutton,E01004161,Sutton 014E,468750.0,5.0,1.0,4.0,2.0,0.0,9.0,1.0,22.0,11.0,13.0,68.0,8.007,5.60948,2
E09000029,Sutton,E01004162,Sutton 018E,299500.0,3.0,4.0,2.0,2.0,1.0,7.0,1.0,17.0,12.0,23.0,72.0,11.476,24.0352,5
E09000029,Sutton,E01004163,Sutton 005B,450576.25,23.0,6.0,2.0,1.0,2.0,9.0,2.0,8.0,27.0,28.0,108.0,14.594,4.52095,1b
E09000029,Sutton,E01004164,Sutton 004A,307500.0,7.0,10.0,7.0,0.0,0.0,4.0,5.0,8.0,24.0,25.0,90.0,12.098,7.52413,2
E09000029,Sutton,E01004165,Sutton 005C,386250.0,10.0,4.0,7.0,4.0,2.0,19.0,7.0,29.0,7.0,58.0,147.0,16.373,10.4605,3
E09000029,Sutton,E01004166,Sutton 004B,399325.0,5.0,3.0,3.0,2.0,1.0,6.0,0.0,9.0,22.0,17.0,68.0,11.417,7.40919,2
E09000029,Sutton,E01004167,Sutton 005D,459062.5,28.0,14.0,3.0,1.0,2.0,26.0,5.0,86.0,37.0,61.0,263.0,31.388,5.05317,2
E09000029,Sutton,E01004168,Sutton 013E,540950.0,5.0,11.0,1.0,1.0,0.0,3.0,0.0,2.0,16.0,19.0,58.0,8.689,4.51784,1b
E09000029,Sutton,E01004169,Sutton 004C,299125.0,5.0,7.0,0.0,2.0,0.0,13.0,2.0,7.0,10.0,46.0,92.0,27.196,3.35493,1b
E09000029,Sutton,E01004170,Sutton 017B,299812.5,14.0,10.0,6.0,2.0,4.0,14.0,8.0,28.0,31.0,52.0,169.0,10.215,14.5635,3
E09000029,Sutton,E01004171,Sutton 010A,556375.0,6.0,5.0,5.0,1.0,1.0,4.0,2.0,7.0,19.0,36.0,86.0,6.369,6.44747,2
E09000029,Sutton,E01004172,Sutton 010B,267500.0,14.0,13.0,4.0,2.0,0.0,7.0,2.0,23.0,29.0,65.0,159.0,20.888,12.2242,3
E09000029,Sutton,E01004173,Sutton 010C,496250.0,8.0,6.0,0.0,2.0,1.0,0.0,0.0,3.0,17.0,16.0,53.0,13.552,5.45471,2
E09000029,Sutton,E01004174,Sutton 017C,361750.0,18.0,3.0,4.0,0.0,1.0,10.0,2.0,8.0,30.0,38.0,114.0,17.325,13.1422,3
E09000029,Sutton,E01004175,Sutton 010D,415500.0,11.0,6.0,1.0,2.0,2.0,9.0,1.0,7.0,14.0,30.0,83.0,10.891,5.46785,2
E09000029,Sutton,E01004176,Sutton 010E,422512.5,16.0,8.0,6.0,2.0,3.0,11.0,0.0,31.0,19.0,32.0,128.0,11.911,9.35599,2
E09000029,Sutton,E01004177,Sutton 020C,263750.0,14.0,15.0,3.0,3.0,1.0,7.0,3.0,12.0,8.0,36.0,102.0,18.938,14.8969,3
E09000029,Sutton,E01004178,Sutton 017D,328125.0,29.0,26.0,10.0,5.0,0.0,41.0,22.0,163.0,32.0,114.0,442.0,17.18,14.1124,3
E09000029,Sutton,E01004179,Sutton 017E,655737.5,4.0,2.0,2.0,0.0,0.0,5.0,1.0,6.0,21.0,17.0,58.0,7.235,8.52539,2
E09000029,Sutton,E01004180,Sutton 020D,890125.0,5.0,7.0,0.0,2.0,1.0,2.0,1.0,11.0,16.0,27.0,72.0,5.028,4.53779,1b
E09000029,Sutton,E01004181,Sutton 020E,311000.0,9.0,3.0,0.0,1.0,0.0,6.0,0.0,4.0,11.0,27.0,61.0,16.45,5.01894,2
E09000029,Sutton,E01004182,Sutton 019E,423375.0,12.0,9.0,1.0,1.0,1.0,11.0,1.0,16.0,23.0,43.0,118.0,25.061,7.58279,2
E09000029,Sutton,E01004183,Sutton 001B,333937.5,14.0,12.0,1.0,2.0,1.0,10.0,10.0,14.0,13.0,74.0,151.0,28.494,5.65039,2
E09000029,Sutton,E01004184,Sutton 001C,387687.5,10.0,6.0,4.0,5.0,0.0,14.0,2.0,12.0,22.0,60.0,135.0,29.765,3.30352,1b
E09000029,Sutton,E01004185,Sutton 001D,359500.0,17.0,10.0,10.0,1.0,1.0,9.0,3.0,12.0,12.0,54.0,129.0,43.208,4.87253,1b
E09000029,Sutton,E01004186,Sutton 004D,269500.0,12.0,9.0,7.0,2.0,0.0,4.0,3.0,14.0,16.0,31.0,98.0,13.757,5.5434,2
E09000029,Sutton,E01004187,Sutton 005E,434193.75,3.0,6.0,1.0,0.0,0.0,6.0,0.0,10.0,18.0,38.0,82.0,22.532,3.77943,1b
E09000029,Sutton,E01004188,Sutton 004E,312872.5,7.0,4.0,2.0,0.0,0.0,1.0,0.0,6.0,8.0,25.0,53.0,13.983,8.86803,2
E09000029,Sutton,E01004189,Sutton 001E,398125.0,13.0,6.0,3.0,2.0,1.0,19.0,6.0,22.0,22.0,52.0,146.0,28.594,4.47979,1b
E09000029,Sutton,E01004190,Sutton 008C,617750.0,6.0,4.0,1.0,1.0,0.0,3.0,1.0,5.0,17.0,9.0,47.0,4.657,5.60699,2
E09000029,Sutton,E01004191,Sutton 008D,436750.0,10.0,5.0,1.0,0.0,0.0,12.0,4.0,13.0,7.0,31.0,83.0,7.762,8.52861,2
E09000029,Sutton,E01004192,Sutton 006C,479750.0,6.0,9.0,3.0,3.0,0.0,3.0,0.0,7.0,15.0,22.0,68.0,11.343,3.14772,1b
E09000029,Sutton,E01004193,Sutton 006D,454062.375,11.0,11.0,3.0,4.0,1.0,9.0,0.0,13.0,19.0,38.0,109.0,12.377,1.71941,1a
E09000029,Sutton,E01004194,Sutton 008E,419625.0,5.0,6.0,1.0,0.0,2.0,4.0,4.0,3.0,14.0,29.0,68.0,11.041,3.73655,1b
E09000029,Sutton,E01004195,Sutton 006E,510665.0,8.0,10.0,6.0,1.0,1.0,15.0,1.0,20.0,9.0,23.0,94.0,9.504,9.10362,2
E09000029,Sutton,E01004196,Sutton 008F,577500.0,2.0,5.0,1.0,0.0,1.0,3.0,0.0,19.0,7.0,9.0,47.0,5.776,5.46255,2
E09000029,Sutton,E01032623,Sutton 025E,1129875.0,3.0,15.0,3.0,0.0,0.0,2.0,0.0,2.0,10.0,11.0,46.0,2.751,2.86242,1b
E09000030,Tower Hamlets,E01004197,Tower Hamlets 002A,479062.5,22.0,35.0,16.0,2.0,1.0,13.0,11.0,82.0,23.0,77.0,282.0,27.495,29.8934,6a
E09000030,Tower Hamlets,E01004198,Tower Hamlets 002B,428500.0,12.0,17.0,35.0,3.0,1.0,18.0,5.0,34.0,20.0,55.0,200.0,42.068,33.5544,6a
E09000030,Tower Hamlets,E01004199,Tower Hamlets 002C,420500.0,5.0,10.0,14.0,2.0,0.0,4.0,2.0,24.0,13.0,44.0,118.0,43.877,32.2057,6a
E09000030,Tower Hamlets,E01004200,Tower Hamlets 005A,625500.0,10.0,11.0,14.0,3.0,4.0,8.0,2.0,25.0,22.0,31.0,130.0,27.239,26.5526,6a
E09000030,Tower Hamlets,E01004201,Tower Hamlets 002D,469625.0,8.0,7.0,9.0,4.0,0.0,6.0,6.0,24.0,38.0,26.0,128.0,25.908,19.28,4
E09000030,Tower Hamlets,E01004202,Tower Hamlets 005B,606125.0,13.0,27.0,17.0,4.0,2.0,13.0,10.0,51.0,38.0,76.0,251.0,25.423,21.4444,5
E09000030,Tower Hamlets,E01004203,Tower Hamlets 005C,470625.0,18.0,36.0,24.0,4.0,5.0,36.0,13.0,89.0,37.0,109.0,371.0,28.299,34.5256,6a
E09000030,Tower Hamlets,E01004204,Tower Hamlets 005D,499687.5,11.0,20.0,17.0,4.0,4.0,11.0,4.0,19.0,26.0,28.0,144.0,33.995,21.0849,5
E09000030,Tower Hamlets,E01004205,Tower Hamlets 013A,421250.0,23.0,12.0,26.0,2.0,1.0,13.0,7.0,59.0,31.0,84.0,258.0,37.904,28.123,6a
E09000030,Tower Hamlets,E01004206,Tower Hamlets 013B,350795.6666666667,8.0,8.0,14.0,1.0,2.0,5.0,1.0,17.0,27.0,60.0,143.0,43.126,38.9577,6a
E09000030,Tower Hamlets,E01004207,Tower Hamlets 011A,440000.0,8.0,13.0,13.0,4.0,0.0,13.0,12.0,58.0,19.0,28.0,168.0,34.765,25.6746,6a
E09000030,Tower Hamlets,E01004208,Tower Hamlets 013C,456250.0,26.0,35.0,26.0,6.0,6.0,52.0,27.0,293.0,20.0,137.0,628.0,25.084,35.6349,6a
E09000030,Tower Hamlets,E01004209,Tower Hamlets 011B,368000.0,5.0,2.0,15.0,1.0,1.0,9.0,5.0,18.0,13.0,43.0,112.0,42.475,40.5405,6b
E09000030,Tower Hamlets,E01004211,Tower Hamlets 013D,527937.5,15.0,16.0,51.0,5.0,9.0,41.0,12.0,126.0,23.0,101.0,399.0,31.539,32.3515,6a
E09000030,Tower Hamlets,E01004212,Tower Hamlets 011D,558125.0,15.0,24.0,31.0,1.0,4.0,18.0,9.0,65.0,20.0,60.0,247.0,24.876,38.7847,6a
E09000030,Tower Hamlets,E01004214,Tower Hamlets 030A,,5.0,8.0,9.0,2.0,1.0,9.0,4.0,5.0,9.0,44.0,96.0,35.567,9.50465,2
E09000030,Tower Hamlets,E01004215,Tower Hamlets 028A,533750.0,17.0,5.0,19.0,1.0,3.0,12.0,2.0,60.0,42.0,76.0,237.0,17.411,14.2162,3
E09000030,Tower Hamlets,E01004216,Tower Hamlets 030B,489375.0,6.0,1.0,6.0,1.0,0.0,5.0,0.0,6.0,10.0,24.0,59.0,14.112,7.79228,2
E09000030,Tower Hamlets,E01004217,Tower Hamlets 030C,454375.0,19.0,15.0,8.0,2.0,4.0,12.0,7.0,21.0,11.0,57.0,156.0,22.505,11.7223,3
E09000030,Tower Hamlets,E01004218,Tower Hamlets 030D,477500.0,5.0,5.0,6.0,3.0,0.0,6.0,2.0,9.0,3.0,17.0,56.0,12.658,9.59182,2
E09000030,Tower Hamlets,E01004219,Tower Hamlets 028B,384375.0,16.0,22.0,19.0,7.0,3.0,14.0,6.0,43.0,54.0,74.0,258.0,33.685,19.2056,4
E09000030,Tower Hamlets,E01004221,Tower Hamlets 028D,487937.5,8.0,11.0,13.0,3.0,1.0,13.0,5.0,37.0,38.0,60.0,189.0,18.973,13.4632,3
E09000030,Tower Hamlets,E01004222,Tower Hamlets 001A,422000.0,30.0,17.0,10.0,7.0,1.0,20.0,4.0,61.0,31.0,97.0,278.0,37.724,6.98327,2
E09000030,Tower Hamlets,E01004223,Tower Hamlets 001B,545625.0,15.0,5.0,3.0,6.0,3.0,14.0,3.0,29.0,35.0,67.0,180.0,35.516,5.92212,2
E09000030,Tower Hamlets,E01004224,Tower Hamlets 001C,484250.0,13.0,8.0,13.0,3.0,4.0,14.0,2.0,40.0,27.0,45.0,169.0,31.203,8.30931,2
E09000030,Tower Hamlets,E01004225,Tower Hamlets 004A,399156.25,1.0,3.0,1.0,1.0,1.0,1.0,0.0,3.0,6.0,11.0,28.0,20.839,20.7924,5
E09000030,Tower Hamlets,E01004226,Tower Hamlets 001D,382500.0,14.0,19.0,18.0,2.0,2.0,29.0,6.0,124.0,34.0,57.0,305.0,28.641,10.4038,3
E09000030,Tower Hamlets,E01004228,Tower Hamlets 003A,768312.5,8.0,17.0,7.0,2.0,0.0,12.0,2.0,30.0,17.0,43.0,138.0,21.888,17.148,4
E09000030,Tower Hamlets,E01004229,Tower Hamlets 004C,485625.0,6.0,8.0,11.0,0.0,0.0,12.0,6.0,25.0,23.0,41.0,132.0,25.746,29.3354,6a
E09000030,Tower Hamlets,E01004230,Tower Hamlets 003B,493750.0,18.0,13.0,10.0,0.0,4.0,17.0,4.0,32.0,20.0,52.0,170.0,27.77,27.5519,6a
E09000030,Tower Hamlets,E01004231,Tower Hamlets 004D,402125.0,23.0,14.0,9.0,1.0,1.0,18.0,9.0,83.0,28.0,85.0,271.0,32.526,29.3028,6a
E09000030,Tower Hamlets,E01004232,Tower Hamlets 003C,947500.0,9.0,16.0,22.0,1.0,0.0,17.0,12.0,96.0,26.0,69.0,268.0,20.727,32.0417,6a
E09000030,Tower Hamlets,E01004233,Tower Hamlets 003D,517500.0,12.0,12.0,4.0,2.0,2.0,2.0,0.0,21.0,9.0,35.0,99.0,31.122,6.28465,2
E09000030,Tower Hamlets,E01004234,Tower Hamlets 003E,618500.0,12.0,22.0,12.0,2.0,5.0,23.0,13.0,89.0,29.0,60.0,267.0,24.249,7.25082,2
E09000030,Tower Hamlets,E01004235,Tower Hamlets 008A,417866.25,7.0,8.0,3.0,1.0,0.0,6.0,3.0,11.0,8.0,52.0,99.0,32.56,25.726,6a
E09000030,Tower Hamlets,E01004236,Tower Hamlets 008B,314500.0,7.0,2.0,6.0,2.0,0.0,5.0,0.0,8.0,24.0,42.0,96.0,38.698,21.991,5
E09000030,Tower Hamlets,E01004237,Tower Hamlets 008C,306500.0,2.0,5.0,11.0,1.0,2.0,7.0,3.0,28.0,14.0,42.0,115.0,29.74,18.5001,4
E09000030,Tower Hamlets,E01004238,Tower Hamlets 008D,347500.0,10.0,12.0,7.0,2.0,0.0,16.0,4.0,16.0,15.0,64.0,146.0,30.706,17.7536,4
E09000030,Tower Hamlets,E01004239,Tower Hamlets 008E,370000.0,9.0,14.0,15.0,5.0,1.0,6.0,5.0,17.0,26.0,60.0,158.0,41.301,16.9909,4
E09000030,Tower Hamlets,E01004240,Tower Hamlets 012A,403052.25,7.0,4.0,9.0,1.0,1.0,3.0,1.0,15.0,24.0,37.0,102.0,31.696,8.6288,2
E09000030,Tower Hamlets,E01004241,Tower Hamlets 012B,327000.0,11.0,10.0,8.0,1.0,2.0,0.0,2.0,11.0,19.0,38.0,102.0,36.941,8.70052,2
E09000030,Tower Hamlets,E01004242,Tower Hamlets 012C,374812.5,15.0,21.0,13.0,6.0,0.0,27.0,7.0,22.0,32.0,69.0,212.0,26.689,10.2595,3
E09000030,Tower Hamlets,E01004243,Tower Hamlets 020A,427603.75,9.0,7.0,15.0,2.0,1.0,7.0,2.0,8.0,15.0,33.0,99.0,36.13,7.29609,2
E09000030,Tower Hamlets,E01004244,Tower Hamlets 020B,,20.0,30.0,33.0,5.0,3.0,13.0,11.0,45.0,39.0,78.0,277.0,43.233,13.0746,3
E09000030,Tower Hamlets,E01004245,Tower Hamlets 018A,413750.0,8.0,11.0,18.0,6.0,1.0,13.0,5.0,24.0,29.0,69.0,184.0,46.457,7.16725,2
E09000030,Tower Hamlets,E01004246,Tower Hamlets 018B,501750.0,7.0,7.0,3.0,2.0,0.0,8.0,5.0,22.0,26.0,28.0,108.0,29.919,12.0728,3
E09000030,Tower Hamlets,E01004247,Tower Hamlets 020C,360000.0,27.0,8.0,20.0,7.0,2.0,24.0,16.0,62.0,44.0,116.0,326.0,41.665,19.0953,4
E09000030,Tower Hamlets,E01004248,Tower Hamlets 018C,350000.0,12.0,20.0,15.0,0.0,2.0,5.0,4.0,25.0,26.0,56.0,165.0,43.068,13.895,3
E09000030,Tower Hamlets,E01004249,Tower Hamlets 018D,,10.0,11.0,24.0,2.0,3.0,15.0,11.0,27.0,37.0,65.0,205.0,43.123,7.31393,2
E09000030,Tower Hamlets,E01004250,Tower Hamlets 020D,355625.0,11.0,7.0,6.0,3.0,1.0,7.0,8.0,15.0,23.0,50.0,131.0,39.575,8.37663,2
E09000030,Tower Hamlets,E01004251,Tower Hamlets 023A,389250.0,19.0,18.0,12.0,7.0,5.0,13.0,6.0,92.0,36.0,79.0,287.0,28.656,23.5241,5
E09000030,Tower Hamlets,E01004252,Tower Hamlets 024A,362550.0,18.0,12.0,21.0,5.0,2.0,26.0,15.0,37.0,30.0,112.0,278.0,35.19,16.7394,4
E09000030,Tower Hamlets,E01004253,Tower Hamlets 024B,385368.75,8.0,5.0,12.0,3.0,1.0,10.0,4.0,21.0,25.0,34.0,123.0,28.245,13.7573,3
E09000030,Tower Hamlets,E01004254,Tower Hamlets 023B,543750.0,10.0,14.0,3.0,1.0,0.0,9.0,6.0,19.0,21.0,35.0,118.0,18.74,20.1735,5
E09000030,Tower Hamlets,E01004255,Tower Hamlets 023C,393625.0,13.0,11.0,11.0,4.0,1.0,16.0,7.0,24.0,21.0,52.0,160.0,34.736,27.821,6a
E09000030,Tower Hamlets,E01004256,Tower Hamlets 024C,354000.0,8.0,7.0,15.0,1.0,7.0,13.0,7.0,20.0,34.0,57.0,169.0,35.605,13.9344,3
E09000030,Tower Hamlets,E01004257,Tower Hamlets 024D,446000.0,9.0,8.0,9.0,4.0,2.0,12.0,8.0,22.0,27.0,107.0,208.0,32.994,15.2477,4
E09000030,Tower Hamlets,E01004258,Tower Hamlets 023D,608000.0,11.0,8.0,4.0,5.0,0.0,4.0,3.0,22.0,11.0,32.0,100.0,21.968,18.4802,4
E09000030,Tower Hamlets,E01004259,Tower Hamlets 007A,415000.0,29.0,16.0,47.0,9.0,5.0,45.0,7.0,60.0,33.0,114.0,365.0,26.215,31.9958,6a
E09000030,Tower Hamlets,E01004260,Tower Hamlets 007B,421666.6666666667,7.0,8.0,11.0,3.0,1.0,6.0,5.0,32.0,37.0,59.0,169.0,32.227,21.7834,5
E09000030,Tower Hamlets,E01004261,Tower Hamlets 010A,763500.0,41.0,24.0,31.0,10.0,2.0,56.0,20.0,219.0,38.0,236.0,677.0,25.849,28.593,6a
E09000030,Tower Hamlets,E01004262,Tower Hamlets 010B,468750.0,41.0,24.0,31.0,10.0,2.0,56.0,20.0,219.0,38.0,236.0,677.0,29.288,16.9731,4
E09000030,Tower Hamlets,E01004263,Tower Hamlets 007C,472062.5,11.0,8.0,23.0,0.0,2.0,16.0,2.0,16.0,22.0,44.0,144.0,32.958,19.8637,4
E09000030,Tower Hamlets,E01004264,Tower Hamlets 010C,,4.0,6.0,9.0,2.0,0.0,11.0,1.0,16.0,13.0,47.0,109.0,34.313,23.0744,5
E09000030,Tower Hamlets,E01004266,Tower Hamlets 007D,838125.0,8.0,5.0,11.0,1.0,0.0,3.0,1.0,8.0,29.0,19.0,85.0,26.897,22.3715,5
E09000030,Tower Hamlets,E01004267,Tower Hamlets 012D,382062.5,23.0,18.0,9.0,5.0,0.0,27.0,5.0,48.0,30.0,93.0,258.0,32.998,21.3283,5
E09000030,Tower Hamlets,E01004268,Tower Hamlets 012E,403666.6666666667,4.0,11.0,11.0,4.0,0.0,8.0,2.0,27.0,18.0,66.0,151.0,34.358,24.2133,5
E09000030,Tower Hamlets,E01004269,Tower Hamlets 014A,506250.0,1.0,15.0,1.0,0.0,0.0,2.0,5.0,20.0,8.0,13.0,65.0,32.249,31.7244,6a
E09000030,Tower Hamlets,E01004270,Tower Hamlets 014B,556625.0,12.0,27.0,15.0,5.0,6.0,16.0,18.0,102.0,36.0,57.0,294.0,22.295,23.2713,5
E09000030,Tower Hamlets,E01004271,Tower Hamlets 014C,443750.0,13.0,7.0,2.0,2.0,0.0,14.0,6.0,35.0,35.0,49.0,163.0,31.028,14.9648,3
E09000030,Tower Hamlets,E01004272,Tower Hamlets 014D,417375.0,16.0,21.0,6.0,1.0,5.0,13.0,2.0,24.0,23.0,67.0,178.0,35.145,10.4517,3
E09000030,Tower Hamlets,E01004273,Tower Hamlets 014E,423750.0,11.0,13.0,11.0,4.0,0.0,6.0,3.0,27.0,23.0,41.0,139.0,36.777,12.7581,3
E09000030,Tower Hamlets,E01004274,Tower Hamlets 031A,580125.0,8.0,2.0,1.0,3.0,0.0,2.0,0.0,11.0,2.0,30.0,59.0,24.191,8.98745,2
E09000030,Tower Hamlets,E01004275,Tower Hamlets 031B,620625.0,11.0,4.0,1.0,2.0,1.0,9.0,1.0,15.0,15.0,50.0,109.0,13.794,10.8607,3
E09000030,Tower Hamlets,E01004276,Tower Hamlets 031C,500000.0,6.0,12.0,1.0,0.0,0.0,6.0,0.0,13.0,9.0,20.0,67.0,5.371,10.597,3
E09000030,Tower Hamlets,E01004277,Tower Hamlets 033A,584812.5,25.0,14.0,12.0,1.0,2.0,37.0,12.0,215.0,24.0,84.0,426.0,7.917,21.6196,5
E09000030,Tower Hamlets,E01004280,Tower Hamlets 032A,404166.6666666667,14.0,5.0,5.0,2.0,2.0,5.0,3.0,9.0,14.0,47.0,106.0,25.118,7.43067,2
E09000030,Tower Hamlets,E01004281,Tower Hamlets 031D,418125.0,4.0,5.0,3.0,2.0,1.0,5.0,2.0,9.0,11.0,28.0,70.0,8.22,9.99369,2
E09000030,Tower Hamlets,E01004283,Tower Hamlets 016A,431916.6666666667,10.0,12.0,20.0,0.0,2.0,10.0,2.0,20.0,18.0,69.0,163.0,29.565,17.323,4
E09000030,Tower Hamlets,E01004284,Tower Hamlets 019A,394250.0,2.0,7.0,5.0,1.0,0.0,3.0,3.0,12.0,7.0,25.0,65.0,31.368,18.5436,4
E09000030,Tower Hamlets,E01004285,Tower Hamlets 019B,465312.5,8.0,3.0,3.0,2.0,2.0,8.0,1.0,14.0,16.0,38.0,95.0,39.744,18.3407,4
E09000030,Tower Hamlets,E01004286,Tower Hamlets 019C,700624.625,18.0,13.0,20.0,7.0,3.0,19.0,8.0,40.0,38.0,74.0,240.0,36.494,25.1716,6a
E09000030,Tower Hamlets,E01004287,Tower Hamlets 016B,400187.5,7.0,7.0,9.0,1.0,1.0,5.0,2.0,20.0,24.0,43.0,119.0,29.947,22.6712,5
E09000030,Tower Hamlets,E01004288,Tower Hamlets 019D,,15.0,5.0,13.0,4.0,1.0,18.0,3.0,20.0,28.0,63.0,170.0,37.996,24.2715,5
E09000030,Tower Hamlets,E01004289,Tower Hamlets 016C,742500.0,18.0,3.0,7.0,3.0,4.0,9.0,2.0,13.0,15.0,48.0,122.0,34.596,19.8905,4
E09000030,Tower Hamlets,E01004290,Tower Hamlets 016D,598279.5,8.0,14.0,14.0,6.0,0.0,17.0,4.0,42.0,26.0,56.0,187.0,28.558,22.4236,5
E09000030,Tower Hamlets,E01004291,Tower Hamlets 027A,592500.0,13.0,15.0,10.0,4.0,1.0,12.0,0.0,20.0,9.0,46.0,130.0,9.872,14.1009,3
E09000030,Tower Hamlets,E01004292,Tower Hamlets 026A,692125.0,1.0,18.0,3.0,1.0,0.0,5.0,0.0,13.0,5.0,8.0,54.0,7.73,11.6572,3
E09000030,Tower Hamlets,E01004293,Tower Hamlets 027B,647062.5,11.0,31.0,13.0,2.0,2.0,24.0,9.0,118.0,9.0,53.0,272.0,8.793,22.5279,5
E09000030,Tower Hamlets,E01004294,Tower Hamlets 026B,1183763.0,9.0,17.0,8.0,3.0,2.0,5.0,3.0,29.0,20.0,39.0,135.0,18.648,28.0476,6a
E09000030,Tower Hamlets,E01004295,Tower Hamlets 026C,418750.0,4.0,3.0,6.0,0.0,1.0,7.0,3.0,37.0,3.0,43.0,107.0,31.081,19.1191,4
E09000030,Tower Hamlets,E01004296,Tower Hamlets 026D,387083.3333333333,9.0,11.0,12.0,1.0,0.0,7.0,4.0,81.0,15.0,64.0,204.0,26.077,18.8066,4
E09000030,Tower Hamlets,E01004297,Tower Hamlets 027C,586250.0,2.0,5.0,2.0,0.0,0.0,1.0,0.0,13.0,11.0,20.0,54.0,9.299,18.1956,4
E09000030,Tower Hamlets,E01004298,Tower Hamlets 022A,,19.0,1.0,7.0,1.0,0.0,19.0,2.0,54.0,21.0,57.0,181.0,41.255,27.7415,6a
E09000030,Tower Hamlets,E01004300,Tower Hamlets 022B,442000.0,7.0,1.0,3.0,2.0,0.0,2.0,1.0,8.0,8.0,26.0,58.0,36.677,26.0274,6a
E09000030,Tower Hamlets,E01004301,Tower Hamlets 025B,478125.0,7.0,9.0,36.0,2.0,4.0,10.0,6.0,19.0,7.0,44.0,144.0,35.818,27.0338,6a
E09000030,Tower Hamlets,E01004302,Tower Hamlets 025C,317500.0,6.0,4.0,12.0,1.0,0.0,9.0,8.0,44.0,14.0,63.0,161.0,25.269,32.6974,6a
E09000030,Tower Hamlets,E01004303,Tower Hamlets 025D,502495.0,6.0,17.0,22.0,2.0,5.0,15.0,8.0,30.0,40.0,74.0,219.0,23.954,21.2281,5
E09000030,Tower Hamlets,E01004304,Tower Hamlets 022C,493750.0,18.0,8.0,18.0,2.0,5.0,19.0,5.0,49.0,14.0,89.0,227.0,38.469,26.5155,6a
E09000030,Tower Hamlets,E01004305,Tower Hamlets 022D,,12.0,8.0,9.0,2.0,3.0,14.0,2.0,23.0,28.0,57.0,158.0,30.888,24.8217,5
E09000030,Tower Hamlets,E01004306,Tower Hamlets 015A,895500.0,15.0,24.0,28.0,3.0,3.0,22.0,10.0,132.0,18.0,68.0,323.0,36.699,46.8554,6b
E09000030,Tower Hamlets,E01004307,Tower Hamlets 015B,785828.125,25.0,56.0,22.0,2.0,2.0,42.0,19.0,504.0,32.0,110.0,814.0,14.037,76.633,6b
E09000030,Tower Hamlets,E01004308,Tower Hamlets 015C,490625.0,9.0,7.0,6.0,4.0,0.0,11.0,2.0,12.0,17.0,42.0,110.0,28.761,17.9988,4
E09000030,Tower Hamlets,E01004309,Tower Hamlets 015D,420125.0,30.0,40.0,31.0,7.0,9.0,50.0,22.0,199.0,50.0,132.0,570.0,38.451,38.8114,6a
E09000030,Tower Hamlets,E01004310,Tower Hamlets 015E,498125.0,20.0,29.0,16.0,5.0,2.0,30.0,8.0,132.0,25.0,92.0,359.0,37.267,91.2215,6b
E09000030,Tower Hamlets,E01004311,Tower Hamlets 006A,463927.0,15.0,13.0,21.0,0.0,1.0,6.0,5.0,57.0,29.0,42.0,189.0,38.758,25.8851,6a
E09000030,Tower Hamlets,E01004312,Tower Hamlets 009A,373500.0,2.0,7.0,9.0,1.0,1.0,27.0,3.0,23.0,10.0,38.0,121.0,39.603,15.0609,4
E09000030,Tower Hamlets,E01004313,Tower Hamlets 009B,430500.0,11.0,17.0,30.0,5.0,2.0,13.0,6.0,65.0,21.0,85.0,255.0,24.564,23.7138,5
E09000030,Tower Hamlets,E01004314,Tower Hamlets 006B,996875.0,32.0,36.0,29.0,3.0,8.0,29.0,12.0,225.0,42.0,73.0,489.0,21.635,15.0317,4
E09000030,Tower Hamlets,E01004315,Tower Hamlets 006C,600000.0,14.0,12.0,23.0,3.0,0.0,7.0,10.0,63.0,20.0,49.0,201.0,32.576,26.8641,6a
E09000030,Tower Hamlets,E01004316,Tower Hamlets 009C,600000.0,12.0,11.0,11.0,1.0,1.0,6.0,5.0,45.0,21.0,16.0,129.0,39.089,40.0847,6b
E09000030,Tower Hamlets,E01004317,Tower Hamlets 009D,590875.0,19.0,29.0,59.0,2.0,7.0,15.0,17.0,46.0,24.0,79.0,297.0,27.603,26.3875,6a
E09000030,Tower Hamlets,E01004318,Tower Hamlets 006D,515000.0,32.0,36.0,29.0,3.0,8.0,29.0,12.0,225.0,42.0,73.0,489.0,35.903,17.2967,4
E09000030,Tower Hamlets,E01004319,Tower Hamlets 021A,415833.3333333333,13.0,11.0,33.0,5.0,3.0,8.0,7.0,24.0,21.0,47.0,172.0,32.582,27.4237,6a
E09000030,Tower Hamlets,E01004321,Tower Hamlets 021C,,12.0,11.0,31.0,5.0,6.0,24.0,9.0,46.0,46.0,90.0,280.0,33.782,31.5002,6a
E09000030,Tower Hamlets,E01004322,Tower Hamlets 017A,532541.75,35.0,25.0,19.0,8.0,6.0,49.0,14.0,128.0,32.0,157.0,473.0,32.255,35.3089,6a
E09000030,Tower Hamlets,E01004323,Tower Hamlets 017B,409653.25,12.0,10.0,14.0,2.0,1.0,12.0,1.0,38.0,62.0,35.0,187.0,27.821,31.3955,6a
E09000030,Tower Hamlets,E01004324,Tower Hamlets 017C,578750.0,8.0,17.0,15.0,2.0,1.0,3.0,0.0,13.0,19.0,38.0,116.0,37.489,22.2961,5
E09000030,Tower Hamlets,E01004325,Tower Hamlets 021D,579362.5,15.0,16.0,16.0,3.0,0.0,29.0,7.0,75.0,17.0,72.0,250.0,24.528,41.3271,6b
E09000030,Tower Hamlets,E01004326,Tower Hamlets 017D,388750.0,16.0,13.0,9.0,0.0,4.0,21.0,14.0,67.0,36.0,69.0,249.0,26.259,29.3182,6a
E09000030,Tower Hamlets,E01032764,Tower Hamlets 004E,484972.125,21.0,39.0,24.0,4.0,3.0,21.0,8.0,64.0,56.0,81.0,321.0,22.225,9.98092,2
E09000030,Tower Hamlets,E01032765,Tower Hamlets 004F,461000.0,8.0,6.0,1.0,3.0,1.0,7.0,1.0,12.0,14.0,60.0,113.0,28.215,12.334,3
E09000030,Tower Hamlets,E01032766,Tower Hamlets 021E,620500.0,12.0,13.0,7.0,1.0,1.0,11.0,3.0,46.0,17.0,36.0,147.0,19.785,33.5614,6a
E09000030,Tower Hamlets,E01032767,Tower Hamlets 021F,588956.25,15.0,20.0,9.0,4.0,2.0,38.0,15.0,106.0,39.0,65.0,313.0,11.859,45.6579,6b
E09000030,Tower Hamlets,E01032768,Tower Hamlets 025E,614400.0,8.0,17.0,2.0,2.0,1.0,9.0,3.0,23.0,11.0,25.0,101.0,12.944,19.2419,4
E09000030,Tower Hamlets,E01032769,Tower Hamlets 025F,473750.0,13.0,21.0,13.0,2.0,3.0,13.0,9.0,47.0,8.0,50.0,179.0,17.995,24.0179,5
E09000030,Tower Hamlets,E01032770,Tower Hamlets 032B,450625.0,10.0,4.0,4.0,0.0,2.0,5.0,2.0,11.0,7.0,46.0,91.0,16.648,5.65052,2
E09000030,Tower Hamlets,E01032771,Tower Hamlets 033B,908728.75,66.0,27.0,11.0,4.0,1.0,40.0,21.0,380.0,27.0,172.0,749.0,13.182,21.9057,5
E09000030,Tower Hamlets,E01032772,Tower Hamlets 032C,377875.0,7.0,18.0,3.0,1.0,0.0,10.0,4.0,23.0,23.0,54.0,143.0,23.845,9.06069,2
E09000030,Tower Hamlets,E01032773,Tower Hamlets 032D,408875.0,2.0,5.0,1.0,0.0,0.0,6.0,0.0,12.0,7.0,14.0,47.0,14.374,7.99344,2
E09000030,Tower Hamlets,E01032774,Tower Hamlets 032E,,7.0,8.0,16.0,1.0,0.0,14.0,4.0,25.0,17.0,49.0,141.0,30.236,7.48924,2
E09000030,Tower Hamlets,E01032775,Tower Hamlets 031F,544000.0,2.0,0.0,3.0,3.0,0.0,0.0,0.0,2.0,1.0,6.0,17.0,9.375,6.6539,2
E09000030,Tower Hamlets,E01032776,Tower Hamlets 028E,410375.0,4.0,8.0,6.0,4.0,0.0,4.0,1.0,19.0,19.0,36.0,101.0,9.775,13.6277,3
E09000030,Tower Hamlets,E01032777,Tower Hamlets 028F,412333.3333333333,13.0,10.0,3.0,2.0,4.0,13.0,5.0,24.0,24.0,47.0,145.0,18.527,13.9539,3
E09000030,Tower Hamlets,E01032778,Tower Hamlets 028G,519255.0,9.0,7.0,4.0,2.0,1.0,10.0,2.0,32.0,48.0,64.0,179.0,17.421,10.3472,3
E09000030,Tower Hamlets,E01032779,Tower Hamlets 028H,440250.0,4.0,8.0,1.0,1.0,1.0,7.0,0.0,13.0,6.0,27.0,68.0,17.288,15.4661,4
E09000030,Tower Hamlets,E01032780,Tower Hamlets 028I,890052.5,12.0,22.0,5.0,2.0,0.0,15.0,2.0,41.0,23.0,68.0,190.0,16.174,16.778,4
E09000030,Tower Hamlets,E01032781,Tower Hamlets 033C,642000.0,6.0,4.0,1.0,0.0,1.0,9.0,2.0,13.0,8.0,39.0,83.0,12.666,13.071,3
E09000030,Tower Hamlets,E01032782,Tower Hamlets 033D,758265.25,9.0,21.0,7.0,5.0,2.0,16.0,3.0,40.0,22.0,97.0,222.0,19.565,18.9223,4
E09000030,Tower Hamlets,E01032783,Tower Hamlets 031G,398125.0,4.0,3.0,2.0,3.0,0.0,3.0,1.0,11.0,4.0,30.0,61.0,17.654,8.4914,2
E09000030,Tower Hamlets,E01032784,Tower Hamlets 004G,411250.0,4.0,12.0,6.0,2.0,0.0,4.0,2.0,16.0,18.0,38.0,102.0,22.78,16.36,4
E09000030,Tower Hamlets,E01032785,Tower Hamlets 010E,,3.0,16.0,2.0,3.0,0.0,3.0,2.0,17.0,3.0,24.0,73.0,20.779,5.97423,2
E09000030,Tower Hamlets,E01032786,Tower Hamlets 010F,461875.0,10.0,9.0,15.0,1.0,0.0,12.0,3.0,18.0,26.0,44.0,138.0,26.705,15.9278,4
E09000030,Tower Hamlets,E01032787,Tower Hamlets 011F,372250.0,12.0,10.0,20.0,2.0,4.0,9.0,5.0,25.0,35.0,67.0,189.0,34.191,35.3698,6a
E09000031,Waltham Forest,E01004327,Waltham Forest 028A,568125.0,8.0,10.0,10.0,2.0,2.0,10.0,0.0,19.0,28.0,14.0,103.0,30.077,6.34881,2
E09000031,Waltham Forest,E01004328,Waltham Forest 028B,565287.5,9.0,6.0,14.0,1.0,2.0,5.0,1.0,26.0,25.0,36.0,125.0,23.151,9.28759,2
E09000031,Waltham Forest,E01004329,Waltham Forest 028C,560250.0,9.0,7.0,0.0,1.0,0.0,12.0,3.0,16.0,16.0,41.0,105.0,23.702,4.81106,1b
E09000031,Waltham Forest,E01004330,Waltham Forest 028D,597062.5,10.0,6.0,7.0,2.0,2.0,5.0,2.0,11.0,27.0,35.0,107.0,16.923,6.35237,2
E09000031,Waltham Forest,E01004331,Waltham Forest 028E,535625.0,12.0,4.0,4.0,1.0,1.0,9.0,0.0,11.0,23.0,33.0,98.0,22.836,7.28664,2
E09000031,Waltham Forest,E01004332,Waltham Forest 028F,455243.75,16.0,13.0,6.0,4.0,2.0,8.0,2.0,30.0,22.0,43.0,146.0,28.195,9.08841,2
E09000031,Waltham Forest,E01004333,Waltham Forest 024A,433543.75,11.0,6.0,8.0,0.0,0.0,6.0,3.0,22.0,22.0,29.0,107.0,27.949,15.0356,4
E09000031,Waltham Forest,E01004334,Waltham Forest 024B,448333.3333333333,11.0,14.0,8.0,1.0,2.0,10.0,6.0,35.0,30.0,78.0,195.0,44.7,10.6936,3
E09000031,Waltham Forest,E01004335,Waltham Forest 027A,368000.0,15.0,12.0,17.0,1.0,3.0,5.0,3.0,19.0,18.0,78.0,171.0,39.67,12.1712,3
E09000031,Waltham Forest,E01004336,Waltham Forest 026A,488375.0,5.0,12.0,12.0,0.0,2.0,7.0,10.0,23.0,12.0,50.0,133.0,24.337,24.4388,5
E09000031,Waltham Forest,E01004337,Waltham Forest 027B,499313.125,10.0,5.0,4.0,2.0,0.0,12.0,4.0,12.0,19.0,44.0,112.0,26.107,19.5516,4
E09000031,Waltham Forest,E01004338,Waltham Forest 027C,593750.0,3.0,4.0,9.0,3.0,3.0,4.0,1.0,14.0,27.0,27.0,95.0,19.373,22.3495,5
E09000031,Waltham Forest,E01004339,Waltham Forest 027D,421000.0,1.0,4.0,6.0,2.0,1.0,2.0,1.0,6.0,19.0,34.0,76.0,24.516,18.5877,4
E09000031,Waltham Forest,E01004340,Waltham Forest 027E,549000.0,7.0,11.0,9.0,0.0,1.0,7.0,0.0,9.0,24.0,43.0,111.0,43.177,17.6236,4
E09000031,Waltham Forest,E01004341,Waltham Forest 027F,514000.0,15.0,12.0,31.0,2.0,9.0,19.0,10.0,68.0,17.0,86.0,269.0,32.124,10.5235,3
E09000031,Waltham Forest,E01004342,Waltham Forest 011A,591131.5,22.0,19.0,14.0,2.0,2.0,14.0,10.0,57.0,27.0,52.0,219.0,22.387,6.83652,2
E09000031,Waltham Forest,E01004343,Waltham Forest 008A,575500.0,4.0,5.0,4.0,1.0,0.0,1.0,3.0,9.0,33.0,15.0,75.0,15.753,6.11766,2
E09000031,Waltham Forest,E01004344,Waltham Forest 008B,566250.0,24.0,6.0,8.0,5.0,1.0,11.0,2.0,15.0,25.0,73.0,170.0,30.519,6.04218,2
E09000031,Waltham Forest,E01004345,Waltham Forest 010A,582750.0,12.0,8.0,3.0,0.0,1.0,5.0,2.0,6.0,13.0,32.0,82.0,20.885,5.84532,2
E09000031,Waltham Forest,E01004346,Waltham Forest 011B,576375.0,4.0,7.0,6.0,9.0,0.0,7.0,4.0,18.0,23.0,21.0,99.0,18.181,7.4411,2
E09000031,Waltham Forest,E01004347,Waltham Forest 011C,490149.0,5.0,11.0,6.0,0.0,0.0,5.0,3.0,15.0,22.0,32.0,99.0,15.495,6.88917,2
E09000031,Waltham Forest,E01004348,Waltham Forest 010B,389625.0,11.0,6.0,5.0,6.0,0.0,12.0,25.0,22.0,29.0,85.0,201.0,18.169,7.85289,2
E09000031,Waltham Forest,E01004349,Waltham Forest 001A,437875.0,1.0,5.0,1.0,0.0,1.0,10.0,0.0,5.0,24.0,27.0,74.0,29.854,2.60566,1b
E09000031,Waltham Forest,E01004350,Waltham Forest 001B,442375.0,6.0,19.0,4.0,4.0,2.0,14.0,0.0,19.0,27.0,33.0,128.0,28.615,4.14689,1b
E09000031,Waltham Forest,E01004351,Waltham Forest 001C,500937.5,7.0,9.0,7.0,2.0,3.0,9.0,2.0,9.0,18.0,32.0,98.0,15.035,4.51648,1b
E09000031,Waltham Forest,E01004352,Waltham Forest 002A,721625.0,18.0,5.0,19.0,1.0,2.0,8.0,4.0,12.0,31.0,41.0,141.0,10.412,5.24564,2
E09000031,Waltham Forest,E01004353,Waltham Forest 002B,648750.0,7.0,4.0,5.0,1.0,0.0,4.0,2.0,13.0,25.0,30.0,91.0,16.068,6.12753,2
E09000031,Waltham Forest,E01004354,Waltham Forest 002C,541312.5,13.0,5.0,4.0,2.0,0.0,14.0,13.0,50.0,20.0,49.0,170.0,13.633,12.4894,3
E09000031,Waltham Forest,E01004355,Waltham Forest 004A,338000.0,12.0,5.0,2.0,2.0,0.0,4.0,1.0,11.0,27.0,42.0,106.0,25.177,3.71726,1b
E09000031,Waltham Forest,E01004356,Waltham Forest 001D,566262.5,6.0,4.0,10.0,0.0,1.0,6.0,7.0,13.0,32.0,17.0,96.0,25.903,2.9095,1b
E09000031,Waltham Forest,E01004357,Waltham Forest 001E,585000.0,8.0,4.0,3.0,2.0,2.0,3.0,2.0,8.0,24.0,26.0,82.0,17.614,4.8265,1b
E09000031,Waltham Forest,E01004358,Waltham Forest 002D,366875.0,10.0,9.0,1.0,0.0,0.0,7.0,4.0,17.0,31.0,29.0,108.0,22.079,6.90069,2
E09000031,Waltham Forest,E01004359,Waltham Forest 002E,679375.0,2.0,3.0,2.0,2.0,0.0,4.0,0.0,10.0,16.0,15.0,54.0,12.677,8.0844,2
E09000031,Waltham Forest,E01004360,Waltham Forest 004B,647500.0,1.0,3.0,0.0,0.0,0.0,2.0,0.0,2.0,9.0,13.0,30.0,13.149,4.52015,1b
E09000031,Waltham Forest,E01004361,Waltham Forest 005A,529375.0,6.0,9.0,2.0,1.0,0.0,2.0,0.0,4.0,26.0,6.0,56.0,15.397,3.55343,1b
E09000031,Waltham Forest,E01004362,Waltham Forest 021A,443250.0,11.0,4.0,13.0,4.0,0.0,7.0,4.0,18.0,16.0,41.0,118.0,23.288,7.0128,2
E09000031,Waltham Forest,E01004363,Waltham Forest 019A,681250.0,20.0,6.0,4.0,1.0,2.0,32.0,4.0,53.0,36.0,103.0,261.0,19.357,12.969,3
E09000031,Waltham Forest,E01004364,Waltham Forest 019B,523375.0,7.0,3.0,12.0,2.0,5.0,8.0,5.0,18.0,19.0,49.0,128.0,32.04,16.0909,4
E09000031,Waltham Forest,E01004365,Waltham Forest 020A,432837.5,17.0,12.0,4.0,1.0,0.0,18.0,12.0,38.0,11.0,103.0,216.0,29.303,23.6092,5
E09000031,Waltham Forest,E01004366,Waltham Forest 019C,596750.0,11.0,3.0,9.0,2.0,2.0,7.0,3.0,12.0,36.0,57.0,142.0,19.553,8.71114,2
E09000031,Waltham Forest,E01004367,Waltham Forest 019D,616375.0,16.0,6.0,12.0,3.0,5.0,5.0,3.0,43.0,25.0,54.0,172.0,27.28,15.6319,4
E09000031,Waltham Forest,E01004368,Waltham Forest 019E,470875.0,10.0,6.0,15.0,2.0,0.0,8.0,1.0,17.0,21.0,26.0,106.0,21.837,13.33,3
E09000031,Waltham Forest,E01004369,Waltham Forest 023A,467037.5,10.0,2.0,10.0,1.0,3.0,6.0,0.0,19.0,19.0,21.0,91.0,15.818,9.78475,2
E09000031,Waltham Forest,E01004370,Waltham Forest 023B,456687.5,11.0,12.0,11.0,4.0,1.0,9.0,1.0,21.0,9.0,36.0,115.0,14.491,9.52782,2
E09000031,Waltham Forest,E01004371,Waltham Forest 025A,692875.0,4.0,6.0,1.0,7.0,1.0,4.0,3.0,17.0,22.0,28.0,93.0,20.617,19.5027,4
E09000031,Waltham Forest,E01004372,Waltham Forest 023C,473875.0,9.0,3.0,7.0,0.0,0.0,0.0,2.0,6.0,14.0,21.0,62.0,11.815,8.72288,2
E09000031,Waltham Forest,E01004373,Waltham Forest 025B,567519.5,13.0,6.0,16.0,0.0,2.0,12.0,1.0,18.0,16.0,33.0,117.0,25.577,17.7363,4
E09000031,Waltham Forest,E01004374,Waltham Forest 025C,597518.75,7.0,5.0,5.0,2.0,0.0,6.0,1.0,9.0,25.0,46.0,106.0,17.097,19.7298,4
E09000031,Waltham Forest,E01004375,Waltham Forest 025D,467025.0,11.0,3.0,12.0,0.0,5.0,6.0,3.0,26.0,21.0,38.0,125.0,20.785,20.0761,5
E09000031,Waltham Forest,E01004376,Waltham Forest 025E,497062.5,19.0,2.0,5.0,1.0,6.0,12.0,2.0,36.0,29.0,56.0,168.0,22.168,24.7734,5
E09000031,Waltham Forest,E01004377,Waltham Forest 010C,593131.25,8.0,16.0,14.0,0.0,0.0,11.0,0.0,16.0,34.0,25.0,124.0,19.845,3.08518,1b
E09000031,Waltham Forest,E01004378,Waltham Forest 010D,609125.0,4.0,5.0,8.0,0.0,1.0,2.0,5.0,9.0,23.0,35.0,92.0,22.983,6.17796,2
E09000031,Waltham Forest,E01004379,Waltham Forest 007A,497000.0,5.0,5.0,15.0,0.0,1.0,10.0,10.0,41.0,27.0,38.0,152.0,11.817,8.17743,2
E09000031,Waltham Forest,E01004380,Waltham Forest 007B,580875.0,10.0,4.0,2.0,2.0,3.0,4.0,1.0,10.0,20.0,36.0,92.0,22.668,2.82789,1b
E09000031,Waltham Forest,E01004381,Waltham Forest 007C,557562.5,9.0,4.0,3.0,0.0,2.0,6.0,4.0,38.0,29.0,35.0,130.0,15.405,8.76649,2
E09000031,Waltham Forest,E01004382,Waltham Forest 008C,314375.0,10.0,4.0,7.0,1.0,4.0,10.0,2.0,8.0,15.0,52.0,113.0,38.703,5.87665,2
E09000031,Waltham Forest,E01004383,Waltham Forest 007D,631562.5,5.0,2.0,2.0,1.0,0.0,3.0,2.0,9.0,21.0,25.0,70.0,14.955,6.11087,2
E09000031,Waltham Forest,E01004384,Waltham Forest 003A,404861.875,6.0,6.0,8.0,4.0,0.0,11.0,3.0,49.0,20.0,44.0,151.0,32.114,5.84033,2
E09000031,Waltham Forest,E01004385,Waltham Forest 003B,400600.5,7.0,5.0,4.0,1.0,1.0,1.0,0.0,14.0,28.0,25.0,86.0,33.462,3.257,1b
E09000031,Waltham Forest,E01004386,Waltham Forest 003C,672470.0,1.0,2.0,2.0,0.0,0.0,0.0,2.0,3.0,17.0,3.0,30.0,8.937,4.42532,1b
E09000031,Waltham Forest,E01004387,Waltham Forest 007E,636299.375,1.0,2.0,0.0,0.0,0.0,2.0,0.0,4.0,17.0,8.0,34.0,7.179,3.75753,1b
E09000031,Waltham Forest,E01004388,Waltham Forest 007F,381875.0,5.0,12.0,2.0,2.0,0.0,7.0,2.0,17.0,18.0,47.0,112.0,19.354,6.7736,2
E09000031,Waltham Forest,E01004389,Waltham Forest 003D,418437.5,10.0,6.0,5.0,1.0,2.0,12.0,3.0,13.0,34.0,46.0,132.0,31.036,4.8808,1b
E09000031,Waltham Forest,E01004390,Waltham Forest 003E,448000.0,5.0,2.0,2.0,0.0,0.0,3.0,2.0,6.0,18.0,27.0,65.0,34.954,3.63477,1b
E09000031,Waltham Forest,E01004391,Waltham Forest 014A,424000.0,14.0,8.0,11.0,1.0,0.0,7.0,10.0,18.0,17.0,46.0,132.0,21.317,10.313,3
E09000031,Waltham Forest,E01004392,Waltham Forest 017A,511250.0,13.0,14.0,45.0,5.0,6.0,36.0,10.0,249.0,28.0,123.0,529.0,26.237,18.7884,4
E09000031,Waltham Forest,E01004393,Waltham Forest 014B,396939.875,8.0,5.0,15.0,7.0,2.0,18.0,12.0,62.0,13.0,61.0,203.0,21.831,15.195,4
E09000031,Waltham Forest,E01004394,Waltham Forest 017B,469250.0,12.0,2.0,7.0,3.0,1.0,7.0,5.0,17.0,14.0,67.0,135.0,36.022,14.7573,3
E09000031,Waltham Forest,E01004395,Waltham Forest 018A,737500.0,2.0,1.0,10.0,0.0,2.0,8.0,7.0,7.0,11.0,24.0,72.0,17.268,1.08716,1a
E09000031,Waltham Forest,E01004396,Waltham Forest 012A,643140.0,12.0,1.0,7.0,3.0,0.0,2.0,6.0,24.0,20.0,51.0,126.0,19.912,14.3206,3
E09000031,Waltham Forest,E01004397,Waltham Forest 017C,428437.5,30.0,18.0,108.0,8.0,8.0,74.0,32.0,430.0,47.0,201.0,956.0,26.872,28.8613,6a
E09000031,Waltham Forest,E01004398,Waltham Forest 009A,487500.0,9.0,3.0,15.0,6.0,0.0,13.0,3.0,17.0,12.0,38.0,116.0,37.907,4.36378,1b
E09000031,Waltham Forest,E01004399,Waltham Forest 009B,450000.0,11.0,7.0,5.0,1.0,1.0,10.0,4.0,9.0,29.0,70.0,147.0,47.476,2.59091,1b
E09000031,Waltham Forest,E01004400,Waltham Forest 009C,516687.5,9.0,11.0,2.0,1.0,0.0,5.0,5.0,28.0,13.0,31.0,105.0,29.213,5.89225,2
E09000031,Waltham Forest,E01004401,Waltham Forest 014C,615037.5,15.0,15.0,20.0,3.0,3.0,14.0,11.0,48.0,26.0,56.0,211.0,22.183,6.75099,2
E09000031,Waltham Forest,E01004402,Waltham Forest 009D,547123.75,3.0,5.0,6.0,3.0,1.0,11.0,2.0,17.0,17.0,38.0,103.0,32.696,3.6788,1b
E09000031,Waltham Forest,E01004403,Waltham Forest 009E,559500.0,19.0,17.0,13.0,3.0,5.0,17.0,5.0,76.0,29.0,61.0,245.0,30.776,5.86788,2
E09000031,Waltham Forest,E01004404,Waltham Forest 014D,319937.5,16.0,10.0,20.0,3.0,0.0,2.0,3.0,20.0,27.0,50.0,151.0,28.71,5.17408,2
E09000031,Waltham Forest,E01004405,Waltham Forest 020B,681250.0,7.0,6.0,9.0,1.0,1.0,5.0,1.0,17.0,26.0,33.0,106.0,28.415,19.4201,4
E09000031,Waltham Forest,E01004406,Waltham Forest 016A,423125.0,9.0,5.0,16.0,2.0,1.0,6.0,4.0,32.0,23.0,33.0,131.0,22.458,27.6919,6a
E09000031,Waltham Forest,E01004407,Waltham Forest 013A,337312.5,7.0,28.0,12.0,1.0,1.0,10.0,8.0,20.0,8.0,76.0,171.0,41.22,9.34314,2
E09000031,Waltham Forest,E01004408,Waltham Forest 016B,580942.625,8.0,7.0,7.0,1.0,1.0,1.0,1.0,20.0,12.0,35.0,93.0,23.297,13.0956,3
E09000031,Waltham Forest,E01004409,Waltham Forest 016C,531312.5,10.0,10.0,11.0,1.0,0.0,10.0,10.0,40.0,22.0,40.0,154.0,27.417,22.0624,5
E09000031,Waltham Forest,E01004410,Waltham Forest 013B,512500.0,14.0,16.0,10.0,3.0,0.0,12.0,5.0,24.0,27.0,49.0,160.0,34.24,11.5197,3
E09000031,Waltham Forest,E01004411,Waltham Forest 016D,462875.0,13.0,10.0,8.0,0.0,0.0,2.0,9.0,28.0,11.0,54.0,135.0,26.46,32.454,6a
E09000031,Waltham Forest,E01004412,Waltham Forest 015A,654043.75,17.0,10.0,8.0,0.0,1.0,5.0,5.0,24.0,25.0,41.0,136.0,18.448,19.3702,4
E09000031,Waltham Forest,E01004413,Waltham Forest 004C,415500.0,14.0,6.0,2.0,1.0,0.0,8.0,2.0,25.0,25.0,45.0,128.0,32.226,5.41724,2
E09000031,Waltham Forest,E01004414,Waltham Forest 005B,469750.0,5.0,7.0,0.0,2.0,2.0,8.0,3.0,20.0,18.0,34.0,99.0,21.52,7.9471,2
E09000031,Waltham Forest,E01004415,Waltham Forest 004D,558333.3333333334,8.0,5.0,5.0,1.0,0.0,2.0,2.0,9.0,13.0,23.0,68.0,26.422,4.49868,1b
E09000031,Waltham Forest,E01004416,Waltham Forest 004E,516312.5,8.0,11.0,11.0,1.0,2.0,9.0,4.0,5.0,21.0,14.0,86.0,22.953,3.92694,1b
E09000031,Waltham Forest,E01004417,Waltham Forest 005C,586875.0,6.0,6.0,4.0,10.0,0.0,7.0,3.0,31.0,15.0,23.0,105.0,23.066,7.4391,2
E09000031,Waltham Forest,E01004418,Waltham Forest 008D,463500.0,12.0,9.0,4.0,0.0,0.0,2.0,2.0,9.0,12.0,30.0,80.0,19.401,7.82563,2
E09000031,Waltham Forest,E01004419,Waltham Forest 008E,404561.875,9.0,7.0,4.0,2.0,3.0,10.0,3.0,17.0,30.0,40.0,125.0,21.127,7.7111,2
E09000031,Waltham Forest,E01004420,Waltham Forest 020C,516562.5,21.0,8.0,19.0,6.0,5.0,33.0,13.0,113.0,31.0,118.0,367.0,42.117,20.7897,5
E09000031,Waltham Forest,E01004421,Waltham Forest 018B,550000.0,15.0,5.0,5.0,5.0,1.0,6.0,1.0,9.0,26.0,48.0,121.0,25.042,11.1775,3
E09000031,Waltham Forest,E01004422,Waltham Forest 022A,487587.5,12.0,14.0,13.0,4.0,2.0,23.0,17.0,49.0,58.0,57.0,249.0,26.887,4.31176,1b
E09000031,Waltham Forest,E01004423,Waltham Forest 020D,427250.0,8.0,5.0,16.0,3.0,0.0,6.0,2.0,21.0,17.0,53.0,131.0,35.995,13.0784,3
E09000031,Waltham Forest,E01004424,Waltham Forest 022B,378125.0,21.0,8.0,13.0,6.0,4.0,22.0,5.0,51.0,19.0,93.0,242.0,37.256,8.5424,2
E09000031,Waltham Forest,E01004425,Waltham Forest 022C,435750.0,10.0,13.0,7.0,4.0,1.0,14.0,3.0,59.0,25.0,37.0,173.0,25.839,9.56044,2
E09000031,Waltham Forest,E01004426,Waltham Forest 022D,605437.5,7.0,4.0,9.0,3.0,0.0,3.0,1.0,12.0,29.0,38.0,106.0,25.371,8.41691,2
E09000031,Waltham Forest,E01004427,Waltham Forest 022E,396875.0,13.0,9.0,8.0,0.0,0.0,6.0,1.0,12.0,19.0,47.0,115.0,21.595,4.97309,1b
E09000031,Waltham Forest,E01004428,Waltham Forest 026B,460000.0,4.0,2.0,21.0,2.0,2.0,4.0,2.0,9.0,14.0,53.0,113.0,39.593,4.58703,1b
E09000031,Waltham Forest,E01004429,Waltham Forest 026C,555375.0,12.0,14.0,10.0,2.0,0.0,9.0,3.0,27.0,24.0,42.0,143.0,23.261,5.34133,2
E09000031,Waltham Forest,E01004430,Waltham Forest 026D,565000.0,38.0,38.0,62.0,5.0,6.0,29.0,11.0,206.0,74.0,122.0,591.0,24.388,15.1683,4
E09000031,Waltham Forest,E01004432,Waltham Forest 023D,560401.25,14.0,10.0,6.0,1.0,0.0,9.0,3.0,16.0,27.0,54.0,140.0,26.399,9.69303,2
E09000031,Waltham Forest,E01004434,Waltham Forest 026E,407000.0,19.0,8.0,23.0,0.0,5.0,12.0,3.0,19.0,20.0,61.0,170.0,27.787,3.73113,1b
E09000031,Waltham Forest,E01004435,Waltham Forest 023E,417537.5,10.0,4.0,12.0,5.0,1.0,11.0,4.0,19.0,21.0,66.0,153.0,29.027,11.7187,3
E09000031,Waltham Forest,E01004436,Waltham Forest 021B,480608.625,11.0,5.0,18.0,5.0,2.0,9.0,2.0,39.0,22.0,50.0,163.0,26.601,17.9811,4
E09000031,Waltham Forest,E01004437,Waltham Forest 021C,463500.0,6.0,7.0,8.0,3.0,1.0,5.0,2.0,18.0,12.0,36.0,98.0,25.659,22.0963,5
E09000031,Waltham Forest,E01004438,Waltham Forest 024C,438437.5,20.0,20.0,10.0,6.0,2.0,39.0,7.0,137.0,43.0,99.0,383.0,20.924,23.2982,5
E09000031,Waltham Forest,E01004439,Waltham Forest 021D,462125.0,9.0,5.0,8.0,3.0,1.0,5.0,3.0,14.0,30.0,25.0,103.0,19.011,20.6552,5
E09000031,Waltham Forest,E01004440,Waltham Forest 024D,463375.0,14.0,14.0,18.0,2.0,2.0,9.0,11.0,48.0,25.0,72.0,215.0,25.946,25.9134,6a
E09000031,Waltham Forest,E01004441,Waltham Forest 024E,735250.0,3.0,6.0,2.0,0.0,0.0,5.0,1.0,9.0,34.0,24.0,84.0,18.76,22.3005,5
E09000031,Waltham Forest,E01004442,Waltham Forest 021E,508375.0,5.0,2.0,2.0,1.0,0.0,6.0,3.0,12.0,16.0,20.0,67.0,13.797,14.7691,3
E09000031,Waltham Forest,E01004443,Waltham Forest 016E,717875.0,19.0,12.0,13.0,5.0,7.0,15.0,2.0,60.0,54.0,62.0,249.0,31.365,31.5323,6a
E09000031,Waltham Forest,E01004444,Waltham Forest 017D,393000.0,14.0,10.0,22.0,3.0,4.0,20.0,5.0,49.0,24.0,88.0,239.0,34.282,17.6674,4
E09000031,Waltham Forest,E01004445,Waltham Forest 018C,524750.0,16.0,4.0,6.0,2.0,1.0,4.0,3.0,21.0,14.0,34.0,105.0,28.771,16.6579,4
E09000031,Waltham Forest,E01004446,Waltham Forest 017E,612375.0,7.0,4.0,5.0,2.0,1.0,3.0,9.0,14.0,18.0,30.0,93.0,23.406,12.5915,3
E09000031,Waltham Forest,E01004447,Waltham Forest 016F,665562.5,15.0,4.0,12.0,1.0,0.0,5.0,0.0,13.0,20.0,26.0,96.0,16.828,16.1854,4
E09000031,Waltham Forest,E01004448,Waltham Forest 018D,550712.5,4.0,3.0,21.0,2.0,0.0,11.0,5.0,68.0,36.0,29.0,179.0,26.678,4.27719,1b
E09000031,Waltham Forest,E01004449,Waltham Forest 018E,470250.0,6.0,9.0,13.0,2.0,3.0,18.0,4.0,22.0,19.0,46.0,142.0,46.275,4.72708,1b
E09000031,Waltham Forest,E01004450,Waltham Forest 006A,502743.75,6.0,7.0,1.0,3.0,0.0,2.0,1.0,6.0,27.0,21.0,74.0,15.897,2.76542,1b
E09000031,Waltham Forest,E01004451,Waltham Forest 005D,548750.0,6.0,5.0,2.0,1.0,0.0,7.0,2.0,5.0,27.0,32.0,87.0,16.07,3.8228,1b
E09000031,Waltham Forest,E01004452,Waltham Forest 005E,404374.375,14.0,9.0,12.0,6.0,1.0,19.0,8.0,56.0,34.0,48.0,207.0,24.84,8.98181,2
E09000031,Waltham Forest,E01004453,Waltham Forest 006B,421875.0,16.0,15.0,6.0,3.0,1.0,8.0,3.0,35.0,65.0,31.0,183.0,25.765,3.34808,1b
E09000031,Waltham Forest,E01004454,Waltham Forest 006C,308375.0,15.0,5.0,2.0,2.0,2.0,6.0,7.0,9.0,37.0,51.0,136.0,24.382,7.48551,2
E09000031,Waltham Forest,E01004455,Waltham Forest 006D,439250.0,29.0,9.0,20.0,2.0,1.0,29.0,11.0,413.0,152.0,65.0,731.0,29.351,8.81325,2
E09000031,Waltham Forest,E01004456,Waltham Forest 006E,459250.0,24.0,8.0,6.0,2.0,2.0,10.0,3.0,102.0,104.0,68.0,329.0,42.734,2.38199,1a
E09000031,Waltham Forest,E01004457,Waltham Forest 012B,497000.0,15.0,12.0,9.0,3.0,2.0,9.0,3.0,29.0,27.0,45.0,154.0,20.481,8.10185,2
E09000031,Waltham Forest,E01004458,Waltham Forest 012C,627837.5,10.0,15.0,22.0,0.0,5.0,10.0,7.0,29.0,12.0,42.0,152.0,26.207,9.88024,2
E09000031,Waltham Forest,E01004459,Waltham Forest 012D,653937.5,9.0,12.0,11.0,1.0,0.0,9.0,4.0,19.0,18.0,45.0,128.0,43.377,5.33983,2
E09000031,Waltham Forest,E01004460,Waltham Forest 011D,637500.0,10.0,5.0,40.0,1.0,2.0,11.0,13.0,50.0,15.0,47.0,194.0,29.841,11.8487,3
E09000031,Waltham Forest,E01004461,Waltham Forest 014E,477087.5,5.0,19.0,5.0,4.0,1.0,8.0,1.0,15.0,17.0,42.0,117.0,15.24,14.3995,3
E09000031,Waltham Forest,E01004462,Waltham Forest 011E,633625.0,10.0,7.0,18.0,0.0,0.0,4.0,4.0,27.0,19.0,38.0,127.0,23.842,12.752,3
E09000031,Waltham Forest,E01004463,Waltham Forest 012E,486974.375,4.0,4.0,5.0,2.0,2.0,7.0,7.0,17.0,16.0,25.0,89.0,14.978,6.27086,2
E09000031,Waltham Forest,E01004464,Waltham Forest 013C,444062.5,13.0,21.0,13.0,3.0,2.0,11.0,4.0,52.0,12.0,98.0,229.0,37.506,10.4803,3
E09000031,Waltham Forest,E01004465,Waltham Forest 015B,766125.0,2.0,3.0,0.0,1.0,0.0,0.0,0.0,6.0,9.0,19.0,40.0,18.111,14.7005,3
E09000031,Waltham Forest,E01004466,Waltham Forest 015C,700000.0,10.0,6.0,2.0,3.0,0.0,6.0,3.0,13.0,21.0,20.0,84.0,14.801,10.3848,3
E09000031,Waltham Forest,E01004467,Waltham Forest 015D,349375.0,14.0,10.0,7.0,3.0,1.0,13.0,7.0,42.0,19.0,79.0,195.0,29.626,14.8805,3
E09000031,Waltham Forest,E01004468,Waltham Forest 015E,617625.0,6.0,14.0,18.0,2.0,0.0,6.0,1.0,16.0,25.0,26.0,114.0,17.863,4.49017,1b
E09000031,Waltham Forest,E01004469,Waltham Forest 013D,434062.5,9.0,10.0,9.0,2.0,1.0,1.0,1.0,10.0,18.0,42.0,103.0,39.486,7.57519,2
E09000031,Waltham Forest,E01004470,Waltham Forest 013E,481888.25,30.0,10.0,14.0,7.0,6.0,14.0,9.0,50.0,9.0,79.0,228.0,34.263,11.0759,3
E09000031,Waltham Forest,E01004471,Waltham Forest 013F,451687.5,7.0,5.0,8.0,2.0,0.0,3.0,1.0,11.0,14.0,37.0,88.0,32.772,9.51262,2
E09000031,Waltham Forest,E01033153,Waltham Forest 020G,396875.0,8.0,5.0,2.0,1.0,0.0,7.0,1.0,14.0,13.0,60.0,111.0,38.058,15.7816,4
E09000032,Wandsworth,E01004472,Wandsworth 021A,861250.0,5.0,15.0,0.0,0.0,1.0,4.0,3.0,19.0,29.0,24.0,100.0,9.879,20.7403,5
E09000032,Wandsworth,E01004473,Wandsworth 026A,710075.0,5.0,1.0,5.0,3.0,0.0,4.0,4.0,21.0,24.0,15.0,82.0,11.875,24.1924,5
E09000032,Wandsworth,E01004474,Wandsworth 021B,500471.25,19.0,24.0,8.0,3.0,2.0,25.0,15.0,213.0,21.0,105.0,435.0,17.524,29.0897,6a
E09000032,Wandsworth,E01004475,Wandsworth 026B,688750.0,8.0,7.0,1.0,0.0,0.0,6.0,2.0,38.0,11.0,13.0,86.0,15.977,24.9317,5
E09000032,Wandsworth,E01004476,Wandsworth 021C,679250.0,6.0,15.0,5.0,0.0,1.0,16.0,7.0,110.0,14.0,39.0,213.0,13.593,18.7539,4
E09000032,Wandsworth,E01004477,Wandsworth 017A,1565406.25,3.0,7.0,1.0,1.0,0.0,3.0,3.0,17.0,41.0,3.0,79.0,5.093,9.35808,2
E09000032,Wandsworth,E01004478,Wandsworth 017B,1530000.0,1.0,5.0,1.0,0.0,1.0,1.0,0.0,11.0,21.0,8.0,49.0,4.363,4.45571,1b
E09000032,Wandsworth,E01004479,Wandsworth 017C,1362722.0,6.0,8.0,0.0,1.0,0.0,5.0,0.0,10.0,34.0,11.0,75.0,10.238,12.3193,3
E09000032,Wandsworth,E01004480,Wandsworth 026C,825312.5,7.0,12.0,4.0,1.0,0.0,3.0,2.0,18.0,13.0,12.0,72.0,7.239,19.3993,4
E09000032,Wandsworth,E01004481,Wandsworth 029A,568000.0,8.0,4.0,8.0,1.0,0.0,6.0,4.0,26.0,12.0,27.0,96.0,15.155,22.8586,5
E09000032,Wandsworth,E01004482,Wandsworth 030A,788250.0,4.0,8.0,3.0,4.0,0.0,7.0,1.0,21.0,9.0,21.0,78.0,15.123,13.3416,3
E09000032,Wandsworth,E01004483,Wandsworth 026D,429250.0,8.0,11.0,8.0,2.0,1.0,3.0,1.0,21.0,12.0,34.0,101.0,14.025,6.24734,2
E09000032,Wandsworth,E01004484,Wandsworth 026E,773775.0,0.0,11.0,4.0,0.0,0.0,5.0,2.0,10.0,10.0,8.0,50.0,18.333,13.0266,3
E09000032,Wandsworth,E01004485,Wandsworth 030B,622750.0,3.0,6.0,4.0,0.0,0.0,16.0,6.0,48.0,19.0,45.0,147.0,16.136,24.8053,5
E09000032,Wandsworth,E01004486,Wandsworth 026F,519345.625,4.0,4.0,2.0,1.0,0.0,2.0,7.0,14.0,21.0,12.0,67.0,17.646,4.88674,1b
E09000032,Wandsworth,E01004487,Wandsworth 030C,720500.0,6.0,7.0,3.0,1.0,0.0,1.0,4.0,8.0,20.0,21.0,71.0,21.375,12.9393,3
E09000032,Wandsworth,E01004488,Wandsworth 029B,749375.0,2.0,11.0,0.0,1.0,0.0,2.0,4.0,7.0,17.0,17.0,61.0,14.58,19.2578,4
E09000032,Wandsworth,E01004489,Wandsworth 030D,809868.75,6.0,5.0,9.0,1.0,2.0,5.0,2.0,9.0,25.0,24.0,88.0,26.942,10.8804,3
E09000032,Wandsworth,E01004490,Wandsworth 031A,946250.0,2.0,6.0,3.0,2.0,0.0,6.0,1.0,6.0,17.0,11.0,54.0,7.244,15.6594,4
E09000032,Wandsworth,E01004491,Wandsworth 031B,346437.5,0.0,7.0,2.0,0.0,2.0,1.0,0.0,12.0,6.0,38.0,68.0,14.207,6.74427,2
E09000032,Wandsworth,E01004492,Wandsworth 031C,718250.0,12.0,8.0,4.0,2.0,0.0,8.0,1.0,30.0,20.0,26.0,111.0,15.53,8.64266,2
E09000032,Wandsworth,E01004493,Wandsworth 019A,603750.0,18.0,2.0,2.0,16.0,7.0,10.0,3.0,13.0,23.0,155.0,249.0,13.604,14.1712,3
E09000032,Wandsworth,E01004494,Wandsworth 018A,497187.5,6.0,8.0,4.0,0.0,1.0,9.0,5.0,39.0,14.0,28.0,114.0,19.102,11.3518,3
E09000032,Wandsworth,E01004495,Wandsworth 024A,577187.5,8.0,7.0,11.0,0.0,2.0,10.0,0.0,18.0,7.0,40.0,103.0,23.496,17.9979,4
E09000032,Wandsworth,E01004496,Wandsworth 024B,582375.0,12.0,18.0,7.0,3.0,1.0,15.0,5.0,50.0,13.0,44.0,168.0,11.991,21.0131,5
E09000032,Wandsworth,E01004497,Wandsworth 024C,924437.5,6.0,5.0,2.0,0.0,1.0,9.0,2.0,7.0,17.0,26.0,75.0,16.446,15.219,4
E09000032,Wandsworth,E01004498,Wandsworth 031D,692162.75,15.0,8.0,1.0,2.0,1.0,5.0,1.0,9.0,15.0,20.0,77.0,8.707,20.2181,5
E09000032,Wandsworth,E01004499,Wandsworth 020A,638875.0,2.0,10.0,2.0,0.0,0.0,1.0,1.0,9.0,9.0,30.0,64.0,13.847,13.0666,3
E09000032,Wandsworth,E01004500,Wandsworth 014A,456875.0,5.0,4.0,4.0,3.0,1.0,8.0,2.0,11.0,12.0,21.0,71.0,10.92,22.307,5
E09000032,Wandsworth,E01004501,Wandsworth 014B,529375.0,9.0,8.0,1.0,0.0,0.0,4.0,4.0,9.0,8.0,17.0,60.0,17.726,16.8442,4
E09000032,Wandsworth,E01004502,Wandsworth 020B,1113162.125,3.0,7.0,1.0,0.0,0.0,6.0,0.0,2.0,16.0,21.0,56.0,9.379,8.41914,2
E09000032,Wandsworth,E01004503,Wandsworth 014C,555031.25,5.0,6.0,7.0,3.0,1.0,15.0,0.0,18.0,20.0,34.0,109.0,18.546,9.28372,2
E09000032,Wandsworth,E01004504,Wandsworth 020C,664000.0,1.0,5.0,2.0,1.0,0.0,3.0,2.0,3.0,19.0,5.0,41.0,9.832,6.65436,2
E09000032,Wandsworth,E01004505,Wandsworth 014D,546875.0,2.0,8.0,3.0,2.0,1.0,1.0,0.0,11.0,9.0,9.0,46.0,7.752,12.6739,3
E09000032,Wandsworth,E01004506,Wandsworth 011A,613625.0,9.0,24.0,7.0,0.0,1.0,12.0,1.0,25.0,32.0,52.0,163.0,9.478,26.1798,6a
E09000032,Wandsworth,E01004507,Wandsworth 014E,566250.0,10.0,13.0,3.0,0.0,0.0,11.0,0.0,23.0,9.0,55.0,124.0,8.65,21.2298,5
E09000032,Wandsworth,E01004508,Wandsworth 012A,683875.0,10.0,22.0,5.0,6.0,1.0,7.0,9.0,55.0,29.0,52.0,196.0,10.753,65.3732,6b
E09000032,Wandsworth,E01004509,Wandsworth 010A,523250.0,13.0,15.0,9.0,4.0,2.0,10.0,6.0,60.0,29.0,46.0,194.0,15.768,20.3022,5
E09000032,Wandsworth,E01004510,Wandsworth 012B,564850.0,21.0,14.0,1.0,1.0,0.0,8.0,1.0,17.0,10.0,28.0,101.0,8.768,28.6528,6a
E09000032,Wandsworth,E01004511,Wandsworth 010B,708375.0,9.0,8.0,3.0,0.0,0.0,10.0,1.0,11.0,14.0,23.0,79.0,8.087,16.4034,4
E09000032,Wandsworth,E01004512,Wandsworth 019B,889781.25,5.0,2.0,6.0,0.0,1.0,3.0,2.0,6.0,15.0,5.0,45.0,12.491,11.5559,3
E09000032,Wandsworth,E01004513,Wandsworth 018B,452062.5,10.0,8.0,5.0,0.0,0.0,11.0,4.0,73.0,28.0,60.0,199.0,18.296,11.2959,3
E09000032,Wandsworth,E01004514,Wandsworth 012C,1141137.5,6.0,12.0,6.0,0.0,1.0,8.0,0.0,24.0,24.0,31.0,112.0,9.256,23.4007,5
E09000032,Wandsworth,E01004515,Wandsworth 012D,658359.25,3.0,12.0,4.0,1.0,0.0,9.0,4.0,29.0,11.0,37.0,110.0,14.846,46.4096,6b
E09000032,Wandsworth,E01004516,Wandsworth 036A,965562.5,7.0,9.0,8.0,1.0,1.0,2.0,12.0,12.0,13.0,14.0,79.0,12.313,4.56366,1b
E09000032,Wandsworth,E01004517,Wandsworth 037A,466875.0,14.0,11.0,11.0,2.0,2.0,10.0,7.0,33.0,20.0,61.0,171.0,14.927,10.9106,3
E09000032,Wandsworth,E01004518,Wandsworth 036B,826375.0,3.0,10.0,3.0,0.0,1.0,3.0,5.0,10.0,29.0,19.0,83.0,13.045,7.33567,2
E09000032,Wandsworth,E01004519,Wandsworth 036C,706750.0,9.0,9.0,6.0,0.0,0.0,12.0,5.0,10.0,14.0,41.0,106.0,16.635,13.9156,3
E09000032,Wandsworth,E01004520,Wandsworth 036D,616125.0,4.0,4.0,3.0,4.0,1.0,11.0,4.0,10.0,17.0,26.0,84.0,16.54,9.27835,2
E09000032,Wandsworth,E01004521,Wandsworth 037B,557812.5,10.0,9.0,3.0,2.0,1.0,11.0,12.0,15.0,22.0,30.0,115.0,16.432,6.997,2
E09000032,Wandsworth,E01004522,Wandsworth 037C,557812.5,9.0,5.0,8.0,2.0,1.0,8.0,7.0,10.0,18.0,46.0,114.0,18.304,7.78763,2
E09000032,Wandsworth,E01004523,Wandsworth 036E,414625.0,9.0,12.0,8.0,1.0,1.0,8.0,3.0,24.0,34.0,30.0,130.0,19.06,5.71449,2
E09000032,Wandsworth,E01004524,Wandsworth 037D,320625.0,11.0,9.0,8.0,4.0,2.0,14.0,2.0,15.0,15.0,52.0,132.0,35.049,8.76703,2
E09000032,Wandsworth,E01004525,Wandsworth 035A,606696.0,23.0,30.0,15.0,7.0,10.0,69.0,29.0,469.0,30.0,156.0,838.0,21.561,34.2824,6a
E09000032,Wandsworth,E01004526,Wandsworth 035B,494962.5,9.0,15.0,9.0,6.0,6.0,33.0,9.0,90.0,28.0,52.0,257.0,22.8,30.668,6a
E09000032,Wandsworth,E01004527,Wandsworth 035C,722500.0,7.0,6.0,5.0,3.0,2.0,1.0,2.0,15.0,17.0,25.0,83.0,15.258,26.6789,6a
E09000032,Wandsworth,E01004528,Wandsworth 035D,426800.0,6.0,13.0,11.0,5.0,0.0,10.0,6.0,27.0,14.0,47.0,139.0,28.667,18.0832,4
E09000032,Wandsworth,E01004529,Wandsworth 035E,530500.0,6.0,14.0,8.0,2.0,2.0,6.0,3.0,36.0,18.0,49.0,144.0,13.45,22.4067,5
E09000032,Wandsworth,E01004530,Wandsworth 035F,467125.0,12.0,10.0,4.0,2.0,0.0,6.0,1.0,14.0,22.0,15.0,86.0,15.181,22.1033,5
E09000032,Wandsworth,E01004531,Wandsworth 033A,630037.5,8.0,5.0,2.0,0.0,0.0,3.0,0.0,8.0,21.0,23.0,70.0,25.305,16.0131,4
E09000032,Wandsworth,E01004532,Wandsworth 032A,635625.0,3.0,5.0,1.0,1.0,0.0,3.0,4.0,8.0,14.0,11.0,50.0,16.141,3.44266,1b
E09000032,Wandsworth,E01004533,Wandsworth 033B,577500.0,7.0,5.0,3.0,1.0,1.0,7.0,4.0,16.0,16.0,21.0,81.0,27.038,11.8904,3
E09000032,Wandsworth,E01004534,Wandsworth 008A,998750.0,2.0,20.0,7.0,2.0,2.0,8.0,11.0,38.0,13.0,46.0,149.0,13.523,33.3069,6a
E09000032,Wandsworth,E01004535,Wandsworth 007A,,12.0,6.0,18.0,2.0,2.0,6.0,6.0,30.0,8.0,71.0,161.0,37.698,60.8192,6b
E09000032,Wandsworth,E01004536,Wandsworth 008B,346875.0,13.0,11.0,18.0,5.0,1.0,15.0,5.0,41.0,10.0,90.0,209.0,23.52,69.971,6b
E09000032,Wandsworth,E01004537,Wandsworth 007B,394750.0,19.0,11.0,13.0,3.0,1.0,11.0,7.0,26.0,9.0,50.0,150.0,33.441,58.4702,6b
E09000032,Wandsworth,E01004538,Wandsworth 007C,467375.0,8.0,12.0,8.0,0.0,2.0,7.0,6.0,15.0,12.0,32.0,102.0,25.102,17.3906,4
E09000032,Wandsworth,E01004539,Wandsworth 003A,398875.0,9.0,7.0,9.0,5.0,3.0,16.0,6.0,29.0,13.0,85.0,182.0,34.145,7.90831,2
E09000032,Wandsworth,E01004540,Wandsworth 003B,584250.0,19.0,13.0,12.0,1.0,2.0,10.0,6.0,32.0,15.0,55.0,165.0,26.388,9.46682,2
E09000032,Wandsworth,E01004541,Wandsworth 007D,415000.0,11.0,13.0,10.0,0.0,2.0,3.0,8.0,23.0,5.0,56.0,131.0,38.578,54.9333,6b
E09000032,Wandsworth,E01004542,Wandsworth 021D,1197899.875,0.0,7.0,1.0,1.0,0.0,3.0,2.0,8.0,16.0,31.0,69.0,6.98,18.8609,4
E09000032,Wandsworth,E01004543,Wandsworth 027A,1192500.0,9.0,11.0,4.0,0.0,0.0,8.0,6.0,27.0,21.0,16.0,102.0,7.903,18.2374,4
E09000032,Wandsworth,E01004544,Wandsworth 021E,1301662.5,3.0,8.0,2.0,1.0,0.0,3.0,5.0,11.0,18.0,12.0,63.0,12.086,26.0442,6a
E09000032,Wandsworth,E01004545,Wandsworth 027B,504375.0,10.0,28.0,7.0,5.0,0.0,16.0,8.0,108.0,22.0,28.0,232.0,10.551,30.2327,6a
E09000032,Wandsworth,E01004546,Wandsworth 027C,656761.5,1.0,3.0,1.0,3.0,0.0,1.0,1.0,9.0,15.0,12.0,46.0,6.62,23.4633,5
E09000032,Wandsworth,E01004547,Wandsworth 029C,694078.125,7.0,9.0,2.0,0.0,1.0,1.0,3.0,11.0,16.0,23.0,73.0,20.336,18.7098,4
E09000032,Wandsworth,E01004548,Wandsworth 029D,425937.5,6.0,13.0,6.0,2.0,1.0,9.0,2.0,40.0,12.0,49.0,140.0,17.492,23.9227,5
E09000032,Wandsworth,E01004549,Wandsworth 027D,936375.0,7.0,4.0,2.0,1.0,1.0,12.0,0.0,9.0,19.0,25.0,80.0,19.334,15.9668,4
E09000032,Wandsworth,E01004550,Wandsworth 017D,1137500.0,1.0,7.0,0.0,0.0,0.0,3.0,1.0,9.0,18.0,20.0,59.0,13.202,19.0034,4
E09000032,Wandsworth,E01004551,Wandsworth 012E,612625.0,12.0,13.0,33.0,4.0,0.0,58.0,26.0,181.0,8.0,129.0,464.0,17.486,80.0165,6b
E09000032,Wandsworth,E01004552,Wandsworth 008C,694687.5,13.0,34.0,12.0,3.0,0.0,29.0,9.0,237.0,18.0,84.0,439.0,10.655,70.7844,6b
E09000032,Wandsworth,E01004553,Wandsworth 015A,758112.5,11.0,6.0,3.0,2.0,1.0,10.0,0.0,50.0,22.0,22.0,127.0,11.274,56.0727,6b
E09000032,Wandsworth,E01004554,Wandsworth 009A,1048750.0,3.0,8.0,2.0,0.0,0.0,3.0,2.0,7.0,27.0,8.0,60.0,6.516,16.7995,4
E09000032,Wandsworth,E01004555,Wandsworth 017E,1524750.0,4.0,4.0,2.0,1.0,0.0,4.0,2.0,9.0,46.0,13.0,85.0,4.844,6.42138,2
E09000032,Wandsworth,E01004556,Wandsworth 009B,1472875.0,0.0,2.0,3.0,1.0,0.0,1.0,3.0,10.0,24.0,12.0,56.0,4.709,25.5357,6a
E09000032,Wandsworth,E01004557,Wandsworth 015B,1104375.0,0.0,8.0,3.0,1.0,0.0,3.0,1.0,17.0,23.0,13.0,69.0,8.329,22.3937,5
E09000032,Wandsworth,E01004558,Wandsworth 015C,1189547.25,3.0,9.0,0.0,0.0,0.0,5.0,0.0,13.0,19.0,7.0,56.0,5.821,5.91175,2
E09000032,Wandsworth,E01004559,Wandsworth 015D,1719375.0,3.0,2.0,0.0,1.0,0.0,3.0,3.0,11.0,25.0,9.0,57.0,7.589,9.93922,2
E09000032,Wandsworth,E01004560,Wandsworth 001A,1220000.0,8.0,8.0,21.0,2.0,4.0,16.0,44.0,80.0,42.0,55.0,280.0,17.433,6.67686,2
E09000032,Wandsworth,E01004562,Wandsworth 002B,901920.875,12.0,13.0,8.0,1.0,2.0,13.0,0.0,13.0,2.0,33.0,97.0,29.861,12.2579,3
E09000032,Wandsworth,E01004563,Wandsworth 002C,446875.0,11.0,12.0,15.0,3.0,3.0,17.0,9.0,29.0,11.0,72.0,182.0,30.537,15.8112,4
E09000032,Wandsworth,E01004564,Wandsworth 002D,600040.625,10.0,8.0,8.0,1.0,0.0,9.0,8.0,39.0,22.0,43.0,148.0,18.491,15.8483,4
E09000032,Wandsworth,E01004565,Wandsworth 005A,643243.75,8.0,10.0,1.0,2.0,0.0,4.0,1.0,14.0,12.0,23.0,75.0,19.254,17.9822,4
E09000032,Wandsworth,E01004566,Wandsworth 001B,800000.0,3.0,9.0,8.0,2.0,0.0,5.0,5.0,23.0,26.0,26.0,107.0,11.738,23.1705,5
E09000032,Wandsworth,E01004567,Wandsworth 002E,396375.0,9.0,7.0,9.0,1.0,1.0,6.0,4.0,12.0,12.0,54.0,115.0,31.614,5.71263,2
E09000032,Wandsworth,E01004568,Wandsworth 013A,,14.0,10.0,8.0,2.0,3.0,11.0,2.0,30.0,8.0,46.0,134.0,23.695,6.27377,2
E09000032,Wandsworth,E01004569,Wandsworth 023A,641500.0,22.0,10.0,6.0,3.0,1.0,18.0,3.0,38.0,11.0,91.0,203.0,24.659,9.73148,2
E09000032,Wandsworth,E01004570,Wandsworth 023B,308166.6666666667,6.0,12.0,7.0,4.0,1.0,11.0,5.0,16.0,13.0,56.0,131.0,33.572,9.87565,2
E09000032,Wandsworth,E01004571,Wandsworth 023C,334877.0,7.0,6.0,5.0,2.0,2.0,15.0,4.0,40.0,18.0,35.0,134.0,24.607,10.0612,3
E09000032,Wandsworth,E01004572,Wandsworth 016A,620625.0,6.0,5.0,14.0,3.0,1.0,4.0,1.0,9.0,19.0,28.0,90.0,22.976,7.32364,2
E09000032,Wandsworth,E01004573,Wandsworth 023D,339937.5,13.0,11.0,8.0,0.0,4.0,11.0,4.0,45.0,11.0,50.0,157.0,27.314,3.67013,1b
E09000032,Wandsworth,E01004574,Wandsworth 013B,,15.0,11.0,12.0,2.0,2.0,15.0,2.0,20.0,6.0,71.0,156.0,34.899,4.84142,1b
E09000032,Wandsworth,E01004575,Wandsworth 013C,413250.0,11.0,6.0,11.0,2.0,3.0,11.0,2.0,15.0,12.0,56.0,129.0,29.395,5.3535,2
E09000032,Wandsworth,E01004576,Wandsworth 013D,1933125.0,11.0,9.0,3.0,4.0,1.0,8.0,0.0,21.0,10.0,57.0,124.0,26.61,1.03424,1a
E09000032,Wandsworth,E01004577,Wandsworth 003C,848750.0,8.0,13.0,8.0,2.0,0.0,0.0,5.0,16.0,17.0,26.0,95.0,14.287,11.8297,3
E09000032,Wandsworth,E01004579,Wandsworth 004B,831000.0,12.0,7.0,11.0,4.0,3.0,11.0,4.0,27.0,18.0,36.0,133.0,18.872,10.0409,3
E09000032,Wandsworth,E01004580,Wandsworth 004C,446187.5,13.0,11.0,8.0,2.0,1.0,11.0,11.0,37.0,14.0,38.0,146.0,18.717,35.848,6a
E09000032,Wandsworth,E01004581,Wandsworth 004D,553250.0,5.0,10.0,2.0,2.0,0.0,2.0,5.0,21.0,14.0,29.0,90.0,15.428,7.53358,2
E09000032,Wandsworth,E01004582,Wandsworth 001C,924375.0,6.0,9.0,9.0,0.0,2.0,3.0,3.0,34.0,43.0,38.0,147.0,9.047,9.28919,2
E09000032,Wandsworth,E01004583,Wandsworth 001D,1035625.0,11.0,17.0,4.0,0.0,0.0,8.0,5.0,29.0,20.0,61.0,155.0,12.262,11.1926,3
E09000032,Wandsworth,E01004584,Wandsworth 003D,493625.0,17.0,5.0,2.0,2.0,3.0,11.0,3.0,18.0,8.0,72.0,141.0,32.114,8.64758,2
E09000032,Wandsworth,E01004585,Wandsworth 008D,839000.0,7.0,8.0,5.0,1.0,0.0,3.0,1.0,14.0,20.0,25.0,84.0,10.139,54.162,6b
E09000032,Wandsworth,E01004586,Wandsworth 009C,799062.5,9.0,12.0,2.0,2.0,1.0,4.0,2.0,42.0,18.0,11.0,103.0,10.15,58.5304,6b
E09000032,Wandsworth,E01004587,Wandsworth 009D,1136125.0,5.0,3.0,4.0,1.0,2.0,3.0,0.0,12.0,30.0,18.0,78.0,8.468,11.8972,3
E09000032,Wandsworth,E01004588,Wandsworth 008E,859875.0,21.0,21.0,16.0,3.0,1.0,33.0,6.0,103.0,26.0,97.0,327.0,12.896,71.3531,6b
E09000032,Wandsworth,E01004589,Wandsworth 009E,1142250.0,10.0,11.0,2.0,2.0,0.0,6.0,0.0,23.0,15.0,14.0,83.0,7.633,24.4017,5
E09000032,Wandsworth,E01004590,Wandsworth 005B,827750.0,7.0,6.0,7.0,1.0,1.0,11.0,0.0,10.0,19.0,49.0,111.0,25.382,7.74313,2
E09000032,Wandsworth,E01004591,Wandsworth 005C,546000.0,18.0,21.0,13.0,1.0,3.0,12.0,2.0,19.0,17.0,37.0,143.0,18.629,13.6658,3
E09000032,Wandsworth,E01004592,Wandsworth 005D,840000.0,12.0,4.0,7.0,3.0,1.0,7.0,1.0,10.0,15.0,37.0,97.0,25.647,11.5652,3
E09000032,Wandsworth,E01004593,Wandsworth 025A,628515.625,3.0,8.0,1.0,0.0,0.0,5.0,0.0,16.0,19.0,18.0,70.0,8.54,8.33756,2
E09000032,Wandsworth,E01004594,Wandsworth 020D,1073000.0,1.0,5.0,0.0,2.0,0.0,1.0,0.0,15.0,19.0,13.0,56.0,5.248,11.3183,3
E09000032,Wandsworth,E01004595,Wandsworth 025B,714000.0,9.0,4.0,2.0,1.0,3.0,5.0,0.0,14.0,20.0,21.0,79.0,8.241,7.9174,2
E09000032,Wandsworth,E01004596,Wandsworth 020E,1116750.0,3.0,4.0,3.0,2.0,0.0,4.0,2.0,21.0,15.0,12.0,66.0,6.139,11.5288,3
E09000032,Wandsworth,E01004597,Wandsworth 025C,1065937.5,3.0,3.0,0.0,0.0,0.0,4.0,0.0,13.0,21.0,22.0,66.0,11.97,7.43252,2
E09000032,Wandsworth,E01004598,Wandsworth 025D,646625.0,3.0,6.0,1.0,0.0,0.0,4.0,0.0,12.0,11.0,23.0,60.0,8.252,17.8299,4
E09000032,Wandsworth,E01004599,Wandsworth 025E,1246250.0,1.0,1.0,0.0,0.0,0.0,2.0,0.0,2.0,10.0,9.0,25.0,3.568,7.76611,2
E09000032,Wandsworth,E01004600,Wandsworth 018C,531250.0,26.0,21.0,31.0,7.0,1.0,47.0,15.0,178.0,31.0,100.0,457.0,27.898,19.9831,4
E09000032,Wandsworth,E01004601,Wandsworth 018D,429375.0,5.0,7.0,6.0,1.0,0.0,15.0,4.0,21.0,29.0,40.0,128.0,19.4,10.5263,3
E09000032,Wandsworth,E01004602,Wandsworth 010C,900500.0,3.0,11.0,1.0,0.0,0.0,6.0,3.0,47.0,19.0,23.0,113.0,9.577,29.104,6a
E09000032,Wandsworth,E01004604,Wandsworth 006A,1740000.0,2.0,10.0,1.0,0.0,0.0,2.0,0.0,18.0,49.0,12.0,94.0,7.81,6.57518,2
E09000032,Wandsworth,E01004605,Wandsworth 006B,1006375.0,7.0,11.0,8.0,2.0,0.0,1.0,1.0,13.0,26.0,40.0,109.0,12.649,6.04081,2
E09000032,Wandsworth,E01004606,Wandsworth 006C,875792.5,7.0,7.0,13.0,2.0,0.0,3.0,1.0,27.0,30.0,11.0,101.0,6.039,13.7766,3
E09000032,Wandsworth,E01004607,Wandsworth 006D,1241125.0,3.0,7.0,1.0,1.0,0.0,3.0,2.0,6.0,29.0,8.0,60.0,6.918,18.6834,4
E09000032,Wandsworth,E01004608,Wandsworth 006E,754375.0,11.0,4.0,2.0,2.0,0.0,12.0,4.0,30.0,49.0,33.0,147.0,15.701,30.8216,6a
E09000032,Wandsworth,E01004609,Wandsworth 010E,762937.5,28.0,42.0,16.0,7.0,1.0,51.0,20.0,272.0,39.0,189.0,665.0,11.246,32.7799,6a
E09000032,Wandsworth,E01004610,Wandsworth 033C,723125.0,3.0,9.0,1.0,1.0,0.0,2.0,1.0,28.0,32.0,30.0,107.0,19.919,13.9811,3
E09000032,Wandsworth,E01004611,Wandsworth 032B,799000.0,6.0,6.0,4.0,0.0,1.0,5.0,1.0,18.0,13.0,28.0,82.0,15.858,14.3291,3
E09000032,Wandsworth,E01004612,Wandsworth 032C,712125.0,7.0,8.0,3.0,1.0,0.0,13.0,4.0,43.0,17.0,63.0,159.0,21.038,17.9333,4
E09000032,Wandsworth,E01004613,Wandsworth 033D,533625.0,18.0,6.0,7.0,2.0,1.0,15.0,11.0,69.0,18.0,54.0,201.0,32.542,25.5224,6a
E09000032,Wandsworth,E01004614,Wandsworth 034A,552000.0,8.0,5.0,15.0,0.0,1.0,7.0,4.0,20.0,20.0,21.0,101.0,17.52,20.741,5
E09000032,Wandsworth,E01004615,Wandsworth 034B,577500.0,9.0,9.0,13.0,2.0,0.0,15.0,3.0,17.0,27.0,68.0,163.0,37.117,11.9066,3
E09000032,Wandsworth,E01004616,Wandsworth 034C,473750.0,10.0,11.0,7.0,2.0,1.0,1.0,1.0,21.0,23.0,30.0,107.0,16.16,31.1881,6a
E09000032,Wandsworth,E01004617,Wandsworth 034D,541375.0,30.0,19.0,21.0,5.0,6.0,55.0,12.0,127.0,34.0,172.0,481.0,22.718,14.5109,3
E09000032,Wandsworth,E01004618,Wandsworth 032D,945625.0,6.0,3.0,1.0,2.0,0.0,2.0,0.0,7.0,10.0,28.0,59.0,13.315,15.3782,4
E09000032,Wandsworth,E01004619,Wandsworth 015E,1035625.0,5.0,12.0,3.0,1.0,0.0,0.0,0.0,4.0,20.0,18.0,63.0,13.597,5.1342,2
E09000032,Wandsworth,E01004620,Wandsworth 019C,715500.0,4.0,6.0,1.0,1.0,0.0,3.0,1.0,9.0,24.0,29.0,78.0,13.595,4.91633,1b
E09000032,Wandsworth,E01004621,Wandsworth 019D,577750.0,11.0,7.0,7.0,1.0,0.0,9.0,3.0,17.0,16.0,19.0,90.0,16.179,12.7501,3
E09000032,Wandsworth,E01004622,Wandsworth 024D,482500.0,17.0,5.0,10.0,37.0,1.0,12.0,3.0,10.0,13.0,100.0,208.0,21.096,3.16192,1b
E09000032,Wandsworth,E01004623,Wandsworth 019E,909625.0,8.0,4.0,2.0,0.0,0.0,4.0,0.0,14.0,25.0,14.0,71.0,8.842,11.9191,3
E09000032,Wandsworth,E01004624,Wandsworth 024E,607750.0,10.0,3.0,0.0,3.0,3.0,0.0,2.0,11.0,23.0,51.0,106.0,19.498,9.31174,2
E09000032,Wandsworth,E01004625,Wandsworth 027E,1667500.0,1.0,2.0,1.0,0.0,0.0,2.0,1.0,1.0,23.0,3.0,34.0,7.552,3.97119,1b
E09000032,Wandsworth,E01004626,Wandsworth 027F,911875.0,33.0,11.0,10.0,2.0,1.0,36.0,4.0,31.0,44.0,195.0,367.0,14.008,6.00695,2
E09000032,Wandsworth,E01004627,Wandsworth 019F,1205515.625,2.0,9.0,0.0,1.0,1.0,4.0,3.0,15.0,27.0,22.0,84.0,10.143,16.2964,4
E09000032,Wandsworth,E01004628,Wandsworth 022A,480625.0,6.0,10.0,0.0,1.0,1.0,10.0,1.0,14.0,13.0,38.0,94.0,23.386,5.31662,2
E09000032,Wandsworth,E01004629,Wandsworth 020F,1033125.0,10.0,8.0,1.0,1.0,2.0,6.0,0.0,14.0,6.0,21.0,69.0,8.717,9.32165,2
E09000032,Wandsworth,E01004630,Wandsworth 022B,427500.0,6.0,9.0,3.0,1.0,0.0,10.0,3.0,12.0,11.0,57.0,112.0,29.906,8.87223,2
E09000032,Wandsworth,E01004631,Wandsworth 022C,394312.5,6.0,6.0,2.0,0.0,0.0,15.0,2.0,7.0,13.0,46.0,97.0,20.805,8.34233,2
E09000032,Wandsworth,E01004632,Wandsworth 028A,723750.0,5.0,11.0,1.0,2.0,0.0,1.0,0.0,5.0,11.0,18.0,54.0,8.395,9.61406,2
E09000032,Wandsworth,E01004633,Wandsworth 022D,323375.0,8.0,3.0,1.0,3.0,0.0,4.0,0.0,15.0,5.0,39.0,78.0,26.263,9.569,2
E09000032,Wandsworth,E01004634,Wandsworth 028B,453000.0,7.0,13.0,1.0,0.0,0.0,6.0,0.0,11.0,12.0,17.0,67.0,12.856,5.70922,2
E09000032,Wandsworth,E01004635,Wandsworth 028C,418000.0,4.0,9.0,0.0,0.0,0.0,4.0,2.0,11.0,8.0,22.0,60.0,13.215,9.45485,2
E09000032,Wandsworth,E01004636,Wandsworth 028D,612312.5,6.0,1.0,0.0,0.0,0.0,5.0,0.0,10.0,5.0,17.0,44.0,15.699,4.895,1b
E09000032,Wandsworth,E01004637,Wandsworth 028E,452375.0,4.0,6.0,2.0,0.0,1.0,2.0,1.0,10.0,11.0,12.0,49.0,14.919,6.43003,2
E09000032,Wandsworth,E01004638,Wandsworth 011B,1314987.5,4.0,9.0,2.0,0.0,0.0,2.0,2.0,6.0,29.0,21.0,75.0,6.727,3.91931,1b
E09000032,Wandsworth,E01004639,Wandsworth 011C,553500.0,8.0,18.0,1.0,1.0,0.0,9.0,0.0,24.0,21.0,38.0,120.0,10.4,4.88593,1b
E09000032,Wandsworth,E01004640,Wandsworth 011D,578750.0,2.0,10.0,0.0,1.0,0.0,5.0,0.0,0.0,23.0,9.0,50.0,5.165,8.41123,2
E09000032,Wandsworth,E01004641,Wandsworth 011E,702750.0,5.0,12.0,1.0,1.0,1.0,4.0,0.0,5.0,22.0,31.0,82.0,19.668,11.3352,3
E09000032,Wandsworth,E01004642,Wandsworth 016B,641375.0,11.0,6.0,0.0,0.0,0.0,8.0,1.0,13.0,10.0,27.0,76.0,22.167,4.81162,1b
E09000032,Wandsworth,E01004643,Wandsworth 016C,594375.0,17.0,7.0,3.0,1.0,0.0,12.0,4.0,26.0,10.0,90.0,170.0,21.764,11.1144,3
E09000032,Wandsworth,E01004644,Wandsworth 016D,658000.0,21.0,16.0,6.0,3.0,0.0,19.0,0.0,38.0,16.0,189.0,308.0,18.179,6.22767,2
E09000032,Wandsworth,E01004645,Wandsworth 016E,379750.0,4.0,7.0,7.0,1.0,0.0,4.0,0.0,8.0,9.0,61.0,101.0,28.701,6.09325,2
E09000032,Wandsworth,E01033093,Wandsworth 010F,612500.0,17.0,14.0,10.0,1.0,1.0,9.0,5.0,23.0,16.0,28.0,124.0,12.511,13.5187,3
E09000032,Wandsworth,E01033098,Wandsworth 002F,1022375.0,8.0,20.0,8.0,1.0,1.0,7.0,3.0,40.0,2.0,25.0,115.0,17.461,17.236,4
E09000032,Wandsworth,E01033099,Wandsworth 004E,583750.0,6.0,10.0,10.0,0.0,3.0,6.0,7.0,22.0,12.0,30.0,106.0,21.195,23.3249,5
E09000032,Wandsworth,E01033100,Wandsworth 002G,436487.5,10.0,13.0,12.0,1.0,2.0,10.0,6.0,41.0,11.0,53.0,159.0,27.088,25.5711,6a
E09000032,Wandsworth,E01033101,Wandsworth 004F,645125.0,8.0,13.0,1.0,0.0,0.0,3.0,0.0,21.0,20.0,24.0,90.0,8.267,13.059,3
E09000032,Wandsworth,E01033132,Wandsworth 002H,1229550.0,7.0,14.0,5.0,5.0,1.0,10.0,11.0,44.0,8.0,61.0,166.0,29.475,11.8255,3
E09000032,Wandsworth,E01033133,Wandsworth 004G,530375.0,3.0,8.0,2.0,1.0,0.0,4.0,0.0,7.0,4.0,20.0,49.0,12.781,20.4464,5
E09000032,Wandsworth,E01033135,Wandsworth 010G,722125.0,1.0,3.0,0.0,0.0,0.0,0.0,0.0,10.0,8.0,2.0,24.0,5.652,18.1249,4
E09000033,Westminster,E01004646,Westminster 002A,3675000.0,3.0,15.0,2.0,0.0,0.0,6.0,1.0,14.0,21.0,26.0,88.0,14.374,17.3159,4
E09000033,Westminster,E01004647,Westminster 001A,1945625.0,4.0,7.0,2.0,1.0,0.0,12.0,10.0,43.0,38.0,24.0,141.0,16.324,14.8005,3
E09000033,Westminster,E01004648,Westminster 002B,859375.0,15.0,10.0,7.0,2.0,1.0,6.0,5.0,23.0,29.0,37.0,135.0,10.456,18.6008,4
E09000033,Westminster,E01004649,Westminster 001B,1621250.0,6.0,4.0,6.0,1.0,1.0,7.0,5.0,10.0,21.0,24.0,85.0,6.385,21.6555,5
E09000033,Westminster,E01004650,Westminster 002C,1223811.875,3.0,7.0,3.0,1.0,0.0,5.0,1.0,13.0,36.0,12.0,81.0,5.964,21.5086,5
E09000033,Westminster,E01004651,Westminster 003A,895625.0,6.0,7.0,0.0,0.0,0.0,3.0,3.0,13.0,3.0,15.0,50.0,9.221,22.4332,5
E09000033,Westminster,E01004652,Westminster 017A,595250.0,15.0,13.0,13.0,0.0,2.0,26.0,8.0,114.0,10.0,42.0,243.0,15.871,46.8112,6b
E09000033,Westminster,E01004653,Westminster 014A,1398125.0,8.0,16.0,4.0,1.0,2.0,9.0,8.0,59.0,25.0,27.0,159.0,10.84,22.0553,5
E09000033,Westminster,E01004654,Westminster 014B,1164375.0,12.0,21.0,14.0,3.0,1.0,13.0,10.0,127.0,31.0,32.0,264.0,12.798,26.1461,6a
E09000033,Westminster,E01004656,Westminster 014D,603375.0,19.0,21.0,9.0,2.0,2.0,14.0,14.0,41.0,22.0,45.0,189.0,23.605,32.9717,6a
E09000033,Westminster,E01004657,Westminster 012A,1756250.0,10.0,47.0,9.0,2.0,3.0,24.0,24.0,317.0,80.0,77.0,593.0,11.499,65.4648,6b
E09000033,Westminster,E01004658,Westminster 012B,1380000.0,27.0,29.0,24.0,3.0,6.0,48.0,35.0,301.0,25.0,121.0,619.0,15.648,60.5846,6b
E09000033,Westminster,E01004659,Westminster 008A,712187.5,4.0,12.0,8.0,1.0,0.0,5.0,11.0,45.0,20.0,26.0,132.0,7.589,51.7312,6b
E09000033,Westminster,E01004660,Westminster 008B,1358750.0,10.0,15.0,1.0,2.0,0.0,15.0,8.0,157.0,20.0,39.0,267.0,8.583,67.5543,6b
E09000033,Westminster,E01004661,Westminster 012C,980000.0,23.0,42.0,18.0,5.0,11.0,44.0,17.0,142.0,16.0,99.0,417.0,20.233,67.4532,6b
E09000033,Westminster,E01004662,Westminster 012D,1376875.0,6.0,17.0,3.0,1.0,1.0,3.0,8.0,53.0,123.0,39.0,254.0,12.001,64.3299,6b
E09000033,Westminster,E01004663,Westminster 012E,1900000.0,6.0,27.0,12.0,1.0,2.0,8.0,9.0,46.0,24.0,32.0,167.0,17.986,62.8432,6b
E09000033,Westminster,E01004665,Westminster 024A,455000.0,7.0,4.0,11.0,3.0,1.0,11.0,2.0,17.0,6.0,45.0,107.0,36.498,9.84175,2
E09000033,Westminster,E01004666,Westminster 023B,2900000.0,27.0,22.0,25.0,1.0,2.0,38.0,9.0,276.0,18.0,107.0,525.0,26.096,57.5241,6b
E09000033,Westminster,E01004667,Westminster 023C,3856375.0,27.0,22.0,25.0,1.0,2.0,38.0,9.0,276.0,18.0,107.0,525.0,30.083,46.0239,6b
E09000033,Westminster,E01004668,Westminster 023D,1542472.125,1.0,3.0,2.0,2.0,0.0,4.0,2.0,7.0,11.0,32.0,64.0,18.423,12.0873,3
E09000033,Westminster,E01004669,Westminster 024B,523750.0,8.0,9.0,11.0,1.0,3.0,6.0,2.0,24.0,5.0,39.0,108.0,30.923,11.9224,3
E09000033,Westminster,E01004670,Westminster 009A,,8.0,9.0,16.0,3.0,4.0,17.0,6.0,22.0,8.0,74.0,167.0,48.003,22.7722,5
E09000033,Westminster,E01004674,Westminster 005A,514425.0,8.0,6.0,8.0,0.0,1.0,13.0,3.0,51.0,13.0,80.0,183.0,34.303,21.5926,5
E09000033,Westminster,E01004675,Westminster 005B,492500.0,26.0,25.0,13.0,9.0,0.0,22.0,10.0,29.0,13.0,81.0,228.0,33.045,21.7743,5
E09000033,Westminster,E01004676,Westminster 006A,599937.5,18.0,21.0,6.0,2.0,2.0,16.0,3.0,17.0,14.0,54.0,153.0,21.229,19.9467,4
E09000033,Westminster,E01004677,Westminster 005C,584562.5,6.0,8.0,8.0,1.0,0.0,8.0,0.0,18.0,17.0,26.0,92.0,22.942,20.7789,5
E09000033,Westminster,E01004678,Westminster 005D,595375.0,18.0,17.0,16.0,0.0,2.0,12.0,6.0,21.0,15.0,45.0,152.0,24.677,23.154,5
E09000033,Westminster,E01004679,Westminster 005E,488750.0,20.0,12.0,29.0,1.0,6.0,22.0,11.0,81.0,15.0,96.0,293.0,32.133,20.8297,5
E09000033,Westminster,E01004680,Westminster 015A,2366250.0,11.0,27.0,19.0,3.0,0.0,24.0,18.0,71.0,42.0,56.0,271.0,11.027,52.2843,6b
E09000033,Westminster,E01004681,Westminster 016A,830800.0,13.0,40.0,11.0,4.0,1.0,17.0,13.0,129.0,21.0,49.0,298.0,12.054,48.2925,6b
E09000033,Westminster,E01004682,Westminster 016B,882500.0,18.0,40.0,11.0,3.0,2.0,29.0,11.0,151.0,29.0,52.0,346.0,14.246,58.4605,6b
E09000033,Westminster,E01004683,Westminster 015B,1445625.0,4.0,26.0,5.0,0.0,1.0,14.0,13.0,41.0,24.0,19.0,147.0,8.566,51.9145,6b
E09000033,Westminster,E01004684,Westminster 015C,879375.0,6.0,27.0,13.0,1.0,3.0,15.0,16.0,74.0,30.0,60.0,245.0,21.313,59.6186,6b
E09000033,Westminster,E01004686,Westminster 015E,747500.0,14.0,9.0,8.0,9.0,2.0,19.0,8.0,64.0,27.0,63.0,223.0,23.844,52.7642,6b
E09000033,Westminster,E01004687,Westminster 019A,3996500.0,8.0,22.0,1.0,0.0,0.0,9.0,8.0,32.0,27.0,21.0,128.0,6.967,56.1355,6b
E09000033,Westminster,E01004688,Westminster 019B,1450000.0,49.0,46.0,167.0,3.0,6.0,58.0,75.0,575.0,166.0,215.0,1360.0,5.319,17.0752,4
E09000033,Westminster,E01004689,Westminster 019C,5775000.0,49.0,46.0,167.0,3.0,6.0,58.0,75.0,575.0,166.0,215.0,1360.0,15.963,21.6517,5
E09000033,Westminster,E01004690,Westminster 019D,3606875.0,12.0,16.0,10.0,1.0,1.0,6.0,6.0,31.0,25.0,26.0,134.0,5.445,79.5459,6b
E09000033,Westminster,E01004691,Westminster 019E,2687500.0,25.0,26.0,31.0,1.0,2.0,18.0,27.0,134.0,119.0,40.0,423.0,10.967,36.6798,6a
E09000033,Westminster,E01004692,Westminster 019F,2963750.0,26.0,10.0,10.0,3.0,0.0,20.0,2.0,48.0,41.0,37.0,197.0,6.602,19.0912,4
E09000033,Westminster,E01004693,Westminster 017B,1660975.0,13.0,24.0,3.0,2.0,0.0,4.0,3.0,31.0,39.0,27.0,146.0,12.614,32.3528,6a
E09000033,Westminster,E01004694,Westminster 016C,1448750.0,9.0,27.0,5.0,2.0,2.0,19.0,13.0,84.0,11.0,56.0,228.0,8.45,42.605,6b
E09000033,Westminster,E01004695,Westminster 017C,1029138.75,15.0,41.0,9.0,0.0,2.0,27.0,25.0,208.0,129.0,77.0,533.0,12.739,28.8042,6a
E09000033,Westminster,E01004696,Westminster 017D,509500.0,6.0,10.0,13.0,2.0,0.0,10.0,4.0,11.0,6.0,28.0,90.0,32.394,35.8808,6a
E09000033,Westminster,E01004697,Westminster 016D,917500.0,7.0,25.0,5.0,0.0,1.0,7.0,4.0,27.0,16.0,19.0,111.0,16.233,46.771,6b
E09000033,Westminster,E01004698,Westminster 017E,1465000.0,13.0,32.0,15.0,3.0,1.0,19.0,21.0,113.0,12.0,78.0,307.0,19.958,32.0154,6a
E09000033,Westminster,E01004699,Westminster 017F,1087500.0,26.0,52.0,19.0,2.0,0.0,32.0,39.0,233.0,46.0,77.0,526.0,14.726,36.6663,6a
E09000033,Westminster,E01004700,Westminster 016E,1444062.5,5.0,25.0,4.0,0.0,0.0,11.0,5.0,32.0,11.0,31.0,124.0,11.301,43.6558,6b
E09000033,Westminster,E01004701,Westminster 007A,1071875.0,5.0,13.0,0.0,1.0,1.0,5.0,4.0,20.0,21.0,23.0,93.0,9.41,20.3509,5
E09000033,Westminster,E01004702,Westminster 009E,1388125.0,23.0,21.0,32.0,2.0,7.0,23.0,11.0,48.0,21.0,104.0,292.0,42.113,35.2074,6a
E09000033,Westminster,E01004703,Westminster 007B,1650000.0,10.0,10.0,14.0,3.0,1.0,12.0,15.0,34.0,36.0,50.0,185.0,10.512,29.3416,6a
E09000033,Westminster,E01004705,Westminster 007D,1157500.0,7.0,18.0,2.0,1.0,0.0,4.0,5.0,16.0,34.0,10.0,97.0,5.344,21.3213,5
E09000033,Westminster,E01004706,Westminster 006B,891875.0,8.0,13.0,2.0,1.0,0.0,3.0,10.0,22.0,23.0,18.0,100.0,7.391,16.191,4
E09000033,Westminster,E01004707,Westminster 006C,974125.0,9.0,18.0,0.0,0.0,0.0,7.0,7.0,16.0,42.0,4.0,103.0,3.915,16.003,4
E09000033,Westminster,E01004708,Westminster 006D,588500.0,13.0,15.0,4.0,1.0,0.0,10.0,5.0,25.0,13.0,46.0,132.0,22.865,20.4872,5
E09000033,Westminster,E01004709,Westminster 007E,775875.0,5.0,10.0,8.0,1.0,2.0,23.0,4.0,36.0,27.0,51.0,167.0,20.127,20.2799,5
E09000033,Westminster,E01004710,Westminster 002D,691297.5,5.0,14.0,8.0,2.0,1.0,22.0,14.0,34.0,23.0,75.0,198.0,31.131,24.3461,5
E09000033,Westminster,E01004711,Westminster 002E,425625.0,16.0,14.0,7.0,0.0,1.0,9.0,5.0,18.0,20.0,47.0,137.0,24.274,19.8554,4
E09000033,Westminster,E01004712,Westminster 008C,1534187.5,14.0,22.0,9.0,6.0,2.0,18.0,21.0,281.0,16.0,49.0,438.0,11.061,63.3469,6b
E09000033,Westminster,E01004713,Westminster 011A,1993750.0,6.0,22.0,7.0,0.0,1.0,12.0,12.0,98.0,58.0,50.0,266.0,7.513,50.0415,6b
E09000033,Westminster,E01004714,Westminster 011B,1810840.25,34.0,86.0,38.0,11.0,3.0,78.0,108.0,2156.0,175.0,194.0,2883.0,10.268,63.5465,6b
E09000033,Westminster,E01004715,Westminster 013A,1951581.25,10.0,22.0,5.0,4.0,0.0,23.0,27.0,251.0,30.0,78.0,450.0,15.84,52.7533,6b
E09000033,Westminster,E01004716,Westminster 011C,3418750.0,6.0,7.0,5.0,0.0,0.0,11.0,7.0,118.0,30.0,31.0,215.0,7.362,47.6987,6b
E09000033,Westminster,E01004717,Westminster 011D,1183750.0,11.0,23.0,7.0,0.0,2.0,8.0,16.0,226.0,19.0,40.0,352.0,12.041,53.748,6b
E09000033,Westminster,E01004718,Westminster 004A,618437.5,14.0,9.0,13.0,1.0,2.0,7.0,2.0,15.0,16.0,55.0,134.0,29.795,20.4329,5
E09000033,Westminster,E01004719,Westminster 004B,781250.0,9.0,4.0,9.0,1.0,3.0,8.0,4.0,16.0,17.0,65.0,136.0,28.56,16.6143,4
E09000033,Westminster,E01004720,Westminster 004C,875750.0,14.0,15.0,13.0,1.0,1.0,12.0,4.0,16.0,22.0,43.0,141.0,32.043,19.3185,4
E09000033,Westminster,E01004721,Westminster 004D,823750.0,12.0,13.0,29.0,6.0,3.0,21.0,3.0,32.0,9.0,64.0,192.0,38.504,15.3964,4
E09000033,Westminster,E01004722,Westminster 004E,541500.0,12.0,13.0,18.0,3.0,2.0,10.0,2.0,21.0,7.0,60.0,148.0,35.96,18.957,4
E09000033,Westminster,E01004723,Westminster 005F,646250.0,21.0,21.0,7.0,6.0,5.0,12.0,5.0,37.0,15.0,54.0,183.0,29.307,21.6252,5
E09000033,Westminster,E01004724,Westminster 001C,1141875.0,7.0,16.0,1.0,2.0,0.0,6.0,10.0,74.0,23.0,28.0,167.0,10.86,14.764,3
E09000033,Westminster,E01004725,Westminster 003B,1333125.0,13.0,12.0,7.0,0.0,1.0,16.0,1.0,32.0,22.0,41.0,145.0,27.158,16.858,4
E09000033,Westminster,E01004726,Westminster 003C,1185000.0,6.0,7.0,8.0,0.0,0.0,11.0,3.0,53.0,34.0,10.0,132.0,9.4,20.4304,5
E09000033,Westminster,E01004727,Westminster 008D,1233750.0,19.0,14.0,19.0,2.0,4.0,29.0,25.0,229.0,30.0,40.0,411.0,10.116,18.3946,4
E09000033,Westminster,E01004728,Westminster 003D,657125.0,5.0,11.0,0.0,2.0,1.0,9.0,0.0,14.0,5.0,26.0,73.0,14.858,22.9104,5
E09000033,Westminster,E01004729,Westminster 003E,671250.0,2.0,0.0,10.0,1.0,1.0,9.0,2.0,16.0,9.0,27.0,77.0,25.605,19.9814,4
E09000033,Westminster,E01004730,Westminster 001D,1812500.0,5.0,8.0,0.0,0.0,1.0,9.0,7.0,36.0,31.0,23.0,120.0,6.582,2.84279,1b
E09000033,Westminster,E01004731,Westminster 020A,1736831.25,26.0,51.0,32.0,4.0,3.0,48.0,24.0,656.0,8.0,150.0,1002.0,10.008,58.0502,6b
E09000033,Westminster,E01004732,Westminster 020B,,18.0,13.0,10.0,2.0,3.0,51.0,2.0,50.0,5.0,82.0,236.0,43.66,44.0277,6b
E09000033,Westminster,E01004733,Westminster 020C,1154600.0,48.0,15.0,46.0,2.0,52.0,68.0,16.0,273.0,19.0,198.0,737.0,18.171,43.3912,6b
E09000033,Westminster,E01004734,Westminster 018A,1009375.0,155.0,88.0,774.0,33.0,45.0,382.0,363.0,5893.0,190.0,1283.0,9206.0,30.2,97.9024,6b
E09000033,Westminster,E01004735,Westminster 018B,2023750.0,68.0,70.0,44.0,3.0,4.0,104.0,92.0,2496.0,97.0,323.0,3301.0,35.28,94.2208,6b
E09000033,Westminster,E01004736,Westminster 018C,1315000.0,125.0,89.0,303.0,20.0,61.0,179.0,216.0,2337.0,149.0,640.0,4119.0,9.719,62.2872,6b
E09000033,Westminster,E01004737,Westminster 024C,1621875.0,7.0,4.0,7.0,3.0,2.0,4.0,2.0,28.0,4.0,23.0,84.0,20.233,34.2711,6a
E09000033,Westminster,E01004738,Westminster 024D,1111750.0,5.0,19.0,8.0,0.0,1.0,7.0,4.0,49.0,15.0,35.0,143.0,9.473,22.3783,5
E09000033,Westminster,E01004739,Westminster 024E,,5.0,19.0,8.0,0.0,1.0,7.0,4.0,49.0,15.0,35.0,143.0,9.446,12.1385,3
E09000033,Westminster,E01004740,Westminster 021A,658125.0,7.0,17.0,19.0,2.0,0.0,14.0,5.0,39.0,6.0,50.0,159.0,33.582,61.1723,6b
E09000033,Westminster,E01004741,Westminster 024F,512500.0,13.0,6.0,6.0,0.0,0.0,17.0,6.0,28.0,1.0,30.0,107.0,20.616,48.6476,6b
E09000033,Westminster,E01004742,Westminster 022A,651312.5,10.0,7.0,4.0,1.0,0.0,9.0,3.0,29.0,8.0,39.0,110.0,11.205,44.3935,6b
E09000033,Westminster,E01004743,Westminster 021B,828750.0,11.0,5.0,7.0,4.0,0.0,16.0,2.0,28.0,3.0,49.0,125.0,20.842,21.7622,5
E09000033,Westminster,E01004744,Westminster 020D,947125.0,18.0,13.0,13.0,2.0,3.0,32.0,3.0,77.0,2.0,72.0,235.0,25.478,62.921,6b
E09000033,Westminster,E01004745,Westminster 021C,918250.0,10.0,7.0,3.0,1.0,1.0,6.0,0.0,19.0,5.0,23.0,75.0,16.175,27.4992,6a
E09000033,Westminster,E01004746,Westminster 021D,463125.0,12.0,4.0,8.0,2.0,0.0,4.0,1.0,17.0,4.0,41.0,93.0,27.661,23.0741,5
E09000033,Westminster,E01004747,Westminster 021E,727500.0,11.0,23.0,18.0,6.0,2.0,24.0,7.0,55.0,7.0,63.0,216.0,22.157,54.0743,6b
E09000033,Westminster,E01004748,Westminster 020E,986250.0,13.0,13.0,17.0,3.0,3.0,41.0,17.0,129.0,9.0,78.0,323.0,8.835,78.4479,6b
E09000033,Westminster,E01004749,Westminster 022B,1158000.0,14.0,44.0,18.0,1.0,1.0,46.0,13.0,182.0,14.0,104.0,437.0,13.225,66.9255,6b
E09000033,Westminster,E01004750,Westminster 023E,1240625.0,28.0,28.0,39.0,5.0,8.0,59.0,6.0,353.0,8.0,130.0,664.0,18.907,80.6097,6b
E09000033,Westminster,E01004751,Westminster 022C,1043750.0,10.0,4.0,3.0,0.0,0.0,6.0,6.0,28.0,15.0,36.0,108.0,10.367,57.4968,6b
E09000033,Westminster,E01004752,Westminster 022D,777500.0,14.0,14.0,0.0,2.0,0.0,11.0,0.0,13.0,7.0,33.0,94.0,22.513,22.2623,5
E09000033,Westminster,E01004753,Westminster 022E,911250.0,18.0,7.0,5.0,0.0,2.0,6.0,3.0,24.0,11.0,29.0,105.0,16.395,30.2124,6a
E09000033,Westminster,E01004754,Westminster 010A,,8.0,12.0,11.0,2.0,2.0,14.0,5.0,12.0,14.0,46.0,126.0,45.911,18.4226,4
E09000033,Westminster,E01004755,Westminster 010B,526250.0,19.0,30.0,20.0,1.0,3.0,27.0,5.0,44.0,15.0,83.0,247.0,28.633,19.7925,4
E09000033,Westminster,E01004756,Westminster 006E,621500.0,10.0,9.0,5.0,4.0,0.0,11.0,3.0,17.0,16.0,49.0,124.0,22.8,18.7855,4
E09000033,Westminster,E01004757,Westminster 010C,583125.0,13.0,7.0,12.0,2.0,2.0,6.0,14.0,32.0,11.0,53.0,152.0,40.501,26.6501,6a
E09000033,Westminster,E01004760,Westminster 014E,726875.0,7.0,11.0,8.0,0.0,0.0,9.0,7.0,26.0,14.0,38.0,120.0,24.998,16.5669,4
E09000033,Westminster,E01004761,Westminster 018D,2980625.0,54.0,79.0,37.0,9.0,0.0,110.0,97.0,1001.0,131.0,284.0,1802.0,8.467,53.2204,6b
E09000033,Westminster,E01004762,Westminster 011E,4506250.0,31.0,39.0,31.0,4.0,7.0,30.0,65.0,1240.0,137.0,144.0,1728.0,10.467,55.3645,6b
E09000033,Westminster,E01004763,Westminster 013B,1051250.0,108.0,101.0,485.0,32.0,29.0,210.0,529.0,6447.0,58.0,823.0,8822.0,23.381,73.9184,6b
E09000033,Westminster,E01004765,Westminster 013D,1351415.625,35.0,75.0,37.0,3.0,4.0,61.0,74.0,1255.0,170.0,190.0,1904.0,18.728,67.2584,6b
E09000033,Westminster,E01032512,Westminster 010F,559875.0,26.0,23.0,16.0,7.0,4.0,46.0,17.0,55.0,7.0,124.0,325.0,43.654,16.1217,4
E09000033,Westminster,E01032513,Westminster 010G,490000.0,11.0,8.0,15.0,2.0,0.0,15.0,5.0,28.0,11.0,71.0,166.0,35.818,20.5269,5
E09000033,Westminster,E01033593,Westminster 015F,1358914.0,3.0,18.0,6.0,2.0,1.0,14.0,5.0,91.0,14.0,65.0,219.0,26.944,49.3489,6b
E09000033,Westminster,E01033594,Westminster 015G,902500.0,42.0,76.0,43.0,4.0,4.0,86.0,38.0,345.0,34.0,223.0,895.0,29.28,55.6087,6b
E09000033,Westminster,E01033595,Westminster 013E,1430000.0,163.0,204.0,406.0,38.0,28.0,245.0,585.0,10706.0,364.0,829.0,13568.0,17.629,76.7456,6b
E09000033,Westminster,E01033596,Westminster 013F,1274287.5,163.0,204.0,406.0,38.0,28.0,245.0,585.0,10706.0,364.0,829.0,13568.0,25.663,78.3021,6b
E09000033,Westminster,E01033597,Westminster 023F,833750.0,9.0,9.0,4.0,4.0,0.0,8.0,2.0,21.0,5.0,43.0,105.0,26.867,14.4806,3
E09000033,Westminster,E01033598,Westminster 009F,757752.5,7.0,10.0,9.0,4.0,2.0,17.0,7.0,119.0,10.0,34.0,219.0,52.17,21.5841,5
E09000033,Westminster,E01033599,Westminster 023G,901250.0,7.0,4.0,4.0,2.0,0.0,5.0,1.0,6.0,3.0,27.0,59.0,30.568,29.1379,6a
E09000033,Westminster,E01033600,Westminster 007F,1168125.0,11.0,26.0,3.0,2.0,2.0,17.0,3.0,31.0,33.0,26.0,154.0,10.911,23.8061,5
E09000033,Westminster,E01033601,Westminster 009G,,7.0,11.0,14.0,3.0,0.0,8.0,8.0,29.0,1.0,37.0,118.0,32.17,28.8592,6a
E09000033,Westminster,E01033602,Westminster 009H,424850.0,16.0,7.0,9.0,2.0,2.0,8.0,3.0,35.0,6.0,48.0,136.0,40.99,27.2292,6a
E09000033,Westminster,E01033603,Westminster 009I,502500.0,19.0,14.0,6.0,1.0,0.0,16.0,1.0,41.0,10.0,54.0,162.0,38.062,55.1933,6b
E09000033,Westminster,E01033604,Westminster 009J,,13.0,14.0,19.0,4.0,4.0,31.0,15.0,85.0,12.0,83.0,280.0,33.467,52.9867,6b
E09000033,Westminster,E01033605,Westminster 009K,456687.5,9.0,18.0,15.0,2.0,3.0,10.0,3.0,37.0,26.0,48.0,171.0,40.54,33.7863,6a
E09000033,Westminster,E01033606,Westminster 014F,728719.25,16.0,24.0,3.0,1.0,1.0,21.0,6.0,51.0,29.0,40.0,192.0,14.013,21.5159,5
E09000033,Westminster,E01033607,Westminster 014G,1320937.5,16.0,24.0,3.0,1.0,1.0,21.0,6.0,51.0,29.0,40.0,192.0,22.192,18.959,4
E09000033,Westminster,E01033608,Westminster 007G,998125.0,11.0,26.0,3.0,2.0,2.0,17.0,3.0,31.0,33.0,26.0,154.0,15.129,17.7461,4
